id,listing_url,scrape_id,last_scraped,source,name,description,neighborhood_overview,picture_url,host_id,host_url,host_name,host_since,host_location,host_about,host_response_time,host_response_rate,host_acceptance_rate,host_is_superhost,host_thumbnail_url,host_picture_url,host_neighbourhood,host_listings_count,host_total_listings_count,host_verifications,host_has_profile_pic,host_identity_verified,neighbourhood,neighbourhood_cleansed,neighbourhood_group_cleansed,latitude,longitude,property_type,room_type,accommodates,bathrooms,bathrooms_text,bedrooms,beds,amenities,price,minimum_nights,maximum_nights,minimum_minimum_nights,maximum_minimum_nights,minimum_maximum_nights,maximum_maximum_nights,minimum_nights_avg_ntm,maximum_nights_avg_ntm,calendar_updated,has_availability,availability_30,availability_60,availability_90,availability_365,calendar_last_scraped,number_of_reviews,number_of_reviews_ltm,number_of_reviews_l30d,first_review,last_review,review_scores_rating,review_scores_accuracy,review_scores_cleanliness,review_scores_checkin,review_scores_communication,review_scores_location,review_scores_value,license,instant_bookable,calculated_host_listings_count,calculated_host_listings_count_entire_homes,calculated_host_listings_count_private_rooms,calculated_host_listings_count_shared_rooms,reviews_per_month,picture_urls,is_guest_favorite,co_hosts,review_tags,highlights
1771660239678140584,https://www.airbnb.com.vn/rooms/1771660239678140584,20260926000000,2026-09-26,city search,Nhà boutique 3 phòng ngủ - 3 bồn tắm - Quang cảnh Hồ Tây,"Chào mừng bạn đến với Nhà boutique 3 phòng ngủ - 3 bồn tắm - Quang cảnh Hồ Tây — một không gian lưu trú ấm cúng, sang trọng tọa lạc tại Quận Tây Hồ, Hà Nội.
Căn phòng tràn ngập ánh sáng tự nhiên với đầy đủ tiện nghi cao cấp, giường nệm êm ái, máy lạnh, TV và wifi tốc độ cao. Rất thuận tiện di chuyển tới các điểm tham quan, nhà hàng ẩm thực và quán cà phê nổi tiếng của Hà Nội.","Khu vực Quận Tây Hồ an ninh, văn minh, gần nhiều địa điểm ăn uống, mua sắm và giải trí sầm uất tại Hà Nội.",https://a0.muscache.com/im/pictures/hosting/Hosting-1771660239678140584/original/bb806f50-b5dc-4fe9-a4b8-eead472a1db6.jpeg,47000001,https://www.airbnb.com.vn/users/show/47000001,Anh,2020-06-22,"Hà Nội, Việt Nam","Xin chào, tôi là Anh, đã có 6 năm kinh nghiệm làm host. Tôi yêu thích du lịch và luôn mong muốn đem lại trải nghiệm lưu trú thoải mái nhất cho khách.",trong vòng một giờ,100%,98%,f,https://a0.muscache.com/im/pictures/user/User-47000001/original/user_profile_1.jpeg,https://a0.muscache.com/im/pictures/user/User-47000001/original/user_profile_1.jpeg,Quận Tây Hồ,6,4,"['email', 'phone', 'work_email']",t,t,Quận Tây Hồ,Quận Tây Hồ,Hà Nội,21.0433,105.8344,Toàn bộ nhà,Entire home/apt,8,3.0,3 phòng tắm đầy đủ và 1 phòng vệ sinh cơ bản,3,4,"[""Bàn ủi / Bàn là"", ""Ban công ngắm cảnh"", ""Chỗ đỗ xe miễn phí trong khuôn viên"", ""Bồn tắm thư giãn"", ""Máy sấy tóc"", ""Điều hòa nhiệt độ"", ""Máy báo khói"", ""Không gian riêng để làm việc"", ""Bể bơi"", ""TV màn hình phẳng"", ""Thang máy"", ""Máy phát hiện khí CO"", ""Bộ chăn ga gối cao cấp"", ""Máy giặt"", ""Tủ lạnh"", ""Lò vi sóng"", ""Wi-fi tốc độ cao"", ""Dầu gội & Sữa tắm"", ""Bếp đầy đủ tiện nghi""]","₫3,076,000",1,1125,1,2,1125,1125,1.0,1125.0,today,t,22,49,71,259,2026-09-26,47,31,0,2024-10-21,2026-09-22,4.85,4.83,4.92,5.0,5.0,4.88,4.75,,f,2,2,0,0,1.52,"[""https://a0.muscache.com/im/pictures/hosting/Hosting-1771660239678140584/original/bb806f50-b5dc-4fe9-a4b8-eead472a1db6.jpeg"", ""https://a0.muscache.com/im/pictures/hosting/Hosting-1771660239678140584/original/c30f1508-f6a3-43de-8de2-acd9c9176d62.jpeg"", ""https://a0.muscache.com/im/pictures/hosting/Hosting-1771660239678140584/original/a19c96bd-60f3-4c9b-97dd-3c499cfcf065.jpeg"", ""https://a0.muscache.com/im/pictures/hosting/Hosting-1771660239678140584/original/f057c798-7b8e-41a1-8270-fce3afb61aa6.jpeg"", ""https://a0.muscache.com/im/pictures/hosting/Hosting-1771660239678140584/original/47009a15-28d9-4dd0-8a3c-07422be7a602.jpeg"", ""https://a0.muscache.com/im/pictures/hosting/Hosting-1771660239678140584/original/8e94e86f-5dcc-4de3-b40c-2bc0ce986dbe.jpeg"", ""https://a0.muscache.com/im/pictures/hosting/Hosting-1771660239678140584/original/f12ec313-1260-4717-a518-8a89dfd700e0.jpeg"", ""https://a0.muscache.com/im/pictures/hosting/Hosting-1771660239678140584/original/673171c3-b88c-4c7f-ad64-1e9a677a3d49.jpeg"", ""https://a0.muscache.com/im/pictures/hosting/Hosting-1771660239678140584/original/be77fee1-da6c-4913-9ab3-e1a1670f49a7.jpeg"", ""https://a0.muscache.com/im/pictures/hosting/Hosting-1771660239678140584/original/66bd3eaa-90ec-411b-bb21-3988a63b27b2.jpeg"", ""https://a0.muscache.com/im/pictures/hosting/Hosting-1771660239678140584/original/3cded15e-22f4-40ca-bbb9-47894a4537f5.jpeg"", ""https://a0.muscache.com/im/pictures/hosting/Hosting-1771660239678140584/original/d4b1cdb9-7d47-4334-b12d-659fb878dc11.jpeg"", ""https://a0.muscache.com/im/pictures/hosting/Hosting-1771660239678140584/original/3da60af8-347c-4726-a488-cb830659b33a.jpeg"", ""https://a0.muscache.com/im/pictures/hosting/Hosting-1771660239678140584/original/2fca1c33-2407-4a67-a806-3adfc1860609.jpeg"", ""https://a0.muscache.com/im/pictures/hosting/Hosting-1771660239678140584/original/f9be8a2f-6a04-4407-a9de-d030a7c3c15d.jpeg"", ""https://a0.muscache.com/im/pictures/hosting/Hosting-1771660239678140584/original/a49e3445-8852-4d79-b980-638226354c8d.jpeg"", ""https://a0.muscache.com/im/pictures/hosting/Hosting-1771660239678140584/original/11aeb780-a7d3-41b6-b120-c5457027a67a.jpeg"", ""https://a0.muscache.com/im/pictures/hosting/Hosting-1771660239678140584/original/9299a87e-7211-4fe7-9c84-8e38a0f33bb1.jpeg"", ""https://a0.muscache.com/im/pictures/hosting/Hosting-1771660239678140584/original/b1525ffb-8d69-423c-8e0b-ab4ef7b0ba6a.jpeg"", ""https://a0.muscache.com/im/pictures/hosting/Hosting-1771660239678140584/original/dd49c411-2323-49a1-a054-d7ab3607d561.jpeg"", ""https://a0.muscache.com/im/pictures/hosting/Hosting-1771660239678140584/original/a4c8bf10-931f-4094-b17e-3b0ad6d70683.jpeg"", ""https://a0.muscache.com/im/pictures/hosting/Hosting-1771660239678140584/original/6366efca-7448-40ef-b4ed-2121165525d4.jpeg"", ""https://a0.muscache.com/im/pictures/hosting/Hosting-1771660239678140584/original/3fe096d7-7e1a-4374-a476-3686e815ee88.jpeg"", ""https://a0.muscache.com/im/pictures/hosting/Hosting-1771660239678140584/original/82ff601a-5c68-4ba2-b584-157ebbf4fdb5.jpeg"", ""https://a0.muscache.com/im/pictures/hosting/Hosting-1771660239678140584/original/47e44a38-aeaf-4a0b-babb-a0fb2c18a4ca.jpeg"", ""https://a0.muscache.com/im/pictures/hosting/Hosting-1771660239678140584/original/4e29d6a6-9c93-455d-9846-4c9482fc81d6.jpeg"", ""https://a0.muscache.com/im/pictures/hosting/Hosting-1771660239678140584/original/8129fba0-4796-4b88-a9bf-b665ef639343.jpeg"", ""https://a0.muscache.com/im/pictures/hosting/Hosting-1771660239678140584/original/87ef1551-2ec3-40da-b13d-e98452bb9e39.jpeg"", ""https://a0.muscache.com/im/pictures/hosting/Hosting-1771660239678140584/original/c5210fef-5114-49bc-b957-01dc4aea5356.jpeg""]",f,"[{""name"": ""Long"", ""avatar"": ""https://a0.muscache.com/im/pictures/user/avatar_long.jpg""}]","[{""name"": ""DECOR"", ""localizedName"": ""Trang trí"", ""count"": 14}, {""name"": ""INTERIOR"", ""localizedName"": ""Không gian bên trong"", ""count"": 12}, {""name"": ""CLEANLINESS"", ""localizedName"": ""Mức độ sạch sẽ"", ""count"": 9}, {""name"": ""LOCATION"", ""localizedName"": ""Địa điểm"", ""count"": 11}, {""name"": ""HOSPITALITY"", ""localizedName"": ""Hiếu khách"", ""count"": 9}]","[{""title"": ""Trải nghiệm nhận phòng xuất sắc"", ""subtitle"": ""Những khách ở gần đây đã xếp hạng 5 sao cho quy trình nhận phòng.""}, {""title"": ""Tự nhận phòng"", ""subtitle"": ""Tự nhận phòng với hộp khóa an toàn.""}]"
1760010029508205927,https://www.airbnb.com.vn/rooms/1760010029508205927,20260926000000,2026-09-26,city search,Hilma Nouveau * 10 phút đến Hồ Hoàn Kiếm,"Chào mừng bạn đến với Hilma Nouveau * 10 phút đến Hồ Hoàn Kiếm — một không gian lưu trú ấm cúng, sang trọng tọa lạc tại Quận Hai Bà Trưng, Hà Nội.
Căn phòng tràn ngập ánh sáng tự nhiên với đầy đủ tiện nghi cao cấp, giường nệm êm ái, máy lạnh, TV và wifi tốc độ cao. Rất thuận tiện di chuyển tới các điểm tham quan, nhà hàng ẩm thực và quán cà phê nổi tiếng của Hà Nội.","Khu vực Quận Hai Bà Trưng an ninh, văn minh, gần nhiều địa điểm ăn uống, mua sắm và giải trí sầm uất tại Hà Nội.",https://a0.muscache.com/im/pictures/hosting/Hosting-1760010029508205927/original/f236ca0a-461a-433a-a132-8867e9bc7f7a.jpeg,47000002,https://www.airbnb.com.vn/users/show/47000002,Linh,2021-01-01,"Hà Nội, Việt Nam","Xin chào, tôi là Linh, đã có 5 năm kinh nghiệm làm host. Tôi yêu thích du lịch và luôn mong muốn đem lại trải nghiệm lưu trú thoải mái nhất cho khách.",trong vòng một giờ,100%,98%,t,https://a0.muscache.com/im/pictures/user/User-47000002/original/user_profile_2.jpeg,https://a0.muscache.com/im/pictures/user/User-47000002/original/user_profile_2.jpeg,Quận Hai Bà Trưng,4,2,"['email', 'phone', 'work_email']",t,t,Quận Hai Bà Trưng,Quận Hai Bà Trưng,Hà Nội,21.0174,105.8528,Toàn bộ căn hộ cho thuê,Entire home/apt,2,1.0,1 phòng tắm,1,1,"[""Bộ chăn ga gối cao cấp"", ""Tủ lạnh"", ""TV màn hình phẳng"", ""Điều hòa nhiệt độ"", ""Wi-fi tốc độ cao"", ""Tự nhận phòng với hộp khóa an toàn"", ""Bàn ủi / Bàn là"", ""Bể bơi"", ""Bồn tắm thư giãn"", ""Không gian riêng để làm việc"", ""Ban công ngắm cảnh"", ""Lò vi sóng"", ""Thang máy"", ""Máy sấy tóc"", ""Bếp đầy đủ tiện nghi""]","₫805,000",1,1125,1,2,1125,1125,1.0,1125.0,today,t,17,45,82,225,2026-09-26,6,1,5,2026-06-28,2026-09-24,5.0,4.94,4.9,5.0,5.0,4.8,4.76,,t,2,2,0,0,4.57,"[""https://a0.muscache.com/im/pictures/hosting/Hosting-1760010029508205927/original/f236ca0a-461a-433a-a132-8867e9bc7f7a.jpeg"", ""https://a0.muscache.com/im/pictures/hosting/Hosting-1760010029508205927/original/26f8f2ae-7b90-404a-8627-7f30a3a622bf.jpeg"", ""https://a0.muscache.com/im/pictures/hosting/Hosting-1760010029508205927/original/afa62867-c9de-45c7-bc28-781c6d352eaf.jpeg"", ""https://a0.muscache.com/im/pictures/hosting/Hosting-1760010029508205927/original/3a96d5ba-5a09-4e5b-84fd-b51f7f081a29.jpeg"", ""https://a0.muscache.com/im/pictures/hosting/Hosting-1760010029508205927/original/998f0477-7b00-44f3-afc7-5902939bceb4.jpeg"", ""https://a0.muscache.com/im/pictures/hosting/Hosting-1760010029508205927/original/7c2aced4-6e8c-45be-8637-30d08678aeda.jpeg"", ""https://a0.muscache.com/im/pictures/hosting/Hosting-1760010029508205927/original/4e403d09-a56c-4e6f-98df-7dfb357c14a8.jpeg"", ""https://a0.muscache.com/im/pictures/hosting/Hosting-1760010029508205927/original/7689e5df-dcc4-4976-9513-55fb52fdbdd3.jpeg"", ""https://a0.muscache.com/im/pictures/hosting/Hosting-1760010029508205927/original/74507368-3387-44e0-8288-fbba00f0b800.jpeg"", ""https://a0.muscache.com/im/pictures/hosting/Hosting-1760010029508205927/original/b09c64e5-1487-4863-8a8e-09c7d7466015.jpeg"", ""https://a0.muscache.com/im/pictures/hosting/Hosting-1760010029508205927/original/65489ff9-53af-4131-ac06-285c8ed020ba.jpeg"", ""https://a0.muscache.com/im/pictures/hosting/Hosting-1760010029508205927/original/14f3522f-b4bd-407c-910a-9bd80322082a.jpeg"", ""https://a0.muscache.com/im/pictures/hosting/Hosting-1760010029508205927/original/9df3ff5c-41c8-4539-968f-b9955e3bc83c.jpeg"", ""https://a0.muscache.com/im/pictures/hosting/Hosting-1760010029508205927/original/f2c2527f-f254-4a12-bd04-ffecc4630897.jpeg"", ""https://a0.muscache.com/im/pictures/hosting/Hosting-1760010029508205927/original/83e964af-23d4-45b1-8431-dbd49c533d6e.jpeg"", ""https://a0.muscache.com/im/pictures/hosting/Hosting-1760010029508205927/original/1cb6ac37-e713-47f9-84db-94d29c0bcf37.jpeg"", ""https://a0.muscache.com/im/pictures/hosting/Hosting-1760010029508205927/original/510111f6-0c4d-498f-8fbd-984527ced5f2.jpeg"", ""https://a0.muscache.com/im/pictures/hosting/Hosting-1760010029508205927/original/eeacd122-4d29-4ec2-8b9b-79dedc139e94.jpeg"", ""https://a0.muscache.com/im/pictures/hosting/Hosting-1760010029508205927/original/f692032c-b85a-420c-ba5d-5696b47ee484.jpeg"", ""https://a0.muscache.com/im/pictures/hosting/Hosting-1760010029508205927/original/1021b5a4-696a-4083-8d23-0148fe23d0fe.jpeg"", ""https://a0.muscache.com/im/pictures/hosting/Hosting-1760010029508205927/original/6794f08c-0ae2-4e6c-b218-a3aea061c722.jpeg"", ""https://a0.muscache.com/im/pictures/hosting/Hosting-1760010029508205927/original/5dbfd92f-433e-461d-b136-91db27e66501.jpeg"", ""https://a0.muscache.com/im/pictures/hosting/Hosting-1760010029508205927/original/c10ee320-2dfb-4bcd-a2d3-5ca2dbb3bdbc.jpeg"", ""https://a0.muscache.com/im/pictures/hosting/Hosting-1760010029508205927/original/1d240f15-2dd5-4506-b422-40684227891d.jpeg"", ""https://a0.muscache.com/im/pictures/hosting/Hosting-1760010029508205927/original/c09a26e4-76b8-42d0-b9ba-0ba7411542e1.jpeg""]",t,"[{""name"": ""Cindy"", ""avatar"": ""https://a0.muscache.com/im/pictures/user/avatar_cindy.jpg""}, {""name"": ""Long"", ""avatar"": ""https://a0.muscache.com/im/pictures/user/avatar_long.jpg""}, {""name"": ""Dang Nguyen"", ""avatar"": ""https://a0.muscache.com/im/pictures/user/avatar_dang.jpg""}]","[{""name"": ""DECOR"", ""localizedName"": ""Trang trí"", ""count"": 15}, {""name"": ""INTERIOR"", ""localizedName"": ""Không gian bên trong"", ""count"": 7}, {""name"": ""CLEANLINESS"", ""localizedName"": ""Mức độ sạch sẽ"", ""count"": 16}, {""name"": ""LOCATION"", ""localizedName"": ""Địa điểm"", ""count"": 20}, {""name"": ""HOSPITALITY"", ""localizedName"": ""Hiếu khách"", ""count"": 2}]","[{""title"": ""Trải nghiệm nhận phòng xuất sắc"", ""subtitle"": ""Những khách ở gần đây đã xếp hạng 5 sao cho quy trình nhận phòng.""}, {""title"": ""Tự nhận phòng"", ""subtitle"": ""Tự nhận phòng với hộp khóa an toàn.""}]"
1439543072648924276,https://www.airbnb.com.vn/rooms/1439543072648924276,20260926000000,2026-09-26,city search,Mira * 10 phút đến Hồ Hoàn Kiếm,"Chào mừng bạn đến với Mira * 10 phút đến Hồ Hoàn Kiếm — một không gian lưu trú ấm cúng, sang trọng tọa lạc tại Quận Hai Bà Trưng, Hà Nội.
Căn phòng tràn ngập ánh sáng tự nhiên với đầy đủ tiện nghi cao cấp, giường nệm êm ái, máy lạnh, TV và wifi tốc độ cao. Rất thuận tiện di chuyển tới các điểm tham quan, nhà hàng ẩm thực và quán cà phê nổi tiếng của Hà Nội.","Khu vực Quận Hai Bà Trưng an ninh, văn minh, gần nhiều địa điểm ăn uống, mua sắm và giải trí sầm uất tại Hà Nội.",https://a0.muscache.com/im/pictures/hosting/Hosting-U3RheVN1cHBseUxpc3Rpbmc6MTQzOTU0MzA3MjY0ODkyNDI3Ng==/original/84cde8a9-c02d-41b4-aedb-d38376ce82ab.jpeg,47000003,https://www.airbnb.com.vn/users/show/47000003,Hương,2021-01-06,"Hà Nội, Việt Nam","Xin chào, tôi là Hương, đã có 5 năm kinh nghiệm làm host. Tôi yêu thích du lịch và luôn mong muốn đem lại trải nghiệm lưu trú thoải mái nhất cho khách.",trong vòng một giờ,100%,98%,f,https://a0.muscache.com/im/pictures/user/User-47000003/original/user_profile_3.jpeg,https://a0.muscache.com/im/pictures/user/User-47000003/original/user_profile_3.jpeg,Quận Hai Bà Trưng,9,1,"['email', 'phone', 'work_email']",t,t,Quận Hai Bà Trưng,Quận Hai Bà Trưng,Hà Nội,21.0164,105.8553,Toàn bộ căn hộ cho thuê,Entire home/apt,2,1.0,1 phòng tắm,1,1,"[""Máy giặt"", ""Thang máy"", ""Tủ lạnh"", ""Điều hòa nhiệt độ"", ""Không gian riêng để làm việc"", ""Ban công ngắm cảnh"", ""Máy báo khói"", ""Bộ chăn ga gối cao cấp"", ""Bể bơi"", ""Chỗ đỗ xe miễn phí trong khuôn viên"", ""TV màn hình phẳng"", ""Bàn ủi / Bàn là"", ""Wi-fi tốc độ cao"", ""Bếp đầy đủ tiện nghi"", ""Bồn tắm thư giãn"", ""Lò vi sóng"", ""Dầu gội & Sữa tắm"", ""Tự nhận phòng với hộp khóa an toàn"", ""Máy sấy tóc"", ""Máy phát hiện khí CO""]","₫553,600",1,1125,1,2,1125,1125,1.0,1125.0,today,t,27,45,61,337,2026-09-26,33,2,3,2025-05-19,2026-09-08,4.85,4.98,4.93,5.0,5.0,4.74,4.73,,f,2,2,0,0,4.55,"[""https://a0.muscache.com/im/pictures/hosting/Hosting-U3RheVN1cHBseUxpc3Rpbmc6MTQzOTU0MzA3MjY0ODkyNDI3Ng==/original/84cde8a9-c02d-41b4-aedb-d38376ce82ab.jpeg"", ""https://a0.muscache.com/im/pictures/hosting/Hosting-U3RheVN1cHBseUxpc3Rpbmc6MTQzOTU0MzA3MjY0ODkyNDI3Ng==/original/85593528-cebe-4307-8a45-4e63b48a110b.jpeg"", ""https://a0.muscache.com/im/pictures/hosting/Hosting-U3RheVN1cHBseUxpc3Rpbmc6MTQzOTU0MzA3MjY0ODkyNDI3Ng==/original/981a1df5-218c-49cc-b350-87ce50f5fe2e.jpeg"", ""https://a0.muscache.com/im/pictures/hosting/Hosting-U3RheVN1cHBseUxpc3Rpbmc6MTQzOTU0MzA3MjY0ODkyNDI3Ng==/original/9a7850e8-e4b9-45c2-8048-a902550a73e0.jpeg"", ""https://a0.muscache.com/im/pictures/hosting/Hosting-U3RheVN1cHBseUxpc3Rpbmc6MTQzOTU0MzA3MjY0ODkyNDI3Ng==/original/67100880-9be2-4005-a980-6828dbf2d4cc.jpeg"", ""https://a0.muscache.com/im/pictures/hosting/Hosting-U3RheVN1cHBseUxpc3Rpbmc6MTQzOTU0MzA3MjY0ODkyNDI3Ng==/original/e5fb6f4f-567f-4897-b8ff-ce01ae8440f3.jpeg"", ""https://a0.muscache.com/im/pictures/hosting/Hosting-U3RheVN1cHBseUxpc3Rpbmc6MTQzOTU0MzA3MjY0ODkyNDI3Ng==/original/e5a6b0c4-3e1e-4a91-b7c0-4a2fd2b2abb0.jpeg"", ""https://a0.muscache.com/im/pictures/hosting/Hosting-U3RheVN1cHBseUxpc3Rpbmc6MTQzOTU0MzA3MjY0ODkyNDI3Ng==/original/dcab081a-08d3-45f2-8f4e-8b648d84bc5b.jpeg"", ""https://a0.muscache.com/im/pictures/hosting/Hosting-U3RheVN1cHBseUxpc3Rpbmc6MTQzOTU0MzA3MjY0ODkyNDI3Ng==/original/60326a81-2de0-4e62-ad4e-4476d45a6f9d.jpeg""]",t,"[{""name"": ""Cindy"", ""avatar"": ""https://a0.muscache.com/im/pictures/user/avatar_cindy.jpg""}, {""name"": ""Long"", ""avatar"": ""https://a0.muscache.com/im/pictures/user/avatar_long.jpg""}, {""name"": ""Rùa"", ""avatar"": ""https://a0.muscache.com/im/pictures/user/avatar_rua.jpg""}]","[{""name"": ""DECOR"", ""localizedName"": ""Trang trí"", ""count"": 12}, {""name"": ""INTERIOR"", ""localizedName"": ""Không gian bên trong"", ""count"": 12}, {""name"": ""CLEANLINESS"", ""localizedName"": ""Mức độ sạch sẽ"", ""count"": 24}, {""name"": ""LOCATION"", ""localizedName"": ""Địa điểm"", ""count"": 19}, {""name"": ""HOSPITALITY"", ""localizedName"": ""Hiếu khách"", ""count"": 3}]","[{""title"": ""Trải nghiệm nhận phòng xuất sắc"", ""subtitle"": ""Những khách ở gần đây đã xếp hạng 5 sao cho quy trình nhận phòng.""}, {""title"": ""Tự nhận phòng"", ""subtitle"": ""Tự nhận phòng với hộp khóa an toàn.""}]"
1763724293244875121,https://www.airbnb.com.vn/rooms/1763724293244875121,20260926000000,2026-09-26,city search,"Mới, lễ tân, thang máy, gần chợ hàng Da, đường tàu","Chào mừng bạn đến với Mới, lễ tân, thang máy, gần chợ hàng Da, đường tàu — một không gian lưu trú ấm cúng, sang trọng tọa lạc tại Quận Hoàn Kiếm, Hà Nội.
Căn phòng tràn ngập ánh sáng tự nhiên với đầy đủ tiện nghi cao cấp, giường nệm êm ái, máy lạnh, TV và wifi tốc độ cao. Rất thuận tiện di chuyển tới các điểm tham quan, nhà hàng ẩm thực và quán cà phê nổi tiếng của Hà Nội.","Khu vực Quận Hoàn Kiếm an ninh, văn minh, gần nhiều địa điểm ăn uống, mua sắm và giải trí sầm uất tại Hà Nội.",https://a0.muscache.com/im/pictures/hosting/Hosting-1763724293244875121/original/bb0e4f15-a9be-44c6-a70f-983666d569c7.png,47000004,https://www.airbnb.com.vn/users/show/47000004,Phương,2020-12-17,"Hà Nội, Việt Nam","Xin chào, tôi là Phương, đã có 5 năm kinh nghiệm làm host. Tôi yêu thích du lịch và luôn mong muốn đem lại trải nghiệm lưu trú thoải mái nhất cho khách.",trong vòng một giờ,100%,98%,f,https://a0.muscache.com/im/pictures/user/User-47000004/original/user_profile_4.jpeg,https://a0.muscache.com/im/pictures/user/User-47000004/original/user_profile_4.jpeg,Quận Hoàn Kiếm,5,8,"['email', 'phone', 'work_email']",t,t,Quận Hoàn Kiếm,Quận Hoàn Kiếm,Hà Nội,21.0342,105.8479,Phòng riêng trong nhà,Private room,2,1.0,1 phòng tắm,1,1,"[""Dầu gội & Sữa tắm"", ""Không gian riêng để làm việc"", ""Máy báo khói"", ""Bể bơi"", ""Wi-fi tốc độ cao"", ""Máy giặt"", ""Ban công ngắm cảnh"", ""Lò vi sóng"", ""Bàn ủi / Bàn là"", ""Thang máy"", ""Bộ chăn ga gối cao cấp"", ""Chỗ đỗ xe miễn phí trong khuôn viên"", ""Điều hòa nhiệt độ"", ""Tự nhận phòng với hộp khóa an toàn"", ""TV màn hình phẳng""]","₫825,000",1,1125,1,2,1125,1125,1.0,1125.0,today,t,18,49,78,293,2026-09-26,7,7,6,2026-06-13,2026-09-22,4.71,4.93,4.89,5.0,5.0,4.87,4.88,,t,2,0,1,0,1.68,"[""https://a0.muscache.com/im/pictures/hosting/Hosting-1763724293244875121/original/bb0e4f15-a9be-44c6-a70f-983666d569c7.png"", ""https://a0.muscache.com/im/pictures/hosting/Hosting-1763724293244875121/original/4d649c27-fe20-429c-8837-f97dd24399c9.jpeg"", ""https://a0.muscache.com/im/pictures/hosting/Hosting-1763724293244875121/original/cb8e73f2-ddbb-4574-ad59-ede94b434261.png"", ""https://a0.muscache.com/im/pictures/hosting/Hosting-1763724293244875121/original/4b51481f-13a7-4653-b490-b50d0bc6f5d9.png"", ""https://a0.muscache.com/im/pictures/hosting/Hosting-1763724293244875121/original/9c849628-b2ef-422a-bdc2-f7124bfe576d.jpeg"", ""https://a0.muscache.com/im/pictures/hosting/Hosting-1763724293244875121/original/1f863169-870f-4520-b59d-d8473fc338ad.jpeg""]",t,"[{""name"": ""Dang Nguyen"", ""avatar"": ""https://a0.muscache.com/im/pictures/user/avatar_dang.jpg""}, {""name"": ""Long"", ""avatar"": ""https://a0.muscache.com/im/pictures/user/avatar_long.jpg""}, {""name"": ""Rùa"", ""avatar"": ""https://a0.muscache.com/im/pictures/user/avatar_rua.jpg""}]","[{""name"": ""DECOR"", ""localizedName"": ""Trang trí"", ""count"": 12}, {""name"": ""INTERIOR"", ""localizedName"": ""Không gian bên trong"", ""count"": 2}, {""name"": ""CLEANLINESS"", ""localizedName"": ""Mức độ sạch sẽ"", ""count"": 20}, {""name"": ""LOCATION"", ""localizedName"": ""Địa điểm"", ""count"": 2}, {""name"": ""HOSPITALITY"", ""localizedName"": ""Hiếu khách"", ""count"": 13}]","[{""title"": ""Trải nghiệm nhận phòng xuất sắc"", ""subtitle"": ""Những khách ở gần đây đã xếp hạng 5 sao cho quy trình nhận phòng.""}, {""title"": ""Tự nhận phòng"", ""subtitle"": ""Tự nhận phòng với hộp khóa an toàn.""}]"
1683901014307736995,https://www.airbnb.com.vn/rooms/1683901014307736995,20260926000000,2026-09-26,city search,Noir | Máy chiếu Netflix & giường king | Hồ Tây,"Chào mừng bạn đến với Noir | Máy chiếu Netflix & giường king | Hồ Tây — một không gian lưu trú ấm cúng, sang trọng tọa lạc tại Quận Tây Hồ, Hà Nội.
Căn phòng tràn ngập ánh sáng tự nhiên với đầy đủ tiện nghi cao cấp, giường nệm êm ái, máy lạnh, TV và wifi tốc độ cao. Rất thuận tiện di chuyển tới các điểm tham quan, nhà hàng ẩm thực và quán cà phê nổi tiếng của Hà Nội.","Khu vực Quận Tây Hồ an ninh, văn minh, gần nhiều địa điểm ăn uống, mua sắm và giải trí sầm uất tại Hà Nội.",https://a0.muscache.com/im/pictures/hosting/Hosting-1683901014307736995/original/203ac3f2-786f-41bb-a86f-f3fac81691ba.jpeg,47000005,https://www.airbnb.com.vn/users/show/47000005,Hà,2020-09-11,"Hà Nội, Việt Nam","Xin chào, tôi là Hà, đã có 6 năm kinh nghiệm làm host. Tôi yêu thích du lịch và luôn mong muốn đem lại trải nghiệm lưu trú thoải mái nhất cho khách.",trong vòng một giờ,100%,98%,f,https://a0.muscache.com/im/pictures/user/User-47000005/original/user_profile_5.jpeg,https://a0.muscache.com/im/pictures/user/User-47000005/original/user_profile_5.jpeg,Quận Tây Hồ,4,8,"['email', 'phone', 'work_email']",t,t,Quận Tây Hồ,Quận Tây Hồ,Hà Nội,21.05490169423256,105.80845712641963,Phòng riêng trong nhà,Private room,2,1.0,1 phòng tắm,1,1,"[""Tủ lạnh"", ""Bể bơi"", ""Không gian riêng để làm việc"", ""Tự nhận phòng với hộp khóa an toàn"", ""Lò vi sóng"", ""Wi-fi tốc độ cao"", ""Bộ chăn ga gối cao cấp"", ""Máy sấy tóc"", ""Máy phát hiện khí CO"", ""Máy báo khói"", ""TV màn hình phẳng"", ""Thang máy"", ""Bàn ủi / Bàn là"", ""Bồn tắm thư giãn"", ""Máy giặt"", ""Điều hòa nhiệt độ"", ""Chỗ đỗ xe miễn phí trong khuôn viên"", ""Bếp đầy đủ tiện nghi""]","₫599,000",1,1125,1,2,1125,1125,1.0,1125.0,today,t,23,50,67,233,2026-09-26,10,7,1,2026-04-29,2026-09-04,5.0,4.88,4.81,5.0,5.0,4.78,4.89,,f,2,0,1,0,1.46,"[""https://a0.muscache.com/im/pictures/hosting/Hosting-1683901014307736995/original/203ac3f2-786f-41bb-a86f-f3fac81691ba.jpeg"", ""https://a0.muscache.com/im/pictures/hosting/Hosting-1683901014307736995/original/c71a7a31-1388-4c41-8b50-11469115db18.jpeg"", ""https://a0.muscache.com/im/pictures/hosting/Hosting-1683901014307736995/original/099cffe3-ffd0-4e96-b058-37c66119d4e6.jpeg"", ""https://a0.muscache.com/im/pictures/hosting/Hosting-1683901014307736995/original/ae17c793-c0e1-4b51-a9c3-1c025148005f.jpeg"", ""https://a0.muscache.com/im/pictures/hosting/Hosting-1683901014307736995/original/d6045ded-7cd7-4191-aee2-ec624eda5cde.jpeg"", ""https://a0.muscache.com/im/pictures/hosting/Hosting-1683901014307736995/original/dc535261-1527-4db7-ab79-db371a6bb122.jpeg""]",t,"[{""name"": ""Dang Nguyen"", ""avatar"": ""https://a0.muscache.com/im/pictures/user/avatar_dang.jpg""}]","[{""name"": ""DECOR"", ""localizedName"": ""Trang trí"", ""count"": 6}, {""name"": ""INTERIOR"", ""localizedName"": ""Không gian bên trong"", ""count"": 13}, {""name"": ""CLEANLINESS"", ""localizedName"": ""Mức độ sạch sẽ"", ""count"": 12}, {""name"": ""LOCATION"", ""localizedName"": ""Địa điểm"", ""count"": 10}, {""name"": ""HOSPITALITY"", ""localizedName"": ""Hiếu khách"", ""count"": 4}]","[{""title"": ""Trải nghiệm nhận phòng xuất sắc"", ""subtitle"": ""Những khách ở gần đây đã xếp hạng 5 sao cho quy trình nhận phòng.""}, {""title"": ""Tự nhận phòng"", ""subtitle"": ""Tự nhận phòng với hộp khóa an toàn.""}]"
1751275425329946440,https://www.airbnb.com.vn/rooms/1751275425329946440,20260926000000,2026-09-26,city search,Hoa * 5 phút đến Hồ Hoàn Kiếm,"Chào mừng bạn đến với Hoa * 5 phút đến Hồ Hoàn Kiếm — một không gian lưu trú ấm cúng, sang trọng tọa lạc tại Quận Hoàn Kiếm, Hà Nội.
Căn phòng tràn ngập ánh sáng tự nhiên với đầy đủ tiện nghi cao cấp, giường nệm êm ái, máy lạnh, TV và wifi tốc độ cao. Rất thuận tiện di chuyển tới các điểm tham quan, nhà hàng ẩm thực và quán cà phê nổi tiếng của Hà Nội.","Khu vực Quận Hoàn Kiếm an ninh, văn minh, gần nhiều địa điểm ăn uống, mua sắm và giải trí sầm uất tại Hà Nội.",https://a0.muscache.com/im/pictures/hosting/Hosting-1751275425329946440/original/992734fd-61a4-4878-9e30-f39f6c05a183.jpeg,47000006,https://www.airbnb.com.vn/users/show/47000006,Trang,2022-02-08,"Hà Nội, Việt Nam","Xin chào, tôi là Trang, đã có 4 năm kinh nghiệm làm host. Tôi yêu thích du lịch và luôn mong muốn đem lại trải nghiệm lưu trú thoải mái nhất cho khách.",trong vòng một giờ,100%,98%,t,https://a0.muscache.com/im/pictures/user/User-47000006/original/user_profile_6.jpeg,https://a0.muscache.com/im/pictures/user/User-47000006/original/user_profile_6.jpeg,Quận Hoàn Kiếm,6,3,"['email', 'phone', 'work_email']",t,t,Quận Hoàn Kiếm,Quận Hoàn Kiếm,Hà Nội,21.0382,105.8452,Toàn bộ căn hộ cho thuê,Entire home/apt,2,1.0,1 phòng tắm,1,1,"[""Wi-fi tốc độ cao"", ""Bộ chăn ga gối cao cấp"", ""Ban công ngắm cảnh"", ""Chỗ đỗ xe miễn phí trong khuôn viên"", ""Máy báo khói"", ""Tự nhận phòng với hộp khóa an toàn"", ""Máy phát hiện khí CO"", ""TV màn hình phẳng"", ""Máy sấy tóc"", ""Dầu gội & Sữa tắm"", ""Tủ lạnh"", ""Thang máy"", ""Bàn ủi / Bàn là"", ""Bể bơi"", ""Bếp đầy đủ tiện nghi"", ""Bồn tắm thư giãn"", ""Không gian riêng để làm việc"", ""Điều hòa nhiệt độ""]","₫551,000",1,1125,1,2,1125,1125,1.0,1125.0,today,t,23,44,83,267,2026-09-26,3,2,2,2026-08-12,2026-09-24,5.0,4.86,4.83,5.0,5.0,4.95,4.85,,t,2,2,0,0,4.32,"[""https://a0.muscache.com/im/pictures/hosting/Hosting-1751275425329946440/original/992734fd-61a4-4878-9e30-f39f6c05a183.jpeg"", ""https://a0.muscache.com/im/pictures/hosting/Hosting-1751275425329946440/original/9281ed57-3637-45e2-b55c-b45b2767cf73.jpeg"", ""https://a0.muscache.com/im/pictures/hosting/Hosting-1751275425329946440/original/97fcb1b2-38b3-4f33-9597-0bbae76751b8.jpeg"", ""https://a0.muscache.com/im/pictures/hosting/Hosting-1751275425329946440/original/5d0ca3ba-e32a-4969-b198-b475a73ca14e.jpeg"", ""https://a0.muscache.com/im/pictures/hosting/Hosting-1751275425329946440/original/871d8da9-f5c5-40b2-a2d4-e04f80c61d49.jpeg"", ""https://a0.muscache.com/im/pictures/hosting/Hosting-1751275425329946440/original/2d9775ce-0906-4b62-9d4b-a62555a266cc.jpeg"", ""https://a0.muscache.com/im/pictures/hosting/Hosting-1751275425329946440/original/2e6c87a8-975b-4a50-819f-133f7025d41a.jpeg"", ""https://a0.muscache.com/im/pictures/hosting/Hosting-1751275425329946440/original/c60c0842-b6d5-470c-888a-5d7ac60f058e.jpeg"", ""https://a0.muscache.com/im/pictures/hosting/Hosting-1751275425329946440/original/644308bb-7580-4be6-a127-66d70261517c.jpeg""]",f,"[{""name"": ""Dang Nguyen"", ""avatar"": ""https://a0.muscache.com/im/pictures/user/avatar_dang.jpg""}, {""name"": ""Rùa"", ""avatar"": ""https://a0.muscache.com/im/pictures/user/avatar_rua.jpg""}]","[{""name"": ""DECOR"", ""localizedName"": ""Trang trí"", ""count"": 15}, {""name"": ""INTERIOR"", ""localizedName"": ""Không gian bên trong"", ""count"": 5}, {""name"": ""CLEANLINESS"", ""localizedName"": ""Mức độ sạch sẽ"", ""count"": 11}, {""name"": ""LOCATION"", ""localizedName"": ""Địa điểm"", ""count"": 6}, {""name"": ""HOSPITALITY"", ""localizedName"": ""Hiếu khách"", ""count"": 8}]","[{""title"": ""Trải nghiệm nhận phòng xuất sắc"", ""subtitle"": ""Những khách ở gần đây đã xếp hạng 5 sao cho quy trình nhận phòng.""}, {""title"": ""Tự nhận phòng"", ""subtitle"": ""Tự nhận phòng với hộp khóa an toàn.""}]"
1713914293888125016,https://www.airbnb.com.vn/rooms/1713914293888125016,20260926000000,2026-09-26,city search,(99-202) 1 phòng ngủ đầy đủ tiện nghi | Nhìn ra Hồ Tây,"Chào mừng bạn đến với (99-202) 1 phòng ngủ đầy đủ tiện nghi | Nhìn ra Hồ Tây — một không gian lưu trú ấm cúng, sang trọng tọa lạc tại Quận Tây Hồ, Hà Nội.
Căn phòng tràn ngập ánh sáng tự nhiên với đầy đủ tiện nghi cao cấp, giường nệm êm ái, máy lạnh, TV và wifi tốc độ cao. Rất thuận tiện di chuyển tới các điểm tham quan, nhà hàng ẩm thực và quán cà phê nổi tiếng của Hà Nội.","Khu vực Quận Tây Hồ an ninh, văn minh, gần nhiều địa điểm ăn uống, mua sắm và giải trí sầm uất tại Hà Nội.",https://a0.muscache.com/im/pictures/hosting/Hosting-1713914293888125016/original/7e64af64-0515-466c-b166-df019f044dcc.jpeg,47000007,https://www.airbnb.com.vn/users/show/47000007,Dương,2020-06-11,"Hà Nội, Việt Nam","Xin chào, tôi là Dương, đã có 6 năm kinh nghiệm làm host. Tôi yêu thích du lịch và luôn mong muốn đem lại trải nghiệm lưu trú thoải mái nhất cho khách.",trong vòng một giờ,100%,98%,f,https://a0.muscache.com/im/pictures/user/User-47000007/original/user_profile_7.jpeg,https://a0.muscache.com/im/pictures/user/User-47000007/original/user_profile_7.jpeg,Quận Tây Hồ,1,7,"['email', 'phone', 'work_email']",t,t,Quận Tây Hồ,Quận Tây Hồ,Hà Nội,21.0639,105.8103,Toàn bộ căn hộ cho thuê,Entire home/apt,2,1.0,1 phòng tắm,1,1,"[""Lò vi sóng"", ""Điều hòa nhiệt độ"", ""Bếp đầy đủ tiện nghi"", ""Máy báo khói"", ""Bể bơi"", ""Máy sấy tóc"", ""Bồn tắm thư giãn"", ""Tủ lạnh"", ""Chỗ đỗ xe miễn phí trong khuôn viên"", ""Ban công ngắm cảnh"", ""Không gian riêng để làm việc"", ""Tự nhận phòng với hộp khóa an toàn"", ""Máy phát hiện khí CO"", ""Thang máy"", ""Wi-fi tốc độ cao"", ""TV màn hình phẳng"", ""Dầu gội & Sữa tắm""]","₫1,147,929",1,1125,1,2,1125,1125,1.0,1125.0,today,t,28,37,77,227,2026-09-26,4,3,0,2026-07-28,2026-09-01,5.0,4.98,4.92,5.0,5.0,5.0,4.86,,f,2,2,0,0,2.89,"[""https://a0.muscache.com/im/pictures/hosting/Hosting-1713914293888125016/original/7e64af64-0515-466c-b166-df019f044dcc.jpeg"", ""https://a0.muscache.com/im/pictures/hosting/Hosting-1713914293888125016/original/175e45b1-3baa-49e5-b6f1-a65052d5f220.jpeg"", ""https://a0.muscache.com/im/pictures/hosting/Hosting-1713914293888125016/original/d1ad018f-80e8-48e9-b908-f30c2b4c832b.jpeg"", ""https://a0.muscache.com/im/pictures/hosting/Hosting-1713914293888125016/original/c3e82d7d-9b04-4528-8883-fb4d2f5781b1.jpeg"", ""https://a0.muscache.com/im/pictures/hosting/Hosting-1713914293888125016/original/bddefe90-27f8-4da1-ba7f-2cd5943f0520.jpeg"", ""https://a0.muscache.com/im/pictures/hosting/Hosting-1713914293888125016/original/7a49bcd6-083b-4898-9fea-3c81e70a98e4.jpeg"", ""https://a0.muscache.com/im/pictures/hosting/Hosting-1713914293888125016/original/49031d4b-95f7-4b43-ae9f-bb30461c7c08.jpeg"", ""https://a0.muscache.com/im/pictures/hosting/Hosting-1713914293888125016/original/b455e39e-5cd5-4f45-850a-e6a43f7f6350.jpeg"", ""https://a0.muscache.com/im/pictures/hosting/Hosting-1713914293888125016/original/1d5337f6-9aba-408d-b295-004fc0cb8a1e.jpeg"", ""https://a0.muscache.com/im/pictures/hosting/Hosting-1713914293888125016/original/42d7a98a-85b9-49b6-898f-9a4e650744c3.jpeg"", ""https://a0.muscache.com/im/pictures/hosting/Hosting-1713914293888125016/original/fea6ea69-c631-40d6-b17f-5da949273f3e.jpeg"", ""https://a0.muscache.com/im/pictures/hosting/Hosting-1713914293888125016/original/876bc481-5292-44f6-92f3-bdd5c01893db.jpeg"", ""https://a0.muscache.com/im/pictures/hosting/Hosting-1713914293888125016/original/395921e7-bdaa-4343-b291-4380cbc1a355.jpeg"", ""https://a0.muscache.com/im/pictures/hosting/Hosting-1713914293888125016/original/25f77210-89e2-405e-b76d-c94adcab0d8e.jpeg"", ""https://a0.muscache.com/im/pictures/hosting/Hosting-1713914293888125016/original/b955cf53-feee-49a4-8723-101a747d0df1.jpeg"", ""https://a0.muscache.com/im/pictures/hosting/Hosting-1713914293888125016/original/8610103c-c6fa-42ed-9763-6f1b3ecf158f.jpeg"", ""https://a0.muscache.com/im/pictures/hosting/Hosting-1713914293888125016/original/db7a9b59-74d8-443d-9b4d-66cd91a32533.jpeg"", ""https://a0.muscache.com/im/pictures/hosting/Hosting-1713914293888125016/original/dbda46b6-d613-4220-9364-65c17f11d026.jpeg"", ""https://a0.muscache.com/im/pictures/hosting/Hosting-1713914293888125016/original/bb21069d-4d28-41de-b825-78d9c766e03a.jpeg"", ""https://a0.muscache.com/im/pictures/hosting/Hosting-1713914293888125016/original/1b68e566-cb76-45e8-8b99-685877efed57.jpeg"", ""https://a0.muscache.com/im/pictures/hosting/Hosting-1713914293888125016/original/97fd6422-e112-49a9-9775-7434af86d1a9.jpeg"", ""https://a0.muscache.com/im/pictures/hosting/Hosting-1713914293888125016/original/521a1753-fa49-423f-a299-24e83814c6c0.jpeg"", ""https://a0.muscache.com/im/pictures/hosting/Hosting-1713914293888125016/original/a0d309f8-b357-4fcc-91f7-3a096acaf554.jpeg"", ""https://a0.muscache.com/im/pictures/hosting/Hosting-1713914293888125016/original/3fa97d45-95f3-460c-828b-01c3127cf8d3.jpeg"", ""https://a0.muscache.com/im/pictures/hosting/Hosting-1713914293888125016/original/e2a6bf1a-dd63-4f9b-9802-4cc2db095cfe.jpeg"", ""https://a0.muscache.com/im/pictures/hosting/Hosting-1713914293888125016/original/20c7b0d9-e1d1-46dd-b713-e4b955cc8525.jpeg"", ""https://a0.muscache.com/im/pictures/hosting/Hosting-1713914293888125016/original/d6c11394-1e8b-4f81-a136-55dd799f3787.jpeg"", ""https://a0.muscache.com/im/pictures/hosting/Hosting-1713914293888125016/original/6810f5b4-97a2-435e-8596-cd3c138e1cb9.jpeg"", ""https://a0.muscache.com/im/pictures/hosting/Hosting-1713914293888125016/original/3d1f85c8-c992-4195-9a39-0bd8d094c166.jpeg""]",f,"[{""name"": ""Long"", ""avatar"": ""https://a0.muscache.com/im/pictures/user/avatar_long.jpg""}, {""name"": ""Dang Nguyen"", ""avatar"": ""https://a0.muscache.com/im/pictures/user/avatar_dang.jpg""}, {""name"": ""Rùa"", ""avatar"": ""https://a0.muscache.com/im/pictures/user/avatar_rua.jpg""}]","[{""name"": ""DECOR"", ""localizedName"": ""Trang trí"", ""count"": 9}, {""name"": ""INTERIOR"", ""localizedName"": ""Không gian bên trong"", ""count"": 2}, {""name"": ""CLEANLINESS"", ""localizedName"": ""Mức độ sạch sẽ"", ""count"": 5}, {""name"": ""LOCATION"", ""localizedName"": ""Địa điểm"", ""count"": 17}, {""name"": ""HOSPITALITY"", ""localizedName"": ""Hiếu khách"", ""count"": 13}]","[{""title"": ""Trải nghiệm nhận phòng xuất sắc"", ""subtitle"": ""Những khách ở gần đây đã xếp hạng 5 sao cho quy trình nhận phòng.""}, {""title"": ""Tự nhận phòng"", ""subtitle"": ""Tự nhận phòng với hộp khóa an toàn.""}]"
1764904275921726873,https://www.airbnb.com.vn/rooms/1764904275921726873,20260926000000,2026-09-26,city search,Phòng 2 giường đơn ấm cúng & Ban công | Thoải mái & Riêng tư,"Chào mừng bạn đến với Phòng 2 giường đơn ấm cúng & Ban công | Thoải mái & Riêng tư — một không gian lưu trú ấm cúng, sang trọng tọa lạc tại Quận Thanh Xuân, Hà Nội.
Căn phòng tràn ngập ánh sáng tự nhiên với đầy đủ tiện nghi cao cấp, giường nệm êm ái, máy lạnh, TV và wifi tốc độ cao. Rất thuận tiện di chuyển tới các điểm tham quan, nhà hàng ẩm thực và quán cà phê nổi tiếng của Hà Nội.","Khu vực Quận Thanh Xuân an ninh, văn minh, gần nhiều địa điểm ăn uống, mua sắm và giải trí sầm uất tại Hà Nội.",https://a0.muscache.com/im/pictures/hosting/Hosting-1764904275921726873/original/cc3a4733-8159-47ac-b7a3-c0f2ff657fcc.jpeg,47000008,https://www.airbnb.com.vn/users/show/47000008,Thảo,2020-12-18,"Hà Nội, Việt Nam","Xin chào, tôi là Thảo, đã có 5 năm kinh nghiệm làm host. Tôi yêu thích du lịch và luôn mong muốn đem lại trải nghiệm lưu trú thoải mái nhất cho khách.",trong vòng một giờ,100%,98%,t,https://a0.muscache.com/im/pictures/user/User-47000008/original/user_profile_8.jpeg,https://a0.muscache.com/im/pictures/user/User-47000008/original/user_profile_8.jpeg,Quận Thanh Xuân,2,3,"['email', 'phone', 'work_email']",t,t,Quận Thanh Xuân,Quận Thanh Xuân,Hà Nội,21.041698103780192,105.86677789062674,Phòng riêng trong nhà,Private room,4,1.0,1 phòng tắm,1,2,"[""Tủ lạnh"", ""Máy giặt"", ""Bàn ủi / Bàn là"", ""Bồn tắm thư giãn"", ""Máy báo khói"", ""Tự nhận phòng với hộp khóa an toàn"", ""TV màn hình phẳng"", ""Ban công ngắm cảnh"", ""Lò vi sóng"", ""Thang máy"", ""Máy phát hiện khí CO"", ""Không gian riêng để làm việc"", ""Wi-fi tốc độ cao"", ""Bể bơi"", ""Bộ chăn ga gối cao cấp"", ""Điều hòa nhiệt độ"", ""Máy sấy tóc"", ""Chỗ đỗ xe miễn phí trong khuôn viên""]","₫769,300",1,1125,1,2,1125,1125,1.0,1125.0,today,t,13,55,73,338,2026-09-26,106,17,0,2023-06-14,2026-09-16,4.85,4.87,4.87,5.0,5.0,4.78,4.74,,t,2,0,1,0,4.54,"[""https://a0.muscache.com/im/pictures/hosting/Hosting-1764904275921726873/original/cc3a4733-8159-47ac-b7a3-c0f2ff657fcc.jpeg"", ""https://a0.muscache.com/im/pictures/hosting/Hosting-1764904275921726873/original/b303557d-9ce6-4ffe-9471-6d961dafc1eb.jpeg"", ""https://a0.muscache.com/im/pictures/hosting/Hosting-1764904275921726873/original/ee08faaa-a9de-400e-9838-cb25e93755ce.jpeg"", ""https://a0.muscache.com/im/pictures/hosting/Hosting-1764904275921726873/original/5b937f2a-32bb-4e89-95b4-e8e10296157d.jpeg"", ""https://a0.muscache.com/im/pictures/hosting/Hosting-1764904275921726873/original/6709fafc-b84f-42b0-8a6d-f64b4764cbf1.jpeg"", ""https://a0.muscache.com/im/pictures/hosting/Hosting-1764904275921726873/original/be0b525f-4b32-4eb2-80ac-781c810dde76.jpeg""]",f,"[{""name"": ""Rùa"", ""avatar"": ""https://a0.muscache.com/im/pictures/user/avatar_rua.jpg""}, {""name"": ""Dang Nguyen"", ""avatar"": ""https://a0.muscache.com/im/pictures/user/avatar_dang.jpg""}]","[{""name"": ""DECOR"", ""localizedName"": ""Trang trí"", ""count"": 14}, {""name"": ""INTERIOR"", ""localizedName"": ""Không gian bên trong"", ""count"": 7}, {""name"": ""CLEANLINESS"", ""localizedName"": ""Mức độ sạch sẽ"", ""count"": 14}, {""name"": ""LOCATION"", ""localizedName"": ""Địa điểm"", ""count"": 6}, {""name"": ""HOSPITALITY"", ""localizedName"": ""Hiếu khách"", ""count"": 11}]","[{""title"": ""Trải nghiệm nhận phòng xuất sắc"", ""subtitle"": ""Những khách ở gần đây đã xếp hạng 5 sao cho quy trình nhận phòng.""}, {""title"": ""Tự nhận phòng"", ""subtitle"": ""Tự nhận phòng với hộp khóa an toàn.""}]"
1773992454127521283,https://www.airbnb.com.vn/rooms/1773992454127521283,20260926000000,2026-09-26,city search,"Phòng Tiêu chuẩn ấm cúng có cửa sổ lớn
","Chào mừng bạn đến với Phòng Tiêu chuẩn ấm cúng có cửa sổ lớn
 — một không gian lưu trú ấm cúng, sang trọng tọa lạc tại Quận Hoàn Kiếm, Hà Nội.
Căn phòng tràn ngập ánh sáng tự nhiên với đầy đủ tiện nghi cao cấp, giường nệm êm ái, máy lạnh, TV và wifi tốc độ cao. Rất thuận tiện di chuyển tới các điểm tham quan, nhà hàng ẩm thực và quán cà phê nổi tiếng của Hà Nội.","Khu vực Quận Hoàn Kiếm an ninh, văn minh, gần nhiều địa điểm ăn uống, mua sắm và giải trí sầm uất tại Hà Nội.",https://a0.muscache.com/im/pictures/hosting/Hosting-1773992454127521283/original/d10f96c9-5d94-4597-a1a4-a93bff11f51f.jpeg,47000009,https://www.airbnb.com.vn/users/show/47000009,Hải,2020-12-26,"Hà Nội, Việt Nam","Xin chào, tôi là Hải, đã có 5 năm kinh nghiệm làm host. Tôi yêu thích du lịch và luôn mong muốn đem lại trải nghiệm lưu trú thoải mái nhất cho khách.",trong vòng một giờ,100%,98%,f,https://a0.muscache.com/im/pictures/user/User-47000009/original/user_profile_9.jpeg,https://a0.muscache.com/im/pictures/user/User-47000009/original/user_profile_9.jpeg,Quận Hoàn Kiếm,7,9,"['email', 'phone', 'work_email']",t,t,Quận Hoàn Kiếm,Quận Hoàn Kiếm,Hà Nội,21.0181,105.8491,Phòng riêng trong nhà,Private room,2,1.0,1 phòng tắm,1,1,"[""Thang máy"", ""TV màn hình phẳng"", ""Wi-fi tốc độ cao"", ""Máy báo khói"", ""Bếp đầy đủ tiện nghi"", ""Lò vi sóng"", ""Tủ lạnh"", ""Bồn tắm thư giãn"", ""Máy giặt"", ""Bể bơi"", ""Bàn ủi / Bàn là"", ""Tự nhận phòng với hộp khóa an toàn"", ""Điều hòa nhiệt độ"", ""Ban công ngắm cảnh"", ""Không gian riêng để làm việc"", ""Máy sấy tóc""]","₫878,157",1,1125,1,2,1125,1125,1.0,1125.0,today,t,19,53,55,221,2026-09-26,136,3,2,2023-06-14,2026-09-15,4.85,5.0,4.85,5.0,5.0,4.75,4.77,,f,2,0,1,0,2.8,"[""https://a0.muscache.com/im/pictures/hosting/Hosting-1773992454127521283/original/d10f96c9-5d94-4597-a1a4-a93bff11f51f.jpeg"", ""https://a0.muscache.com/im/pictures/hosting/Hosting-1773992454127521283/original/d61f9068-0db7-4b44-8cc0-6ce05b97dc05.jpeg"", ""https://a0.muscache.com/im/pictures/hosting/Hosting-1773992454127521283/original/e23af744-0995-42ea-9514-3dc09523a333.jpeg"", ""https://a0.muscache.com/im/pictures/hosting/Hosting-1773992454127521283/original/1f633421-bffd-4263-b678-0ed7d3217e92.jpeg"", ""https://a0.muscache.com/im/pictures/hosting/Hosting-1773992454127521283/original/7d1be103-6251-476b-901f-864b26017133.jpeg"", ""https://a0.muscache.com/im/pictures/hosting/Hosting-1773992454127521283/original/774931eb-608c-49ab-80d7-d2e7721a1d1f.jpeg""]",f,"[{""name"": ""Dang Nguyen"", ""avatar"": ""https://a0.muscache.com/im/pictures/user/avatar_dang.jpg""}, {""name"": ""Long"", ""avatar"": ""https://a0.muscache.com/im/pictures/user/avatar_long.jpg""}]","[{""name"": ""DECOR"", ""localizedName"": ""Trang trí"", ""count"": 11}, {""name"": ""INTERIOR"", ""localizedName"": ""Không gian bên trong"", ""count"": 5}, {""name"": ""CLEANLINESS"", ""localizedName"": ""Mức độ sạch sẽ"", ""count"": 14}, {""name"": ""LOCATION"", ""localizedName"": ""Địa điểm"", ""count"": 10}, {""name"": ""HOSPITALITY"", ""localizedName"": ""Hiếu khách"", ""count"": 12}]","[{""title"": ""Trải nghiệm nhận phòng xuất sắc"", ""subtitle"": ""Những khách ở gần đây đã xếp hạng 5 sao cho quy trình nhận phòng.""}, {""title"": ""Tự nhận phòng"", ""subtitle"": ""Tự nhận phòng với hộp khóa an toàn.""}]"
1550506543035003588,https://www.airbnb.com.vn/rooms/1550506543035003588,20260926000000,2026-09-26,city search,Lyra Apt - 2 phút đến Weslake,"Chào mừng bạn đến với Lyra Apt - 2 phút đến Weslake — một không gian lưu trú ấm cúng, sang trọng tọa lạc tại Quận Tây Hồ, Hà Nội.
Căn phòng tràn ngập ánh sáng tự nhiên với đầy đủ tiện nghi cao cấp, giường nệm êm ái, máy lạnh, TV và wifi tốc độ cao. Rất thuận tiện di chuyển tới các điểm tham quan, nhà hàng ẩm thực và quán cà phê nổi tiếng của Hà Nội.","Khu vực Quận Tây Hồ an ninh, văn minh, gần nhiều địa điểm ăn uống, mua sắm và giải trí sầm uất tại Hà Nội.",https://a0.muscache.com/im/pictures/hosting/Hosting-1550506543035003588/original/f39005a1-6598-4b99-8d35-b3b17f1aa75c.jpeg,47000010,https://www.airbnb.com.vn/users/show/47000010,Nam,2022-04-14,"Hà Nội, Việt Nam","Xin chào, tôi là Nam, đã có 4 năm kinh nghiệm làm host. Tôi yêu thích du lịch và luôn mong muốn đem lại trải nghiệm lưu trú thoải mái nhất cho khách.",trong vòng một giờ,100%,98%,t,https://a0.muscache.com/im/pictures/user/User-47000010/original/user_profile_0.jpeg,https://a0.muscache.com/im/pictures/user/User-47000010/original/user_profile_0.jpeg,Quận Tây Hồ,4,10,"['email', 'phone', 'work_email']",t,t,Quận Tây Hồ,Quận Tây Hồ,Hà Nội,21.05039,105.81134,Phòng riêng trong nhà,Private room,2,1.0,1 phòng tắm,1,1,"[""Dầu gội & Sữa tắm"", ""Điều hòa nhiệt độ"", ""Bàn ủi / Bàn là"", ""Máy sấy tóc"", ""Bộ chăn ga gối cao cấp"", ""Ban công ngắm cảnh"", ""Chỗ đỗ xe miễn phí trong khuôn viên"", ""Thang máy"", ""Tủ lạnh"", ""Tự nhận phòng với hộp khóa an toàn"", ""Wi-fi tốc độ cao"", ""Lò vi sóng"", ""Máy giặt"", ""TV màn hình phẳng"", ""Bếp đầy đủ tiện nghi"", ""Bể bơi"", ""Bồn tắm thư giãn"", ""Máy phát hiện khí CO""]","₫590,000",1,1125,1,2,1125,1125,1.0,1125.0,today,t,12,39,75,340,2026-09-26,37,5,0,2025-03-20,2026-09-24,4.97,4.91,4.88,5.0,5.0,4.78,4.92,,t,2,0,1,0,4.69,"[""https://a0.muscache.com/im/pictures/hosting/Hosting-1550506543035003588/original/f39005a1-6598-4b99-8d35-b3b17f1aa75c.jpeg"", ""https://a0.muscache.com/im/pictures/hosting/Hosting-1550506543035003588/original/7dbaa0e5-6790-4f34-9f58-f074cb2758cd.jpeg"", ""https://a0.muscache.com/im/pictures/hosting/Hosting-1550506543035003588/original/2775ddd3-4546-4c11-ad2d-f2784739322a.jpeg"", ""https://a0.muscache.com/im/pictures/hosting/Hosting-1550506543035003588/original/feb5d92d-76d8-48b2-bed0-e1568ad008a2.jpeg"", ""https://a0.muscache.com/im/pictures/hosting/Hosting-1550506543035003588/original/c9a607a6-e680-4555-9e44-bac3d3b841b4.jpeg"", ""https://a0.muscache.com/im/pictures/hosting/Hosting-1550506543035003588/original/6963c6c5-2163-44db-9d83-2fbcc849ebdf.jpeg""]",t,"[{""name"": ""Cindy"", ""avatar"": ""https://a0.muscache.com/im/pictures/user/avatar_cindy.jpg""}, {""name"": ""Rùa"", ""avatar"": ""https://a0.muscache.com/im/pictures/user/avatar_rua.jpg""}]","[{""name"": ""DECOR"", ""localizedName"": ""Trang trí"", ""count"": 12}, {""name"": ""INTERIOR"", ""localizedName"": ""Không gian bên trong"", ""count"": 12}, {""name"": ""CLEANLINESS"", ""localizedName"": ""Mức độ sạch sẽ"", ""count"": 14}, {""name"": ""LOCATION"", ""localizedName"": ""Địa điểm"", ""count"": 16}, {""name"": ""HOSPITALITY"", ""localizedName"": ""Hiếu khách"", ""count"": 11}]","[{""title"": ""Trải nghiệm nhận phòng xuất sắc"", ""subtitle"": ""Những khách ở gần đây đã xếp hạng 5 sao cho quy trình nhận phòng.""}, {""title"": ""Tự nhận phòng"", ""subtitle"": ""Tự nhận phòng với hộp khóa an toàn.""}]"
1365960221067230910,https://www.airbnb.com.vn/rooms/1365960221067230910,20260926000000,2026-09-26,city search,Casablanca * 10 phútsto OldQuarter,"Chào mừng bạn đến với Casablanca * 10 phútsto OldQuarter — một không gian lưu trú ấm cúng, sang trọng tọa lạc tại Quận Tây Hồ, Hà Nội.
Căn phòng tràn ngập ánh sáng tự nhiên với đầy đủ tiện nghi cao cấp, giường nệm êm ái, máy lạnh, TV và wifi tốc độ cao. Rất thuận tiện di chuyển tới các điểm tham quan, nhà hàng ẩm thực và quán cà phê nổi tiếng của Hà Nội.","Khu vực Quận Tây Hồ an ninh, văn minh, gần nhiều địa điểm ăn uống, mua sắm và giải trí sầm uất tại Hà Nội.",https://a0.muscache.com/im/pictures/miso/Hosting-1365960221067230910/original/18cde7ff-c711-4f50-a55a-cdbf997e5ca8.jpeg,47000011,https://www.airbnb.com.vn/users/show/47000011,Tuấn,2025-03-26,"Hà Nội, Việt Nam","Xin chào, tôi là Tuấn, đã có 1 năm kinh nghiệm làm host. Tôi yêu thích du lịch và luôn mong muốn đem lại trải nghiệm lưu trú thoải mái nhất cho khách.",trong vòng một giờ,100%,98%,f,https://a0.muscache.com/im/pictures/user/User-47000011/original/user_profile_1.jpeg,https://a0.muscache.com/im/pictures/user/User-47000011/original/user_profile_1.jpeg,Quận Tây Hồ,10,6,"['email', 'phone', 'work_email']",t,t,Quận Tây Hồ,Quận Tây Hồ,Hà Nội,21.0456,105.8687,Toàn bộ căn hộ cho thuê,Entire home/apt,2,1.0,1 phòng tắm,1,1,"[""Wi-fi tốc độ cao"", ""Máy giặt"", ""Điều hòa nhiệt độ"", ""Tự nhận phòng với hộp khóa an toàn"", ""Tủ lạnh"", ""Ban công ngắm cảnh"", ""Lò vi sóng"", ""Bếp đầy đủ tiện nghi"", ""Bể bơi"", ""Máy báo khói"", ""Bàn ủi / Bàn là"", ""Không gian riêng để làm việc"", ""Bộ chăn ga gối cao cấp"", ""Máy sấy tóc"", ""Chỗ đỗ xe miễn phí trong khuôn viên"", ""Máy phát hiện khí CO"", ""TV màn hình phẳng"", ""Dầu gội & Sữa tắm"", ""Thang máy""]","₫461,000",1,1125,1,2,1125,1125,1.0,1125.0,today,t,15,51,71,239,2026-09-26,15,10,2,2026-02-13,2026-09-14,4.8,4.98,4.93,5.0,5.0,4.77,4.8,,f,2,2,0,0,3.64,"[""https://a0.muscache.com/im/pictures/miso/Hosting-1365960221067230910/original/18cde7ff-c711-4f50-a55a-cdbf997e5ca8.jpeg"", ""https://a0.muscache.com/im/pictures/miso/Hosting-1365960221067230910/original/c9d7c381-4f78-498d-bf2c-344e08f99b8d.jpeg"", ""https://a0.muscache.com/im/pictures/miso/Hosting-1365960221067230910/original/586fc288-83ba-4e93-9d99-12f15d20479f.jpeg"", ""https://a0.muscache.com/im/pictures/miso/Hosting-1365960221067230910/original/edc072e0-7d0d-432e-a34c-e04a0360893d.jpeg"", ""https://a0.muscache.com/im/pictures/miso/Hosting-1365960221067230910/original/417933c2-922e-4943-8d7c-a7a61dc6b74d.jpeg"", ""https://a0.muscache.com/im/pictures/miso/Hosting-1365960221067230910/original/9e5615ae-cf50-4374-945a-05d3096dc0d2.jpeg"", ""https://a0.muscache.com/im/pictures/miso/Hosting-1365960221067230910/original/4d05230a-9bda-459f-a77b-f1db3d5d31b6.jpeg"", ""https://a0.muscache.com/im/pictures/miso/Hosting-1365960221067230910/original/5b5d73c3-5bb2-4611-9d3b-028cbbcee59d.jpeg"", ""https://a0.muscache.com/im/pictures/miso/Hosting-1365960221067230910/original/ddded250-099c-4aa9-85f9-997439962b48.jpeg"", ""https://a0.muscache.com/im/pictures/miso/Hosting-1365960221067230910/original/0987cf03-124b-417e-962f-b5a000825096.jpeg"", ""https://a0.muscache.com/im/pictures/miso/Hosting-1365960221067230910/original/7b91ca66-da20-42a8-8603-f955b22736d7.jpeg"", ""https://a0.muscache.com/im/pictures/miso/Hosting-1365960221067230910/original/15c02f41-6b19-4807-a356-6fb9821345e7.jpeg"", ""https://a0.muscache.com/im/pictures/miso/Hosting-1365960221067230910/original/435f3e1f-74fc-4a41-af08-58a26cca9749.jpeg"", ""https://a0.muscache.com/im/pictures/miso/Hosting-1365960221067230910/original/3619231c-b3cf-41cb-831e-2134dd8e1558.jpeg"", ""https://a0.muscache.com/im/pictures/miso/Hosting-1365960221067230910/original/6a3e3725-e63a-4e46-95a1-c0f7481bb07b.jpeg""]",t,"[{""name"": ""Rùa"", ""avatar"": ""https://a0.muscache.com/im/pictures/user/avatar_rua.jpg""}, {""name"": ""Dang Nguyen"", ""avatar"": ""https://a0.muscache.com/im/pictures/user/avatar_dang.jpg""}, {""name"": ""Long"", ""avatar"": ""https://a0.muscache.com/im/pictures/user/avatar_long.jpg""}]","[{""name"": ""DECOR"", ""localizedName"": ""Trang trí"", ""count"": 3}, {""name"": ""INTERIOR"", ""localizedName"": ""Không gian bên trong"", ""count"": 7}, {""name"": ""CLEANLINESS"", ""localizedName"": ""Mức độ sạch sẽ"", ""count"": 7}, {""name"": ""LOCATION"", ""localizedName"": ""Địa điểm"", ""count"": 12}, {""name"": ""HOSPITALITY"", ""localizedName"": ""Hiếu khách"", ""count"": 9}]","[{""title"": ""Trải nghiệm nhận phòng xuất sắc"", ""subtitle"": ""Những khách ở gần đây đã xếp hạng 5 sao cho quy trình nhận phòng.""}, {""title"": ""Tự nhận phòng"", ""subtitle"": ""Tự nhận phòng với hộp khóa an toàn.""}]"
1749115366991764511,https://www.airbnb.com.vn/rooms/1749115366991764511,20260926000000,2026-09-26,city search,TheAtelier DoiCan | Phòng có phòng tắm khép kín | Tầm nhìn ra thành phố | Ba Đình,"Chào mừng bạn đến với TheAtelier DoiCan | Phòng có phòng tắm khép kín | Tầm nhìn ra thành phố | Ba Đình — một không gian lưu trú ấm cúng, sang trọng tọa lạc tại Quận Hai Bà Trưng, Hà Nội.
Căn phòng tràn ngập ánh sáng tự nhiên với đầy đủ tiện nghi cao cấp, giường nệm êm ái, máy lạnh, TV và wifi tốc độ cao. Rất thuận tiện di chuyển tới các điểm tham quan, nhà hàng ẩm thực và quán cà phê nổi tiếng của Hà Nội.","Khu vực Quận Hai Bà Trưng an ninh, văn minh, gần nhiều địa điểm ăn uống, mua sắm và giải trí sầm uất tại Hà Nội.",https://a0.muscache.com/im/pictures/hosting/Hosting-1749115366991764511/original/ff643f48-eb4b-4ab8-a0c2-16a03af18dc5.png,47000012,https://www.airbnb.com.vn/users/show/47000012,Long,2022-09-05,"Hà Nội, Việt Nam","Xin chào, tôi là Long, đã có 4 năm kinh nghiệm làm host. Tôi yêu thích du lịch và luôn mong muốn đem lại trải nghiệm lưu trú thoải mái nhất cho khách.",trong vòng một giờ,100%,98%,t,https://a0.muscache.com/im/pictures/user/User-47000012/original/user_profile_2.jpeg,https://a0.muscache.com/im/pictures/user/User-47000012/original/user_profile_2.jpeg,Quận Hai Bà Trưng,7,9,"['email', 'phone', 'work_email']",t,t,Quận Hai Bà Trưng,Quận Hai Bà Trưng,Hà Nội,21.0346,105.8271,Phòng riêng trong nhà,Private room,2,1.0,1 phòng tắm,1,1,"[""Ban công ngắm cảnh"", ""Bếp đầy đủ tiện nghi"", ""Bể bơi"", ""Bàn ủi / Bàn là"", ""Chỗ đỗ xe miễn phí trong khuôn viên"", ""Bộ chăn ga gối cao cấp"", ""Wi-fi tốc độ cao"", ""Bồn tắm thư giãn"", ""Máy báo khói"", ""Dầu gội & Sữa tắm"", ""Lò vi sóng"", ""Thang máy"", ""Không gian riêng để làm việc"", ""Máy giặt"", ""Điều hòa nhiệt độ"", ""Tự nhận phòng với hộp khóa an toàn"", ""Máy phát hiện khí CO""]","₫626,000",1,1125,1,2,1125,1125,1.0,1125.0,today,t,15,53,69,315,2026-09-26,69,22,6,2023-11-26,2026-09-01,4.85,4.86,4.87,5.0,5.0,4.95,4.88,,t,2,0,1,0,4.52,"[""https://a0.muscache.com/im/pictures/hosting/Hosting-1749115366991764511/original/ff643f48-eb4b-4ab8-a0c2-16a03af18dc5.png"", ""https://a0.muscache.com/im/pictures/hosting/Hosting-1749115366991764511/original/73b40fe5-8633-4aa9-b0dd-a64ea41b63ae.png"", ""https://a0.muscache.com/im/pictures/hosting/Hosting-1749115366991764511/original/472460cd-3db2-45d4-b5a3-5b99aadb17a0.png"", ""https://a0.muscache.com/im/pictures/hosting/Hosting-1749115366991764511/original/46292315-ee2a-44c7-a222-662bde8c4bf8.png"", ""https://a0.muscache.com/im/pictures/hosting/Hosting-1749115366991764511/original/4f42870e-45e9-4ded-aaca-188d1c2a938a.png"", ""https://a0.muscache.com/im/pictures/hosting/Hosting-1749115366991764511/original/952ed7c4-f5a0-4a30-9c31-d4a4a0273e14.png""]",f,"[{""name"": ""Rùa"", ""avatar"": ""https://a0.muscache.com/im/pictures/user/avatar_rua.jpg""}, {""name"": ""Cindy"", ""avatar"": ""https://a0.muscache.com/im/pictures/user/avatar_cindy.jpg""}]","[{""name"": ""DECOR"", ""localizedName"": ""Trang trí"", ""count"": 16}, {""name"": ""INTERIOR"", ""localizedName"": ""Không gian bên trong"", ""count"": 7}, {""name"": ""CLEANLINESS"", ""localizedName"": ""Mức độ sạch sẽ"", ""count"": 5}, {""name"": ""LOCATION"", ""localizedName"": ""Địa điểm"", ""count"": 3}, {""name"": ""HOSPITALITY"", ""localizedName"": ""Hiếu khách"", ""count"": 9}]","[{""title"": ""Trải nghiệm nhận phòng xuất sắc"", ""subtitle"": ""Những khách ở gần đây đã xếp hạng 5 sao cho quy trình nhận phòng.""}, {""title"": ""Tự nhận phòng"", ""subtitle"": ""Tự nhận phòng với hộp khóa an toàn.""}]"
1752023618895985275,https://www.airbnb.com.vn/rooms/1752023618895985275,20260926000000,2026-09-26,city search,Rancho Rantata * 10 phút đến hồ Hoàn Kiếm,"Chào mừng bạn đến với Rancho Rantata * 10 phút đến hồ Hoàn Kiếm — một không gian lưu trú ấm cúng, sang trọng tọa lạc tại Quận Đống Đa, Hà Nội.
Căn phòng tràn ngập ánh sáng tự nhiên với đầy đủ tiện nghi cao cấp, giường nệm êm ái, máy lạnh, TV và wifi tốc độ cao. Rất thuận tiện di chuyển tới các điểm tham quan, nhà hàng ẩm thực và quán cà phê nổi tiếng của Hà Nội.","Khu vực Quận Đống Đa an ninh, văn minh, gần nhiều địa điểm ăn uống, mua sắm và giải trí sầm uất tại Hà Nội.",https://a0.muscache.com/im/pictures/hosting/Hosting-1752023618895985275/original/d5c9b448-1638-4814-b88d-71f293cba14a.jpeg,47000013,https://www.airbnb.com.vn/users/show/47000013,Đức,2024-07-22,"Hà Nội, Việt Nam","Xin chào, tôi là Đức, đã có 2 năm kinh nghiệm làm host. Tôi yêu thích du lịch và luôn mong muốn đem lại trải nghiệm lưu trú thoải mái nhất cho khách.",trong vòng một giờ,100%,98%,f,https://a0.muscache.com/im/pictures/user/User-47000013/original/user_profile_3.jpeg,https://a0.muscache.com/im/pictures/user/User-47000013/original/user_profile_3.jpeg,Quận Đống Đa,4,3,"['email', 'phone', 'work_email']",t,t,Quận Đống Đa,Quận Đống Đa,Hà Nội,21.0174,105.8528,Toàn bộ căn hộ cho thuê,Entire home/apt,2,1.0,1 phòng tắm,1,1,"[""Máy báo khói"", ""Bàn ủi / Bàn là"", ""Điều hòa nhiệt độ"", ""Tự nhận phòng với hộp khóa an toàn"", ""Lò vi sóng"", ""TV màn hình phẳng"", ""Chỗ đỗ xe miễn phí trong khuôn viên"", ""Bếp đầy đủ tiện nghi"", ""Máy phát hiện khí CO"", ""Không gian riêng để làm việc"", ""Wi-fi tốc độ cao"", ""Bộ chăn ga gối cao cấp"", ""Máy sấy tóc"", ""Tủ lạnh"", ""Dầu gội & Sữa tắm"", ""Máy giặt"", ""Bồn tắm thư giãn"", ""Ban công ngắm cảnh""]","₫803,000",1,1125,1,2,1125,1125,1.0,1125.0,today,t,22,49,60,312,2026-09-26,96,30,2,2023-06-14,2026-09-11,4.85,4.91,4.97,5.0,5.0,4.88,4.86,,f,2,2,0,0,2.79,"[""https://a0.muscache.com/im/pictures/hosting/Hosting-1752023618895985275/original/d5c9b448-1638-4814-b88d-71f293cba14a.jpeg"", ""https://a0.muscache.com/im/pictures/hosting/Hosting-1752023618895985275/original/463cf44d-2508-4935-b188-ebc2ac62ecba.jpeg"", ""https://a0.muscache.com/im/pictures/hosting/Hosting-1752023618895985275/original/87e8f6a5-3952-456a-bc00-aae1a379a993.jpeg"", ""https://a0.muscache.com/im/pictures/hosting/Hosting-1752023618895985275/original/62527d4c-9f10-4f14-ba04-8d844e38f3ff.jpeg"", ""https://a0.muscache.com/im/pictures/hosting/Hosting-1752023618895985275/original/1a75a09e-8aa4-4200-b257-29a74bedf06b.jpeg"", ""https://a0.muscache.com/im/pictures/hosting/Hosting-1752023618895985275/original/d82f26c0-ac00-43d9-89b2-f69db68d6ee9.jpeg"", ""https://a0.muscache.com/im/pictures/hosting/Hosting-1752023618895985275/original/575d24e1-5f88-42b3-a224-0577b7d12b8b.jpeg"", ""https://a0.muscache.com/im/pictures/hosting/Hosting-1752023618895985275/original/6e8c837a-925d-4fe9-95ae-c9d722606745.jpeg"", ""https://a0.muscache.com/im/pictures/hosting/Hosting-1752023618895985275/original/b3ebfc6b-e3d1-4558-aa81-e8fd2f148e2f.jpeg"", ""https://a0.muscache.com/im/pictures/hosting/Hosting-1752023618895985275/original/f62cfef7-d728-4b27-ae75-7d021d300941.jpeg"", ""https://a0.muscache.com/im/pictures/hosting/Hosting-1752023618895985275/original/8a15d3f2-7fbd-440c-97a7-f19f11b099ff.jpeg"", ""https://a0.muscache.com/im/pictures/hosting/Hosting-1752023618895985275/original/f5c0da7f-c297-4ebe-ba1a-84eff219ca96.jpeg"", ""https://a0.muscache.com/im/pictures/hosting/Hosting-1752023618895985275/original/7490eb15-fb41-4116-a5ec-b54c17ed87a5.jpeg"", ""https://a0.muscache.com/im/pictures/hosting/Hosting-1752023618895985275/original/1a892ee5-36c6-4ecb-a1b6-59fcdc0a4413.jpeg"", ""https://a0.muscache.com/im/pictures/hosting/Hosting-1752023618895985275/original/122c4c06-90de-4be1-ac1c-95f22d88c3d4.jpeg"", ""https://a0.muscache.com/im/pictures/hosting/Hosting-1752023618895985275/original/c6f0d381-b038-4aef-9513-c90b4d06dffb.jpeg"", ""https://a0.muscache.com/im/pictures/hosting/Hosting-1752023618895985275/original/bbdfdb63-7490-4ad1-8a96-75b1a0e28ada.jpeg"", ""https://a0.muscache.com/im/pictures/hosting/Hosting-1752023618895985275/original/c86fa8cb-8da4-427e-b973-2b2dff9d45aa.jpeg"", ""https://a0.muscache.com/im/pictures/hosting/Hosting-1752023618895985275/original/231230cc-6067-4244-9235-3a2ed7e7a888.jpeg"", ""https://a0.muscache.com/im/pictures/hosting/Hosting-1752023618895985275/original/2e2217be-71a9-4aab-84a3-d71cbd564115.jpeg"", ""https://a0.muscache.com/im/pictures/hosting/Hosting-1752023618895985275/original/f24d78b9-4e32-4377-8d5f-af988f9dde79.jpeg""]",f,"[{""name"": ""Dang Nguyen"", ""avatar"": ""https://a0.muscache.com/im/pictures/user/avatar_dang.jpg""}, {""name"": ""Long"", ""avatar"": ""https://a0.muscache.com/im/pictures/user/avatar_long.jpg""}, {""name"": ""Cindy"", ""avatar"": ""https://a0.muscache.com/im/pictures/user/avatar_cindy.jpg""}]","[{""name"": ""DECOR"", ""localizedName"": ""Trang trí"", ""count"": 17}, {""name"": ""INTERIOR"", ""localizedName"": ""Không gian bên trong"", ""count"": 15}, {""name"": ""CLEANLINESS"", ""localizedName"": ""Mức độ sạch sẽ"", ""count"": 23}, {""name"": ""LOCATION"", ""localizedName"": ""Địa điểm"", ""count"": 15}, {""name"": ""HOSPITALITY"", ""localizedName"": ""Hiếu khách"", ""count"": 6}]","[{""title"": ""Trải nghiệm nhận phòng xuất sắc"", ""subtitle"": ""Những khách ở gần đây đã xếp hạng 5 sao cho quy trình nhận phòng.""}, {""title"": ""Tự nhận phòng"", ""subtitle"": ""Tự nhận phòng với hộp khóa an toàn.""}]"
1498932095587808248,https://www.airbnb.com.vn/rooms/1498932095587808248,20260926000000,2026-09-26,city search,NGÓI room @tru.thisach airbnb,"Chào mừng bạn đến với NGÓI room @tru.thisach airbnb — một không gian lưu trú ấm cúng, sang trọng tọa lạc tại Quận Hai Bà Trưng, Hà Nội.
Căn phòng tràn ngập ánh sáng tự nhiên với đầy đủ tiện nghi cao cấp, giường nệm êm ái, máy lạnh, TV và wifi tốc độ cao. Rất thuận tiện di chuyển tới các điểm tham quan, nhà hàng ẩm thực và quán cà phê nổi tiếng của Hà Nội.","Khu vực Quận Hai Bà Trưng an ninh, văn minh, gần nhiều địa điểm ăn uống, mua sắm và giải trí sầm uất tại Hà Nội.",https://a0.muscache.com/im/pictures/hosting/Hosting-1498932095587808248/original/af50b77a-4ea9-4330-9b27-67a383f5dafe.jpeg,47000014,https://www.airbnb.com.vn/users/show/47000014,Khoa,2022-07-17,"Hà Nội, Việt Nam","Xin chào, tôi là Khoa, đã có 4 năm kinh nghiệm làm host. Tôi yêu thích du lịch và luôn mong muốn đem lại trải nghiệm lưu trú thoải mái nhất cho khách.",trong vòng một giờ,100%,98%,t,https://a0.muscache.com/im/pictures/user/User-47000014/original/user_profile_4.jpeg,https://a0.muscache.com/im/pictures/user/User-47000014/original/user_profile_4.jpeg,Quận Hai Bà Trưng,10,6,"['email', 'phone', 'work_email']",t,t,Quận Hai Bà Trưng,Quận Hai Bà Trưng,Hà Nội,21.016465575344828,105.85447823229197,Phòng riêng trong nhà,Private room,2,1.0,1 phòng tắm,1,1,"[""TV màn hình phẳng"", ""Máy phát hiện khí CO"", ""Wi-fi tốc độ cao"", ""Ban công ngắm cảnh"", ""Điều hòa nhiệt độ"", ""Bộ chăn ga gối cao cấp"", ""Bể bơi"", ""Máy báo khói"", ""Máy sấy tóc"", ""Bàn ủi / Bàn là"", ""Không gian riêng để làm việc"", ""Bếp đầy đủ tiện nghi"", ""Tủ lạnh"", ""Lò vi sóng"", ""Thang máy""]","₫810,205",1,1125,1,2,1125,1125,1.0,1125.0,today,t,22,36,63,283,2026-09-26,30,1,0,2025-07-03,2026-09-04,4.93,4.84,4.84,5.0,5.0,4.85,4.82,,t,2,0,1,0,1.42,"[""https://a0.muscache.com/im/pictures/hosting/Hosting-1498932095587808248/original/af50b77a-4ea9-4330-9b27-67a383f5dafe.jpeg"", ""https://a0.muscache.com/im/pictures/hosting/Hosting-1498932095587808248/original/a47dcd95-be9d-4e36-a8de-70af482741d9.jpeg"", ""https://a0.muscache.com/im/pictures/hosting/Hosting-1498932095587808248/original/adbb537e-5308-4e93-a2e8-3bbb97c3fa4f.jpeg"", ""https://a0.muscache.com/im/pictures/hosting/Hosting-1498932095587808248/original/02ccd30d-43e7-4d6e-b22d-c154c2153240.jpeg"", ""https://a0.muscache.com/im/pictures/hosting/Hosting-1498932095587808248/original/21b8bbcf-e496-4eba-92ed-333147f43e44.jpeg"", ""https://a0.muscache.com/im/pictures/hosting/Hosting-1498932095587808248/original/717316f9-39b5-4b92-b1b1-2b75983ffae9.jpeg""]",t,"[{""name"": ""Cindy"", ""avatar"": ""https://a0.muscache.com/im/pictures/user/avatar_cindy.jpg""}, {""name"": ""Dang Nguyen"", ""avatar"": ""https://a0.muscache.com/im/pictures/user/avatar_dang.jpg""}]","[{""name"": ""DECOR"", ""localizedName"": ""Trang trí"", ""count"": 12}, {""name"": ""INTERIOR"", ""localizedName"": ""Không gian bên trong"", ""count"": 11}, {""name"": ""CLEANLINESS"", ""localizedName"": ""Mức độ sạch sẽ"", ""count"": 8}, {""name"": ""LOCATION"", ""localizedName"": ""Địa điểm"", ""count"": 20}, {""name"": ""HOSPITALITY"", ""localizedName"": ""Hiếu khách"", ""count"": 12}]","[{""title"": ""Trải nghiệm nhận phòng xuất sắc"", ""subtitle"": ""Những khách ở gần đây đã xếp hạng 5 sao cho quy trình nhận phòng.""}, {""title"": ""Tự nhận phòng"", ""subtitle"": ""Tự nhận phòng với hộp khóa an toàn.""}]"
1779113431638784734,https://www.airbnb.com.vn/rooms/1779113431638784734,20260926000000,2026-09-26,city search,Live The Old Quarter 21 | Hồ Hoàn Kiếm | Ban công,"Chào mừng bạn đến với Live The Old Quarter 21 | Hồ Hoàn Kiếm | Ban công — một không gian lưu trú ấm cúng, sang trọng tọa lạc tại Quận Hoàn Kiếm, Hà Nội.
Căn phòng tràn ngập ánh sáng tự nhiên với đầy đủ tiện nghi cao cấp, giường nệm êm ái, máy lạnh, TV và wifi tốc độ cao. Rất thuận tiện di chuyển tới các điểm tham quan, nhà hàng ẩm thực và quán cà phê nổi tiếng của Hà Nội.","Khu vực Quận Hoàn Kiếm an ninh, văn minh, gần nhiều địa điểm ăn uống, mua sắm và giải trí sầm uất tại Hà Nội.",https://a0.muscache.com/im/pictures/hosting/Hosting-1779113431638784734/original/ee751238-4215-4701-81c6-fc8a023fa4d7.png,47000015,https://www.airbnb.com.vn/users/show/47000015,Hoàng,2021-07-30,"Hà Nội, Việt Nam","Xin chào, tôi là Hoàng, đã có 5 năm kinh nghiệm làm host. Tôi yêu thích du lịch và luôn mong muốn đem lại trải nghiệm lưu trú thoải mái nhất cho khách.",trong vòng một giờ,100%,98%,f,https://a0.muscache.com/im/pictures/user/User-47000015/original/user_profile_5.jpeg,https://a0.muscache.com/im/pictures/user/User-47000015/original/user_profile_5.jpeg,Quận Hoàn Kiếm,4,1,"['email', 'phone', 'work_email']",t,t,Quận Hoàn Kiếm,Quận Hoàn Kiếm,Hà Nội,21.0326,105.8547,Toàn bộ căn hộ cho thuê,Entire home/apt,2,1.0,1 phòng tắm,1,1,"[""TV màn hình phẳng"", ""Điều hòa nhiệt độ"", ""Thang máy"", ""Bàn ủi / Bàn là"", ""Bộ chăn ga gối cao cấp"", ""Wi-fi tốc độ cao"", ""Bồn tắm thư giãn"", ""Dầu gội & Sữa tắm"", ""Lò vi sóng"", ""Máy phát hiện khí CO"", ""Máy báo khói"", ""Bếp đầy đủ tiện nghi"", ""Máy sấy tóc"", ""Bể bơi"", ""Chỗ đỗ xe miễn phí trong khuôn viên"", ""Tủ lạnh"", ""Tự nhận phòng với hộp khóa an toàn"", ""Ban công ngắm cảnh""]","₫1,600,000",1,1125,1,2,1125,1125,1.0,1125.0,today,t,22,36,52,292,2026-09-26,133,15,0,2023-06-14,2026-09-21,4.85,4.82,4.93,5.0,5.0,4.92,4.78,,f,2,2,0,0,1.56,"[""https://a0.muscache.com/im/pictures/hosting/Hosting-1779113431638784734/original/ee751238-4215-4701-81c6-fc8a023fa4d7.png"", ""https://a0.muscache.com/im/pictures/hosting/Hosting-1779113431638784734/original/0e9b1b07-476c-4fc1-be5f-310180c293e7.png"", ""https://a0.muscache.com/im/pictures/hosting/Hosting-1779113431638784734/original/0e79d873-5c64-41e1-8ae9-4ea32f5ff54f.jpeg"", ""https://a0.muscache.com/im/pictures/hosting/Hosting-1779113431638784734/original/b645533f-3acb-4495-bfa5-f879ff3cffde.png"", ""https://a0.muscache.com/im/pictures/hosting/Hosting-1779113431638784734/original/a858d46f-f615-432c-a1f1-0943542431b4.png"", ""https://a0.muscache.com/im/pictures/hosting/Hosting-1779113431638784734/original/eda3dccd-1549-4ee5-bfc7-74f2c08dbd1b.jpeg"", ""https://a0.muscache.com/im/pictures/hosting/Hosting-1779113431638784734/original/46c1b0d5-6866-4889-8363-23159925cd95.png"", ""https://a0.muscache.com/im/pictures/hosting/Hosting-1779113431638784734/original/68dfe432-1fd0-4bef-98ab-a14f33c20d60.jpeg"", ""https://a0.muscache.com/im/pictures/hosting/Hosting-1779113431638784734/original/d6fe9846-f02a-49cc-a9b1-21baff242c31.jpeg"", ""https://a0.muscache.com/im/pictures/hosting/Hosting-1779113431638784734/original/af309052-e8b0-4f82-90ed-dd1f977023e7.jpeg"", ""https://a0.muscache.com/im/pictures/hosting/Hosting-1779113431638784734/original/cdd70e32-9886-4dd9-847b-9b1e9af88242.png"", ""https://a0.muscache.com/im/pictures/hosting/Hosting-1779113431638784734/original/c59656db-3176-4760-a052-928722649711.jpeg"", ""https://a0.muscache.com/im/pictures/hosting/Hosting-1779113431638784734/original/62239c72-d52f-4a0f-ad95-187b64412839.png"", ""https://a0.muscache.com/im/pictures/hosting/Hosting-1779113431638784734/original/53095af6-00d7-48a3-af49-5770cfd5e4b6.png"", ""https://a0.muscache.com/im/pictures/hosting/Hosting-1779113431638784734/original/1bcc62b1-2277-4ae6-a7b2-83b05cf9ff89.jpeg"", ""https://a0.muscache.com/im/pictures/hosting/Hosting-1779113431638784734/original/aa2983f4-9206-45db-8ad1-48bee43c0187.jpeg"", ""https://a0.muscache.com/im/pictures/hosting/Hosting-1779113431638784734/original/3cd0b101-6189-4aa3-8ae5-7eac55cb9ffa.jpeg"", ""https://a0.muscache.com/im/pictures/hosting/Hosting-1779113431638784734/original/89d54e28-1267-4e97-8271-ebc3f613a977.jpeg"", ""https://a0.muscache.com/im/pictures/hosting/Hosting-1779113431638784734/original/c4ce5fd5-e30f-47e2-8e87-eed426d8841c.jpeg"", ""https://a0.muscache.com/im/pictures/hosting/Hosting-1779113431638784734/original/11ae317f-cc22-463e-93c9-c26a138b84ca.png"", ""https://a0.muscache.com/im/pictures/hosting/Hosting-1779113431638784734/original/67949b9a-f902-4df7-99b6-be617b49c955.jpeg"", ""https://a0.muscache.com/im/pictures/hosting/Hosting-1779113431638784734/original/5d95d646-06da-4c05-8af9-9581943af3ee.jpeg"", ""https://a0.muscache.com/im/pictures/hosting/Hosting-1779113431638784734/original/20807761-cad8-469d-bc06-86a55a361d01.png"", ""https://a0.muscache.com/im/pictures/hosting/Hosting-1779113431638784734/original/2b252ae0-78a8-4d03-9c9a-b541419f35eb.png"", ""https://a0.muscache.com/im/pictures/hosting/Hosting-1779113431638784734/original/4f536496-7898-4639-a720-13133fd34f06.jpeg"", ""https://a0.muscache.com/im/pictures/hosting/Hosting-1779113431638784734/original/8d6372bb-5c30-4361-a96d-383da07816a9.jpeg"", ""https://a0.muscache.com/im/pictures/hosting/Hosting-1779113431638784734/original/98ec7f99-0d0f-4778-88d2-1d375f19ac29.jpeg"", ""https://a0.muscache.com/im/pictures/hosting/Hosting-1779113431638784734/original/f423a793-b0ce-409f-8f1a-139fd249cd37.jpeg"", ""https://a0.muscache.com/im/pictures/hosting/Hosting-1779113431638784734/original/3467508e-386a-4c54-ae3c-34561115c37b.jpeg""]",f,"[{""name"": ""Long"", ""avatar"": ""https://a0.muscache.com/im/pictures/user/avatar_long.jpg""}]","[{""name"": ""DECOR"", ""localizedName"": ""Trang trí"", ""count"": 4}, {""name"": ""INTERIOR"", ""localizedName"": ""Không gian bên trong"", ""count"": 13}, {""name"": ""CLEANLINESS"", ""localizedName"": ""Mức độ sạch sẽ"", ""count"": 11}, {""name"": ""LOCATION"", ""localizedName"": ""Địa điểm"", ""count"": 6}, {""name"": ""HOSPITALITY"", ""localizedName"": ""Hiếu khách"", ""count"": 11}]","[{""title"": ""Trải nghiệm nhận phòng xuất sắc"", ""subtitle"": ""Những khách ở gần đây đã xếp hạng 5 sao cho quy trình nhận phòng.""}, {""title"": ""Tự nhận phòng"", ""subtitle"": ""Tự nhận phòng với hộp khóa an toàn.""}]"
1529816831587405155,https://www.airbnb.com.vn/rooms/1529816831587405155,20260926000000,2026-09-26,city search,Khách sạn Savile | Lựa chọn bữa sáng | Khu phố Pháp | 1 giường,"Chào mừng bạn đến với Khách sạn Savile | Lựa chọn bữa sáng | Khu phố Pháp | 1 giường — một không gian lưu trú ấm cúng, sang trọng tọa lạc tại Quận Hai Bà Trưng, Hà Nội.
Căn phòng tràn ngập ánh sáng tự nhiên với đầy đủ tiện nghi cao cấp, giường nệm êm ái, máy lạnh, TV và wifi tốc độ cao. Rất thuận tiện di chuyển tới các điểm tham quan, nhà hàng ẩm thực và quán cà phê nổi tiếng của Hà Nội.","Khu vực Quận Hai Bà Trưng an ninh, văn minh, gần nhiều địa điểm ăn uống, mua sắm và giải trí sầm uất tại Hà Nội.",https://a0.muscache.com/im/pictures/hosting/Hosting-1529816831587405155/original/3c620a08-d1de-440d-a307-95f1c39e674c.jpeg,47000016,https://www.airbnb.com.vn/users/show/47000016,Việt,2025-07-04,"Hà Nội, Việt Nam","Xin chào, tôi là Việt, đã có 1 năm kinh nghiệm làm host. Tôi yêu thích du lịch và luôn mong muốn đem lại trải nghiệm lưu trú thoải mái nhất cho khách.",trong vòng một giờ,100%,98%,t,https://a0.muscache.com/im/pictures/user/User-47000016/original/user_profile_6.jpeg,https://a0.muscache.com/im/pictures/user/User-47000016/original/user_profile_6.jpeg,Quận Hai Bà Trưng,4,10,"['email', 'phone', 'work_email']",t,t,Quận Hai Bà Trưng,Quận Hai Bà Trưng,Hà Nội,21.0185,105.8569,Toàn bộ căn hộ cho thuê,Entire home/apt,2,1.0,1 phòng tắm,1,1,"[""Bộ chăn ga gối cao cấp"", ""Tủ lạnh"", ""Dầu gội & Sữa tắm"", ""Ban công ngắm cảnh"", ""Bể bơi"", ""Máy phát hiện khí CO"", ""Tự nhận phòng với hộp khóa an toàn"", ""Wi-fi tốc độ cao"", ""Điều hòa nhiệt độ"", ""TV màn hình phẳng"", ""Máy sấy tóc"", ""Máy báo khói"", ""Bếp đầy đủ tiện nghi"", ""Không gian riêng để làm việc""]","₫1,579,743",1,1125,1,2,1125,1125,1.0,1125.0,today,t,22,49,69,330,2026-09-26,32,25,6,2025-06-03,2026-09-03,5.0,4.86,4.88,5.0,5.0,4.88,4.77,,t,2,2,0,0,3.43,"[""https://a0.muscache.com/im/pictures/hosting/Hosting-1529816831587405155/original/3c620a08-d1de-440d-a307-95f1c39e674c.jpeg"", ""https://a0.muscache.com/im/pictures/hosting/Hosting-1529816831587405155/original/64779a25-b429-462a-9bac-60516708663e.jpeg"", ""https://a0.muscache.com/im/pictures/hosting/Hosting-1529816831587405155/original/ecafeedc-101f-4f28-bcbb-2d78f39f92e7.jpeg"", ""https://a0.muscache.com/im/pictures/hosting/Hosting-1529816831587405155/original/7d41e956-0e17-4be5-a362-3ae03bb462ef.jpeg"", ""https://a0.muscache.com/im/pictures/hosting/Hosting-1529816831587405155/original/7f5ed463-40a8-497e-83d0-0e66a484ca1b.jpeg"", ""https://a0.muscache.com/im/pictures/hosting/Hosting-1529816831587405155/original/de260d47-88e5-4829-9f5c-a40521648757.jpeg"", ""https://a0.muscache.com/im/pictures/hosting/Hosting-1529816831587405155/original/64b10695-d81a-4bec-a60e-9e154396ec71.jpeg"", ""https://a0.muscache.com/im/pictures/hosting/Hosting-1529816831587405155/original/4b17bd30-a5c5-467f-a731-625adb122ef8.jpeg"", ""https://a0.muscache.com/im/pictures/hosting/Hosting-1529816831587405155/original/1079d4c9-c09f-4d93-8708-ddc0d5959724.jpeg"", ""https://a0.muscache.com/im/pictures/hosting/Hosting-1529816831587405155/original/3cdf71bd-e855-4918-a291-ba4affdc16e3.jpeg"", ""https://a0.muscache.com/im/pictures/hosting/Hosting-1529816831587405155/original/d34fa0a2-604a-43c6-9520-3ccfec79e34e.jpeg"", ""https://a0.muscache.com/im/pictures/hosting/Hosting-1529816831587405155/original/f12577e8-eb0b-4781-9dae-e24ca62e469c.jpeg"", ""https://a0.muscache.com/im/pictures/hosting/Hosting-1529816831587405155/original/7fb95fa4-13ed-4b63-8926-c83706e7f822.jpeg"", ""https://a0.muscache.com/im/pictures/hosting/Hosting-1529816831587405155/original/7188da68-de14-41b0-ad4a-40ecfa9e2fba.jpeg"", ""https://a0.muscache.com/im/pictures/hosting/Hosting-1529816831587405155/original/479e1bb7-a2af-432c-ba42-50eeaead6b48.jpeg"", ""https://a0.muscache.com/im/pictures/hosting/Hosting-1529816831587405155/original/73c37789-af55-4a65-a0b4-718c848bf2d1.jpeg"", ""https://a0.muscache.com/im/pictures/hosting/Hosting-1529816831587405155/original/ea526c5f-90d2-42a0-84a4-8904ec489205.jpeg"", ""https://a0.muscache.com/im/pictures/hosting/Hosting-1529816831587405155/original/02cee37f-8e5a-4b8c-bc91-00f9c79ac47c.jpeg"", ""https://a0.muscache.com/im/pictures/hosting/Hosting-1529816831587405155/original/789eefa8-5faf-4715-ba59-1878daab303c.jpeg"", ""https://a0.muscache.com/im/pictures/hosting/Hosting-1529816831587405155/original/f9afa145-64c8-4ec9-84d2-2703d24fff73.jpeg"", ""https://a0.muscache.com/im/pictures/hosting/Hosting-1529816831587405155/original/d4ca269d-672b-4d08-bfde-a9e060fee6c8.jpeg"", ""https://a0.muscache.com/im/pictures/hosting/Hosting-1529816831587405155/original/940851dd-2430-4c8e-bdb6-95b0240cfd5c.jpeg"", ""https://a0.muscache.com/im/pictures/hosting/Hosting-1529816831587405155/original/29fcefa2-42c2-41a7-b0ef-12ac0e348502.jpeg"", ""https://a0.muscache.com/im/pictures/hosting/Hosting-1529816831587405155/original/3bde9f6d-baa0-42fb-876f-72c1e90b5106.jpeg"", ""https://a0.muscache.com/im/pictures/hosting/Hosting-1529816831587405155/original/1b80dba8-1162-4ea8-ba9b-082069b667e7.jpeg"", ""https://a0.muscache.com/im/pictures/hosting/Hosting-1529816831587405155/original/066e5659-49d5-4353-8b3e-cd4817688273.jpeg"", ""https://a0.muscache.com/im/pictures/hosting/Hosting-1529816831587405155/original/e1c777ae-eb80-4322-96ce-2228dccdd35b.jpeg"", ""https://a0.muscache.com/im/pictures/hosting/Hosting-1529816831587405155/original/ee273779-0b82-4c35-a88f-a2751311a5d9.jpeg"", ""https://a0.muscache.com/im/pictures/hosting/Hosting-1529816831587405155/original/4e91a679-b197-4c6b-a9bc-a85aa7cfb2fa.jpeg""]",t,"[{""name"": ""Dang Nguyen"", ""avatar"": ""https://a0.muscache.com/im/pictures/user/avatar_dang.jpg""}]","[{""name"": ""DECOR"", ""localizedName"": ""Trang trí"", ""count"": 11}, {""name"": ""INTERIOR"", ""localizedName"": ""Không gian bên trong"", ""count"": 14}, {""name"": ""CLEANLINESS"", ""localizedName"": ""Mức độ sạch sẽ"", ""count"": 21}, {""name"": ""LOCATION"", ""localizedName"": ""Địa điểm"", ""count"": 3}, {""name"": ""HOSPITALITY"", ""localizedName"": ""Hiếu khách"", ""count"": 7}]","[{""title"": ""Trải nghiệm nhận phòng xuất sắc"", ""subtitle"": ""Những khách ở gần đây đã xếp hạng 5 sao cho quy trình nhận phòng.""}, {""title"": ""Tự nhận phòng"", ""subtitle"": ""Tự nhận phòng với hộp khóa an toàn.""}]"
1759981772793424606,https://www.airbnb.com.vn/rooms/1759981772793424606,20260926000000,2026-09-26,city search,Coco Laline * 10 phút đến Hồ Hoàn Kiếm,"Chào mừng bạn đến với Coco Laline * 10 phút đến Hồ Hoàn Kiếm — một không gian lưu trú ấm cúng, sang trọng tọa lạc tại Quận Hai Bà Trưng, Hà Nội.
Căn phòng tràn ngập ánh sáng tự nhiên với đầy đủ tiện nghi cao cấp, giường nệm êm ái, máy lạnh, TV và wifi tốc độ cao. Rất thuận tiện di chuyển tới các điểm tham quan, nhà hàng ẩm thực và quán cà phê nổi tiếng của Hà Nội.","Khu vực Quận Hai Bà Trưng an ninh, văn minh, gần nhiều địa điểm ăn uống, mua sắm và giải trí sầm uất tại Hà Nội.",https://a0.muscache.com/im/pictures/hosting/Hosting-1759981772793424606/original/88f3f61c-f3fd-4536-aae0-b6667dbe254c.jpeg,47000017,https://www.airbnb.com.vn/users/show/47000017,Phong,2022-03-06,"Hà Nội, Việt Nam","Xin chào, tôi là Phong, đã có 4 năm kinh nghiệm làm host. Tôi yêu thích du lịch và luôn mong muốn đem lại trải nghiệm lưu trú thoải mái nhất cho khách.",trong vòng một giờ,100%,98%,f,https://a0.muscache.com/im/pictures/user/User-47000017/original/user_profile_7.jpeg,https://a0.muscache.com/im/pictures/user/User-47000017/original/user_profile_7.jpeg,Quận Hai Bà Trưng,10,8,"['email', 'phone', 'work_email']",t,t,Quận Hai Bà Trưng,Quận Hai Bà Trưng,Hà Nội,21.0174,105.8528,Toàn bộ căn hộ cho thuê,Entire home/apt,4,1.0,1 phòng tắm,1,2,"[""Chỗ đỗ xe miễn phí trong khuôn viên"", ""Thang máy"", ""Không gian riêng để làm việc"", ""Máy giặt"", ""Wi-fi tốc độ cao"", ""TV màn hình phẳng"", ""Bàn ủi / Bàn là"", ""Bộ chăn ga gối cao cấp"", ""Tủ lạnh"", ""Điều hòa nhiệt độ"", ""Lò vi sóng"", ""Ban công ngắm cảnh"", ""Tự nhận phòng với hộp khóa an toàn"", ""Máy phát hiện khí CO"", ""Dầu gội & Sữa tắm"", ""Bếp đầy đủ tiện nghi"", ""Máy báo khói"", ""Bồn tắm thư giãn"", ""Máy sấy tóc""]","₫868,000",1,1125,1,2,1125,1125,1.0,1125.0,today,t,20,33,77,265,2026-09-26,3,2,1,2026-08-12,2026-09-14,5.0,4.99,4.91,5.0,5.0,4.86,4.84,,f,2,2,0,0,3.37,"[""https://a0.muscache.com/im/pictures/hosting/Hosting-1759981772793424606/original/88f3f61c-f3fd-4536-aae0-b6667dbe254c.jpeg"", ""https://a0.muscache.com/im/pictures/hosting/Hosting-1759981772793424606/original/683f410c-2f40-4907-9179-a5c81680fa82.jpeg"", ""https://a0.muscache.com/im/pictures/hosting/Hosting-1759981772793424606/original/8bc99c26-6915-46dc-8108-d6ad31f68bb8.jpeg"", ""https://a0.muscache.com/im/pictures/hosting/Hosting-1759981772793424606/original/9109b001-5855-4e9a-8887-b98106570fd1.jpeg"", ""https://a0.muscache.com/im/pictures/hosting/Hosting-1759981772793424606/original/d37ccad7-a74a-4b81-9083-6b602aa76fb1.jpeg"", ""https://a0.muscache.com/im/pictures/hosting/Hosting-1759981772793424606/original/ae157d9f-29d2-48e8-90d8-29c4e9aa2bf5.jpeg"", ""https://a0.muscache.com/im/pictures/hosting/Hosting-1759981772793424606/original/3a961c65-07e9-46c1-aa8b-73f313687c09.jpeg"", ""https://a0.muscache.com/im/pictures/hosting/Hosting-1759981772793424606/original/3136ba7f-93c5-4bf9-ae0c-317fa7e8e7c0.jpeg"", ""https://a0.muscache.com/im/pictures/hosting/Hosting-1759981772793424606/original/b590d7ab-e889-483c-9850-05cf894a6f7d.jpeg"", ""https://a0.muscache.com/im/pictures/hosting/Hosting-1759981772793424606/original/40f65742-ca74-4e72-9c25-f3624f7254ea.jpeg"", ""https://a0.muscache.com/im/pictures/hosting/Hosting-1759981772793424606/original/62a467cf-82c1-423d-9c03-205f1acdd01b.jpeg"", ""https://a0.muscache.com/im/pictures/hosting/Hosting-1759981772793424606/original/e357e057-8ee0-466d-a222-8ef3a9af4675.jpeg"", ""https://a0.muscache.com/im/pictures/hosting/Hosting-1759981772793424606/original/6aa32d9e-67e1-4a68-b44c-c8d79a6c1f7e.jpeg"", ""https://a0.muscache.com/im/pictures/hosting/Hosting-1759981772793424606/original/739d9258-192d-448e-83f1-78449abd6523.jpeg"", ""https://a0.muscache.com/im/pictures/hosting/Hosting-1759981772793424606/original/2801497e-35c3-4b40-8b71-fa534e3b7af7.jpeg"", ""https://a0.muscache.com/im/pictures/hosting/Hosting-1759981772793424606/original/1b352f99-e423-4082-8068-9d4e8501d7db.jpeg"", ""https://a0.muscache.com/im/pictures/hosting/Hosting-1759981772793424606/original/64fbf84c-eef2-4c3c-ac3b-d433b9c5e4b1.jpeg"", ""https://a0.muscache.com/im/pictures/hosting/Hosting-1759981772793424606/original/d3d47f80-be5a-4c57-980a-a8396ad79a30.jpeg"", ""https://a0.muscache.com/im/pictures/hosting/Hosting-1759981772793424606/original/88915d4e-926b-4d80-9a7f-379cd20f3bdb.jpeg"", ""https://a0.muscache.com/im/pictures/hosting/Hosting-1759981772793424606/original/e4e9108b-7c34-4ec4-8f20-2a77bc4fa92a.jpeg"", ""https://a0.muscache.com/im/pictures/hosting/Hosting-1759981772793424606/original/38efe880-b6b3-4a9b-a220-2797488ab0b7.jpeg"", ""https://a0.muscache.com/im/pictures/hosting/Hosting-1759981772793424606/original/56b7e674-aaa8-43cd-a895-20645f8227cd.jpeg"", ""https://a0.muscache.com/im/pictures/hosting/Hosting-1759981772793424606/original/27d4badb-af58-4ac5-beaa-5280e761a0f7.jpeg"", ""https://a0.muscache.com/im/pictures/hosting/Hosting-1759981772793424606/original/1f65a14b-b0cc-467f-9735-d8d03a407f8c.jpeg"", ""https://a0.muscache.com/im/pictures/hosting/Hosting-1759981772793424606/original/5fb2c27d-8a89-4102-afd7-d9e40dc1e54d.jpeg""]",f,"[{""name"": ""Cindy"", ""avatar"": ""https://a0.muscache.com/im/pictures/user/avatar_cindy.jpg""}, {""name"": ""Dang Nguyen"", ""avatar"": ""https://a0.muscache.com/im/pictures/user/avatar_dang.jpg""}, {""name"": ""Rùa"", ""avatar"": ""https://a0.muscache.com/im/pictures/user/avatar_rua.jpg""}]","[{""name"": ""DECOR"", ""localizedName"": ""Trang trí"", ""count"": 18}, {""name"": ""INTERIOR"", ""localizedName"": ""Không gian bên trong"", ""count"": 12}, {""name"": ""CLEANLINESS"", ""localizedName"": ""Mức độ sạch sẽ"", ""count"": 19}, {""name"": ""LOCATION"", ""localizedName"": ""Địa điểm"", ""count"": 10}, {""name"": ""HOSPITALITY"", ""localizedName"": ""Hiếu khách"", ""count"": 11}]","[{""title"": ""Trải nghiệm nhận phòng xuất sắc"", ""subtitle"": ""Những khách ở gần đây đã xếp hạng 5 sao cho quy trình nhận phòng.""}, {""title"": ""Tự nhận phòng"", ""subtitle"": ""Tự nhận phòng với hộp khóa an toàn.""}]"
1765922721621068670,https://www.airbnb.com.vn/rooms/1765922721621068670,20260926000000,2026-09-26,city search,303 Trần Duy Hưng Cầu Giấy | Amoureux Homestay,"Chào mừng bạn đến với 303 Trần Duy Hưng Cầu Giấy | Amoureux Homestay — một không gian lưu trú ấm cúng, sang trọng tọa lạc tại Quận Hoàn Kiếm, Hà Nội.
Căn phòng tràn ngập ánh sáng tự nhiên với đầy đủ tiện nghi cao cấp, giường nệm êm ái, máy lạnh, TV và wifi tốc độ cao. Rất thuận tiện di chuyển tới các điểm tham quan, nhà hàng ẩm thực và quán cà phê nổi tiếng của Hà Nội.","Khu vực Quận Hoàn Kiếm an ninh, văn minh, gần nhiều địa điểm ăn uống, mua sắm và giải trí sầm uất tại Hà Nội.",https://a0.muscache.com/im/pictures/hosting/Hosting-1765922721621068670/original/f73b0ec0-7ae5-4171-9da6-ff872effc2f3.jpeg,47000018,https://www.airbnb.com.vn/users/show/47000018,Tùng,2019-12-29,"Hà Nội, Việt Nam","Xin chào, tôi là Tùng, đã có 6 năm kinh nghiệm làm host. Tôi yêu thích du lịch và luôn mong muốn đem lại trải nghiệm lưu trú thoải mái nhất cho khách.",trong vòng một giờ,100%,98%,t,https://a0.muscache.com/im/pictures/user/User-47000018/original/user_profile_8.jpeg,https://a0.muscache.com/im/pictures/user/User-47000018/original/user_profile_8.jpeg,Quận Hoàn Kiếm,2,10,"['email', 'phone', 'work_email']",t,t,Quận Hoàn Kiếm,Quận Hoàn Kiếm,Hà Nội,21.01208,105.79894,Toàn bộ căn hộ cho thuê,Entire home/apt,2,1.0,1 phòng tắm,1,1,"[""Máy giặt"", ""Không gian riêng để làm việc"", ""Bếp đầy đủ tiện nghi"", ""Dầu gội & Sữa tắm"", ""Wi-fi tốc độ cao"", ""Bàn ủi / Bàn là"", ""Bể bơi"", ""Bồn tắm thư giãn"", ""Ban công ngắm cảnh"", ""Máy báo khói"", ""Tủ lạnh"", ""Lò vi sóng"", ""Máy phát hiện khí CO"", ""Thang máy"", ""Máy sấy tóc"", ""Điều hòa nhiệt độ""]","₫634,584",1,1125,1,2,1125,1125,1.0,1125.0,today,t,16,49,82,274,2026-09-26,113,14,4,2023-06-14,2026-09-10,4.85,4.97,4.89,5.0,5.0,4.94,4.87,,t,2,2,0,0,1.24,"[""https://a0.muscache.com/im/pictures/hosting/Hosting-1765922721621068670/original/f73b0ec0-7ae5-4171-9da6-ff872effc2f3.jpeg"", ""https://a0.muscache.com/im/pictures/hosting/Hosting-1765922721621068670/original/50b47a28-2aea-41e0-95d8-9f2c028e4a07.jpeg"", ""https://a0.muscache.com/im/pictures/hosting/Hosting-1765922721621068670/original/e06c1b0a-a6e0-4677-9a99-066ab9c0ae2e.jpeg"", ""https://a0.muscache.com/im/pictures/hosting/Hosting-1765922721621068670/original/30a9c6db-063d-49e2-b148-9814ffb7460a.jpeg"", ""https://a0.muscache.com/im/pictures/hosting/Hosting-1765922721621068670/original/23d9010b-78f7-479c-aace-424f22d26eef.jpeg"", ""https://a0.muscache.com/im/pictures/hosting/Hosting-1765922721621068670/original/6364ec30-1498-4f70-a52c-61471fee696e.jpeg"", ""https://a0.muscache.com/im/pictures/hosting/Hosting-1765922721621068670/original/f107a334-d3c7-43ff-a0f5-e4182796fb40.jpeg"", ""https://a0.muscache.com/im/pictures/hosting/Hosting-1765922721621068670/original/9038af2a-ab89-4bca-b8a8-02a71a81e57a.jpeg"", ""https://a0.muscache.com/im/pictures/hosting/Hosting-1765922721621068670/original/d9a3b4d9-6b4d-4410-ab0d-e593fe72dffe.jpeg"", ""https://a0.muscache.com/im/pictures/hosting/Hosting-1765922721621068670/original/400ca582-101d-4350-8876-ca0ccf7a2e4c.jpeg"", ""https://a0.muscache.com/im/pictures/hosting/Hosting-1765922721621068670/original/f38bf953-d5b3-426c-95f7-81829d8d8e1c.jpeg""]",f,"[{""name"": ""Dang Nguyen"", ""avatar"": ""https://a0.muscache.com/im/pictures/user/avatar_dang.jpg""}]","[{""name"": ""DECOR"", ""localizedName"": ""Trang trí"", ""count"": 3}, {""name"": ""INTERIOR"", ""localizedName"": ""Không gian bên trong"", ""count"": 12}, {""name"": ""CLEANLINESS"", ""localizedName"": ""Mức độ sạch sẽ"", ""count"": 13}, {""name"": ""LOCATION"", ""localizedName"": ""Địa điểm"", ""count"": 6}, {""name"": ""HOSPITALITY"", ""localizedName"": ""Hiếu khách"", ""count"": 3}]","[{""title"": ""Trải nghiệm nhận phòng xuất sắc"", ""subtitle"": ""Những khách ở gần đây đã xếp hạng 5 sao cho quy trình nhận phòng.""}, {""title"": ""Tự nhận phòng"", ""subtitle"": ""Tự nhận phòng với hộp khóa an toàn.""}]"
1658752634181823991,https://www.airbnb.com.vn/rooms/1658752634181823991,20260926000000,2026-09-26,city search,Indochine king bed / big balcony / Từ Hoa/ Tây Hồ,"Chào mừng bạn đến với Indochine king bed / big balcony / Từ Hoa/ Tây Hồ — một không gian lưu trú ấm cúng, sang trọng tọa lạc tại Quận Tây Hồ, Hà Nội.
Căn phòng tràn ngập ánh sáng tự nhiên với đầy đủ tiện nghi cao cấp, giường nệm êm ái, máy lạnh, TV và wifi tốc độ cao. Rất thuận tiện di chuyển tới các điểm tham quan, nhà hàng ẩm thực và quán cà phê nổi tiếng của Hà Nội.","Khu vực Quận Tây Hồ an ninh, văn minh, gần nhiều địa điểm ăn uống, mua sắm và giải trí sầm uất tại Hà Nội.",https://a0.muscache.com/im/pictures/hosting/Hosting-1658752634181823991/original/9bb0484e-e493-4430-b6de-fb2bf5462876.jpeg,47000019,https://www.airbnb.com.vn/users/show/47000019,Quân,2023-07-13,"Hà Nội, Việt Nam","Xin chào, tôi là Quân, đã có 3 năm kinh nghiệm làm host. Tôi yêu thích du lịch và luôn mong muốn đem lại trải nghiệm lưu trú thoải mái nhất cho khách.",trong vòng một giờ,100%,98%,f,https://a0.muscache.com/im/pictures/user/User-47000019/original/user_profile_9.jpeg,https://a0.muscache.com/im/pictures/user/User-47000019/original/user_profile_9.jpeg,Quận Tây Hồ,3,2,"['email', 'phone', 'work_email']",t,t,Quận Tây Hồ,Quận Tây Hồ,Hà Nội,21.0604,105.8327,Phòng riêng trong nhà,Private room,2,1.0,1 phòng tắm,1,1,"[""Tủ lạnh"", ""Tự nhận phòng với hộp khóa an toàn"", ""Không gian riêng để làm việc"", ""Bếp đầy đủ tiện nghi"", ""Ban công ngắm cảnh"", ""Máy sấy tóc"", ""Wi-fi tốc độ cao"", ""Bàn ủi / Bàn là"", ""Bồn tắm thư giãn"", ""Điều hòa nhiệt độ"", ""Máy giặt"", ""Bộ chăn ga gối cao cấp"", ""TV màn hình phẳng"", ""Thang máy"", ""Lò vi sóng"", ""Bể bơi""]","₫590,000",1,1125,1,2,1125,1125,1.0,1125.0,today,t,22,53,68,287,2026-09-26,10,7,6,2026-04-29,2026-09-12,5.0,4.98,4.8,5.0,5.0,4.71,4.81,,f,2,0,1,0,1.86,"[""https://a0.muscache.com/im/pictures/hosting/Hosting-1658752634181823991/original/9bb0484e-e493-4430-b6de-fb2bf5462876.jpeg"", ""https://a0.muscache.com/im/pictures/hosting/Hosting-1658752634181823991/original/8536ce99-bc19-4bba-b341-db4646ad3e23.jpeg"", ""https://a0.muscache.com/im/pictures/hosting/Hosting-1658752634181823991/original/9ae3d19d-2dae-49c5-b900-123e8fe200b8.jpeg"", ""https://a0.muscache.com/im/pictures/hosting/Hosting-1658752634181823991/original/76d81cdc-8af1-4193-9f5b-5dd98ce406ed.jpeg"", ""https://a0.muscache.com/im/pictures/hosting/Hosting-1658752634181823991/original/c1e240cb-10b5-45fd-8706-6851ad1d792b.jpeg"", ""https://a0.muscache.com/im/pictures/hosting/Hosting-1658752634181823991/original/3c6723c8-5766-4732-92f2-d6c39acae5c1.jpeg""]",t,"[{""name"": ""Dang Nguyen"", ""avatar"": ""https://a0.muscache.com/im/pictures/user/avatar_dang.jpg""}, {""name"": ""Rùa"", ""avatar"": ""https://a0.muscache.com/im/pictures/user/avatar_rua.jpg""}, {""name"": ""Long"", ""avatar"": ""https://a0.muscache.com/im/pictures/user/avatar_long.jpg""}]","[{""name"": ""DECOR"", ""localizedName"": ""Trang trí"", ""count"": 13}, {""name"": ""INTERIOR"", ""localizedName"": ""Không gian bên trong"", ""count"": 8}, {""name"": ""CLEANLINESS"", ""localizedName"": ""Mức độ sạch sẽ"", ""count"": 24}, {""name"": ""LOCATION"", ""localizedName"": ""Địa điểm"", ""count"": 17}, {""name"": ""HOSPITALITY"", ""localizedName"": ""Hiếu khách"", ""count"": 7}]","[{""title"": ""Trải nghiệm nhận phòng xuất sắc"", ""subtitle"": ""Những khách ở gần đây đã xếp hạng 5 sao cho quy trình nhận phòng.""}, {""title"": ""Tự nhận phòng"", ""subtitle"": ""Tự nhận phòng với hộp khóa an toàn.""}]"
1364572999826823040,https://www.airbnb.com.vn/rooms/1364572999826823040,20260926000000,2026-09-26,city search,"Studio đáng yêu gần Hồ Tây, Máy giặt.","Chào mừng bạn đến với Studio đáng yêu gần Hồ Tây, Máy giặt. — một không gian lưu trú ấm cúng, sang trọng tọa lạc tại Quận Tây Hồ, Hà Nội.
Căn phòng tràn ngập ánh sáng tự nhiên với đầy đủ tiện nghi cao cấp, giường nệm êm ái, máy lạnh, TV và wifi tốc độ cao. Rất thuận tiện di chuyển tới các điểm tham quan, nhà hàng ẩm thực và quán cà phê nổi tiếng của Hà Nội.","Khu vực Quận Tây Hồ an ninh, văn minh, gần nhiều địa điểm ăn uống, mua sắm và giải trí sầm uất tại Hà Nội.",https://a0.muscache.com/im/pictures/miso/Hosting-1364572999826823040/original/3acffaf7-3d0b-49d6-92b7-9807060d3325.jpeg,47000020,https://www.airbnb.com.vn/users/show/47000020,Felix,2023-01-25,"Hà Nội, Việt Nam","Xin chào, tôi là Felix, đã có 3 năm kinh nghiệm làm host. Tôi yêu thích du lịch và luôn mong muốn đem lại trải nghiệm lưu trú thoải mái nhất cho khách.",trong vòng một giờ,100%,98%,f,https://a0.muscache.com/im/pictures/user/User-47000020/original/user_profile_0.jpeg,https://a0.muscache.com/im/pictures/user/User-47000020/original/user_profile_0.jpeg,Quận Tây Hồ,6,7,"['email', 'phone', 'work_email']",t,t,Quận Tây Hồ,Quận Tây Hồ,Hà Nội,21.0677033738733,105.80951595621683,Toàn bộ căn hộ cho thuê,Entire home/apt,2,1.0,1 phòng tắm,1,1,"[""Dầu gội & Sữa tắm"", ""Bể bơi"", ""Wi-fi tốc độ cao"", ""Máy báo khói"", ""Điều hòa nhiệt độ"", ""Bếp đầy đủ tiện nghi"", ""Máy giặt"", ""Thang máy"", ""Bàn ủi / Bàn là"", ""Ban công ngắm cảnh"", ""Chỗ đỗ xe miễn phí trong khuôn viên"", ""Máy phát hiện khí CO"", ""Bộ chăn ga gối cao cấp"", ""TV màn hình phẳng"", ""Máy sấy tóc""]","₫546,560",1,1125,1,2,1125,1125,1.0,1125.0,today,t,27,39,61,255,2026-09-26,65,12,1,2024-01-25,2026-09-24,4.78,4.89,4.82,5.0,5.0,4.89,4.86,,t,2,2,0,0,2.72,"[""https://a0.muscache.com/im/pictures/miso/Hosting-1364572999826823040/original/3acffaf7-3d0b-49d6-92b7-9807060d3325.jpeg"", ""https://a0.muscache.com/im/pictures/miso/Hosting-1364572999826823040/original/cd7b7a2c-f4e5-4365-84c6-d87d484690d9.jpeg"", ""https://a0.muscache.com/im/pictures/miso/Hosting-1364572999826823040/original/c2efdf3f-2ba5-4408-a45a-10f1205b3685.jpeg"", ""https://a0.muscache.com/im/pictures/miso/Hosting-1364572999826823040/original/4de9bf85-bae4-45fb-a343-195e50e1d9d4.jpeg"", ""https://a0.muscache.com/im/pictures/miso/Hosting-1364572999826823040/original/004fc273-fc65-4d21-9aee-207476eff37d.jpeg"", ""https://a0.muscache.com/im/pictures/miso/Hosting-1364572999826823040/original/658028aa-ec0f-4a34-8bc2-78b50320e424.jpeg"", ""https://a0.muscache.com/im/pictures/miso/Hosting-1364572999826823040/original/cecc5795-a569-4708-a554-72b25524d78a.jpeg"", ""https://a0.muscache.com/im/pictures/miso/Hosting-1364572999826823040/original/5fb47e8a-7519-41f2-aba3-b46f5e18eb80.jpeg"", ""https://a0.muscache.com/im/pictures/miso/Hosting-1364572999826823040/original/80e3e300-4bd1-4833-8e43-9f9a6b4476a6.jpeg"", ""https://a0.muscache.com/im/pictures/miso/Hosting-1364572999826823040/original/1881e78f-65aa-4186-a103-bef6c8982e11.jpeg"", ""https://a0.muscache.com/im/pictures/miso/Hosting-1364572999826823040/original/fa68f8e4-cd93-47b5-ae76-f4fe6bc9b689.jpeg"", ""https://a0.muscache.com/im/pictures/miso/Hosting-1364572999826823040/original/14a02213-c3b6-4f5f-a8b4-85af97664c43.jpeg"", ""https://a0.muscache.com/im/pictures/miso/Hosting-1364572999826823040/original/aee5e874-6bf4-45cd-abb5-1a6e165c7ac8.jpeg"", ""https://a0.muscache.com/im/pictures/miso/Hosting-1364572999826823040/original/184b9e46-750c-4d57-8004-497cbe05b002.jpeg"", ""https://a0.muscache.com/im/pictures/miso/Hosting-1364572999826823040/original/dd8d0ef7-2b9a-441a-9b0e-ab7514631085.jpeg"", ""https://a0.muscache.com/im/pictures/miso/Hosting-1364572999826823040/original/5e200cd4-c799-4421-a39d-5268c66b90a1.jpeg""]",f,"[{""name"": ""Rùa"", ""avatar"": ""https://a0.muscache.com/im/pictures/user/avatar_rua.jpg""}, {""name"": ""Cindy"", ""avatar"": ""https://a0.muscache.com/im/pictures/user/avatar_cindy.jpg""}, {""name"": ""Dang Nguyen"", ""avatar"": ""https://a0.muscache.com/im/pictures/user/avatar_dang.jpg""}]","[{""name"": ""DECOR"", ""localizedName"": ""Trang trí"", ""count"": 9}, {""name"": ""INTERIOR"", ""localizedName"": ""Không gian bên trong"", ""count"": 12}, {""name"": ""CLEANLINESS"", ""localizedName"": ""Mức độ sạch sẽ"", ""count"": 7}, {""name"": ""LOCATION"", ""localizedName"": ""Địa điểm"", ""count"": 17}, {""name"": ""HOSPITALITY"", ""localizedName"": ""Hiếu khách"", ""count"": 6}]","[{""title"": ""Trải nghiệm nhận phòng xuất sắc"", ""subtitle"": ""Những khách ở gần đây đã xếp hạng 5 sao cho quy trình nhận phòng.""}, {""title"": ""Tự nhận phòng"", ""subtitle"": ""Tự nhận phòng với hộp khóa an toàn.""}]"
1739046853344665297,https://www.airbnb.com.vn/rooms/1739046853344665297,20260926000000,2026-09-26,city search,MỚI! Không gian ban công có nhà bếp ở vị trí trung tâm,"Chào mừng bạn đến với MỚI! Không gian ban công có nhà bếp ở vị trí trung tâm — một không gian lưu trú ấm cúng, sang trọng tọa lạc tại Quận Hai Bà Trưng, Hà Nội.
Căn phòng tràn ngập ánh sáng tự nhiên với đầy đủ tiện nghi cao cấp, giường nệm êm ái, máy lạnh, TV và wifi tốc độ cao. Rất thuận tiện di chuyển tới các điểm tham quan, nhà hàng ẩm thực và quán cà phê nổi tiếng của Hà Nội.","Khu vực Quận Hai Bà Trưng an ninh, văn minh, gần nhiều địa điểm ăn uống, mua sắm và giải trí sầm uất tại Hà Nội.",https://a0.muscache.com/im/pictures/hosting/Hosting-1739046853344665297/original/34113dd8-6979-4a15-894b-27b8dade0f27.jpeg,47000021,https://www.airbnb.com.vn/users/show/47000021,Cindy,2020-06-01,"Hà Nội, Việt Nam","Xin chào, tôi là Cindy, đã có 6 năm kinh nghiệm làm host. Tôi yêu thích du lịch và luôn mong muốn đem lại trải nghiệm lưu trú thoải mái nhất cho khách.",trong vòng một giờ,100%,98%,f,https://a0.muscache.com/im/pictures/user/User-47000021/original/user_profile_1.jpeg,https://a0.muscache.com/im/pictures/user/User-47000021/original/user_profile_1.jpeg,Quận Hai Bà Trưng,3,9,"['email', 'phone', 'work_email']",t,t,Quận Hai Bà Trưng,Quận Hai Bà Trưng,Hà Nội,21.019,105.8543,Phòng riêng trong nhà,Private room,2,1.0,1 phòng tắm,1,1,"[""Wi-fi tốc độ cao"", ""Không gian riêng để làm việc"", ""Tự nhận phòng với hộp khóa an toàn"", ""Tủ lạnh"", ""Điều hòa nhiệt độ"", ""Bếp đầy đủ tiện nghi"", ""Máy báo khói"", ""Bể bơi"", ""Bồn tắm thư giãn"", ""Máy sấy tóc"", ""TV màn hình phẳng"", ""Máy giặt"", ""Ban công ngắm cảnh"", ""Lò vi sóng"", ""Dầu gội & Sữa tắm""]","₫1,150,000",1,1125,1,2,1125,1125,1.0,1125.0,today,t,12,31,82,258,2026-09-26,10,3,5,2026-04-29,2026-09-05,5.0,4.83,4.87,5.0,5.0,4.71,4.86,,f,2,0,1,0,1.72,"[""https://a0.muscache.com/im/pictures/hosting/Hosting-1739046853344665297/original/34113dd8-6979-4a15-894b-27b8dade0f27.jpeg"", ""https://a0.muscache.com/im/pictures/hosting/Hosting-1739046853344665297/original/92834559-a404-4483-9a4e-77f1230c8e96.png"", ""https://a0.muscache.com/im/pictures/hosting/Hosting-1739046853344665297/original/9d138b56-ad04-405c-ab67-2da8fc1d33e0.jpeg"", ""https://a0.muscache.com/im/pictures/hosting/Hosting-1739046853344665297/original/97a5e268-ada9-4fbf-9bc4-0c16164b06d7.jpeg"", ""https://a0.muscache.com/im/pictures/hosting/Hosting-1739046853344665297/original/a5cc627c-747b-4ab4-bf3f-40d000d5b5ac.jpeg"", ""https://a0.muscache.com/im/pictures/hosting/Hosting-1739046853344665297/original/e445c275-fb68-4eaf-bad1-f4a2f6b17975.jpeg""]",t,"[{""name"": ""Rùa"", ""avatar"": ""https://a0.muscache.com/im/pictures/user/avatar_rua.jpg""}, {""name"": ""Long"", ""avatar"": ""https://a0.muscache.com/im/pictures/user/avatar_long.jpg""}, {""name"": ""Dang Nguyen"", ""avatar"": ""https://a0.muscache.com/im/pictures/user/avatar_dang.jpg""}]","[{""name"": ""DECOR"", ""localizedName"": ""Trang trí"", ""count"": 6}, {""name"": ""INTERIOR"", ""localizedName"": ""Không gian bên trong"", ""count"": 10}, {""name"": ""CLEANLINESS"", ""localizedName"": ""Mức độ sạch sẽ"", ""count"": 18}, {""name"": ""LOCATION"", ""localizedName"": ""Địa điểm"", ""count"": 9}, {""name"": ""HOSPITALITY"", ""localizedName"": ""Hiếu khách"", ""count"": 4}]","[{""title"": ""Trải nghiệm nhận phòng xuất sắc"", ""subtitle"": ""Những khách ở gần đây đã xếp hạng 5 sao cho quy trình nhận phòng.""}, {""title"": ""Tự nhận phòng"", ""subtitle"": ""Tự nhận phòng với hộp khóa an toàn.""}]"
1439527472149490352,https://www.airbnb.com.vn/rooms/1439527472149490352,20260926000000,2026-09-26,city search,Elva * 10 phút đến Hồ Hoàn Kiếm,"Chào mừng bạn đến với Elva * 10 phút đến Hồ Hoàn Kiếm — một không gian lưu trú ấm cúng, sang trọng tọa lạc tại Quận Hai Bà Trưng, Hà Nội.
Căn phòng tràn ngập ánh sáng tự nhiên với đầy đủ tiện nghi cao cấp, giường nệm êm ái, máy lạnh, TV và wifi tốc độ cao. Rất thuận tiện di chuyển tới các điểm tham quan, nhà hàng ẩm thực và quán cà phê nổi tiếng của Hà Nội.","Khu vực Quận Hai Bà Trưng an ninh, văn minh, gần nhiều địa điểm ăn uống, mua sắm và giải trí sầm uất tại Hà Nội.",https://a0.muscache.com/im/pictures/hosting/Hosting-U3RheVN1cHBseUxpc3Rpbmc6MTQzOTUyNzQ3MjE0OTQ5MDM1Mg==/original/442780d4-8779-4cc6-bc2a-f3e75e7bb365.jpeg,47000022,https://www.airbnb.com.vn/users/show/47000022,Rose,2024-08-11,"Hà Nội, Việt Nam","Xin chào, tôi là Rose, đã có 2 năm kinh nghiệm làm host. Tôi yêu thích du lịch và luôn mong muốn đem lại trải nghiệm lưu trú thoải mái nhất cho khách.",trong vòng một giờ,100%,98%,f,https://a0.muscache.com/im/pictures/user/User-47000022/original/user_profile_2.jpeg,https://a0.muscache.com/im/pictures/user/User-47000022/original/user_profile_2.jpeg,Quận Hai Bà Trưng,2,1,"['email', 'phone', 'work_email']",t,t,Quận Hai Bà Trưng,Quận Hai Bà Trưng,Hà Nội,21.0164,105.8553,Toàn bộ căn hộ cho thuê,Entire home/apt,2,1.0,1 phòng tắm,1,1,"[""Ban công ngắm cảnh"", ""Điều hòa nhiệt độ"", ""Wi-fi tốc độ cao"", ""Thang máy"", ""Lò vi sóng"", ""Tự nhận phòng với hộp khóa an toàn"", ""Máy báo khói"", ""Máy phát hiện khí CO"", ""Máy giặt"", ""Máy sấy tóc"", ""Bồn tắm thư giãn"", ""Không gian riêng để làm việc"", ""Tủ lạnh"", ""Bàn ủi / Bàn là"", ""Chỗ đỗ xe miễn phí trong khuôn viên"", ""Bộ chăn ga gối cao cấp"", ""TV màn hình phẳng""]","₫698,600",1,1125,1,2,1125,1125,1.0,1125.0,today,t,22,51,51,239,2026-09-26,41,7,1,2025-01-19,2026-09-15,4.71,4.83,4.91,5.0,5.0,4.95,4.77,,t,2,2,0,0,3.32,"[""https://a0.muscache.com/im/pictures/hosting/Hosting-U3RheVN1cHBseUxpc3Rpbmc6MTQzOTUyNzQ3MjE0OTQ5MDM1Mg==/original/442780d4-8779-4cc6-bc2a-f3e75e7bb365.jpeg"", ""https://a0.muscache.com/im/pictures/hosting/Hosting-U3RheVN1cHBseUxpc3Rpbmc6MTQzOTUyNzQ3MjE0OTQ5MDM1Mg==/original/a86c307b-70d3-407d-bfcb-762280f7e9a2.jpeg"", ""https://a0.muscache.com/im/pictures/hosting/Hosting-U3RheVN1cHBseUxpc3Rpbmc6MTQzOTUyNzQ3MjE0OTQ5MDM1Mg==/original/4542dad3-1fcb-42ff-8ad1-b1dccff2b223.jpeg"", ""https://a0.muscache.com/im/pictures/hosting/Hosting-U3RheVN1cHBseUxpc3Rpbmc6MTQzOTUyNzQ3MjE0OTQ5MDM1Mg==/original/e92d8081-896f-4b9f-966c-f4406c434585.jpeg"", ""https://a0.muscache.com/im/pictures/hosting/Hosting-U3RheVN1cHBseUxpc3Rpbmc6MTQzOTUyNzQ3MjE0OTQ5MDM1Mg==/original/51155f3a-2daa-4ce0-93dc-d48ec35783b8.jpeg"", ""https://a0.muscache.com/im/pictures/hosting/Hosting-U3RheVN1cHBseUxpc3Rpbmc6MTQzOTUyNzQ3MjE0OTQ5MDM1Mg==/original/dd04a223-1a3f-462e-b34b-138451c59bf1.jpeg"", ""https://a0.muscache.com/im/pictures/hosting/Hosting-U3RheVN1cHBseUxpc3Rpbmc6MTQzOTUyNzQ3MjE0OTQ5MDM1Mg==/original/6009c9c6-605e-4c7d-b765-cd777ca69cca.jpeg"", ""https://a0.muscache.com/im/pictures/hosting/Hosting-U3RheVN1cHBseUxpc3Rpbmc6MTQzOTUyNzQ3MjE0OTQ5MDM1Mg==/original/c3086fcc-b816-4aa4-889e-b73a3d1272aa.jpeg"", ""https://a0.muscache.com/im/pictures/hosting/Hosting-U3RheVN1cHBseUxpc3Rpbmc6MTQzOTUyNzQ3MjE0OTQ5MDM1Mg==/original/d91fab19-6dea-46e1-a347-4f620b2956ff.jpeg"", ""https://a0.muscache.com/im/pictures/hosting/Hosting-U3RheVN1cHBseUxpc3Rpbmc6MTQzOTUyNzQ3MjE0OTQ5MDM1Mg==/original/c44c6fb9-7a6e-44da-a85d-d280532379f2.jpeg""]",f,"[{""name"": ""Dang Nguyen"", ""avatar"": ""https://a0.muscache.com/im/pictures/user/avatar_dang.jpg""}, {""name"": ""Cindy"", ""avatar"": ""https://a0.muscache.com/im/pictures/user/avatar_cindy.jpg""}, {""name"": ""Long"", ""avatar"": ""https://a0.muscache.com/im/pictures/user/avatar_long.jpg""}]","[{""name"": ""DECOR"", ""localizedName"": ""Trang trí"", ""count"": 2}, {""name"": ""INTERIOR"", ""localizedName"": ""Không gian bên trong"", ""count"": 16}, {""name"": ""CLEANLINESS"", ""localizedName"": ""Mức độ sạch sẽ"", ""count"": 12}, {""name"": ""LOCATION"", ""localizedName"": ""Địa điểm"", ""count"": 19}, {""name"": ""HOSPITALITY"", ""localizedName"": ""Hiếu khách"", ""count"": 12}]","[{""title"": ""Trải nghiệm nhận phòng xuất sắc"", ""subtitle"": ""Những khách ở gần đây đã xếp hạng 5 sao cho quy trình nhận phòng.""}, {""title"": ""Tự nhận phòng"", ""subtitle"": ""Tự nhận phòng với hộp khóa an toàn.""}]"
1526542343369632086,https://www.airbnb.com.vn/rooms/1526542343369632086,20260926000000,2026-09-26,city search,Khách sạn Savile | Khu phố Pháp | Ban công | Bữa sáng tùy chọn,"Chào mừng bạn đến với Khách sạn Savile | Khu phố Pháp | Ban công | Bữa sáng tùy chọn — một không gian lưu trú ấm cúng, sang trọng tọa lạc tại Quận Hai Bà Trưng, Hà Nội.
Căn phòng tràn ngập ánh sáng tự nhiên với đầy đủ tiện nghi cao cấp, giường nệm êm ái, máy lạnh, TV và wifi tốc độ cao. Rất thuận tiện di chuyển tới các điểm tham quan, nhà hàng ẩm thực và quán cà phê nổi tiếng của Hà Nội.","Khu vực Quận Hai Bà Trưng an ninh, văn minh, gần nhiều địa điểm ăn uống, mua sắm và giải trí sầm uất tại Hà Nội.",https://a0.muscache.com/im/pictures/hosting/Hosting-1526542343369632086/original/21f8f56a-79cb-42c2-ad3e-f6ccd0595728.jpeg,47000023,https://www.airbnb.com.vn/users/show/47000023,LangX,2023-01-02,"Hà Nội, Việt Nam","Xin chào, tôi là LangX, đã có 3 năm kinh nghiệm làm host. Tôi yêu thích du lịch và luôn mong muốn đem lại trải nghiệm lưu trú thoải mái nhất cho khách.",trong vòng một giờ,100%,98%,f,https://a0.muscache.com/im/pictures/user/User-47000023/original/user_profile_3.jpeg,https://a0.muscache.com/im/pictures/user/User-47000023/original/user_profile_3.jpeg,Quận Hai Bà Trưng,4,10,"['email', 'phone', 'work_email']",t,t,Quận Hai Bà Trưng,Quận Hai Bà Trưng,Hà Nội,21.0186,105.8568,Toàn bộ căn hộ cho thuê,Entire home/apt,2,1.0,1 phòng tắm,1,1,"[""TV màn hình phẳng"", ""Điều hòa nhiệt độ"", ""Tự nhận phòng với hộp khóa an toàn"", ""Dầu gội & Sữa tắm"", ""Máy giặt"", ""Máy sấy tóc"", ""Tủ lạnh"", ""Bồn tắm thư giãn"", ""Chỗ đỗ xe miễn phí trong khuôn viên"", ""Bàn ủi / Bàn là"", ""Máy báo khói"", ""Thang máy"", ""Bể bơi"", ""Máy phát hiện khí CO"", ""Không gian riêng để làm việc"", ""Bộ chăn ga gối cao cấp"", ""Ban công ngắm cảnh"", ""Wi-fi tốc độ cao"", ""Bếp đầy đủ tiện nghi"", ""Lò vi sóng""]","₫1,450,256",1,1125,1,2,1125,1125,1.0,1125.0,today,t,26,50,63,337,2026-09-26,28,25,2,2025-08-02,2026-09-19,4.96,4.93,4.91,5.0,5.0,4.78,4.92,,f,2,2,0,0,2.23,"[""https://a0.muscache.com/im/pictures/hosting/Hosting-1526542343369632086/original/21f8f56a-79cb-42c2-ad3e-f6ccd0595728.jpeg"", ""https://a0.muscache.com/im/pictures/hosting/Hosting-1526542343369632086/original/da11dc4f-6e45-4d16-b63e-18aa31680880.jpeg"", ""https://a0.muscache.com/im/pictures/hosting/Hosting-1526542343369632086/original/2d4e40e9-73fc-43b1-994e-4ed7e97612d9.jpeg"", ""https://a0.muscache.com/im/pictures/hosting/Hosting-1526542343369632086/original/656b7523-d139-471e-b121-a3b3d41224ea.jpeg"", ""https://a0.muscache.com/im/pictures/hosting/Hosting-1526542343369632086/original/090fd45a-74c3-4ff6-9880-3e114e596f09.jpeg"", ""https://a0.muscache.com/im/pictures/hosting/Hosting-1526542343369632086/original/97d60e76-37b8-4ffd-81e9-7c78dcdabd91.jpeg"", ""https://a0.muscache.com/im/pictures/hosting/Hosting-1526542343369632086/original/f49efd9b-ee05-470d-a8b1-c725dbdf03b9.jpeg"", ""https://a0.muscache.com/im/pictures/hosting/Hosting-1526542343369632086/original/8f5b39a9-97d8-418c-b6f6-7e739787872a.jpeg"", ""https://a0.muscache.com/im/pictures/hosting/Hosting-1526542343369632086/original/cff30b34-9dcd-4d52-9423-fd10aab99027.jpeg"", ""https://a0.muscache.com/im/pictures/hosting/Hosting-1526542343369632086/original/84f0f234-56f4-4a25-879d-b7a05d74c24a.jpeg"", ""https://a0.muscache.com/im/pictures/hosting/Hosting-1526542343369632086/original/12f7e819-89b4-4602-a6c9-ebe949317758.jpeg"", ""https://a0.muscache.com/im/pictures/hosting/Hosting-1526542343369632086/original/2da51f40-a6d7-45ba-8dfe-1ad60f13ea83.jpeg"", ""https://a0.muscache.com/im/pictures/hosting/Hosting-1526542343369632086/original/6c2861e4-1b0c-47c7-a4e8-4fab105ad5d0.jpeg"", ""https://a0.muscache.com/im/pictures/hosting/Hosting-1526542343369632086/original/f10daa68-9811-4120-9441-75814126d0f9.jpeg"", ""https://a0.muscache.com/im/pictures/hosting/Hosting-1526542343369632086/original/0ebf3c20-796e-4a88-be82-fbc21779578e.jpeg"", ""https://a0.muscache.com/im/pictures/hosting/Hosting-1526542343369632086/original/3bf80609-0bba-410c-ab7e-4c285d6f0bfb.jpeg"", ""https://a0.muscache.com/im/pictures/hosting/Hosting-1526542343369632086/original/a5e73ec4-6f94-46d2-a213-7bf958bf4c5f.jpeg"", ""https://a0.muscache.com/im/pictures/hosting/Hosting-1526542343369632086/original/863b3e0d-2285-49ab-83e9-ee1bc0f3c069.jpeg"", ""https://a0.muscache.com/im/pictures/hosting/Hosting-1526542343369632086/original/b6b28ae0-ee04-41bb-99da-41c459624917.jpeg"", ""https://a0.muscache.com/im/pictures/hosting/Hosting-1526542343369632086/original/b901f48b-92f6-4384-82db-200c67db94ca.jpeg"", ""https://a0.muscache.com/im/pictures/hosting/Hosting-1526542343369632086/original/0cf70c7a-fee5-4f5d-b911-313deb8e3650.jpeg"", ""https://a0.muscache.com/im/pictures/hosting/Hosting-1526542343369632086/original/bf613a1c-9610-4bfb-9059-652939fb3cf6.jpeg"", ""https://a0.muscache.com/im/pictures/hosting/Hosting-1526542343369632086/original/8a96a431-6640-4467-8302-1988f47f2038.jpeg"", ""https://a0.muscache.com/im/pictures/hosting/Hosting-1526542343369632086/original/b5ce2241-9c47-4c43-92c9-10a48df9b953.jpeg"", ""https://a0.muscache.com/im/pictures/hosting/Hosting-1526542343369632086/original/9c5a4288-86fa-4688-9024-fe1e98865d06.jpeg"", ""https://a0.muscache.com/im/pictures/hosting/Hosting-1526542343369632086/original/eeca0260-fa70-46f8-8a4f-5907e5e30ba8.jpeg"", ""https://a0.muscache.com/im/pictures/hosting/Hosting-1526542343369632086/original/50c7601c-775a-4e16-97f9-028631b9ad19.jpeg"", ""https://a0.muscache.com/im/pictures/hosting/Hosting-1526542343369632086/original/fe3313e0-be25-477b-8e15-a54baa2c8449.jpeg"", ""https://a0.muscache.com/im/pictures/hosting/Hosting-1526542343369632086/original/bcb474fa-9879-4d14-b82b-82ab1ed948b7.jpeg""]",t,"[{""name"": ""Rùa"", ""avatar"": ""https://a0.muscache.com/im/pictures/user/avatar_rua.jpg""}]","[{""name"": ""DECOR"", ""localizedName"": ""Trang trí"", ""count"": 16}, {""name"": ""INTERIOR"", ""localizedName"": ""Không gian bên trong"", ""count"": 20}, {""name"": ""CLEANLINESS"", ""localizedName"": ""Mức độ sạch sẽ"", ""count"": 6}, {""name"": ""LOCATION"", ""localizedName"": ""Địa điểm"", ""count"": 7}, {""name"": ""HOSPITALITY"", ""localizedName"": ""Hiếu khách"", ""count"": 9}]","[{""title"": ""Trải nghiệm nhận phòng xuất sắc"", ""subtitle"": ""Những khách ở gần đây đã xếp hạng 5 sao cho quy trình nhận phòng.""}, {""title"": ""Tự nhận phòng"", ""subtitle"": ""Tự nhận phòng với hộp khóa an toàn.""}]"
1759995879707313217,https://www.airbnb.com.vn/rooms/1759995879707313217,20260926000000,2026-09-26,city search,Penelope ping ping * 10 phút đến Hồ Hoàn Kiếm,"Chào mừng bạn đến với Penelope ping ping * 10 phút đến Hồ Hoàn Kiếm — một không gian lưu trú ấm cúng, sang trọng tọa lạc tại Quận Hai Bà Trưng, Hà Nội.
Căn phòng tràn ngập ánh sáng tự nhiên với đầy đủ tiện nghi cao cấp, giường nệm êm ái, máy lạnh, TV và wifi tốc độ cao. Rất thuận tiện di chuyển tới các điểm tham quan, nhà hàng ẩm thực và quán cà phê nổi tiếng của Hà Nội.","Khu vực Quận Hai Bà Trưng an ninh, văn minh, gần nhiều địa điểm ăn uống, mua sắm và giải trí sầm uất tại Hà Nội.",https://a0.muscache.com/im/pictures/hosting/Hosting-1759995879707313217/original/c864aaf1-2b9e-4968-8daa-aa9231339e38.jpeg,47000024,https://www.airbnb.com.vn/users/show/47000024,Ken,2019-12-26,"Hà Nội, Việt Nam","Xin chào, tôi là Ken, đã có 6 năm kinh nghiệm làm host. Tôi yêu thích du lịch và luôn mong muốn đem lại trải nghiệm lưu trú thoải mái nhất cho khách.",trong vòng một giờ,100%,98%,t,https://a0.muscache.com/im/pictures/user/User-47000024/original/user_profile_4.jpeg,https://a0.muscache.com/im/pictures/user/User-47000024/original/user_profile_4.jpeg,Quận Hai Bà Trưng,4,10,"['email', 'phone', 'work_email']",t,t,Quận Hai Bà Trưng,Quận Hai Bà Trưng,Hà Nội,21.0174,105.8528,Toàn bộ căn hộ cho thuê,Entire home/apt,4,1.0,1 phòng tắm,1,2,"[""Dầu gội & Sữa tắm"", ""Bộ chăn ga gối cao cấp"", ""Bể bơi"", ""Tự nhận phòng với hộp khóa an toàn"", ""Wi-fi tốc độ cao"", ""Bồn tắm thư giãn"", ""Thang máy"", ""Tủ lạnh"", ""Điều hòa nhiệt độ"", ""Bàn ủi / Bàn là"", ""Máy báo khói"", ""Không gian riêng để làm việc"", ""Lò vi sóng"", ""TV màn hình phẳng"", ""Bếp đầy đủ tiện nghi"", ""Chỗ đỗ xe miễn phí trong khuôn viên"", ""Ban công ngắm cảnh""]","₫1,229,000",1,1125,1,2,1125,1125,1.0,1125.0,today,t,26,30,79,267,2026-09-26,5,4,3,2026-07-13,2026-09-16,4.8,4.8,4.83,5.0,5.0,4.88,4.82,,t,2,2,0,0,2.09,"[""https://a0.muscache.com/im/pictures/hosting/Hosting-1759995879707313217/original/c864aaf1-2b9e-4968-8daa-aa9231339e38.jpeg"", ""https://a0.muscache.com/im/pictures/hosting/Hosting-1759995879707313217/original/a64f2ffd-4026-4a7c-9874-61f4b474cefa.jpeg"", ""https://a0.muscache.com/im/pictures/hosting/Hosting-1759995879707313217/original/81f13c67-e42d-4fc2-bee3-5a25736dac6d.jpeg"", ""https://a0.muscache.com/im/pictures/hosting/Hosting-1759995879707313217/original/bfdfe17f-0f4f-400a-956b-524ffce9b03c.jpeg"", ""https://a0.muscache.com/im/pictures/hosting/Hosting-1759995879707313217/original/a2259364-1f6f-4670-becc-625f1029960e.jpeg"", ""https://a0.muscache.com/im/pictures/hosting/Hosting-1759995879707313217/original/5a12353c-49da-4878-b5a3-2138a8516513.jpeg"", ""https://a0.muscache.com/im/pictures/hosting/Hosting-1759995879707313217/original/65e0968f-6181-4076-9902-ba8aeda66bfb.jpeg"", ""https://a0.muscache.com/im/pictures/hosting/Hosting-1759995879707313217/original/60a905a4-89fd-4422-9cfd-f7331e913519.jpeg"", ""https://a0.muscache.com/im/pictures/hosting/Hosting-1759995879707313217/original/3c70572b-081e-413f-a849-6f68916ae82f.jpeg"", ""https://a0.muscache.com/im/pictures/hosting/Hosting-1759995879707313217/original/69728479-2816-44da-b9b2-a11952b73bd0.jpeg"", ""https://a0.muscache.com/im/pictures/hosting/Hosting-1759995879707313217/original/47c24695-3c6c-4c19-b474-2ce027a0b219.jpeg"", ""https://a0.muscache.com/im/pictures/hosting/Hosting-1759995879707313217/original/9089a133-650f-4cc8-8cfa-785293bff9d6.jpeg"", ""https://a0.muscache.com/im/pictures/hosting/Hosting-1759995879707313217/original/70298a61-67bd-45b0-bda0-8086eb7dc002.jpeg"", ""https://a0.muscache.com/im/pictures/hosting/Hosting-1759995879707313217/original/f26201da-e549-458d-962a-4a0a96e9b403.jpeg"", ""https://a0.muscache.com/im/pictures/hosting/Hosting-1759995879707313217/original/a81f4aa1-ba84-4530-9182-3a7f068c5790.jpeg"", ""https://a0.muscache.com/im/pictures/hosting/Hosting-1759995879707313217/original/c152bb8b-9ea6-40d0-b9c2-f599c48ec5ef.jpeg"", ""https://a0.muscache.com/im/pictures/hosting/Hosting-1759995879707313217/original/9b6292ab-7ada-461a-9c86-3ab9d965c136.jpeg"", ""https://a0.muscache.com/im/pictures/hosting/Hosting-1759995879707313217/original/4bf2f553-e23a-468f-ac0d-da0a720acee6.jpeg"", ""https://a0.muscache.com/im/pictures/hosting/Hosting-1759995879707313217/original/d3d915c8-d5c1-4d40-85cb-52bbc5de41f5.jpeg"", ""https://a0.muscache.com/im/pictures/hosting/Hosting-1759995879707313217/original/9c3675d6-f533-4427-964b-4e0002f9511d.jpeg"", ""https://a0.muscache.com/im/pictures/hosting/Hosting-1759995879707313217/original/66bc21b4-d6dc-4c7c-bd93-bbfd0bfedbcc.jpeg"", ""https://a0.muscache.com/im/pictures/hosting/Hosting-1759995879707313217/original/4d298347-8ace-49b2-9b94-925c2e49f92e.jpeg"", ""https://a0.muscache.com/im/pictures/hosting/Hosting-1759995879707313217/original/9c1cdb06-4c03-40ae-a52e-83ede3437a00.jpeg"", ""https://a0.muscache.com/im/pictures/hosting/Hosting-1759995879707313217/original/58617963-4f40-49a4-910f-4c7ea6d70f09.jpeg"", ""https://a0.muscache.com/im/pictures/hosting/Hosting-1759995879707313217/original/d0dff3f3-5048-4c5e-a56b-c2e248217def.jpeg"", ""https://a0.muscache.com/im/pictures/hosting/Hosting-1759995879707313217/original/b86991cc-e1a6-42e1-a23c-cd728b8a475b.jpeg"", ""https://a0.muscache.com/im/pictures/hosting/Hosting-1759995879707313217/original/9e4d9a59-fd5b-4453-9629-d8c02ceb0af5.jpeg"", ""https://a0.muscache.com/im/pictures/hosting/Hosting-1759995879707313217/original/dc48d952-0610-4324-bff3-8d2d385c587b.jpeg"", ""https://a0.muscache.com/im/pictures/hosting/Hosting-1759995879707313217/original/8a793eec-289b-4861-b7ea-03aae019c8a8.jpeg""]",f,"[{""name"": ""Long"", ""avatar"": ""https://a0.muscache.com/im/pictures/user/avatar_long.jpg""}]","[{""name"": ""DECOR"", ""localizedName"": ""Trang trí"", ""count"": 4}, {""name"": ""INTERIOR"", ""localizedName"": ""Không gian bên trong"", ""count"": 7}, {""name"": ""CLEANLINESS"", ""localizedName"": ""Mức độ sạch sẽ"", ""count"": 14}, {""name"": ""LOCATION"", ""localizedName"": ""Địa điểm"", ""count"": 7}, {""name"": ""HOSPITALITY"", ""localizedName"": ""Hiếu khách"", ""count"": 8}]","[{""title"": ""Trải nghiệm nhận phòng xuất sắc"", ""subtitle"": ""Những khách ở gần đây đã xếp hạng 5 sao cho quy trình nhận phòng.""}, {""title"": ""Tự nhận phòng"", ""subtitle"": ""Tự nhận phòng với hộp khóa an toàn.""}]"
1736172089300728226,https://www.airbnb.com.vn/rooms/1736172089300728226,20260926000000,2026-09-26,city search,Gomstay/gần WestLake/Airyview/Ivory_Room,"Chào mừng bạn đến với Gomstay/gần WestLake/Airyview/Ivory_Room — một không gian lưu trú ấm cúng, sang trọng tọa lạc tại Quận Tây Hồ, Hà Nội.
Căn phòng tràn ngập ánh sáng tự nhiên với đầy đủ tiện nghi cao cấp, giường nệm êm ái, máy lạnh, TV và wifi tốc độ cao. Rất thuận tiện di chuyển tới các điểm tham quan, nhà hàng ẩm thực và quán cà phê nổi tiếng của Hà Nội.","Khu vực Quận Tây Hồ an ninh, văn minh, gần nhiều địa điểm ăn uống, mua sắm và giải trí sầm uất tại Hà Nội.",https://a0.muscache.com/im/pictures/hosting/Hosting-1736172089300728226/original/fe4b7b07-4f90-4d7d-812c-753d577557bc.png,47000025,https://www.airbnb.com.vn/users/show/47000025,Bella,2021-01-03,"Hà Nội, Việt Nam","Xin chào, tôi là Bella, đã có 5 năm kinh nghiệm làm host. Tôi yêu thích du lịch và luôn mong muốn đem lại trải nghiệm lưu trú thoải mái nhất cho khách.",trong vòng một giờ,100%,98%,f,https://a0.muscache.com/im/pictures/user/User-47000025/original/user_profile_5.jpeg,https://a0.muscache.com/im/pictures/user/User-47000025/original/user_profile_5.jpeg,Quận Tây Hồ,10,3,"['email', 'phone', 'work_email']",t,t,Quận Tây Hồ,Quận Tây Hồ,Hà Nội,21.0428,105.8186,Phòng riêng trong nhà,Private room,2,1.0,1 phòng tắm,1,1,"[""Bàn ủi / Bàn là"", ""Điều hòa nhiệt độ"", ""Wi-fi tốc độ cao"", ""Bếp đầy đủ tiện nghi"", ""Chỗ đỗ xe miễn phí trong khuôn viên"", ""Bồn tắm thư giãn"", ""Máy giặt"", ""Lò vi sóng"", ""TV màn hình phẳng"", ""Máy phát hiện khí CO"", ""Dầu gội & Sữa tắm"", ""Bộ chăn ga gối cao cấp"", ""Tủ lạnh"", ""Máy sấy tóc""]","₫650,000",1,1125,1,2,1125,1125,1.0,1125.0,today,t,19,52,73,237,2026-09-26,8,1,1,2026-05-29,2026-09-15,5.0,4.8,4.84,5.0,5.0,4.71,4.81,,f,2,0,1,0,4.23,"[""https://a0.muscache.com/im/pictures/hosting/Hosting-1736172089300728226/original/fe4b7b07-4f90-4d7d-812c-753d577557bc.png"", ""https://a0.muscache.com/im/pictures/hosting/Hosting-1736172089300728226/original/56ba255f-3c6c-4351-835c-ee0161d5cbdd.png"", ""https://a0.muscache.com/im/pictures/hosting/Hosting-1736172089300728226/original/e63fc49e-88ab-497a-8823-bed245a9b122.jpeg"", ""https://a0.muscache.com/im/pictures/hosting/Hosting-1736172089300728226/original/2444211b-c4cd-4df7-816c-3c2c91c70db9.png"", ""https://a0.muscache.com/im/pictures/hosting/Hosting-1736172089300728226/original/38540cab-ed2a-4824-a1ec-d5ba77208d63.png"", ""https://a0.muscache.com/im/pictures/hosting/Hosting-1736172089300728226/original/ebde92a8-bbc8-4b3a-97e1-a2bb4b65f521.png""]",t,"[{""name"": ""Long"", ""avatar"": ""https://a0.muscache.com/im/pictures/user/avatar_long.jpg""}, {""name"": ""Rùa"", ""avatar"": ""https://a0.muscache.com/im/pictures/user/avatar_rua.jpg""}]","[{""name"": ""DECOR"", ""localizedName"": ""Trang trí"", ""count"": 10}, {""name"": ""INTERIOR"", ""localizedName"": ""Không gian bên trong"", ""count"": 16}, {""name"": ""CLEANLINESS"", ""localizedName"": ""Mức độ sạch sẽ"", ""count"": 6}, {""name"": ""LOCATION"", ""localizedName"": ""Địa điểm"", ""count"": 20}, {""name"": ""HOSPITALITY"", ""localizedName"": ""Hiếu khách"", ""count"": 2}]","[{""title"": ""Trải nghiệm nhận phòng xuất sắc"", ""subtitle"": ""Những khách ở gần đây đã xếp hạng 5 sao cho quy trình nhận phòng.""}, {""title"": ""Tự nhận phòng"", ""subtitle"": ""Tự nhận phòng với hộp khóa an toàn.""}]"
1751232216137599974,https://www.airbnb.com.vn/rooms/1751232216137599974,20260926000000,2026-09-26,city search,Louisiana * 10 phút đến Khu phố cổ,"Chào mừng bạn đến với Louisiana * 10 phút đến Khu phố cổ — một không gian lưu trú ấm cúng, sang trọng tọa lạc tại Quận Thanh Xuân, Hà Nội.
Căn phòng tràn ngập ánh sáng tự nhiên với đầy đủ tiện nghi cao cấp, giường nệm êm ái, máy lạnh, TV và wifi tốc độ cao. Rất thuận tiện di chuyển tới các điểm tham quan, nhà hàng ẩm thực và quán cà phê nổi tiếng của Hà Nội.","Khu vực Quận Thanh Xuân an ninh, văn minh, gần nhiều địa điểm ăn uống, mua sắm và giải trí sầm uất tại Hà Nội.",https://a0.muscache.com/im/pictures/hosting/Hosting-1751232216137599974/original/bcd4af28-991c-4892-b47e-450554d0f935.jpeg,47000026,https://www.airbnb.com.vn/users/show/47000026,Tony,2021-06-19,"Hà Nội, Việt Nam","Xin chào, tôi là Tony, đã có 5 năm kinh nghiệm làm host. Tôi yêu thích du lịch và luôn mong muốn đem lại trải nghiệm lưu trú thoải mái nhất cho khách.",trong vòng một giờ,100%,98%,t,https://a0.muscache.com/im/pictures/user/User-47000026/original/user_profile_6.jpeg,https://a0.muscache.com/im/pictures/user/User-47000026/original/user_profile_6.jpeg,Quận Thanh Xuân,5,2,"['email', 'phone', 'work_email']",t,t,Quận Thanh Xuân,Quận Thanh Xuân,Hà Nội,21.0456,105.8691,Toàn bộ căn hộ cho thuê,Entire home/apt,2,1.0,1 phòng tắm,1,1,"[""Dầu gội & Sữa tắm"", ""Bồn tắm thư giãn"", ""Bếp đầy đủ tiện nghi"", ""Bàn ủi / Bàn là"", ""Thang máy"", ""Máy sấy tóc"", ""Chỗ đỗ xe miễn phí trong khuôn viên"", ""Không gian riêng để làm việc"", ""Tự nhận phòng với hộp khóa an toàn"", ""Bộ chăn ga gối cao cấp"", ""TV màn hình phẳng"", ""Ban công ngắm cảnh"", ""Bể bơi"", ""Wi-fi tốc độ cao"", ""Điều hòa nhiệt độ"", ""Máy phát hiện khí CO"", ""Máy báo khói""]","₫374,600",1,1125,1,2,1125,1125,1.0,1125.0,today,t,16,40,76,274,2026-09-26,111,40,3,2023-06-14,2026-09-24,4.85,4.95,4.93,5.0,5.0,4.78,4.92,,t,2,2,0,0,1.96,"[""https://a0.muscache.com/im/pictures/hosting/Hosting-1751232216137599974/original/bcd4af28-991c-4892-b47e-450554d0f935.jpeg"", ""https://a0.muscache.com/im/pictures/hosting/Hosting-1751232216137599974/original/6d8834e3-6581-4009-ad25-5faa371e1091.jpeg"", ""https://a0.muscache.com/im/pictures/hosting/Hosting-1751232216137599974/original/76484ff4-bc59-48e1-aa28-cbab24292267.jpeg"", ""https://a0.muscache.com/im/pictures/hosting/Hosting-1751232216137599974/original/b5a60d62-10bc-40d1-bd69-5c47c325b3c6.jpeg"", ""https://a0.muscache.com/im/pictures/hosting/Hosting-1751232216137599974/original/dbb58673-2485-4a6f-843d-2dcf8d8b44d6.jpeg"", ""https://a0.muscache.com/im/pictures/hosting/Hosting-1751232216137599974/original/6ed789bb-7048-4ec8-9365-457e391138fb.jpeg"", ""https://a0.muscache.com/im/pictures/hosting/Hosting-1751232216137599974/original/72cc4809-4507-45b0-8f14-390360bd564d.jpeg"", ""https://a0.muscache.com/im/pictures/hosting/Hosting-1751232216137599974/original/b0eb7c32-c11a-4e35-9a5c-05ee6996bb0c.jpeg"", ""https://a0.muscache.com/im/pictures/hosting/Hosting-1751232216137599974/original/19edf129-e5f1-4bff-8020-26d5a2a597be.jpeg"", ""https://a0.muscache.com/im/pictures/hosting/Hosting-1751232216137599974/original/94ad7610-28c4-462d-942f-aa9187421bab.jpeg"", ""https://a0.muscache.com/im/pictures/hosting/Hosting-1751232216137599974/original/740173d2-0a06-462b-ae4c-d735cdbf2b2e.jpeg"", ""https://a0.muscache.com/im/pictures/hosting/Hosting-1751232216137599974/original/7850e191-8bae-4540-a882-e30f314536a3.jpeg"", ""https://a0.muscache.com/im/pictures/hosting/Hosting-1751232216137599974/original/5f38f6e5-0b63-4a9f-bc43-75417e1d5ecf.jpeg"", ""https://a0.muscache.com/im/pictures/hosting/Hosting-1751232216137599974/original/3fe29f3b-e27f-4ed7-be62-b318468f8025.jpeg"", ""https://a0.muscache.com/im/pictures/hosting/Hosting-1751232216137599974/original/0f1a2533-14ea-4bb3-825d-227501fc16fc.jpeg""]",f,"[{""name"": ""Cindy"", ""avatar"": ""https://a0.muscache.com/im/pictures/user/avatar_cindy.jpg""}, {""name"": ""Rùa"", ""avatar"": ""https://a0.muscache.com/im/pictures/user/avatar_rua.jpg""}]","[{""name"": ""DECOR"", ""localizedName"": ""Trang trí"", ""count"": 4}, {""name"": ""INTERIOR"", ""localizedName"": ""Không gian bên trong"", ""count"": 20}, {""name"": ""CLEANLINESS"", ""localizedName"": ""Mức độ sạch sẽ"", ""count"": 7}, {""name"": ""LOCATION"", ""localizedName"": ""Địa điểm"", ""count"": 12}, {""name"": ""HOSPITALITY"", ""localizedName"": ""Hiếu khách"", ""count"": 14}]","[{""title"": ""Trải nghiệm nhận phòng xuất sắc"", ""subtitle"": ""Những khách ở gần đây đã xếp hạng 5 sao cho quy trình nhận phòng.""}, {""title"": ""Tự nhận phòng"", ""subtitle"": ""Tự nhận phòng với hộp khóa an toàn.""}]"
1777449033968690301,https://www.airbnb.com.vn/rooms/1777449033968690301,20260926000000,2026-09-26,city search,LotusOasisTheElegenceBigHouse220m2/4PN/3WC/Hồ bơi,"Chào mừng bạn đến với LotusOasisTheElegenceBigHouse220m2/4PN/3WC/Hồ bơi — một không gian lưu trú ấm cúng, sang trọng tọa lạc tại Quận Hoàn Kiếm, Hà Nội.
Căn phòng tràn ngập ánh sáng tự nhiên với đầy đủ tiện nghi cao cấp, giường nệm êm ái, máy lạnh, TV và wifi tốc độ cao. Rất thuận tiện di chuyển tới các điểm tham quan, nhà hàng ẩm thực và quán cà phê nổi tiếng của Hà Nội.","Khu vực Quận Hoàn Kiếm an ninh, văn minh, gần nhiều địa điểm ăn uống, mua sắm và giải trí sầm uất tại Hà Nội.",https://a0.muscache.com/im/pictures/hosting/Hosting-1777449033968690301/original/0d92d8c0-cb8b-4a6d-a8a5-c755dad1bc44.png,47000027,https://www.airbnb.com.vn/users/show/47000027,Anna,2022-08-27,"Hà Nội, Việt Nam","Xin chào, tôi là Anna, đã có 4 năm kinh nghiệm làm host. Tôi yêu thích du lịch và luôn mong muốn đem lại trải nghiệm lưu trú thoải mái nhất cho khách.",trong vòng một giờ,100%,98%,f,https://a0.muscache.com/im/pictures/user/User-47000027/original/user_profile_7.jpeg,https://a0.muscache.com/im/pictures/user/User-47000027/original/user_profile_7.jpeg,Quận Hoàn Kiếm,10,2,"['email', 'phone', 'work_email']",t,t,Quận Hoàn Kiếm,Quận Hoàn Kiếm,Hà Nội,21.0227,105.8597,Toàn bộ nhà,Entire home/apt,12,3.0,3 phòng tắm đầy đủ và 1 phòng vệ sinh cơ bản,4,6,"[""Dầu gội & Sữa tắm"", ""Tủ lạnh"", ""Tự nhận phòng với hộp khóa an toàn"", ""Máy báo khói"", ""Bồn tắm thư giãn"", ""Wi-fi tốc độ cao"", ""Thang máy"", ""Lò vi sóng"", ""Máy phát hiện khí CO"", ""Máy sấy tóc"", ""Ban công ngắm cảnh"", ""Bếp đầy đủ tiện nghi"", ""Máy giặt"", ""Bể bơi"", ""TV màn hình phẳng"", ""Bộ chăn ga gối cao cấp"", ""Chỗ đỗ xe miễn phí trong khuôn viên"", ""Không gian riêng để làm việc"", ""Điều hòa nhiệt độ"", ""Bàn ủi / Bàn là""]","₫3,084,000",1,1125,1,2,1125,1125,1.0,1125.0,today,t,25,54,83,242,2026-09-26,173,17,5,2023-06-14,2026-09-24,4.85,4.95,4.92,5.0,5.0,4.86,4.9,,f,2,2,0,0,3.57,"[""https://a0.muscache.com/im/pictures/hosting/Hosting-1777449033968690301/original/0d92d8c0-cb8b-4a6d-a8a5-c755dad1bc44.png"", ""https://a0.muscache.com/im/pictures/hosting/Hosting-1777449033968690301/original/008745a4-99d6-4ddb-8c31-48cfb92e8050.png"", ""https://a0.muscache.com/im/pictures/hosting/Hosting-1777449033968690301/original/78aaa4af-9870-4952-b26a-8796a8caff1d.png"", ""https://a0.muscache.com/im/pictures/hosting/Hosting-1777449033968690301/original/d7a80612-dd30-4459-8351-2a98600cc30a.png"", ""https://a0.muscache.com/im/pictures/hosting/Hosting-1777449033968690301/original/59f603c4-12c6-45be-ae04-fc1e7abcd7d9.png"", ""https://a0.muscache.com/im/pictures/hosting/Hosting-1777449033968690301/original/bf1c0e01-6d8f-406a-9763-f5f5a8b01f6a.jpeg"", ""https://a0.muscache.com/im/pictures/hosting/Hosting-1777449033968690301/original/1a01a76c-9be9-4688-adcd-b3efb305b45c.jpeg"", ""https://a0.muscache.com/im/pictures/hosting/Hosting-1777449033968690301/original/2befb756-9e2a-4825-90d7-9fb80afc7dca.png"", ""https://a0.muscache.com/im/pictures/hosting/Hosting-1777449033968690301/original/39afe029-de65-4010-9943-8576aa641da3.png"", ""https://a0.muscache.com/im/pictures/hosting/Hosting-1777449033968690301/original/c7d72eb1-251f-4716-adda-da12cb5de93a.png"", ""https://a0.muscache.com/im/pictures/hosting/Hosting-1777449033968690301/original/3aa14044-e364-4b03-8ff8-aefe037d8d7b.png"", ""https://a0.muscache.com/im/pictures/hosting/Hosting-1777449033968690301/original/ea9a5e22-39ff-4408-817f-1f2a36ef83b1.png"", ""https://a0.muscache.com/im/pictures/hosting/Hosting-1777449033968690301/original/d1fca4f3-87f9-4848-a304-eeaaee4709c6.png"", ""https://a0.muscache.com/im/pictures/hosting/Hosting-1777449033968690301/original/b2a8e113-f3d3-46fa-8c8b-5e49f7e55ece.png"", ""https://a0.muscache.com/im/pictures/hosting/Hosting-1777449033968690301/original/7181d014-768a-479b-b45f-be7114067e44.png"", ""https://a0.muscache.com/im/pictures/hosting/Hosting-1777449033968690301/original/e85e94c0-8a03-4a34-9610-fe403e3616b4.png"", ""https://a0.muscache.com/im/pictures/hosting/Hosting-1777449033968690301/original/f35bb011-e824-44a3-b1ab-366a71cff21d.png"", ""https://a0.muscache.com/im/pictures/hosting/Hosting-1777449033968690301/original/2f08b389-c81e-4f44-9bd0-4e0cab649343.png"", ""https://a0.muscache.com/im/pictures/hosting/Hosting-1777449033968690301/original/84f73adc-2437-4b35-8fba-b14dabe3fe4c.png"", ""https://a0.muscache.com/im/pictures/hosting/Hosting-1777449033968690301/original/847d599f-dc8d-4612-8083-6e81fb141c40.png"", ""https://a0.muscache.com/im/pictures/hosting/Hosting-1777449033968690301/original/db649dbf-25d2-40e9-9f96-d8d1b2901015.png"", ""https://a0.muscache.com/im/pictures/hosting/Hosting-1777449033968690301/original/254fb603-5b75-45d9-9569-08cccbffc881.png"", ""https://a0.muscache.com/im/pictures/hosting/Hosting-1777449033968690301/original/b9bdd975-1ca6-45f7-ab93-42e4fd638ff8.png"", ""https://a0.muscache.com/im/pictures/hosting/Hosting-1777449033968690301/original/fbe6c460-1671-4175-9587-e2c056636501.png"", ""https://a0.muscache.com/im/pictures/hosting/Hosting-1777449033968690301/original/a6f15a54-2745-45e6-938b-d974776eeedd.png"", ""https://a0.muscache.com/im/pictures/hosting/Hosting-1777449033968690301/original/34ad256e-887b-4094-857c-cfeb6b53738e.png"", ""https://a0.muscache.com/im/pictures/hosting/Hosting-1777449033968690301/original/9c9d570e-eef5-4db0-bc46-20fb4704999b.png"", ""https://a0.muscache.com/im/pictures/hosting/Hosting-1777449033968690301/original/59ed068f-feee-4202-a733-6e6b6ce65d12.png"", ""https://a0.muscache.com/im/pictures/hosting/Hosting-1777449033968690301/original/d91248fb-ab9c-4402-832b-3d4bce0c02db.png""]",f,"[{""name"": ""Dang Nguyen"", ""avatar"": ""https://a0.muscache.com/im/pictures/user/avatar_dang.jpg""}, {""name"": ""Cindy"", ""avatar"": ""https://a0.muscache.com/im/pictures/user/avatar_cindy.jpg""}]","[{""name"": ""DECOR"", ""localizedName"": ""Trang trí"", ""count"": 6}, {""name"": ""INTERIOR"", ""localizedName"": ""Không gian bên trong"", ""count"": 13}, {""name"": ""CLEANLINESS"", ""localizedName"": ""Mức độ sạch sẽ"", ""count"": 24}, {""name"": ""LOCATION"", ""localizedName"": ""Địa điểm"", ""count"": 10}, {""name"": ""HOSPITALITY"", ""localizedName"": ""Hiếu khách"", ""count"": 12}]","[{""title"": ""Trải nghiệm nhận phòng xuất sắc"", ""subtitle"": ""Những khách ở gần đây đã xếp hạng 5 sao cho quy trình nhận phòng.""}, {""title"": ""Tự nhận phòng"", ""subtitle"": ""Tự nhận phòng với hộp khóa an toàn.""}]"
1695758140663442489,https://www.airbnb.com.vn/rooms/1695758140663442489,20260926000000,2026-09-26,city search,Sống ở Khu phố cổ 18| Hoàn Kiếm | Ban công,"Chào mừng bạn đến với Sống ở Khu phố cổ 18| Hoàn Kiếm | Ban công — một không gian lưu trú ấm cúng, sang trọng tọa lạc tại Quận Ba Đình, Hà Nội.
Căn phòng tràn ngập ánh sáng tự nhiên với đầy đủ tiện nghi cao cấp, giường nệm êm ái, máy lạnh, TV và wifi tốc độ cao. Rất thuận tiện di chuyển tới các điểm tham quan, nhà hàng ẩm thực và quán cà phê nổi tiếng của Hà Nội.","Khu vực Quận Ba Đình an ninh, văn minh, gần nhiều địa điểm ăn uống, mua sắm và giải trí sầm uất tại Hà Nội.",https://a0.muscache.com/im/pictures/hosting/Hosting-1695758140663442489/original/1aac71f0-be2a-4d8f-bc28-025dda2a89c3.jpeg,47000028,https://www.airbnb.com.vn/users/show/47000028,David,2021-05-23,"Hà Nội, Việt Nam","Xin chào, tôi là David, đã có 5 năm kinh nghiệm làm host. Tôi yêu thích du lịch và luôn mong muốn đem lại trải nghiệm lưu trú thoải mái nhất cho khách.",trong vòng một giờ,100%,98%,t,https://a0.muscache.com/im/pictures/user/User-47000028/original/user_profile_8.jpeg,https://a0.muscache.com/im/pictures/user/User-47000028/original/user_profile_8.jpeg,Quận Ba Đình,8,6,"['email', 'phone', 'work_email']",t,t,Quận Ba Đình,Quận Ba Đình,Hà Nội,21.027652005534254,105.84235508412326,Toàn bộ nhà,Entire home/apt,2,1.0,1 phòng tắm,1,1,"[""Tự nhận phòng với hộp khóa an toàn"", ""Bếp đầy đủ tiện nghi"", ""Điều hòa nhiệt độ"", ""Thang máy"", ""Bàn ủi / Bàn là"", ""Bộ chăn ga gối cao cấp"", ""Dầu gội & Sữa tắm"", ""Bể bơi"", ""Máy báo khói"", ""Máy giặt"", ""Tủ lạnh"", ""Ban công ngắm cảnh"", ""Bồn tắm thư giãn"", ""Chỗ đỗ xe miễn phí trong khuôn viên"", ""Lò vi sóng"", ""Máy phát hiện khí CO"", ""Máy sấy tóc"", ""TV màn hình phẳng"", ""Wi-fi tốc độ cao""]","₫1,500,000",1,1125,1,2,1125,1125,1.0,1125.0,today,t,12,46,52,243,2026-09-26,21,20,4,2025-11-15,2026-09-18,4.95,4.83,4.87,5.0,5.0,4.89,4.82,,t,2,2,0,0,1.36,"[""https://a0.muscache.com/im/pictures/hosting/Hosting-1695758140663442489/original/1aac71f0-be2a-4d8f-bc28-025dda2a89c3.jpeg"", ""https://a0.muscache.com/im/pictures/hosting/Hosting-1695758140663442489/original/7f55a879-4bd4-4dc6-8678-3781d4a1c741.jpeg"", ""https://a0.muscache.com/im/pictures/hosting/Hosting-1695758140663442489/original/cae1c35b-d716-439d-8459-961377b37953.jpeg"", ""https://a0.muscache.com/im/pictures/hosting/Hosting-1695758140663442489/original/f6afb36e-f271-4dbe-9534-61d994d48b73.jpeg"", ""https://a0.muscache.com/im/pictures/hosting/Hosting-1695758140663442489/original/b8d61a76-8be4-4da2-a67f-e8172abd74f2.png"", ""https://a0.muscache.com/im/pictures/hosting/Hosting-1695758140663442489/original/bbbcb271-43f4-4aba-b7fa-e7f1a0879131.png"", ""https://a0.muscache.com/im/pictures/hosting/Hosting-1695758140663442489/original/eaedd468-c549-4581-be89-9bce381be35a.jpeg"", ""https://a0.muscache.com/im/pictures/hosting/Hosting-1695758140663442489/original/764ac8b4-aa8f-4965-9350-2623989332a1.png"", ""https://a0.muscache.com/im/pictures/hosting/Hosting-1695758140663442489/original/7dfffe07-934b-4b19-ae1e-8e5ffc3b5a5f.jpeg"", ""https://a0.muscache.com/im/pictures/hosting/Hosting-1695758140663442489/original/d8032f3b-928a-4aa1-9b9d-2cafb08c19c1.jpeg"", ""https://a0.muscache.com/im/pictures/hosting/Hosting-1695758140663442489/original/361045f7-df1a-4a39-84ed-10fe0a931ea3.jpeg"", ""https://a0.muscache.com/im/pictures/hosting/Hosting-1695758140663442489/original/32f0a93f-cbac-438c-90b1-1ff8d0283c9c.jpeg"", ""https://a0.muscache.com/im/pictures/hosting/Hosting-1695758140663442489/original/9877f67c-2141-4472-a144-8d6e1cd81926.png"", ""https://a0.muscache.com/im/pictures/hosting/Hosting-1695758140663442489/original/e9b0b8b5-141e-4181-9fb8-087ed2e4c9c6.png"", ""https://a0.muscache.com/im/pictures/hosting/Hosting-1695758140663442489/original/67035df9-78ab-4cf2-89c2-456b6f8425f6.jpeg"", ""https://a0.muscache.com/im/pictures/hosting/Hosting-1695758140663442489/original/27eba34f-6ea9-49fc-89f2-ca9134f8c5b1.jpeg"", ""https://a0.muscache.com/im/pictures/hosting/Hosting-1695758140663442489/original/f4cdc260-6ebd-490d-9641-46690fac632e.jpeg"", ""https://a0.muscache.com/im/pictures/hosting/Hosting-1695758140663442489/original/39e52629-c8f2-41c6-ba5c-a9db884ad9c2.jpeg"", ""https://a0.muscache.com/im/pictures/hosting/Hosting-1695758140663442489/original/fb85358d-8329-4609-b9ff-645fad258e16.jpeg"", ""https://a0.muscache.com/im/pictures/hosting/Hosting-1695758140663442489/original/9f279a15-9598-4691-844d-afed5700e73d.png"", ""https://a0.muscache.com/im/pictures/hosting/Hosting-1695758140663442489/original/1f65c965-45ac-43ec-bbb1-a86af9cf6463.jpeg"", ""https://a0.muscache.com/im/pictures/hosting/Hosting-1695758140663442489/original/6132d2b4-81a1-4881-9e72-54ef5d41e404.jpeg"", ""https://a0.muscache.com/im/pictures/hosting/Hosting-1695758140663442489/original/d2139445-03d7-44ae-bffc-10eadb715777.jpeg"", ""https://a0.muscache.com/im/pictures/hosting/Hosting-1695758140663442489/original/43ebd296-8471-4f75-b089-16709de8a7a9.jpeg"", ""https://a0.muscache.com/im/pictures/hosting/Hosting-1695758140663442489/original/ecb82211-6e51-4674-8549-d53fb3ea5fd5.jpeg"", ""https://a0.muscache.com/im/pictures/hosting/Hosting-1695758140663442489/original/ff83066b-13f7-446e-84a9-4eb83ac54117.jpeg"", ""https://a0.muscache.com/im/pictures/hosting/Hosting-1695758140663442489/original/3d940c05-ab26-4ee2-858f-af86eceb8081.jpeg"", ""https://a0.muscache.com/im/pictures/hosting/Hosting-1695758140663442489/original/61e30be5-1b89-4e1d-a95c-9a5f75b67a03.jpeg"", ""https://a0.muscache.com/im/pictures/hosting/Hosting-1695758140663442489/original/b53c59c2-5484-4881-8604-ef7c4318906f.jpeg""]",t,"[{""name"": ""Long"", ""avatar"": ""https://a0.muscache.com/im/pictures/user/avatar_long.jpg""}]","[{""name"": ""DECOR"", ""localizedName"": ""Trang trí"", ""count"": 9}, {""name"": ""INTERIOR"", ""localizedName"": ""Không gian bên trong"", ""count"": 17}, {""name"": ""CLEANLINESS"", ""localizedName"": ""Mức độ sạch sẽ"", ""count"": 20}, {""name"": ""LOCATION"", ""localizedName"": ""Địa điểm"", ""count"": 12}, {""name"": ""HOSPITALITY"", ""localizedName"": ""Hiếu khách"", ""count"": 3}]","[{""title"": ""Trải nghiệm nhận phòng xuất sắc"", ""subtitle"": ""Những khách ở gần đây đã xếp hạng 5 sao cho quy trình nhận phòng.""}, {""title"": ""Tự nhận phòng"", ""subtitle"": ""Tự nhận phòng với hộp khóa an toàn.""}]"
1755704523360395088,https://www.airbnb.com.vn/rooms/1755704523360395088,20260926000000,2026-09-26,city search,Rum Home | 302 Nguyễn Khang | Amoureux Homestay,"Chào mừng bạn đến với Rum Home | 302 Nguyễn Khang | Amoureux Homestay — một không gian lưu trú ấm cúng, sang trọng tọa lạc tại Quận Cầu Giấy, Hà Nội.
Căn phòng tràn ngập ánh sáng tự nhiên với đầy đủ tiện nghi cao cấp, giường nệm êm ái, máy lạnh, TV và wifi tốc độ cao. Rất thuận tiện di chuyển tới các điểm tham quan, nhà hàng ẩm thực và quán cà phê nổi tiếng của Hà Nội.","Khu vực Quận Cầu Giấy an ninh, văn minh, gần nhiều địa điểm ăn uống, mua sắm và giải trí sầm uất tại Hà Nội.",https://a0.muscache.com/im/pictures/hosting/Hosting-1755704523360395088/original/b0596bad-4398-4563-9a20-6a3dcaea7aae.jpeg,47000029,https://www.airbnb.com.vn/users/show/47000029,Mia,2025-08-09,"Hà Nội, Việt Nam","Xin chào, tôi là Mia, đã có 1 năm kinh nghiệm làm host. Tôi yêu thích du lịch và luôn mong muốn đem lại trải nghiệm lưu trú thoải mái nhất cho khách.",trong vòng một giờ,100%,98%,f,https://a0.muscache.com/im/pictures/user/User-47000029/original/user_profile_9.jpeg,https://a0.muscache.com/im/pictures/user/User-47000029/original/user_profile_9.jpeg,Quận Cầu Giấy,9,1,"['email', 'phone', 'work_email']",t,t,Quận Cầu Giấy,Quận Cầu Giấy,Hà Nội,21.0293,105.7981,Toàn bộ căn hộ cho thuê,Entire home/apt,2,1.0,1 phòng tắm,1,1,"[""Không gian riêng để làm việc"", ""Điều hòa nhiệt độ"", ""Ban công ngắm cảnh"", ""Bể bơi"", ""Bàn ủi / Bàn là"", ""Máy giặt"", ""Thang máy"", ""Wi-fi tốc độ cao"", ""Máy phát hiện khí CO"", ""Máy sấy tóc"", ""Bếp đầy đủ tiện nghi"", ""Bồn tắm thư giãn"", ""Máy báo khói"", ""Bộ chăn ga gối cao cấp"", ""Chỗ đỗ xe miễn phí trong khuôn viên"", ""Tủ lạnh"", ""TV màn hình phẳng""]","₫623,624",1,1125,1,2,1125,1125,1.0,1125.0,today,t,13,56,69,319,2026-09-26,99,10,3,2023-06-14,2026-09-24,4.85,4.87,4.94,5.0,5.0,4.9,4.75,,f,2,2,0,0,1.66,"[""https://a0.muscache.com/im/pictures/hosting/Hosting-1755704523360395088/original/b0596bad-4398-4563-9a20-6a3dcaea7aae.jpeg"", ""https://a0.muscache.com/im/pictures/hosting/Hosting-1755704523360395088/original/530385ce-bfcd-41a4-817b-f6deebb4b080.jpeg"", ""https://a0.muscache.com/im/pictures/hosting/Hosting-1755704523360395088/original/68b3a8e3-6701-42d9-8e06-eacb2efddd61.jpeg"", ""https://a0.muscache.com/im/pictures/hosting/Hosting-1755704523360395088/original/fd71162e-2c9f-4683-b617-43e8c30f8bdd.jpeg"", ""https://a0.muscache.com/im/pictures/hosting/Hosting-1755704523360395088/original/8dab67bd-6756-4c10-bd77-5b671cec5412.jpeg"", ""https://a0.muscache.com/im/pictures/hosting/Hosting-1755704523360395088/original/9270c3ec-7517-4eb1-9ac9-8c10c857b6a7.jpeg"", ""https://a0.muscache.com/im/pictures/hosting/Hosting-1755704523360395088/original/af54a35a-8b81-4fea-b647-9ba317909a6a.jpeg"", ""https://a0.muscache.com/im/pictures/hosting/Hosting-1755704523360395088/original/3814f198-3ce3-46c2-9980-c1cd449cd226.jpeg"", ""https://a0.muscache.com/im/pictures/hosting/Hosting-1755704523360395088/original/2893b498-15c6-4314-a2f8-76d229e09339.jpeg"", ""https://a0.muscache.com/im/pictures/hosting/Hosting-1755704523360395088/original/5baee836-6c6e-4c05-997f-c0e4419316ca.jpeg"", ""https://a0.muscache.com/im/pictures/hosting/Hosting-1755704523360395088/original/f1ee06a6-a724-444c-9271-8abcd49b58f6.jpeg""]",f,"[{""name"": ""Dang Nguyen"", ""avatar"": ""https://a0.muscache.com/im/pictures/user/avatar_dang.jpg""}]","[{""name"": ""DECOR"", ""localizedName"": ""Trang trí"", ""count"": 14}, {""name"": ""INTERIOR"", ""localizedName"": ""Không gian bên trong"", ""count"": 17}, {""name"": ""CLEANLINESS"", ""localizedName"": ""Mức độ sạch sẽ"", ""count"": 9}, {""name"": ""LOCATION"", ""localizedName"": ""Địa điểm"", ""count"": 3}, {""name"": ""HOSPITALITY"", ""localizedName"": ""Hiếu khách"", ""count"": 7}]","[{""title"": ""Trải nghiệm nhận phòng xuất sắc"", ""subtitle"": ""Những khách ở gần đây đã xếp hạng 5 sao cho quy trình nhận phòng.""}, {""title"": ""Tự nhận phòng"", ""subtitle"": ""Tự nhận phòng với hộp khóa an toàn.""}]"
1776920295927710439,https://www.airbnb.com.vn/rooms/1776920295927710439,20260926000000,2026-09-26,city search,Tàu hỏa|Trung tâm|Thang máy|Máy giặt|Bồn tắm sục|PatchaHaus,"Chào mừng bạn đến với Tàu hỏa|Trung tâm|Thang máy|Máy giặt|Bồn tắm sục|PatchaHaus — một không gian lưu trú ấm cúng, sang trọng tọa lạc tại Quận Hai Bà Trưng, Hà Nội.
Căn phòng tràn ngập ánh sáng tự nhiên với đầy đủ tiện nghi cao cấp, giường nệm êm ái, máy lạnh, TV và wifi tốc độ cao. Rất thuận tiện di chuyển tới các điểm tham quan, nhà hàng ẩm thực và quán cà phê nổi tiếng của Hà Nội.","Khu vực Quận Hai Bà Trưng an ninh, văn minh, gần nhiều địa điểm ăn uống, mua sắm và giải trí sầm uất tại Hà Nội.",https://a0.muscache.com/im/pictures/hosting/Hosting-1776920295927710439/original/d310f178-08c2-482b-81d3-21379c097205.jpeg,47000030,https://www.airbnb.com.vn/users/show/47000030,Minh,2022-08-03,"Hà Nội, Việt Nam","Xin chào, tôi là Minh, đã có 4 năm kinh nghiệm làm host. Tôi yêu thích du lịch và luôn mong muốn đem lại trải nghiệm lưu trú thoải mái nhất cho khách.",trong vòng một giờ,100%,98%,t,https://a0.muscache.com/im/pictures/user/User-47000030/original/user_profile_0.jpeg,https://a0.muscache.com/im/pictures/user/User-47000030/original/user_profile_0.jpeg,Quận Hai Bà Trưng,9,7,"['email', 'phone', 'work_email']",t,t,Quận Hai Bà Trưng,Quận Hai Bà Trưng,Hà Nội,21.0304,105.8419,Toàn bộ căn hộ cho thuê,Entire home/apt,4,1.0,1 phòng tắm,1,2,"[""Wi-fi tốc độ cao"", ""Bếp đầy đủ tiện nghi"", ""Bàn ủi / Bàn là"", ""Dầu gội & Sữa tắm"", ""Máy phát hiện khí CO"", ""Máy báo khói"", ""Lò vi sóng"", ""Bộ chăn ga gối cao cấp"", ""Máy giặt"", ""Điều hòa nhiệt độ"", ""Không gian riêng để làm việc"", ""Tự nhận phòng với hộp khóa an toàn"", ""Thang máy"", ""TV màn hình phẳng"", ""Máy sấy tóc"", ""Tủ lạnh"", ""Bồn tắm thư giãn""]","₫1,570,000",1,1125,1,2,1125,1125,1.0,1125.0,today,t,13,40,79,331,2026-09-26,16,3,4,2026-01-29,2026-09-22,4.85,4.99,4.89,5.0,5.0,4.99,4.77,,t,2,2,0,0,4.5,"[""https://a0.muscache.com/im/pictures/hosting/Hosting-1776920295927710439/original/d310f178-08c2-482b-81d3-21379c097205.jpeg"", ""https://a0.muscache.com/im/pictures/hosting/Hosting-1776920295927710439/original/d4393391-b943-4f82-8163-a9e0ba47afe1.jpeg"", ""https://a0.muscache.com/im/pictures/hosting/Hosting-1776920295927710439/original/bf22554d-c4a6-4f99-8706-b08b3bb16406.jpeg"", ""https://a0.muscache.com/im/pictures/hosting/Hosting-1776920295927710439/original/d7736c27-fe48-4856-92b3-4b43bf827e37.jpeg"", ""https://a0.muscache.com/im/pictures/hosting/Hosting-1776920295927710439/original/be6eb120-82b1-432b-9519-7ec502157d97.jpeg"", ""https://a0.muscache.com/im/pictures/hosting/Hosting-1776920295927710439/original/ab3662af-3cde-4494-a9c9-e367a37c422c.jpeg"", ""https://a0.muscache.com/im/pictures/hosting/Hosting-1776920295927710439/original/3b856d90-d47f-48d4-9bf2-c7a45cbafd18.jpeg"", ""https://a0.muscache.com/im/pictures/hosting/Hosting-1776920295927710439/original/0ed325e7-c4c4-492d-83b6-8a1b60cc34e1.jpeg"", ""https://a0.muscache.com/im/pictures/hosting/Hosting-1776920295927710439/original/9e8c24b5-1cd8-4ac3-ba2a-465c8f7985ba.jpeg"", ""https://a0.muscache.com/im/pictures/hosting/Hosting-1776920295927710439/original/e2483f2c-8c86-4662-9368-5b43683cebd3.jpeg"", ""https://a0.muscache.com/im/pictures/hosting/Hosting-1776920295927710439/original/359986cc-3144-4463-a54f-6f4e82e3ce51.jpeg"", ""https://a0.muscache.com/im/pictures/hosting/Hosting-1776920295927710439/original/84a8c999-0d89-49eb-a020-2451d9fa723d.jpeg"", ""https://a0.muscache.com/im/pictures/hosting/Hosting-1776920295927710439/original/5071107d-72be-4852-b05a-3c4920ecd153.jpeg"", ""https://a0.muscache.com/im/pictures/hosting/Hosting-1776920295927710439/original/247b0030-0d36-4438-a5ba-b1e317ceeeab.jpeg"", ""https://a0.muscache.com/im/pictures/hosting/Hosting-1776920295927710439/original/c1b7e133-c1c1-4c1f-83f7-11e372b5f768.jpeg"", ""https://a0.muscache.com/im/pictures/hosting/Hosting-1776920295927710439/original/e4da54f1-ef43-447b-b208-20bd5bb38327.jpeg"", ""https://a0.muscache.com/im/pictures/hosting/Hosting-1776920295927710439/original/ca492757-e030-457e-81b4-d2be3ed966de.jpeg"", ""https://a0.muscache.com/im/pictures/hosting/Hosting-1776920295927710439/original/5ec54999-cacc-4149-8d2d-ca90b750e31a.jpeg"", ""https://a0.muscache.com/im/pictures/hosting/Hosting-1776920295927710439/original/c8eab59f-0b18-4230-818d-9752e181c41e.jpeg"", ""https://a0.muscache.com/im/pictures/hosting/Hosting-1776920295927710439/original/63d5593a-f73b-4786-92f3-bc1c9b1f166d.png"", ""https://a0.muscache.com/im/pictures/hosting/Hosting-1776920295927710439/original/f1c25406-9861-486e-8567-b8ff2c22c9f6.jpeg"", ""https://a0.muscache.com/im/pictures/hosting/Hosting-1776920295927710439/original/cc73705e-c921-4306-8b1c-b01e6d13c985.jpeg"", ""https://a0.muscache.com/im/pictures/hosting/Hosting-1776920295927710439/original/5390775a-52fa-4376-8a29-c4af067e6e2a.jpeg"", ""https://a0.muscache.com/im/pictures/hosting/Hosting-1776920295927710439/original/7c83fbb3-7fda-433a-9cb1-2c9a14e8f485.jpeg"", ""https://a0.muscache.com/im/pictures/hosting/Hosting-1776920295927710439/original/9f91925f-7305-4963-985b-d4bf865cd598.jpeg"", ""https://a0.muscache.com/im/pictures/hosting/Hosting-1776920295927710439/original/207ae66f-367c-4578-8211-3ce49c666838.jpeg"", ""https://a0.muscache.com/im/pictures/hosting/Hosting-1776920295927710439/original/2a1bcd03-bd89-4d18-a9c1-3072bf5d27fa.jpeg"", ""https://a0.muscache.com/im/pictures/hosting/Hosting-1776920295927710439/original/c4be4db4-5d96-46fe-a220-5bf8fa2d8951.jpeg""]",f,"[{""name"": ""Long"", ""avatar"": ""https://a0.muscache.com/im/pictures/user/avatar_long.jpg""}, {""name"": ""Rùa"", ""avatar"": ""https://a0.muscache.com/im/pictures/user/avatar_rua.jpg""}]","[{""name"": ""DECOR"", ""localizedName"": ""Trang trí"", ""count"": 8}, {""name"": ""INTERIOR"", ""localizedName"": ""Không gian bên trong"", ""count"": 7}, {""name"": ""CLEANLINESS"", ""localizedName"": ""Mức độ sạch sẽ"", ""count"": 7}, {""name"": ""LOCATION"", ""localizedName"": ""Địa điểm"", ""count"": 2}, {""name"": ""HOSPITALITY"", ""localizedName"": ""Hiếu khách"", ""count"": 11}]","[{""title"": ""Trải nghiệm nhận phòng xuất sắc"", ""subtitle"": ""Những khách ở gần đây đã xếp hạng 5 sao cho quy trình nhận phòng.""}, {""title"": ""Tự nhận phòng"", ""subtitle"": ""Tự nhận phòng với hộp khóa an toàn.""}]"
1392421428736587134,https://www.airbnb.com.vn/rooms/1392421428736587134,20260926000000,2026-09-26,city search,XOI Lumi Lakeside 1BR-38m²|Kitchen&Laundry @CBD,"Chào mừng bạn đến với XOI Lumi Lakeside 1BR-38m²|Kitchen&Laundry @CBD — một không gian lưu trú ấm cúng, sang trọng tọa lạc tại Quận Tây Hồ, Hà Nội.
Căn phòng tràn ngập ánh sáng tự nhiên với đầy đủ tiện nghi cao cấp, giường nệm êm ái, máy lạnh, TV và wifi tốc độ cao. Rất thuận tiện di chuyển tới các điểm tham quan, nhà hàng ẩm thực và quán cà phê nổi tiếng của Hà Nội.","Khu vực Quận Tây Hồ an ninh, văn minh, gần nhiều địa điểm ăn uống, mua sắm và giải trí sầm uất tại Hà Nội.",https://a0.muscache.com/im/pictures/hosting/Hosting-U3RheVN1cHBseUxpc3Rpbmc6MTM5MjQyMTQyODczNjU4NzEzNA==/original/d7eab210-b9f9-4e6f-8e3d-d9735f65aef3.jpeg,47000031,https://www.airbnb.com.vn/users/show/47000031,Anh,2021-01-31,"Hà Nội, Việt Nam","Xin chào, tôi là Anh, đã có 5 năm kinh nghiệm làm host. Tôi yêu thích du lịch và luôn mong muốn đem lại trải nghiệm lưu trú thoải mái nhất cho khách.",trong vòng một giờ,100%,98%,f,https://a0.muscache.com/im/pictures/user/User-47000031/original/user_profile_1.jpeg,https://a0.muscache.com/im/pictures/user/User-47000031/original/user_profile_1.jpeg,Quận Tây Hồ,9,5,"['email', 'phone', 'work_email']",t,t,Quận Tây Hồ,Quận Tây Hồ,Hà Nội,21.0682,105.8248,Toàn bộ căn hộ cho thuê,Entire home/apt,2,1.0,1 phòng tắm,1,1,"[""Máy phát hiện khí CO"", ""Ban công ngắm cảnh"", ""Không gian riêng để làm việc"", ""Bếp đầy đủ tiện nghi"", ""Dầu gội & Sữa tắm"", ""Điều hòa nhiệt độ"", ""Bàn ủi / Bàn là"", ""TV màn hình phẳng"", ""Tủ lạnh"", ""Máy giặt"", ""Lò vi sóng"", ""Thang máy"", ""Máy sấy tóc"", ""Tự nhận phòng với hộp khóa an toàn"", ""Bộ chăn ga gối cao cấp"", ""Wi-fi tốc độ cao"", ""Bồn tắm thư giãn""]","₫870,154",1,1125,1,2,1125,1125,1.0,1125.0,today,t,27,34,64,258,2026-09-26,137,36,5,2023-06-14,2026-09-17,4.88,4.84,4.91,5.0,5.0,4.74,4.74,,f,2,2,0,0,2.11,"[""https://a0.muscache.com/im/pictures/hosting/Hosting-U3RheVN1cHBseUxpc3Rpbmc6MTM5MjQyMTQyODczNjU4NzEzNA==/original/d7eab210-b9f9-4e6f-8e3d-d9735f65aef3.jpeg"", ""https://a0.muscache.com/im/pictures/hosting/Hosting-U3RheVN1cHBseUxpc3Rpbmc6MTM5MjQyMTQyODczNjU4NzEzNA==/original/fa7363a8-6b4d-48bf-befd-1041f0ac7470.jpeg"", ""https://a0.muscache.com/im/pictures/hosting/Hosting-U3RheVN1cHBseUxpc3Rpbmc6MTM5MjQyMTQyODczNjU4NzEzNA==/original/b9f75a9f-9237-4ec8-bd3e-38d01a9a5fc1.jpeg"", ""https://a0.muscache.com/im/pictures/hosting/Hosting-U3RheVN1cHBseUxpc3Rpbmc6MTM5MjQyMTQyODczNjU4NzEzNA==/original/e874280b-6f00-46c1-9477-e5fa61aad424.jpeg"", ""https://a0.muscache.com/im/pictures/hosting/Hosting-U3RheVN1cHBseUxpc3Rpbmc6MTM5MjQyMTQyODczNjU4NzEzNA==/original/d6100ae6-668a-478e-8789-1d90f9b03c26.jpeg"", ""https://a0.muscache.com/im/pictures/hosting/Hosting-U3RheVN1cHBseUxpc3Rpbmc6MTM5MjQyMTQyODczNjU4NzEzNA==/original/7dcd559e-9fd8-4e5c-be47-05cc580cdbd6.jpeg"", ""https://a0.muscache.com/im/pictures/hosting/Hosting-U3RheVN1cHBseUxpc3Rpbmc6MTM5MjQyMTQyODczNjU4NzEzNA==/original/60658f40-0a6e-4305-98bf-7688fda2f1ca.jpeg"", ""https://a0.muscache.com/im/pictures/hosting/Hosting-U3RheVN1cHBseUxpc3Rpbmc6MTM5MjQyMTQyODczNjU4NzEzNA==/original/b6bffa16-11bf-4487-a214-8a6f798d7805.jpeg"", ""https://a0.muscache.com/im/pictures/hosting/Hosting-U3RheVN1cHBseUxpc3Rpbmc6MTM5MjQyMTQyODczNjU4NzEzNA==/original/90131373-dabd-455c-8ca3-6b2f82071e90.jpeg"", ""https://a0.muscache.com/im/pictures/hosting/Hosting-U3RheVN1cHBseUxpc3Rpbmc6MTM5MjQyMTQyODczNjU4NzEzNA==/original/0c59c2a1-9b53-42d9-9518-0c10aca925b0.jpeg"", ""https://a0.muscache.com/im/pictures/hosting/Hosting-U3RheVN1cHBseUxpc3Rpbmc6MTM5MjQyMTQyODczNjU4NzEzNA==/original/cc95aa73-5e05-49f6-8990-b67aa4508607.jpeg"", ""https://a0.muscache.com/im/pictures/hosting/Hosting-U3RheVN1cHBseUxpc3Rpbmc6MTM5MjQyMTQyODczNjU4NzEzNA==/original/04700975-1ac6-40e7-b582-e81fb9dfb13d.jpeg"", ""https://a0.muscache.com/im/pictures/hosting/Hosting-U3RheVN1cHBseUxpc3Rpbmc6MTM5MjQyMTQyODczNjU4NzEzNA==/original/c269e301-3286-4cc9-af27-8f37274f50e0.jpeg"", ""https://a0.muscache.com/im/pictures/hosting/Hosting-U3RheVN1cHBseUxpc3Rpbmc6MTM5MjQyMTQyODczNjU4NzEzNA==/original/f25e709b-a0c9-48ec-87c5-767078970e37.jpeg"", ""https://a0.muscache.com/im/pictures/hosting/Hosting-U3RheVN1cHBseUxpc3Rpbmc6MTM5MjQyMTQyODczNjU4NzEzNA==/original/ebdc9ee3-3472-4857-94f1-c36e1de1d9fd.jpeg"", ""https://a0.muscache.com/im/pictures/hosting/Hosting-U3RheVN1cHBseUxpc3Rpbmc6MTM5MjQyMTQyODczNjU4NzEzNA==/original/0cfafa9b-4be2-4d4c-9ff7-6637287c0bc3.jpeg"", ""https://a0.muscache.com/im/pictures/hosting/Hosting-U3RheVN1cHBseUxpc3Rpbmc6MTM5MjQyMTQyODczNjU4NzEzNA==/original/041e8944-e3a9-4bc8-bba5-a33a046629ad.jpeg"", ""https://a0.muscache.com/im/pictures/hosting/Hosting-U3RheVN1cHBseUxpc3Rpbmc6MTM5MjQyMTQyODczNjU4NzEzNA==/original/ad0d4bf0-a048-49f6-9953-46d343edeb71.jpeg"", ""https://a0.muscache.com/im/pictures/hosting/Hosting-U3RheVN1cHBseUxpc3Rpbmc6MTM5MjQyMTQyODczNjU4NzEzNA==/original/04a5baa5-6808-4ef2-bb75-ed28619cc802.jpeg"", ""https://a0.muscache.com/im/pictures/hosting/Hosting-U3RheVN1cHBseUxpc3Rpbmc6MTM5MjQyMTQyODczNjU4NzEzNA==/original/83d5f066-75fd-416a-9130-bfc9ee665634.jpeg"", ""https://a0.muscache.com/im/pictures/hosting/Hosting-U3RheVN1cHBseUxpc3Rpbmc6MTM5MjQyMTQyODczNjU4NzEzNA==/original/08be7b47-8f87-4034-863f-9a3c1510d204.jpeg"", ""https://a0.muscache.com/im/pictures/hosting/Hosting-U3RheVN1cHBseUxpc3Rpbmc6MTM5MjQyMTQyODczNjU4NzEzNA==/original/cfdbe483-533c-4071-91e5-2264d21d9a91.jpeg"", ""https://a0.muscache.com/im/pictures/hosting/Hosting-U3RheVN1cHBseUxpc3Rpbmc6MTM5MjQyMTQyODczNjU4NzEzNA==/original/86547311-03be-4317-9b2e-53763e512127.jpeg"", ""https://a0.muscache.com/im/pictures/hosting/Hosting-U3RheVN1cHBseUxpc3Rpbmc6MTM5MjQyMTQyODczNjU4NzEzNA==/original/3eaf9d21-04fc-476c-842b-0bb4bb26c751.jpeg"", ""https://a0.muscache.com/im/pictures/hosting/Hosting-U3RheVN1cHBseUxpc3Rpbmc6MTM5MjQyMTQyODczNjU4NzEzNA==/original/b896489b-1d79-49b4-9f3e-20ce47545e90.jpeg"", ""https://a0.muscache.com/im/pictures/hosting/Hosting-U3RheVN1cHBseUxpc3Rpbmc6MTM5MjQyMTQyODczNjU4NzEzNA==/original/c1c4658c-a826-47ae-a69d-aea5f986fbc3.jpeg"", ""https://a0.muscache.com/im/pictures/hosting/Hosting-U3RheVN1cHBseUxpc3Rpbmc6MTM5MjQyMTQyODczNjU4NzEzNA==/original/54d15d56-5b54-421b-8f5d-e4bed679f4f9.jpeg"", ""https://a0.muscache.com/im/pictures/hosting/Hosting-U3RheVN1cHBseUxpc3Rpbmc6MTM5MjQyMTQyODczNjU4NzEzNA==/original/76177449-eeb6-45e3-a093-03bc1bfd80e4.jpeg"", ""https://a0.muscache.com/im/pictures/hosting/Hosting-U3RheVN1cHBseUxpc3Rpbmc6MTM5MjQyMTQyODczNjU4NzEzNA==/original/709eb717-b437-4281-9660-8e45ee76af1b.jpeg""]",f,"[{""name"": ""Rùa"", ""avatar"": ""https://a0.muscache.com/im/pictures/user/avatar_rua.jpg""}, {""name"": ""Dang Nguyen"", ""avatar"": ""https://a0.muscache.com/im/pictures/user/avatar_dang.jpg""}]","[{""name"": ""DECOR"", ""localizedName"": ""Trang trí"", ""count"": 15}, {""name"": ""INTERIOR"", ""localizedName"": ""Không gian bên trong"", ""count"": 2}, {""name"": ""CLEANLINESS"", ""localizedName"": ""Mức độ sạch sẽ"", ""count"": 10}, {""name"": ""LOCATION"", ""localizedName"": ""Địa điểm"", ""count"": 6}, {""name"": ""HOSPITALITY"", ""localizedName"": ""Hiếu khách"", ""count"": 14}]","[{""title"": ""Trải nghiệm nhận phòng xuất sắc"", ""subtitle"": ""Những khách ở gần đây đã xếp hạng 5 sao cho quy trình nhận phòng.""}, {""title"": ""Tự nhận phòng"", ""subtitle"": ""Tự nhận phòng với hộp khóa an toàn.""}]"
1747713958457555099,https://www.airbnb.com.vn/rooms/1747713958457555099,20260926000000,2026-09-26,city search,Căn hộ sang trọng hiện đại 2 phòng ngủ | Trung tâm • Tầm nhìn ra cây xanh tươi tốt,"Chào mừng bạn đến với Căn hộ sang trọng hiện đại 2 phòng ngủ | Trung tâm • Tầm nhìn ra cây xanh tươi tốt — một không gian lưu trú ấm cúng, sang trọng tọa lạc tại Quận Cầu Giấy, Hà Nội.
Căn phòng tràn ngập ánh sáng tự nhiên với đầy đủ tiện nghi cao cấp, giường nệm êm ái, máy lạnh, TV và wifi tốc độ cao. Rất thuận tiện di chuyển tới các điểm tham quan, nhà hàng ẩm thực và quán cà phê nổi tiếng của Hà Nội.","Khu vực Quận Cầu Giấy an ninh, văn minh, gần nhiều địa điểm ăn uống, mua sắm và giải trí sầm uất tại Hà Nội.",https://a0.muscache.com/im/pictures/hosting/Hosting-1747713958457555099/original/e4046dd6-340b-48c7-9c22-be153f1b9514.png,47000032,https://www.airbnb.com.vn/users/show/47000032,Linh,2022-02-01,"Hà Nội, Việt Nam","Xin chào, tôi là Linh, đã có 4 năm kinh nghiệm làm host. Tôi yêu thích du lịch và luôn mong muốn đem lại trải nghiệm lưu trú thoải mái nhất cho khách.",trong vòng một giờ,100%,98%,t,https://a0.muscache.com/im/pictures/user/User-47000032/original/user_profile_2.jpeg,https://a0.muscache.com/im/pictures/user/User-47000032/original/user_profile_2.jpeg,Quận Cầu Giấy,5,9,"['email', 'phone', 'work_email']",t,t,Quận Cầu Giấy,Quận Cầu Giấy,Hà Nội,21.0149,105.85,Phòng riêng trong nhà,Private room,4,1.0,1 phòng tắm,2,2,"[""Bếp đầy đủ tiện nghi"", ""Bể bơi"", ""Máy báo khói"", ""Ban công ngắm cảnh"", ""Wi-fi tốc độ cao"", ""Bộ chăn ga gối cao cấp"", ""Máy giặt"", ""Dầu gội & Sữa tắm"", ""Bàn ủi / Bàn là"", ""Tủ lạnh"", ""Điều hòa nhiệt độ"", ""Lò vi sóng"", ""Tự nhận phòng với hộp khóa an toàn"", ""Không gian riêng để làm việc"", ""Thang máy"", ""Chỗ đỗ xe miễn phí trong khuôn viên"", ""Bồn tắm thư giãn"", ""Máy phát hiện khí CO""]","₫2,600,000",1,1125,1,2,1125,1125,1.0,1125.0,today,t,28,31,63,249,2026-09-26,6,3,3,2026-06-28,2026-09-04,5.0,4.88,4.92,5.0,5.0,5.0,4.93,,t,2,0,1,0,1.4,"[""https://a0.muscache.com/im/pictures/hosting/Hosting-1747713958457555099/original/e4046dd6-340b-48c7-9c22-be153f1b9514.png"", ""https://a0.muscache.com/im/pictures/hosting/Hosting-1747713958457555099/original/72c71a64-c3e1-4dbb-a3d4-0088440f1c60.png"", ""https://a0.muscache.com/im/pictures/hosting/Hosting-1747713958457555099/original/a1a12699-0153-4554-9828-dfaee4e718a6.png"", ""https://a0.muscache.com/im/pictures/hosting/Hosting-1747713958457555099/original/724c81db-6729-4460-8597-6f66f18341cd.png"", ""https://a0.muscache.com/im/pictures/hosting/Hosting-1747713958457555099/original/e15da555-a054-4b0b-be4c-09d64484b531.png"", ""https://a0.muscache.com/im/pictures/hosting/Hosting-1747713958457555099/original/78c6076c-bd65-4a24-82b8-0b1f346efa51.png""]",t,"[{""name"": ""Cindy"", ""avatar"": ""https://a0.muscache.com/im/pictures/user/avatar_cindy.jpg""}, {""name"": ""Long"", ""avatar"": ""https://a0.muscache.com/im/pictures/user/avatar_long.jpg""}]","[{""name"": ""DECOR"", ""localizedName"": ""Trang trí"", ""count"": 12}, {""name"": ""INTERIOR"", ""localizedName"": ""Không gian bên trong"", ""count"": 20}, {""name"": ""CLEANLINESS"", ""localizedName"": ""Mức độ sạch sẽ"", ""count"": 22}, {""name"": ""LOCATION"", ""localizedName"": ""Địa điểm"", ""count"": 4}, {""name"": ""HOSPITALITY"", ""localizedName"": ""Hiếu khách"", ""count"": 15}]","[{""title"": ""Trải nghiệm nhận phòng xuất sắc"", ""subtitle"": ""Những khách ở gần đây đã xếp hạng 5 sao cho quy trình nhận phòng.""}, {""title"": ""Tự nhận phòng"", ""subtitle"": ""Tự nhận phòng với hộp khóa an toàn.""}]"
1742701486369859404,https://www.airbnb.com.vn/rooms/1742701486369859404,20260926000000,2026-09-26,city search,Phòng tầng thượng | Bồn tắm sục | Ban công |Tây Hồ,"Chào mừng bạn đến với Phòng tầng thượng | Bồn tắm sục | Ban công |Tây Hồ — một không gian lưu trú ấm cúng, sang trọng tọa lạc tại Quận Tây Hồ, Hà Nội.
Căn phòng tràn ngập ánh sáng tự nhiên với đầy đủ tiện nghi cao cấp, giường nệm êm ái, máy lạnh, TV và wifi tốc độ cao. Rất thuận tiện di chuyển tới các điểm tham quan, nhà hàng ẩm thực và quán cà phê nổi tiếng của Hà Nội.","Khu vực Quận Tây Hồ an ninh, văn minh, gần nhiều địa điểm ăn uống, mua sắm và giải trí sầm uất tại Hà Nội.",https://a0.muscache.com/im/pictures/hosting/Hosting-1742701486369859404/original/eb1aff34-27cb-47ff-9acd-3cca7acfe6dc.jpeg,47000033,https://www.airbnb.com.vn/users/show/47000033,Hương,2021-03-09,"Hà Nội, Việt Nam","Xin chào, tôi là Hương, đã có 5 năm kinh nghiệm làm host. Tôi yêu thích du lịch và luôn mong muốn đem lại trải nghiệm lưu trú thoải mái nhất cho khách.",trong vòng một giờ,100%,98%,f,https://a0.muscache.com/im/pictures/user/User-47000033/original/user_profile_3.jpeg,https://a0.muscache.com/im/pictures/user/User-47000033/original/user_profile_3.jpeg,Quận Tây Hồ,6,4,"['email', 'phone', 'work_email']",t,t,Quận Tây Hồ,Quận Tây Hồ,Hà Nội,21.0542,105.8082,Phòng riêng trong nhà,Private room,2,1.0,1 phòng tắm,1,1,"[""Bàn ủi / Bàn là"", ""Dầu gội & Sữa tắm"", ""Không gian riêng để làm việc"", ""Ban công ngắm cảnh"", ""Bể bơi"", ""Máy sấy tóc"", ""Lò vi sóng"", ""TV màn hình phẳng"", ""Bộ chăn ga gối cao cấp"", ""Tủ lạnh"", ""Điều hòa nhiệt độ"", ""Máy phát hiện khí CO"", ""Bồn tắm thư giãn"", ""Chỗ đỗ xe miễn phí trong khuôn viên"", ""Thang máy"", ""Tự nhận phòng với hộp khóa an toàn"", ""Máy giặt"", ""Bếp đầy đủ tiện nghi"", ""Wi-fi tốc độ cao"", ""Máy báo khói""]","₫599,000",1,1125,1,2,1125,1125,1.0,1125.0,today,t,22,46,74,291,2026-09-26,4,2,4,2026-07-28,2026-09-02,5.0,4.99,4.84,5.0,5.0,4.83,4.8,,f,2,0,1,0,3.45,"[""https://a0.muscache.com/im/pictures/hosting/Hosting-1742701486369859404/original/eb1aff34-27cb-47ff-9acd-3cca7acfe6dc.jpeg"", ""https://a0.muscache.com/im/pictures/hosting/Hosting-1742701486369859404/original/0a6b43d3-3a98-407e-99d3-203c58a84c4a.jpeg"", ""https://a0.muscache.com/im/pictures/hosting/Hosting-1742701486369859404/original/43c6ac5f-a124-40c8-b458-882fd3e919ad.jpeg"", ""https://a0.muscache.com/im/pictures/hosting/Hosting-1742701486369859404/original/48b88d82-7791-4a91-a3ad-0188656a4415.jpeg"", ""https://a0.muscache.com/im/pictures/hosting/Hosting-1742701486369859404/original/28a82ba8-d5c3-4cf9-beb9-9cc24603f533.jpeg"", ""https://a0.muscache.com/im/pictures/hosting/Hosting-1742701486369859404/original/863d32a7-6101-4f83-bc31-e137fca060eb.jpeg""]",f,"[{""name"": ""Rùa"", ""avatar"": ""https://a0.muscache.com/im/pictures/user/avatar_rua.jpg""}]","[{""name"": ""DECOR"", ""localizedName"": ""Trang trí"", ""count"": 12}, {""name"": ""INTERIOR"", ""localizedName"": ""Không gian bên trong"", ""count"": 6}, {""name"": ""CLEANLINESS"", ""localizedName"": ""Mức độ sạch sẽ"", ""count"": 16}, {""name"": ""LOCATION"", ""localizedName"": ""Địa điểm"", ""count"": 10}, {""name"": ""HOSPITALITY"", ""localizedName"": ""Hiếu khách"", ""count"": 11}]","[{""title"": ""Trải nghiệm nhận phòng xuất sắc"", ""subtitle"": ""Những khách ở gần đây đã xếp hạng 5 sao cho quy trình nhận phòng.""}, {""title"": ""Tự nhận phòng"", ""subtitle"": ""Tự nhận phòng với hộp khóa an toàn.""}]"
1577955513307192456,https://www.airbnb.com.vn/rooms/1577955513307192456,20260926000000,2026-09-26,city search,Queen * 5 phút đến Hồ Hoàn Kiếm,"Chào mừng bạn đến với Queen * 5 phút đến Hồ Hoàn Kiếm — một không gian lưu trú ấm cúng, sang trọng tọa lạc tại Quận Hoàn Kiếm, Hà Nội.
Căn phòng tràn ngập ánh sáng tự nhiên với đầy đủ tiện nghi cao cấp, giường nệm êm ái, máy lạnh, TV và wifi tốc độ cao. Rất thuận tiện di chuyển tới các điểm tham quan, nhà hàng ẩm thực và quán cà phê nổi tiếng của Hà Nội.","Khu vực Quận Hoàn Kiếm an ninh, văn minh, gần nhiều địa điểm ăn uống, mua sắm và giải trí sầm uất tại Hà Nội.",https://a0.muscache.com/im/pictures/hosting/Hosting-1577955513307192456/original/d21b8443-9b68-4316-b5eb-e5dbaf173d42.jpeg,47000034,https://www.airbnb.com.vn/users/show/47000034,Phương,2021-12-28,"Hà Nội, Việt Nam","Xin chào, tôi là Phương, đã có 4 năm kinh nghiệm làm host. Tôi yêu thích du lịch và luôn mong muốn đem lại trải nghiệm lưu trú thoải mái nhất cho khách.",trong vòng một giờ,100%,98%,f,https://a0.muscache.com/im/pictures/user/User-47000034/original/user_profile_4.jpeg,https://a0.muscache.com/im/pictures/user/User-47000034/original/user_profile_4.jpeg,Quận Hoàn Kiếm,10,7,"['email', 'phone', 'work_email']",t,t,Quận Hoàn Kiếm,Quận Hoàn Kiếm,Hà Nội,21.02962,105.84894,Toàn bộ căn hộ cho thuê,Entire home/apt,2,1.0,1 phòng tắm,1,1,"[""Lò vi sóng"", ""Không gian riêng để làm việc"", ""Máy phát hiện khí CO"", ""Dầu gội & Sữa tắm"", ""Bếp đầy đủ tiện nghi"", ""Tự nhận phòng với hộp khóa an toàn"", ""Bể bơi"", ""Máy sấy tóc"", ""Điều hòa nhiệt độ"", ""TV màn hình phẳng"", ""Bộ chăn ga gối cao cấp"", ""Bàn ủi / Bàn là"", ""Wi-fi tốc độ cao"", ""Chỗ đỗ xe miễn phí trong khuôn viên"", ""Máy báo khói"", ""Thang máy"", ""Ban công ngắm cảnh""]","₫737,200",1,1125,1,2,1125,1125,1.0,1125.0,today,t,23,33,74,260,2026-09-26,26,10,5,2025-09-01,2026-09-21,4.65,4.93,4.96,5.0,5.0,4.92,4.91,,t,2,2,0,0,2.12,"[""https://a0.muscache.com/im/pictures/hosting/Hosting-1577955513307192456/original/d21b8443-9b68-4316-b5eb-e5dbaf173d42.jpeg"", ""https://a0.muscache.com/im/pictures/hosting/Hosting-1577955513307192456/original/de47c06a-83fc-45be-a9a8-ad59d2ffec1d.jpeg"", ""https://a0.muscache.com/im/pictures/hosting/Hosting-1577955513307192456/original/1cad1ab7-95b6-4b96-b458-e66479d4807d.jpeg"", ""https://a0.muscache.com/im/pictures/hosting/Hosting-1577955513307192456/original/c29028a3-0e29-4abc-aeab-c45c5ff30393.jpeg"", ""https://a0.muscache.com/im/pictures/hosting/Hosting-1577955513307192456/original/4bcea21a-128c-4577-9c8a-17a6683e062c.jpeg"", ""https://a0.muscache.com/im/pictures/hosting/Hosting-1577955513307192456/original/3634ce3e-72e6-45f3-bbdf-11910c53d631.jpeg"", ""https://a0.muscache.com/im/pictures/hosting/Hosting-1577955513307192456/original/28840a15-a103-4318-84ee-3e869051bcc8.jpeg"", ""https://a0.muscache.com/im/pictures/hosting/Hosting-1577955513307192456/original/520e7d28-28f3-44ac-9f11-f46523b60c20.jpeg"", ""https://a0.muscache.com/im/pictures/hosting/Hosting-1577955513307192456/original/d85bd2c0-cf09-4173-817f-f7e4f2c78de1.jpeg"", ""https://a0.muscache.com/im/pictures/hosting/Hosting-1577955513307192456/original/fc00cd39-a3a8-4a41-9425-dbe9adda78b6.jpeg"", ""https://a0.muscache.com/im/pictures/hosting/Hosting-1577955513307192456/original/f07f4e39-bfa4-4d5e-a292-19399224b1e4.jpeg"", ""https://a0.muscache.com/im/pictures/hosting/Hosting-1577955513307192456/original/1b050b8d-2870-4d64-9cbf-0d543bbc9a21.jpeg"", ""https://a0.muscache.com/im/pictures/hosting/Hosting-1577955513307192456/original/fd500557-7d96-40c3-a0d0-2982fc86ec23.jpeg"", ""https://a0.muscache.com/im/pictures/hosting/Hosting-1577955513307192456/original/f3753e5f-2cec-45d9-9857-915db0ba6088.jpeg"", ""https://a0.muscache.com/im/pictures/hosting/Hosting-1577955513307192456/original/57465664-ca65-4442-aba4-663b98bb1054.jpeg""]",f,"[{""name"": ""Long"", ""avatar"": ""https://a0.muscache.com/im/pictures/user/avatar_long.jpg""}, {""name"": ""Dang Nguyen"", ""avatar"": ""https://a0.muscache.com/im/pictures/user/avatar_dang.jpg""}]","[{""name"": ""DECOR"", ""localizedName"": ""Trang trí"", ""count"": 6}, {""name"": ""INTERIOR"", ""localizedName"": ""Không gian bên trong"", ""count"": 10}, {""name"": ""CLEANLINESS"", ""localizedName"": ""Mức độ sạch sẽ"", ""count"": 12}, {""name"": ""LOCATION"", ""localizedName"": ""Địa điểm"", ""count"": 15}, {""name"": ""HOSPITALITY"", ""localizedName"": ""Hiếu khách"", ""count"": 15}]","[{""title"": ""Trải nghiệm nhận phòng xuất sắc"", ""subtitle"": ""Những khách ở gần đây đã xếp hạng 5 sao cho quy trình nhận phòng.""}, {""title"": ""Tự nhận phòng"", ""subtitle"": ""Tự nhận phòng với hộp khóa an toàn.""}]"
1755623040642911646,https://www.airbnb.com.vn/rooms/1755623040642911646,20260926000000,2026-09-26,city search,Căn hộ hiện đại ở Hồ Tây | Quang cảnh hồ rộng rãi | Thang máy,"Chào mừng bạn đến với Căn hộ hiện đại ở Hồ Tây | Quang cảnh hồ rộng rãi | Thang máy — một không gian lưu trú ấm cúng, sang trọng tọa lạc tại Quận Tây Hồ, Hà Nội.
Căn phòng tràn ngập ánh sáng tự nhiên với đầy đủ tiện nghi cao cấp, giường nệm êm ái, máy lạnh, TV và wifi tốc độ cao. Rất thuận tiện di chuyển tới các điểm tham quan, nhà hàng ẩm thực và quán cà phê nổi tiếng của Hà Nội.","Khu vực Quận Tây Hồ an ninh, văn minh, gần nhiều địa điểm ăn uống, mua sắm và giải trí sầm uất tại Hà Nội.",https://a0.muscache.com/im/pictures/hosting/Hosting-1755623040642911646/original/ee2418e3-d19c-4137-b2b2-567c21362c3d.jpeg,47000035,https://www.airbnb.com.vn/users/show/47000035,Hà,2020-06-16,"Hà Nội, Việt Nam","Xin chào, tôi là Hà, đã có 6 năm kinh nghiệm làm host. Tôi yêu thích du lịch và luôn mong muốn đem lại trải nghiệm lưu trú thoải mái nhất cho khách.",trong vòng một giờ,100%,98%,f,https://a0.muscache.com/im/pictures/user/User-47000035/original/user_profile_5.jpeg,https://a0.muscache.com/im/pictures/user/User-47000035/original/user_profile_5.jpeg,Quận Tây Hồ,4,5,"['email', 'phone', 'work_email']",t,t,Quận Tây Hồ,Quận Tây Hồ,Hà Nội,21.0511,105.8383,Toàn bộ căn hộ cho thuê,Entire home/apt,2,1.0,1 phòng tắm,1,1,"[""Điều hòa nhiệt độ"", ""Tự nhận phòng với hộp khóa an toàn"", ""Wi-fi tốc độ cao"", ""TV màn hình phẳng"", ""Bể bơi"", ""Không gian riêng để làm việc"", ""Bộ chăn ga gối cao cấp"", ""Bồn tắm thư giãn"", ""Dầu gội & Sữa tắm"", ""Thang máy"", ""Máy sấy tóc"", ""Bếp đầy đủ tiện nghi"", ""Tủ lạnh"", ""Máy báo khói"", ""Lò vi sóng"", ""Máy giặt""]","₫1,316,919",1,1125,1,2,1125,1125,1.0,1125.0,today,t,24,41,78,294,2026-09-26,158,40,0,2023-06-14,2026-09-24,4.85,4.8,4.82,5.0,5.0,4.89,4.91,,f,2,2,0,0,2.99,"[""https://a0.muscache.com/im/pictures/hosting/Hosting-1755623040642911646/original/ee2418e3-d19c-4137-b2b2-567c21362c3d.jpeg"", ""https://a0.muscache.com/im/pictures/hosting/Hosting-1755623040642911646/original/877012a9-d7e7-45c4-b0e0-a5aec7b15e91.jpeg"", ""https://a0.muscache.com/im/pictures/hosting/Hosting-1755623040642911646/original/210ffdef-317f-47a4-be16-6fc60e3a0840.jpeg"", ""https://a0.muscache.com/im/pictures/hosting/Hosting-1755623040642911646/original/65f58b2c-e9bc-4806-8476-e2ad79bf2e28.jpeg"", ""https://a0.muscache.com/im/pictures/hosting/Hosting-1755623040642911646/original/98b23cd7-5bd6-4d28-9073-3b6cf87b5cbd.jpeg"", ""https://a0.muscache.com/im/pictures/hosting/Hosting-1755623040642911646/original/9a5ee0a4-15aa-4788-8812-749c08eca411.jpeg"", ""https://a0.muscache.com/im/pictures/hosting/Hosting-1755623040642911646/original/1c45fb98-7b8d-4d6f-b11e-541d58487936.jpeg"", ""https://a0.muscache.com/im/pictures/hosting/Hosting-1755623040642911646/original/4f6d281f-6f60-4317-a3e1-2f3763e9bae0.jpeg"", ""https://a0.muscache.com/im/pictures/hosting/Hosting-1755623040642911646/original/f5cecba6-08cb-4090-8602-f314fd791be8.jpeg"", ""https://a0.muscache.com/im/pictures/hosting/Hosting-1755623040642911646/original/fc736645-11b0-46e8-b783-5a24796c5f54.jpeg"", ""https://a0.muscache.com/im/pictures/hosting/Hosting-1755623040642911646/original/97951ce4-3e76-4089-b205-fc6c37757cf7.jpeg"", ""https://a0.muscache.com/im/pictures/hosting/Hosting-1755623040642911646/original/91d23c6f-617a-473d-9981-4e1c4bcb5b54.jpeg"", ""https://a0.muscache.com/im/pictures/hosting/Hosting-1755623040642911646/original/1bd03a04-c400-4622-8eb8-d735777f0270.jpeg"", ""https://a0.muscache.com/im/pictures/hosting/Hosting-1755623040642911646/original/1aed42d7-0f80-40cf-af12-26ab31336b52.jpeg"", ""https://a0.muscache.com/im/pictures/hosting/Hosting-1755623040642911646/original/bb81aa6d-803e-4934-a217-9320ec85079b.jpeg"", ""https://a0.muscache.com/im/pictures/hosting/Hosting-1755623040642911646/original/0980d7ae-3d59-441f-954c-a24f475c11d5.jpeg"", ""https://a0.muscache.com/im/pictures/hosting/Hosting-1755623040642911646/original/37ceaf9b-9d71-492f-ac24-ad7f86b6af0f.jpeg"", ""https://a0.muscache.com/im/pictures/hosting/Hosting-1755623040642911646/original/6c41540b-430c-4765-a131-18b4692aa7aa.jpeg"", ""https://a0.muscache.com/im/pictures/hosting/Hosting-1755623040642911646/original/4d2bef4b-c5c8-4c0e-a34e-19779dfe33c7.jpeg"", ""https://a0.muscache.com/im/pictures/hosting/Hosting-1755623040642911646/original/3b647c35-77bf-4e39-ae34-649ffc3b75f7.jpeg"", ""https://a0.muscache.com/im/pictures/hosting/Hosting-1755623040642911646/original/725590a7-1239-42f2-a0b5-d813edaec591.jpeg"", ""https://a0.muscache.com/im/pictures/hosting/Hosting-1755623040642911646/original/05923900-a574-4a48-9c6d-55ccad71bccc.jpeg"", ""https://a0.muscache.com/im/pictures/hosting/Hosting-1755623040642911646/original/be4728a9-caad-4b32-baa1-e82b117921d9.jpeg"", ""https://a0.muscache.com/im/pictures/hosting/Hosting-1755623040642911646/original/fe226e73-b2e9-4920-ac5e-368fa9fe74d5.jpeg"", ""https://a0.muscache.com/im/pictures/hosting/Hosting-1755623040642911646/original/822d654f-bc35-463c-ab88-8b095c6cecc3.jpeg"", ""https://a0.muscache.com/im/pictures/hosting/Hosting-1755623040642911646/original/480df4a7-637d-49a7-904e-f4172e3de58e.jpeg"", ""https://a0.muscache.com/im/pictures/hosting/Hosting-1755623040642911646/original/3ccb3866-1033-478a-9ed7-91fdff39de6b.jpeg"", ""https://a0.muscache.com/im/pictures/hosting/Hosting-1755623040642911646/original/24ee684b-2a88-426e-9f99-594a9891c452.jpeg"", ""https://a0.muscache.com/im/pictures/hosting/Hosting-1755623040642911646/original/949dd5f4-37e1-4745-a22e-b522dbf44899.jpeg""]",f,"[{""name"": ""Cindy"", ""avatar"": ""https://a0.muscache.com/im/pictures/user/avatar_cindy.jpg""}]","[{""name"": ""DECOR"", ""localizedName"": ""Trang trí"", ""count"": 16}, {""name"": ""INTERIOR"", ""localizedName"": ""Không gian bên trong"", ""count"": 12}, {""name"": ""CLEANLINESS"", ""localizedName"": ""Mức độ sạch sẽ"", ""count"": 14}, {""name"": ""LOCATION"", ""localizedName"": ""Địa điểm"", ""count"": 3}, {""name"": ""HOSPITALITY"", ""localizedName"": ""Hiếu khách"", ""count"": 15}]","[{""title"": ""Trải nghiệm nhận phòng xuất sắc"", ""subtitle"": ""Những khách ở gần đây đã xếp hạng 5 sao cho quy trình nhận phòng.""}, {""title"": ""Tự nhận phòng"", ""subtitle"": ""Tự nhận phòng với hộp khóa an toàn.""}]"
1498926011003202723,https://www.airbnb.com.vn/rooms/1498926011003202723,20260926000000,2026-09-26,city search,ĐU ĐỦ room @tru.thisach airbnb,"Chào mừng bạn đến với ĐU ĐỦ room @tru.thisach airbnb — một không gian lưu trú ấm cúng, sang trọng tọa lạc tại Quận Hai Bà Trưng, Hà Nội.
Căn phòng tràn ngập ánh sáng tự nhiên với đầy đủ tiện nghi cao cấp, giường nệm êm ái, máy lạnh, TV và wifi tốc độ cao. Rất thuận tiện di chuyển tới các điểm tham quan, nhà hàng ẩm thực và quán cà phê nổi tiếng của Hà Nội.","Khu vực Quận Hai Bà Trưng an ninh, văn minh, gần nhiều địa điểm ăn uống, mua sắm và giải trí sầm uất tại Hà Nội.",https://a0.muscache.com/im/pictures/hosting/Hosting-1498926011003202723/original/86cd0cb6-05de-4b62-953e-a66eb17cf2af.jpeg,47000036,https://www.airbnb.com.vn/users/show/47000036,Trang,2025-08-02,"Hà Nội, Việt Nam","Xin chào, tôi là Trang, đã có 1 năm kinh nghiệm làm host. Tôi yêu thích du lịch và luôn mong muốn đem lại trải nghiệm lưu trú thoải mái nhất cho khách.",trong vòng một giờ,100%,98%,f,https://a0.muscache.com/im/pictures/user/User-47000036/original/user_profile_6.jpeg,https://a0.muscache.com/im/pictures/user/User-47000036/original/user_profile_6.jpeg,Quận Hai Bà Trưng,7,6,"['email', 'phone', 'work_email']",t,t,Quận Hai Bà Trưng,Quận Hai Bà Trưng,Hà Nội,21.018371728045697,105.85293633736045,Phòng riêng trong nhà,Private room,2,1.0,1 phòng tắm,1,1,"[""Dầu gội & Sữa tắm"", ""Lò vi sóng"", ""Máy giặt"", ""Bộ chăn ga gối cao cấp"", ""Bàn ủi / Bàn là"", ""Ban công ngắm cảnh"", ""Bồn tắm thư giãn"", ""Tự nhận phòng với hộp khóa an toàn"", ""Bếp đầy đủ tiện nghi"", ""Chỗ đỗ xe miễn phí trong khuôn viên"", ""Wi-fi tốc độ cao"", ""Điều hòa nhiệt độ"", ""Máy sấy tóc"", ""Máy phát hiện khí CO"", ""Tủ lạnh"", ""Không gian riêng để làm việc"", ""TV màn hình phẳng"", ""Bể bơi"", ""Máy báo khói"", ""Thang máy""]","₫813,567",1,1125,1,2,1125,1125,1.0,1125.0,today,t,12,30,55,331,2026-09-26,23,8,1,2025-10-16,2026-09-13,4.65,4.86,4.86,5.0,5.0,4.71,4.82,,t,2,0,1,0,1.5,"[""https://a0.muscache.com/im/pictures/hosting/Hosting-1498926011003202723/original/86cd0cb6-05de-4b62-953e-a66eb17cf2af.jpeg"", ""https://a0.muscache.com/im/pictures/hosting/Hosting-1498926011003202723/original/766b8856-2624-4776-aa67-e4053ce11fbf.jpeg"", ""https://a0.muscache.com/im/pictures/hosting/Hosting-1498926011003202723/original/ac2c6cf9-be7e-4461-ac03-80061624b18a.jpeg"", ""https://a0.muscache.com/im/pictures/hosting/Hosting-1498926011003202723/original/b41d7e72-bca9-48c4-8515-da22f3a4a466.jpeg"", ""https://a0.muscache.com/im/pictures/hosting/Hosting-1498926011003202723/original/78ba1f00-619f-40d9-adce-2ec73f88e7d5.jpeg"", ""https://a0.muscache.com/im/pictures/hosting/Hosting-1498926011003202723/original/5604629b-36bd-4c30-8ec0-e8b437dbc0f2.jpeg""]",f,"[{""name"": ""Cindy"", ""avatar"": ""https://a0.muscache.com/im/pictures/user/avatar_cindy.jpg""}]","[{""name"": ""DECOR"", ""localizedName"": ""Trang trí"", ""count"": 7}, {""name"": ""INTERIOR"", ""localizedName"": ""Không gian bên trong"", ""count"": 18}, {""name"": ""CLEANLINESS"", ""localizedName"": ""Mức độ sạch sẽ"", ""count"": 14}, {""name"": ""LOCATION"", ""localizedName"": ""Địa điểm"", ""count"": 16}, {""name"": ""HOSPITALITY"", ""localizedName"": ""Hiếu khách"", ""count"": 3}]","[{""title"": ""Trải nghiệm nhận phòng xuất sắc"", ""subtitle"": ""Những khách ở gần đây đã xếp hạng 5 sao cho quy trình nhận phòng.""}, {""title"": ""Tự nhận phòng"", ""subtitle"": ""Tự nhận phòng với hộp khóa an toàn.""}]"
1364610261914594405,https://www.airbnb.com.vn/rooms/1364610261914594405,20260926000000,2026-09-26,city search,Studio đầy đủ tiện nghi • Hồ Tây • Giặt giũ,"Chào mừng bạn đến với Studio đầy đủ tiện nghi • Hồ Tây • Giặt giũ — một không gian lưu trú ấm cúng, sang trọng tọa lạc tại Quận Tây Hồ, Hà Nội.
Căn phòng tràn ngập ánh sáng tự nhiên với đầy đủ tiện nghi cao cấp, giường nệm êm ái, máy lạnh, TV và wifi tốc độ cao. Rất thuận tiện di chuyển tới các điểm tham quan, nhà hàng ẩm thực và quán cà phê nổi tiếng của Hà Nội.","Khu vực Quận Tây Hồ an ninh, văn minh, gần nhiều địa điểm ăn uống, mua sắm và giải trí sầm uất tại Hà Nội.",https://a0.muscache.com/im/pictures/hosting/Hosting-U3RheVN1cHBseUxpc3Rpbmc6MTM2NDYxMDI2MTkxNDU5NDQwNQ==/original/b928710f-d34c-4941-bf68-c535180ab9f8.jpeg,47000037,https://www.airbnb.com.vn/users/show/47000037,Dương,2025-02-19,"Hà Nội, Việt Nam","Xin chào, tôi là Dương, đã có 1 năm kinh nghiệm làm host. Tôi yêu thích du lịch và luôn mong muốn đem lại trải nghiệm lưu trú thoải mái nhất cho khách.",trong vòng một giờ,100%,98%,f,https://a0.muscache.com/im/pictures/user/User-47000037/original/user_profile_7.jpeg,https://a0.muscache.com/im/pictures/user/User-47000037/original/user_profile_7.jpeg,Quận Tây Hồ,10,6,"['email', 'phone', 'work_email']",t,t,Quận Tây Hồ,Quận Tây Hồ,Hà Nội,21.0673,105.8102,Toàn bộ căn hộ cho thuê,Entire home/apt,2,1.0,1 phòng tắm,1,1,"[""Bàn ủi / Bàn là"", ""Wi-fi tốc độ cao"", ""Thang máy"", ""Máy phát hiện khí CO"", ""Bộ chăn ga gối cao cấp"", ""Máy sấy tóc"", ""Dầu gội & Sữa tắm"", ""Điều hòa nhiệt độ"", ""Tự nhận phòng với hộp khóa an toàn"", ""Không gian riêng để làm việc"", ""Lò vi sóng"", ""Tủ lạnh"", ""Ban công ngắm cảnh"", ""TV màn hình phẳng"", ""Chỗ đỗ xe miễn phí trong khuôn viên"", ""Bồn tắm thư giãn"", ""Bếp đầy đủ tiện nghi"", ""Máy báo khói"", ""Máy giặt"", ""Bể bơi""]","₫480,000",1,1125,1,2,1125,1125,1.0,1125.0,today,t,22,52,51,294,2026-09-26,46,19,2,2024-11-05,2026-09-01,4.87,4.81,4.85,5.0,5.0,4.74,4.81,,f,2,2,0,0,4.47,"[""https://a0.muscache.com/im/pictures/hosting/Hosting-U3RheVN1cHBseUxpc3Rpbmc6MTM2NDYxMDI2MTkxNDU5NDQwNQ==/original/b928710f-d34c-4941-bf68-c535180ab9f8.jpeg"", ""https://a0.muscache.com/im/pictures/miso/Hosting-1364610261914594405/original/b69d6c4e-8eaf-4c3c-b401-79f822aca2e6.jpeg"", ""https://a0.muscache.com/im/pictures/hosting/Hosting-U3RheVN1cHBseUxpc3Rpbmc6MTM2NDYxMDI2MTkxNDU5NDQwNQ==/original/f3afba65-b057-4fd1-b04b-e1ab7463d46d.jpeg"", ""https://a0.muscache.com/im/pictures/miso/Hosting-1364610261914594405/original/f7660d11-fa70-4449-990c-ae764eea1a2b.jpeg"", ""https://a0.muscache.com/im/pictures/miso/Hosting-1364610261914594405/original/975825a6-d550-4a41-b60a-51c7ca77a194.jpeg"", ""https://a0.muscache.com/im/pictures/miso/Hosting-1364610261914594405/original/8ee575cc-a69b-447f-87d0-a0481257286c.jpeg"", ""https://a0.muscache.com/im/pictures/miso/Hosting-1364610261914594405/original/1c20a677-a0a7-4dfc-940c-bd37409bfafe.jpeg"", ""https://a0.muscache.com/im/pictures/hosting/Hosting-U3RheVN1cHBseUxpc3Rpbmc6MTM2NDYxMDI2MTkxNDU5NDQwNQ==/original/fbcf69b1-0728-459b-a592-11059ec8b0a5.jpeg"", ""https://a0.muscache.com/im/pictures/miso/Hosting-1364610261914594405/original/94903963-a05d-4468-8c7a-415c0fb9519e.jpeg"", ""https://a0.muscache.com/im/pictures/miso/Hosting-1364610261914594405/original/416afbc6-8333-4a9f-87a2-8b76251ec309.jpeg"", ""https://a0.muscache.com/im/pictures/miso/Hosting-1364610261914594405/original/5baafcde-59a0-493e-bd2e-ecef128a0f07.jpeg"", ""https://a0.muscache.com/im/pictures/miso/Hosting-1364610261914594405/original/62733af8-1d63-478e-ae34-8b8cbbff54a4.jpeg"", ""https://a0.muscache.com/im/pictures/miso/Hosting-1364610261914594405/original/f524edd5-56cb-4fe5-8883-076cf7a4ab89.jpeg""]",f,"[{""name"": ""Cindy"", ""avatar"": ""https://a0.muscache.com/im/pictures/user/avatar_cindy.jpg""}]","[{""name"": ""DECOR"", ""localizedName"": ""Trang trí"", ""count"": 14}, {""name"": ""INTERIOR"", ""localizedName"": ""Không gian bên trong"", ""count"": 15}, {""name"": ""CLEANLINESS"", ""localizedName"": ""Mức độ sạch sẽ"", ""count"": 23}, {""name"": ""LOCATION"", ""localizedName"": ""Địa điểm"", ""count"": 4}, {""name"": ""HOSPITALITY"", ""localizedName"": ""Hiếu khách"", ""count"": 11}]","[{""title"": ""Trải nghiệm nhận phòng xuất sắc"", ""subtitle"": ""Những khách ở gần đây đã xếp hạng 5 sao cho quy trình nhận phòng.""}, {""title"": ""Tự nhận phòng"", ""subtitle"": ""Tự nhận phòng với hộp khóa an toàn.""}]"
1673324535945693319,https://www.airbnb.com.vn/rooms/1673324535945693319,20260926000000,2026-09-26,city search,Grateful Home - Ban công - Đẹp - Trung tâm Thanh Xuân,"Chào mừng bạn đến với Grateful Home - Ban công - Đẹp - Trung tâm Thanh Xuân — một không gian lưu trú ấm cúng, sang trọng tọa lạc tại Quận Thanh Xuân, Hà Nội.
Căn phòng tràn ngập ánh sáng tự nhiên với đầy đủ tiện nghi cao cấp, giường nệm êm ái, máy lạnh, TV và wifi tốc độ cao. Rất thuận tiện di chuyển tới các điểm tham quan, nhà hàng ẩm thực và quán cà phê nổi tiếng của Hà Nội.","Khu vực Quận Thanh Xuân an ninh, văn minh, gần nhiều địa điểm ăn uống, mua sắm và giải trí sầm uất tại Hà Nội.",https://a0.muscache.com/im/pictures/hosting/Hosting-1673324535945693319/original/516641e9-7b8c-47ec-8325-91e40aaf79f0.jpeg,47000038,https://www.airbnb.com.vn/users/show/47000038,Thảo,2020-04-16,"Hà Nội, Việt Nam","Xin chào, tôi là Thảo, đã có 6 năm kinh nghiệm làm host. Tôi yêu thích du lịch và luôn mong muốn đem lại trải nghiệm lưu trú thoải mái nhất cho khách.",trong vòng một giờ,100%,98%,t,https://a0.muscache.com/im/pictures/user/User-47000038/original/user_profile_8.jpeg,https://a0.muscache.com/im/pictures/user/User-47000038/original/user_profile_8.jpeg,Quận Thanh Xuân,5,3,"['email', 'phone', 'work_email']",t,t,Quận Thanh Xuân,Quận Thanh Xuân,Hà Nội,21.000875668268762,105.80900734735951,Toàn bộ căn hộ cho thuê,Entire home/apt,2,1.0,1 phòng tắm,1,1,"[""Wi-fi tốc độ cao"", ""Máy sấy tóc"", ""Không gian riêng để làm việc"", ""Ban công ngắm cảnh"", ""Bồn tắm thư giãn"", ""Lò vi sóng"", ""Bộ chăn ga gối cao cấp"", ""Thang máy"", ""Máy giặt"", ""Chỗ đỗ xe miễn phí trong khuôn viên"", ""Bể bơi"", ""Máy báo khói"", ""Bếp đầy đủ tiện nghi"", ""Điều hòa nhiệt độ"", ""Tủ lạnh"", ""Bàn ủi / Bàn là""]","₫604,800",1,1125,1,2,1125,1125,1.0,1125.0,today,t,20,44,61,228,2026-09-26,14,9,2,2026-02-28,2026-09-18,5.0,4.97,4.93,5.0,5.0,4.83,4.8,,t,2,2,0,0,2.88,"[""https://a0.muscache.com/im/pictures/hosting/Hosting-1673324535945693319/original/516641e9-7b8c-47ec-8325-91e40aaf79f0.jpeg"", ""https://a0.muscache.com/im/pictures/hosting/Hosting-1673324535945693319/original/8c5c033e-5275-4221-acda-e7386a814dc1.jpeg"", ""https://a0.muscache.com/im/pictures/hosting/Hosting-1673324535945693319/original/094eef65-2d30-4c53-b688-a8d14af4d728.jpeg"", ""https://a0.muscache.com/im/pictures/hosting/Hosting-1673324535945693319/original/3dae95ce-df57-4c00-8a2c-f702ecc24ac3.jpeg"", ""https://a0.muscache.com/im/pictures/hosting/Hosting-1673324535945693319/original/c8691087-7ea9-493c-bb10-0e10a684d61f.jpeg"", ""https://a0.muscache.com/im/pictures/hosting/Hosting-1673324535945693319/original/597b8567-8208-45dd-b6fe-4f5ee1dc3730.jpeg"", ""https://a0.muscache.com/im/pictures/hosting/Hosting-1673324535945693319/original/9fa1843e-2119-4aa9-85df-f7a5bb842d5a.jpeg"", ""https://a0.muscache.com/im/pictures/hosting/Hosting-1673324535945693319/original/d7c980b6-e6db-4e99-b1c0-9db1ca0e5eda.jpeg"", ""https://a0.muscache.com/im/pictures/hosting/Hosting-1673324535945693319/original/0c82bcb7-a948-438c-b494-d7c4ac5bc1f3.jpeg"", ""https://a0.muscache.com/im/pictures/hosting/Hosting-1673324535945693319/original/a4df904a-8e94-438b-8c49-02f38c39fb8a.jpeg"", ""https://a0.muscache.com/im/pictures/hosting/Hosting-1673324535945693319/original/7c469dd5-3e0b-4c66-bf57-f1484a138cd0.jpeg"", ""https://a0.muscache.com/im/pictures/hosting/Hosting-1673324535945693319/original/b248f4e6-8586-4eaa-b710-b589f55f8545.jpeg"", ""https://a0.muscache.com/im/pictures/hosting/Hosting-1673324535945693319/original/2c4e7b8f-d872-45cf-b460-c710a42da81e.jpeg"", ""https://a0.muscache.com/im/pictures/hosting/Hosting-1673324535945693319/original/0030ad66-81de-4294-9b6b-3f212727d0db.jpeg"", ""https://a0.muscache.com/im/pictures/hosting/Hosting-1673324535945693319/original/a9849597-79a4-4136-bcf9-e315dd344f72.jpeg"", ""https://a0.muscache.com/im/pictures/hosting/Hosting-1673324535945693319/original/910a0c00-e618-489a-ba9b-ecb6b638cb00.jpeg"", ""https://a0.muscache.com/im/pictures/hosting/Hosting-1673324535945693319/original/f370d5f6-4710-418e-aca9-a093960550ab.jpeg"", ""https://a0.muscache.com/im/pictures/hosting/Hosting-1673324535945693319/original/7f97f40e-9a92-4922-ada6-133a686ceb51.jpeg"", ""https://a0.muscache.com/im/pictures/hosting/Hosting-1673324535945693319/original/ceb80806-0720-4805-8c89-a3be0797eb97.jpeg"", ""https://a0.muscache.com/im/pictures/hosting/Hosting-1673324535945693319/original/4ff1c06a-0204-44b3-849d-93620fb7e446.jpeg"", ""https://a0.muscache.com/im/pictures/hosting/Hosting-1673324535945693319/original/e38a61f0-84f9-41eb-b992-1a4c26cb9315.jpeg"", ""https://a0.muscache.com/im/pictures/hosting/Hosting-1673324535945693319/original/94ef6c17-b77f-416c-8c66-7ab56ce1a943.jpeg""]",t,"[{""name"": ""Rùa"", ""avatar"": ""https://a0.muscache.com/im/pictures/user/avatar_rua.jpg""}]","[{""name"": ""DECOR"", ""localizedName"": ""Trang trí"", ""count"": 18}, {""name"": ""INTERIOR"", ""localizedName"": ""Không gian bên trong"", ""count"": 12}, {""name"": ""CLEANLINESS"", ""localizedName"": ""Mức độ sạch sẽ"", ""count"": 13}, {""name"": ""LOCATION"", ""localizedName"": ""Địa điểm"", ""count"": 15}, {""name"": ""HOSPITALITY"", ""localizedName"": ""Hiếu khách"", ""count"": 15}]","[{""title"": ""Trải nghiệm nhận phòng xuất sắc"", ""subtitle"": ""Những khách ở gần đây đã xếp hạng 5 sao cho quy trình nhận phòng.""}, {""title"": ""Tự nhận phòng"", ""subtitle"": ""Tự nhận phòng với hộp khóa an toàn.""}]"
1756251767956757849,https://www.airbnb.com.vn/rooms/1756251767956757849,20260926000000,2026-09-26,city search,"Căn hộ 3 phòng ngủ MỚI, gọn gàng, cách Hồ Hoàn Kiếm 4 phút, ngõ yên tĩnh","Chào mừng bạn đến với Căn hộ 3 phòng ngủ MỚI, gọn gàng, cách Hồ Hoàn Kiếm 4 phút, ngõ yên tĩnh — một không gian lưu trú ấm cúng, sang trọng tọa lạc tại Quận Hai Bà Trưng, Hà Nội.
Căn phòng tràn ngập ánh sáng tự nhiên với đầy đủ tiện nghi cao cấp, giường nệm êm ái, máy lạnh, TV và wifi tốc độ cao. Rất thuận tiện di chuyển tới các điểm tham quan, nhà hàng ẩm thực và quán cà phê nổi tiếng của Hà Nội.","Khu vực Quận Hai Bà Trưng an ninh, văn minh, gần nhiều địa điểm ăn uống, mua sắm và giải trí sầm uất tại Hà Nội.",https://a0.muscache.com/im/pictures/hosting/Hosting-1756251767956757849/original/e847f818-2385-4259-962d-c3dc30da3254.jpeg,47000039,https://www.airbnb.com.vn/users/show/47000039,Hải,2025-07-27,"Hà Nội, Việt Nam","Xin chào, tôi là Hải, đã có 1 năm kinh nghiệm làm host. Tôi yêu thích du lịch và luôn mong muốn đem lại trải nghiệm lưu trú thoải mái nhất cho khách.",trong vòng một giờ,100%,98%,f,https://a0.muscache.com/im/pictures/user/User-47000039/original/user_profile_9.jpeg,https://a0.muscache.com/im/pictures/user/User-47000039/original/user_profile_9.jpeg,Quận Hai Bà Trưng,9,1,"['email', 'phone', 'work_email']",t,t,Quận Hai Bà Trưng,Quận Hai Bà Trưng,Hà Nội,21.0219,105.8534,Toàn bộ căn hộ cho thuê,Entire home/apt,8,1.0,1 phòng tắm đầy đủ và 1 phòng vệ sinh cơ bản riêng,3,4,"[""Máy sấy tóc"", ""Lò vi sóng"", ""TV màn hình phẳng"", ""Bộ chăn ga gối cao cấp"", ""Máy báo khói"", ""Bể bơi"", ""Máy phát hiện khí CO"", ""Bếp đầy đủ tiện nghi"", ""Thang máy"", ""Chỗ đỗ xe miễn phí trong khuôn viên"", ""Điều hòa nhiệt độ"", ""Không gian riêng để làm việc"", ""Wi-fi tốc độ cao"", ""Bồn tắm thư giãn"", ""Bàn ủi / Bàn là"", ""Tự nhận phòng với hộp khóa an toàn"", ""Tủ lạnh""]","₫1,689,600",1,1125,1,2,1125,1125,1.0,1125.0,today,t,24,39,57,280,2026-09-26,164,20,6,2023-06-14,2026-09-23,4.85,4.9,4.88,5.0,5.0,4.74,4.85,,f,2,2,0,0,4.27,"[""https://a0.muscache.com/im/pictures/hosting/Hosting-1756251767956757849/original/e847f818-2385-4259-962d-c3dc30da3254.jpeg"", ""https://a0.muscache.com/im/pictures/hosting/Hosting-1756251767956757849/original/bd5b2588-02f1-4199-ac34-75c9267c8e24.png"", ""https://a0.muscache.com/im/pictures/hosting/Hosting-1756251767956757849/original/5cecdb6d-b826-425c-a6cc-51f80090b23c.png"", ""https://a0.muscache.com/im/pictures/hosting/Hosting-1756251767956757849/original/7a3b96dc-d710-49fe-ac3b-c2365b0d0e4c.png"", ""https://a0.muscache.com/im/pictures/hosting/Hosting-1756251767956757849/original/c4db1273-59b3-4bf0-9802-085088b4b36c.jpeg"", ""https://a0.muscache.com/im/pictures/hosting/Hosting-1756251767956757849/original/86507a2e-ac8d-4129-9903-63f6b8c01f32.png"", ""https://a0.muscache.com/im/pictures/hosting/Hosting-1756251767956757849/original/4bce726b-9c79-41ce-bf63-e3da78cc1c1d.png"", ""https://a0.muscache.com/im/pictures/hosting/Hosting-1756251767956757849/original/7a32b2ef-3a32-4506-a81e-4369b06f51eb.jpeg"", ""https://a0.muscache.com/im/pictures/hosting/Hosting-1756251767956757849/original/a18711e8-ac2c-48b6-99d1-83486e4eb85d.png"", ""https://a0.muscache.com/im/pictures/hosting/Hosting-1756251767956757849/original/d7719d7c-fa55-4b7c-9551-b18a946583f6.jpeg"", ""https://a0.muscache.com/im/pictures/hosting/Hosting-1756251767956757849/original/c4c7390e-82a5-4341-a9e0-99cdafe45627.jpeg"", ""https://a0.muscache.com/im/pictures/hosting/Hosting-1756251767956757849/original/f34763c1-a826-49e8-b380-0197aaa72f7c.png"", ""https://a0.muscache.com/im/pictures/hosting/Hosting-1756251767956757849/original/d04d910c-db19-499e-8ef5-df93f67b29d2.png"", ""https://a0.muscache.com/im/pictures/hosting/Hosting-1756251767956757849/original/152c07b2-046a-4e50-9995-d855003ca863.png"", ""https://a0.muscache.com/im/pictures/hosting/Hosting-1756251767956757849/original/b6624881-5e0c-45d4-bab3-332e80ff2267.png"", ""https://a0.muscache.com/im/pictures/hosting/Hosting-1756251767956757849/original/f6d0f112-bb82-463e-87f2-e3d4760300e6.png"", ""https://a0.muscache.com/im/pictures/hosting/Hosting-1756251767956757849/original/93bdfee7-bf33-49b3-a4e2-dc6b10a56183.png"", ""https://a0.muscache.com/im/pictures/hosting/Hosting-1756251767956757849/original/5cce8b0c-f726-4f9d-9d45-16a0cbbde888.png"", ""https://a0.muscache.com/im/pictures/hosting/Hosting-1756251767956757849/original/313f0a01-68b3-4793-abf6-ce412a703935.png"", ""https://a0.muscache.com/im/pictures/hosting/Hosting-1756251767956757849/original/17b52be6-27ad-49c2-adfb-c704de0077f6.png"", ""https://a0.muscache.com/im/pictures/hosting/Hosting-1756251767956757849/original/091d778a-433e-450f-a773-6e339dede37d.png"", ""https://a0.muscache.com/im/pictures/hosting/Hosting-1756251767956757849/original/a5d15e4a-4e66-45f5-ac7a-d710f3384716.png"", ""https://a0.muscache.com/im/pictures/hosting/Hosting-1756251767956757849/original/9f3c35d2-d566-4a2a-9a26-adb8ba48a77e.png"", ""https://a0.muscache.com/im/pictures/hosting/Hosting-1756251767956757849/original/5f187b30-95e0-4110-99d6-a2ddd10e89a4.png""]",f,"[{""name"": ""Dang Nguyen"", ""avatar"": ""https://a0.muscache.com/im/pictures/user/avatar_dang.jpg""}, {""name"": ""Long"", ""avatar"": ""https://a0.muscache.com/im/pictures/user/avatar_long.jpg""}]","[{""name"": ""DECOR"", ""localizedName"": ""Trang trí"", ""count"": 11}, {""name"": ""INTERIOR"", ""localizedName"": ""Không gian bên trong"", ""count"": 21}, {""name"": ""CLEANLINESS"", ""localizedName"": ""Mức độ sạch sẽ"", ""count"": 6}, {""name"": ""LOCATION"", ""localizedName"": ""Địa điểm"", ""count"": 13}, {""name"": ""HOSPITALITY"", ""localizedName"": ""Hiếu khách"", ""count"": 5}]","[{""title"": ""Trải nghiệm nhận phòng xuất sắc"", ""subtitle"": ""Những khách ở gần đây đã xếp hạng 5 sao cho quy trình nhận phòng.""}, {""title"": ""Tự nhận phòng"", ""subtitle"": ""Tự nhận phòng với hộp khóa an toàn.""}]"
1726809675421499652,https://www.airbnb.com.vn/rooms/1726809675421499652,20260926000000,2026-09-26,city search, Studio hiện đại có ban công | Thái Hà,"Chào mừng bạn đến với  Studio hiện đại có ban công | Thái Hà — một không gian lưu trú ấm cúng, sang trọng tọa lạc tại Quận Đống Đa, Hà Nội.
Căn phòng tràn ngập ánh sáng tự nhiên với đầy đủ tiện nghi cao cấp, giường nệm êm ái, máy lạnh, TV và wifi tốc độ cao. Rất thuận tiện di chuyển tới các điểm tham quan, nhà hàng ẩm thực và quán cà phê nổi tiếng của Hà Nội.","Khu vực Quận Đống Đa an ninh, văn minh, gần nhiều địa điểm ăn uống, mua sắm và giải trí sầm uất tại Hà Nội.",https://a0.muscache.com/im/pictures/hosting/Hosting-1726809675421499652/original/1ca7c7f3-b636-4274-9797-eabc67c216bf.jpeg,47000040,https://www.airbnb.com.vn/users/show/47000040,Nam,2023-07-13,"Hà Nội, Việt Nam","Xin chào, tôi là Nam, đã có 3 năm kinh nghiệm làm host. Tôi yêu thích du lịch và luôn mong muốn đem lại trải nghiệm lưu trú thoải mái nhất cho khách.",trong vòng một giờ,100%,98%,t,https://a0.muscache.com/im/pictures/user/User-47000040/original/user_profile_0.jpeg,https://a0.muscache.com/im/pictures/user/User-47000040/original/user_profile_0.jpeg,Quận Đống Đa,10,5,"['email', 'phone', 'work_email']",t,t,Quận Đống Đa,Quận Đống Đa,Hà Nội,21.0117,105.8185,Toàn bộ căn hộ cho thuê,Entire home/apt,2,1.0,1 phòng tắm,1,1,"[""Wi-fi tốc độ cao"", ""Máy phát hiện khí CO"", ""Dầu gội & Sữa tắm"", ""Tủ lạnh"", ""Không gian riêng để làm việc"", ""Điều hòa nhiệt độ"", ""TV màn hình phẳng"", ""Lò vi sóng"", ""Thang máy"", ""Ban công ngắm cảnh"", ""Chỗ đỗ xe miễn phí trong khuôn viên"", ""Bếp đầy đủ tiện nghi"", ""Bộ chăn ga gối cao cấp"", ""Bồn tắm thư giãn"", ""Bàn ủi / Bàn là"", ""Máy giặt"", ""Tự nhận phòng với hộp khóa an toàn""]","₫668,154",1,1125,1,2,1125,1125,1.0,1125.0,today,t,16,41,79,331,2026-09-26,164,2,2,2023-06-14,2026-09-01,4.85,4.8,4.94,5.0,5.0,4.79,4.71,,t,2,2,0,0,1.52,"[""https://a0.muscache.com/im/pictures/hosting/Hosting-1726809675421499652/original/1ca7c7f3-b636-4274-9797-eabc67c216bf.jpeg"", ""https://a0.muscache.com/im/pictures/hosting/Hosting-1726809675421499652/original/f7859ad8-2f14-4577-9bac-d0a4ba926655.jpeg"", ""https://a0.muscache.com/im/pictures/hosting/Hosting-1726809675421499652/original/f3a0bf16-f81b-4976-8615-f3942a5efbfc.jpeg"", ""https://a0.muscache.com/im/pictures/hosting/Hosting-1726809675421499652/original/20bd085e-b836-4585-9f8c-83fb0de2d6de.jpeg"", ""https://a0.muscache.com/im/pictures/hosting/Hosting-1726809675421499652/original/b2117e73-0824-4a88-964b-3191dda1c277.jpeg"", ""https://a0.muscache.com/im/pictures/hosting/Hosting-1726809675421499652/original/81b08d46-026e-4f8c-8f79-1462a46eca4e.jpeg""]",f,"[{""name"": ""Long"", ""avatar"": ""https://a0.muscache.com/im/pictures/user/avatar_long.jpg""}]","[{""name"": ""DECOR"", ""localizedName"": ""Trang trí"", ""count"": 13}, {""name"": ""INTERIOR"", ""localizedName"": ""Không gian bên trong"", ""count"": 18}, {""name"": ""CLEANLINESS"", ""localizedName"": ""Mức độ sạch sẽ"", ""count"": 23}, {""name"": ""LOCATION"", ""localizedName"": ""Địa điểm"", ""count"": 8}, {""name"": ""HOSPITALITY"", ""localizedName"": ""Hiếu khách"", ""count"": 14}]","[{""title"": ""Trải nghiệm nhận phòng xuất sắc"", ""subtitle"": ""Những khách ở gần đây đã xếp hạng 5 sao cho quy trình nhận phòng.""}, {""title"": ""Tự nhận phòng"", ""subtitle"": ""Tự nhận phòng với hộp khóa an toàn.""}]"
1643325479980168092,https://www.airbnb.com.vn/rooms/1643325479980168092,20260926000000,2026-09-26,city search,Westlake Atelier*Deluxe*Ban công*Tầm nhìn thành phố,"Chào mừng bạn đến với Westlake Atelier*Deluxe*Ban công*Tầm nhìn thành phố — một không gian lưu trú ấm cúng, sang trọng tọa lạc tại Quận Tây Hồ, Hà Nội.
Căn phòng tràn ngập ánh sáng tự nhiên với đầy đủ tiện nghi cao cấp, giường nệm êm ái, máy lạnh, TV và wifi tốc độ cao. Rất thuận tiện di chuyển tới các điểm tham quan, nhà hàng ẩm thực và quán cà phê nổi tiếng của Hà Nội.","Khu vực Quận Tây Hồ an ninh, văn minh, gần nhiều địa điểm ăn uống, mua sắm và giải trí sầm uất tại Hà Nội.",https://a0.muscache.com/im/pictures/hosting/Hosting-1643325479980168092/original/30804afc-9c58-4b4e-aa90-9fa5e2a128ce.jpeg,47000041,https://www.airbnb.com.vn/users/show/47000041,Tuấn,2021-05-01,"Hà Nội, Việt Nam","Xin chào, tôi là Tuấn, đã có 5 năm kinh nghiệm làm host. Tôi yêu thích du lịch và luôn mong muốn đem lại trải nghiệm lưu trú thoải mái nhất cho khách.",trong vòng một giờ,100%,98%,f,https://a0.muscache.com/im/pictures/user/User-47000041/original/user_profile_1.jpeg,https://a0.muscache.com/im/pictures/user/User-47000041/original/user_profile_1.jpeg,Quận Tây Hồ,10,4,"['email', 'phone', 'work_email']",t,t,Quận Tây Hồ,Quận Tây Hồ,Hà Nội,21.054467379856398,105.83663847113124,Phòng riêng trong nhà,Private room,2,1.0,1 phòng tắm,1,1,"[""Wi-fi tốc độ cao"", ""Thang máy"", ""Tủ lạnh"", ""Dầu gội & Sữa tắm"", ""Bồn tắm thư giãn"", ""Tự nhận phòng với hộp khóa an toàn"", ""Không gian riêng để làm việc"", ""Lò vi sóng"", ""Bể bơi"", ""Bàn ủi / Bàn là"", ""TV màn hình phẳng"", ""Điều hòa nhiệt độ"", ""Ban công ngắm cảnh"", ""Máy giặt"", ""Bộ chăn ga gối cao cấp"", ""Máy phát hiện khí CO"", ""Bếp đầy đủ tiện nghi""]","₫2,750,000",1,1125,1,2,1125,1125,1.0,1125.0,today,t,12,47,71,317,2026-09-26,47,6,2,2024-10-21,2026-09-20,5.0,4.91,4.81,5.0,5.0,4.72,4.91,,f,2,0,1,0,2.83,"[""https://a0.muscache.com/im/pictures/hosting/Hosting-1643325479980168092/original/30804afc-9c58-4b4e-aa90-9fa5e2a128ce.jpeg"", ""https://a0.muscache.com/im/pictures/hosting/Hosting-1643325479980168092/original/e35e521a-1302-46c7-b45b-96417f851091.jpeg"", ""https://a0.muscache.com/im/pictures/hosting/Hosting-1643325479980168092/original/023adb3b-bbe1-465b-a513-a5e0e7e1135a.jpeg"", ""https://a0.muscache.com/im/pictures/hosting/Hosting-1643325479980168092/original/85878b9c-2bc8-4b34-bf40-11af02833cdd.jpeg"", ""https://a0.muscache.com/im/pictures/hosting/Hosting-1643325479980168092/original/c93ac9f0-df29-4726-83a5-d609e1941e87.jpeg"", ""https://a0.muscache.com/im/pictures/hosting/Hosting-1643325479980168092/original/ebe246bb-277a-4b61-97c6-7bd01551db86.jpeg""]",t,"[{""name"": ""Rùa"", ""avatar"": ""https://a0.muscache.com/im/pictures/user/avatar_rua.jpg""}, {""name"": ""Dang Nguyen"", ""avatar"": ""https://a0.muscache.com/im/pictures/user/avatar_dang.jpg""}]","[{""name"": ""DECOR"", ""localizedName"": ""Trang trí"", ""count"": 5}, {""name"": ""INTERIOR"", ""localizedName"": ""Không gian bên trong"", ""count"": 6}, {""name"": ""CLEANLINESS"", ""localizedName"": ""Mức độ sạch sẽ"", ""count"": 23}, {""name"": ""LOCATION"", ""localizedName"": ""Địa điểm"", ""count"": 9}, {""name"": ""HOSPITALITY"", ""localizedName"": ""Hiếu khách"", ""count"": 5}]","[{""title"": ""Trải nghiệm nhận phòng xuất sắc"", ""subtitle"": ""Những khách ở gần đây đã xếp hạng 5 sao cho quy trình nhận phòng.""}, {""title"": ""Tự nhận phòng"", ""subtitle"": ""Tự nhận phòng với hộp khóa an toàn.""}]"
1760026442166325875,https://www.airbnb.com.vn/rooms/1760026442166325875,20260926000000,2026-09-26,city search,Ritta Ritta * 10 phút đến Hồ Hoàn Kiếm,"Chào mừng bạn đến với Ritta Ritta * 10 phút đến Hồ Hoàn Kiếm — một không gian lưu trú ấm cúng, sang trọng tọa lạc tại Quận Hai Bà Trưng, Hà Nội.
Căn phòng tràn ngập ánh sáng tự nhiên với đầy đủ tiện nghi cao cấp, giường nệm êm ái, máy lạnh, TV và wifi tốc độ cao. Rất thuận tiện di chuyển tới các điểm tham quan, nhà hàng ẩm thực và quán cà phê nổi tiếng của Hà Nội.","Khu vực Quận Hai Bà Trưng an ninh, văn minh, gần nhiều địa điểm ăn uống, mua sắm và giải trí sầm uất tại Hà Nội.",https://a0.muscache.com/im/pictures/hosting/Hosting-1760026442166325875/original/9c69b348-0fc4-4ad4-9d0d-09d4443ab12a.jpeg,47000042,https://www.airbnb.com.vn/users/show/47000042,Long,2021-07-07,"Hà Nội, Việt Nam","Xin chào, tôi là Long, đã có 5 năm kinh nghiệm làm host. Tôi yêu thích du lịch và luôn mong muốn đem lại trải nghiệm lưu trú thoải mái nhất cho khách.",trong vòng một giờ,100%,98%,t,https://a0.muscache.com/im/pictures/user/User-47000042/original/user_profile_2.jpeg,https://a0.muscache.com/im/pictures/user/User-47000042/original/user_profile_2.jpeg,Quận Hai Bà Trưng,2,9,"['email', 'phone', 'work_email']",t,t,Quận Hai Bà Trưng,Quận Hai Bà Trưng,Hà Nội,21.0174,105.8528,Toàn bộ căn hộ cho thuê,Entire home/apt,2,1.0,1 phòng tắm,1,1,"[""Wi-fi tốc độ cao"", ""Tủ lạnh"", ""Máy giặt"", ""Máy báo khói"", ""Lò vi sóng"", ""Bộ chăn ga gối cao cấp"", ""Bếp đầy đủ tiện nghi"", ""Ban công ngắm cảnh"", ""Không gian riêng để làm việc"", ""Chỗ đỗ xe miễn phí trong khuôn viên"", ""Bàn ủi / Bàn là"", ""Bồn tắm thư giãn"", ""Máy phát hiện khí CO"", ""Tự nhận phòng với hộp khóa an toàn"", ""Máy sấy tóc"", ""TV màn hình phẳng"", ""Thang máy"", ""Điều hòa nhiệt độ""]","₫855,000",1,1125,1,2,1125,1125,1.0,1125.0,today,t,12,49,71,333,2026-09-26,4,2,2,2026-07-28,2026-09-13,5.0,4.95,4.88,5.0,5.0,4.89,4.9,,t,2,2,0,0,2.33,"[""https://a0.muscache.com/im/pictures/hosting/Hosting-1760026442166325875/original/9c69b348-0fc4-4ad4-9d0d-09d4443ab12a.jpeg"", ""https://a0.muscache.com/im/pictures/hosting/Hosting-1760026442166325875/original/610c70ab-c1ad-44a8-8068-3e145a78c760.jpeg"", ""https://a0.muscache.com/im/pictures/hosting/Hosting-1760026442166325875/original/b04f95ca-fe44-419e-8365-30876c63bcc4.jpeg"", ""https://a0.muscache.com/im/pictures/hosting/Hosting-1760026442166325875/original/c8cfc39e-f76b-4e22-8335-bd8f3849e9cc.jpeg"", ""https://a0.muscache.com/im/pictures/hosting/Hosting-1760026442166325875/original/36a08ca1-e77a-48c3-a29a-8915caa4bf13.jpeg"", ""https://a0.muscache.com/im/pictures/hosting/Hosting-1760026442166325875/original/24fa33cc-7787-47d9-a69a-f1bd46d5b8f8.jpeg"", ""https://a0.muscache.com/im/pictures/hosting/Hosting-1760026442166325875/original/0369605e-2b8d-4515-8da2-f68d58cb2a3b.jpeg"", ""https://a0.muscache.com/im/pictures/hosting/Hosting-1760026442166325875/original/a48d0a0a-536c-4422-a3cc-636ffe27a3d3.jpeg"", ""https://a0.muscache.com/im/pictures/hosting/Hosting-1760026442166325875/original/180075f6-a6b3-49ea-ba28-9b6d843ab4aa.jpeg"", ""https://a0.muscache.com/im/pictures/hosting/Hosting-1760026442166325875/original/ac0ba6db-7055-4e6e-8145-e375f76f99ca.jpeg"", ""https://a0.muscache.com/im/pictures/hosting/Hosting-1760026442166325875/original/9c024dfa-50ef-4048-81e8-2880fd853c14.jpeg"", ""https://a0.muscache.com/im/pictures/hosting/Hosting-1760026442166325875/original/727b7a2c-edb9-4668-a5cc-8c530d176f64.jpeg"", ""https://a0.muscache.com/im/pictures/hosting/Hosting-1760026442166325875/original/d1f405a1-5a08-46f9-8667-0eaf711bbd72.jpeg"", ""https://a0.muscache.com/im/pictures/hosting/Hosting-1760026442166325875/original/afba539b-f20c-4c5c-ac82-29259a3d4c0c.jpeg"", ""https://a0.muscache.com/im/pictures/hosting/Hosting-1760026442166325875/original/20e50057-b7d3-44f4-9506-5b6ec66b74c0.jpeg"", ""https://a0.muscache.com/im/pictures/hosting/Hosting-1760026442166325875/original/ddfb624f-e143-4aad-bcc9-1e2d591dacf0.jpeg"", ""https://a0.muscache.com/im/pictures/hosting/Hosting-1760026442166325875/original/bdaf433c-5586-45fb-9235-5851ddec25c6.jpeg"", ""https://a0.muscache.com/im/pictures/hosting/Hosting-1760026442166325875/original/6ac2c27c-b883-4c19-87a3-63f61aeb04be.jpeg"", ""https://a0.muscache.com/im/pictures/hosting/Hosting-1760026442166325875/original/e1bc4250-b43f-4082-b1f0-562199a99153.jpeg"", ""https://a0.muscache.com/im/pictures/hosting/Hosting-1760026442166325875/original/20c10d77-f8a9-427c-baaf-5d70e01c7823.jpeg"", ""https://a0.muscache.com/im/pictures/hosting/Hosting-1760026442166325875/original/a2bb656b-093b-4b96-b8e7-480772f7b8bb.jpeg"", ""https://a0.muscache.com/im/pictures/hosting/Hosting-1760026442166325875/original/57aae931-4532-46e9-abc3-c93f04002894.jpeg""]",f,"[{""name"": ""Rùa"", ""avatar"": ""https://a0.muscache.com/im/pictures/user/avatar_rua.jpg""}, {""name"": ""Dang Nguyen"", ""avatar"": ""https://a0.muscache.com/im/pictures/user/avatar_dang.jpg""}]","[{""name"": ""DECOR"", ""localizedName"": ""Trang trí"", ""count"": 13}, {""name"": ""INTERIOR"", ""localizedName"": ""Không gian bên trong"", ""count"": 2}, {""name"": ""CLEANLINESS"", ""localizedName"": ""Mức độ sạch sẽ"", ""count"": 12}, {""name"": ""LOCATION"", ""localizedName"": ""Địa điểm"", ""count"": 19}, {""name"": ""HOSPITALITY"", ""localizedName"": ""Hiếu khách"", ""count"": 14}]","[{""title"": ""Trải nghiệm nhận phòng xuất sắc"", ""subtitle"": ""Những khách ở gần đây đã xếp hạng 5 sao cho quy trình nhận phòng.""}, {""title"": ""Tự nhận phòng"", ""subtitle"": ""Tự nhận phòng với hộp khóa an toàn.""}]"
1529077817209198095,https://www.airbnb.com.vn/rooms/1529077817209198095,20260926000000,2026-09-26,city search,Khách sạn Savile |Ban công |1 giường | Khu phố Pháp,"Chào mừng bạn đến với Khách sạn Savile |Ban công |1 giường | Khu phố Pháp — một không gian lưu trú ấm cúng, sang trọng tọa lạc tại Quận Hai Bà Trưng, Hà Nội.
Căn phòng tràn ngập ánh sáng tự nhiên với đầy đủ tiện nghi cao cấp, giường nệm êm ái, máy lạnh, TV và wifi tốc độ cao. Rất thuận tiện di chuyển tới các điểm tham quan, nhà hàng ẩm thực và quán cà phê nổi tiếng của Hà Nội.","Khu vực Quận Hai Bà Trưng an ninh, văn minh, gần nhiều địa điểm ăn uống, mua sắm và giải trí sầm uất tại Hà Nội.",https://a0.muscache.com/im/pictures/hosting/Hosting-1526542343369632086/original/9807053d-ed24-484f-a4b0-00d13ff7d7c5.jpeg,47000043,https://www.airbnb.com.vn/users/show/47000043,Đức,2023-05-27,"Hà Nội, Việt Nam","Xin chào, tôi là Đức, đã có 3 năm kinh nghiệm làm host. Tôi yêu thích du lịch và luôn mong muốn đem lại trải nghiệm lưu trú thoải mái nhất cho khách.",trong vòng một giờ,100%,98%,f,https://a0.muscache.com/im/pictures/user/User-47000043/original/user_profile_3.jpeg,https://a0.muscache.com/im/pictures/user/User-47000043/original/user_profile_3.jpeg,Quận Hai Bà Trưng,6,8,"['email', 'phone', 'work_email']",t,t,Quận Hai Bà Trưng,Quận Hai Bà Trưng,Hà Nội,21.0185,105.8568,Toàn bộ căn hộ cho thuê,Entire home/apt,2,1.0,1 phòng tắm,1,1,"[""Không gian riêng để làm việc"", ""Ban công ngắm cảnh"", ""Máy sấy tóc"", ""Bếp đầy đủ tiện nghi"", ""Tủ lạnh"", ""Tự nhận phòng với hộp khóa an toàn"", ""Điều hòa nhiệt độ"", ""Wi-fi tốc độ cao"", ""Thang máy"", ""TV màn hình phẳng"", ""Bàn ủi / Bàn là"", ""Lò vi sóng"", ""Bể bơi"", ""Bồn tắm thư giãn"", ""Bộ chăn ga gối cao cấp"", ""Máy phát hiện khí CO""]","₫1,579,743",1,1125,1,2,1125,1125,1.0,1125.0,today,t,19,35,72,265,2026-09-26,21,16,1,2025-11-15,2026-09-12,4.95,4.97,4.92,5.0,5.0,4.91,4.87,,f,2,2,0,0,4.19,"[""https://a0.muscache.com/im/pictures/hosting/Hosting-1526542343369632086/original/9807053d-ed24-484f-a4b0-00d13ff7d7c5.jpeg"", ""https://a0.muscache.com/im/pictures/hosting/Hosting-1526542343369632086/original/656b7523-d139-471e-b121-a3b3d41224ea.jpeg"", ""https://a0.muscache.com/im/pictures/hosting/Hosting-1526542343369632086/original/2d4e40e9-73fc-43b1-994e-4ed7e97612d9.jpeg"", ""https://a0.muscache.com/im/pictures/hosting/Hosting-1526542343369632086/original/a5e73ec4-6f94-46d2-a213-7bf958bf4c5f.jpeg"", ""https://a0.muscache.com/im/pictures/hosting/Hosting-1526542343369632086/original/8a96a431-6640-4467-8302-1988f47f2038.jpeg"", ""https://a0.muscache.com/im/pictures/hosting/Hosting-1526542343369632086/original/9c5a4288-86fa-4688-9024-fe1e98865d06.jpeg"", ""https://a0.muscache.com/im/pictures/hosting/Hosting-1526542343369632086/original/f49efd9b-ee05-470d-a8b1-c725dbdf03b9.jpeg"", ""https://a0.muscache.com/im/pictures/hosting/Hosting-1526542343369632086/original/da11dc4f-6e45-4d16-b63e-18aa31680880.jpeg"", ""https://a0.muscache.com/im/pictures/hosting/Hosting-1526542343369632086/original/090fd45a-74c3-4ff6-9880-3e114e596f09.jpeg"", ""https://a0.muscache.com/im/pictures/hosting/Hosting-1526542343369632086/original/97d60e76-37b8-4ffd-81e9-7c78dcdabd91.jpeg"", ""https://a0.muscache.com/im/pictures/hosting/Hosting-1526542343369632086/original/8f5b39a9-97d8-418c-b6f6-7e739787872a.jpeg"", ""https://a0.muscache.com/im/pictures/hosting/Hosting-1526542343369632086/original/cff30b34-9dcd-4d52-9423-fd10aab99027.jpeg"", ""https://a0.muscache.com/im/pictures/hosting/Hosting-1526542343369632086/original/84f0f234-56f4-4a25-879d-b7a05d74c24a.jpeg"", ""https://a0.muscache.com/im/pictures/hosting/Hosting-1526542343369632086/original/12f7e819-89b4-4602-a6c9-ebe949317758.jpeg"", ""https://a0.muscache.com/im/pictures/hosting/Hosting-1526542343369632086/original/2da51f40-a6d7-45ba-8dfe-1ad60f13ea83.jpeg"", ""https://a0.muscache.com/im/pictures/hosting/Hosting-1526542343369632086/original/6c2861e4-1b0c-47c7-a4e8-4fab105ad5d0.jpeg"", ""https://a0.muscache.com/im/pictures/hosting/Hosting-1526542343369632086/original/f10daa68-9811-4120-9441-75814126d0f9.jpeg"", ""https://a0.muscache.com/im/pictures/hosting/Hosting-1526542343369632086/original/0ebf3c20-796e-4a88-be82-fbc21779578e.jpeg"", ""https://a0.muscache.com/im/pictures/hosting/Hosting-1526542343369632086/original/3bf80609-0bba-410c-ab7e-4c285d6f0bfb.jpeg"", ""https://a0.muscache.com/im/pictures/hosting/Hosting-1526542343369632086/original/863b3e0d-2285-49ab-83e9-ee1bc0f3c069.jpeg"", ""https://a0.muscache.com/im/pictures/hosting/Hosting-1526542343369632086/original/b6b28ae0-ee04-41bb-99da-41c459624917.jpeg"", ""https://a0.muscache.com/im/pictures/hosting/Hosting-1526542343369632086/original/b901f48b-92f6-4384-82db-200c67db94ca.jpeg"", ""https://a0.muscache.com/im/pictures/hosting/Hosting-1526542343369632086/original/0cf70c7a-fee5-4f5d-b911-313deb8e3650.jpeg"", ""https://a0.muscache.com/im/pictures/hosting/Hosting-1526542343369632086/original/bf613a1c-9610-4bfb-9059-652939fb3cf6.jpeg"", ""https://a0.muscache.com/im/pictures/hosting/Hosting-1526542343369632086/original/b5ce2241-9c47-4c43-92c9-10a48df9b953.jpeg"", ""https://a0.muscache.com/im/pictures/hosting/Hosting-1526542343369632086/original/eeca0260-fa70-46f8-8a4f-5907e5e30ba8.jpeg"", ""https://a0.muscache.com/im/pictures/hosting/Hosting-1526542343369632086/original/50c7601c-775a-4e16-97f9-028631b9ad19.jpeg"", ""https://a0.muscache.com/im/pictures/hosting/Hosting-1526542343369632086/original/fe3313e0-be25-477b-8e15-a54baa2c8449.jpeg"", ""https://a0.muscache.com/im/pictures/hosting/Hosting-1526542343369632086/original/bcb474fa-9879-4d14-b82b-82ab1ed948b7.jpeg""]",t,"[{""name"": ""Dang Nguyen"", ""avatar"": ""https://a0.muscache.com/im/pictures/user/avatar_dang.jpg""}]","[{""name"": ""DECOR"", ""localizedName"": ""Trang trí"", ""count"": 6}, {""name"": ""INTERIOR"", ""localizedName"": ""Không gian bên trong"", ""count"": 21}, {""name"": ""CLEANLINESS"", ""localizedName"": ""Mức độ sạch sẽ"", ""count"": 23}, {""name"": ""LOCATION"", ""localizedName"": ""Địa điểm"", ""count"": 9}, {""name"": ""HOSPITALITY"", ""localizedName"": ""Hiếu khách"", ""count"": 14}]","[{""title"": ""Trải nghiệm nhận phòng xuất sắc"", ""subtitle"": ""Những khách ở gần đây đã xếp hạng 5 sao cho quy trình nhận phòng.""}, {""title"": ""Tự nhận phòng"", ""subtitle"": ""Tự nhận phòng với hộp khóa an toàn.""}]"
1746344400022594015,https://www.airbnb.com.vn/rooms/1746344400022594015,20260926000000,2026-09-26,city search,Phòng trung tâm thanh lịch | 1 phòng ngủ hiện đại | Tầm nhìn ra thành phố,"Chào mừng bạn đến với Phòng trung tâm thanh lịch | 1 phòng ngủ hiện đại | Tầm nhìn ra thành phố — một không gian lưu trú ấm cúng, sang trọng tọa lạc tại Quận Thanh Xuân, Hà Nội.
Căn phòng tràn ngập ánh sáng tự nhiên với đầy đủ tiện nghi cao cấp, giường nệm êm ái, máy lạnh, TV và wifi tốc độ cao. Rất thuận tiện di chuyển tới các điểm tham quan, nhà hàng ẩm thực và quán cà phê nổi tiếng của Hà Nội.","Khu vực Quận Thanh Xuân an ninh, văn minh, gần nhiều địa điểm ăn uống, mua sắm và giải trí sầm uất tại Hà Nội.",https://a0.muscache.com/im/pictures/hosting/Hosting-1746344400022594015/original/c936aedb-8562-457b-b60d-223b5325d0e8.png,47000044,https://www.airbnb.com.vn/users/show/47000044,Khoa,2023-03-24,"Hà Nội, Việt Nam","Xin chào, tôi là Khoa, đã có 3 năm kinh nghiệm làm host. Tôi yêu thích du lịch và luôn mong muốn đem lại trải nghiệm lưu trú thoải mái nhất cho khách.",trong vòng một giờ,100%,98%,t,https://a0.muscache.com/im/pictures/user/User-47000044/original/user_profile_4.jpeg,https://a0.muscache.com/im/pictures/user/User-47000044/original/user_profile_4.jpeg,Quận Thanh Xuân,3,10,"['email', 'phone', 'work_email']",t,t,Quận Thanh Xuân,Quận Thanh Xuân,Hà Nội,21.0149,105.85,Phòng riêng trong nhà,Private room,2,1.0,1 phòng tắm,1,1,"[""Bếp đầy đủ tiện nghi"", ""Máy báo khói"", ""Thang máy"", ""Tự nhận phòng với hộp khóa an toàn"", ""Không gian riêng để làm việc"", ""Máy phát hiện khí CO"", ""Điều hòa nhiệt độ"", ""Tủ lạnh"", ""Bàn ủi / Bàn là"", ""Máy giặt"", ""TV màn hình phẳng"", ""Ban công ngắm cảnh"", ""Wi-fi tốc độ cao"", ""Bể bơi"", ""Chỗ đỗ xe miễn phí trong khuôn viên"", ""Bộ chăn ga gối cao cấp""]","₫2,400,000",1,1125,1,2,1125,1125,1.0,1125.0,today,t,14,49,79,273,2026-09-26,6,2,4,2026-06-28,2026-09-07,5.0,4.95,4.84,5.0,5.0,4.9,4.9,,t,2,0,1,0,3.46,"[""https://a0.muscache.com/im/pictures/hosting/Hosting-1746344400022594015/original/c936aedb-8562-457b-b60d-223b5325d0e8.png"", ""https://a0.muscache.com/im/pictures/hosting/Hosting-1746344400022594015/original/16356c7e-82a8-4d31-af34-913fda19c1d4.png"", ""https://a0.muscache.com/im/pictures/hosting/Hosting-1746344400022594015/original/34875b96-1f04-4c5f-a32f-2d1464ba419f.png"", ""https://a0.muscache.com/im/pictures/hosting/Hosting-1746344400022594015/original/af68c207-bf0e-4474-874e-c038ae67289e.png"", ""https://a0.muscache.com/im/pictures/hosting/Hosting-1746344400022594015/original/e4ab37c9-1b6f-4fef-b8a2-8185e69a7cdf.png"", ""https://a0.muscache.com/im/pictures/hosting/Hosting-1746344400022594015/original/897f2f6e-9003-4cc4-a53e-f7f42a778014.png""]",t,"[{""name"": ""Cindy"", ""avatar"": ""https://a0.muscache.com/im/pictures/user/avatar_cindy.jpg""}, {""name"": ""Rùa"", ""avatar"": ""https://a0.muscache.com/im/pictures/user/avatar_rua.jpg""}]","[{""name"": ""DECOR"", ""localizedName"": ""Trang trí"", ""count"": 9}, {""name"": ""INTERIOR"", ""localizedName"": ""Không gian bên trong"", ""count"": 2}, {""name"": ""CLEANLINESS"", ""localizedName"": ""Mức độ sạch sẽ"", ""count"": 23}, {""name"": ""LOCATION"", ""localizedName"": ""Địa điểm"", ""count"": 16}, {""name"": ""HOSPITALITY"", ""localizedName"": ""Hiếu khách"", ""count"": 13}]","[{""title"": ""Trải nghiệm nhận phòng xuất sắc"", ""subtitle"": ""Những khách ở gần đây đã xếp hạng 5 sao cho quy trình nhận phòng.""}, {""title"": ""Tự nhận phòng"", ""subtitle"": ""Tự nhận phòng với hộp khóa an toàn.""}]"
1348328959341578736,https://www.airbnb.com.vn/rooms/1348328959341578736,20260926000000,2026-09-26,city search,XOI Saka2 3BR-125m²|Ban công|Lakeside|Kitchen @ CBD,"Chào mừng bạn đến với XOI Saka2 3BR-125m²|Ban công|Lakeside|Kitchen @ CBD — một không gian lưu trú ấm cúng, sang trọng tọa lạc tại Quận Hoàn Kiếm, Hà Nội.
Căn phòng tràn ngập ánh sáng tự nhiên với đầy đủ tiện nghi cao cấp, giường nệm êm ái, máy lạnh, TV và wifi tốc độ cao. Rất thuận tiện di chuyển tới các điểm tham quan, nhà hàng ẩm thực và quán cà phê nổi tiếng của Hà Nội.","Khu vực Quận Hoàn Kiếm an ninh, văn minh, gần nhiều địa điểm ăn uống, mua sắm và giải trí sầm uất tại Hà Nội.",https://a0.muscache.com/im/pictures/hosting/Hosting-1348328959341578736/original/b496a890-2eac-4440-a0f3-fa16729caac2.jpeg,47000045,https://www.airbnb.com.vn/users/show/47000045,Hoàng,2022-02-05,"Hà Nội, Việt Nam","Xin chào, tôi là Hoàng, đã có 4 năm kinh nghiệm làm host. Tôi yêu thích du lịch và luôn mong muốn đem lại trải nghiệm lưu trú thoải mái nhất cho khách.",trong vòng một giờ,100%,98%,f,https://a0.muscache.com/im/pictures/user/User-47000045/original/user_profile_5.jpeg,https://a0.muscache.com/im/pictures/user/User-47000045/original/user_profile_5.jpeg,Quận Hoàn Kiếm,6,7,"['email', 'phone', 'work_email']",t,t,Quận Hoàn Kiếm,Quận Hoàn Kiếm,Hà Nội,21.02927315185098,105.81084037053074,Toàn bộ căn hộ cho thuê,Entire home/apt,4,2.0,2 phòng tắm,3,2,"[""Không gian riêng để làm việc"", ""Bàn ủi / Bàn là"", ""Bồn tắm thư giãn"", ""Bộ chăn ga gối cao cấp"", ""Bếp đầy đủ tiện nghi"", ""Wi-fi tốc độ cao"", ""Tủ lạnh"", ""Chỗ đỗ xe miễn phí trong khuôn viên"", ""TV màn hình phẳng"", ""Tự nhận phòng với hộp khóa an toàn"", ""Máy sấy tóc"", ""Điều hòa nhiệt độ"", ""Máy phát hiện khí CO"", ""Dầu gội & Sữa tắm"", ""Lò vi sóng""]","₫1,755,845",1,1125,1,2,1125,1125,1.0,1125.0,today,t,18,44,65,241,2026-09-26,69,15,4,2023-11-26,2026-09-24,4.99,4.92,4.95,5.0,5.0,4.76,4.76,,f,2,2,0,0,4.06,"[""https://a0.muscache.com/im/pictures/hosting/Hosting-1348328959341578736/original/b496a890-2eac-4440-a0f3-fa16729caac2.jpeg"", ""https://a0.muscache.com/im/pictures/hosting/Hosting-1348328959341578736/original/a0e321bb-09e8-43f4-ae99-97d8b05ea044.jpeg"", ""https://a0.muscache.com/im/pictures/hosting/Hosting-1348328959341578736/original/29cffd29-b4ba-4cc9-b5a6-18123afb22cd.jpeg"", ""https://a0.muscache.com/im/pictures/hosting/Hosting-1348328959341578736/original/4abb51e6-68a5-4db9-9f52-1677c2bc4ffa.jpeg"", ""https://a0.muscache.com/im/pictures/hosting/Hosting-1348328959341578736/original/de33dbab-a259-4932-9897-d41040175703.jpeg"", ""https://a0.muscache.com/im/pictures/hosting/Hosting-U3RheVN1cHBseUxpc3Rpbmc6MTM0ODMyODk1OTM0MTU3ODczNg==/original/a40d6150-7a70-4ffc-b401-f22774602de5.jpeg"", ""https://a0.muscache.com/im/pictures/hosting/Hosting-1348328959341578736/original/2e5e5707-6809-4bf2-ba70-09e7ed0b5968.jpeg"", ""https://a0.muscache.com/im/pictures/hosting/Hosting-1348328959341578736/original/b1ed19df-68f8-4d6c-b214-2e32812826ce.jpeg"", ""https://a0.muscache.com/im/pictures/hosting/Hosting-1348328959341578736/original/7a4958aa-784a-4629-9f66-db9c4bfbf757.jpeg"", ""https://a0.muscache.com/im/pictures/hosting/Hosting-1348328959341578736/original/3bde012f-e9ce-4dff-bae0-c92d71ae0e6c.jpeg"", ""https://a0.muscache.com/im/pictures/hosting/Hosting-1348328959341578736/original/fc0d3d02-ab77-4954-aa0f-97e23706b820.jpeg"", ""https://a0.muscache.com/im/pictures/hosting/Hosting-1348328959341578736/original/712f51d4-d2c6-45cc-94d7-6ac4f96aa936.jpeg"", ""https://a0.muscache.com/im/pictures/hosting/Hosting-1348328959341578736/original/5539bf1d-0f23-4ef9-81e0-ade06ec2508c.jpeg"", ""https://a0.muscache.com/im/pictures/hosting/Hosting-1348328959341578736/original/54aac6b4-0235-47cb-b6fd-8ccc4499844f.jpeg"", ""https://a0.muscache.com/im/pictures/hosting/Hosting-1348328959341578736/original/6337f15a-834b-44e4-a4ce-535b86beb070.jpeg"", ""https://a0.muscache.com/im/pictures/hosting/Hosting-1348328959341578736/original/0987f20f-223c-4dc8-9ca6-6e2fc884511d.jpeg"", ""https://a0.muscache.com/im/pictures/hosting/Hosting-1348328959341578736/original/e013180f-f9a9-4e8d-8137-c2255b59c5d2.jpeg"", ""https://a0.muscache.com/im/pictures/hosting/Hosting-1348328959341578736/original/f5682777-21a9-40e0-ae5a-ff80fbe5367b.jpeg"", ""https://a0.muscache.com/im/pictures/hosting/Hosting-1348328959341578736/original/73cd20af-935a-4cc5-be24-1a3732ee0ff9.jpeg"", ""https://a0.muscache.com/im/pictures/hosting/Hosting-1348328959341578736/original/82b4110c-a0df-4780-ab90-e1309bc5870a.jpeg"", ""https://a0.muscache.com/im/pictures/hosting/Hosting-1348328959341578736/original/99bb2611-3611-4441-9b56-7dec12033b73.jpeg"", ""https://a0.muscache.com/im/pictures/hosting/Hosting-1348328959341578736/original/8c52cd17-7d2b-47a4-b7f2-44a9f43e3c8d.jpeg"", ""https://a0.muscache.com/im/pictures/hosting/Hosting-1348328959341578736/original/d4712c92-bc70-42f9-b30e-97df3cc2c166.jpeg"", ""https://a0.muscache.com/im/pictures/hosting/Hosting-1348328959341578736/original/88a7f3c8-588a-4d16-b978-41734bdd19c1.jpeg"", ""https://a0.muscache.com/im/pictures/hosting/Hosting-1348328959341578736/original/b5d6adfe-05b0-4f7d-af49-3cbe5fba53da.jpeg"", ""https://a0.muscache.com/im/pictures/hosting/Hosting-1348328959341578736/original/d6278f9b-2933-47e8-a805-6c7f15d259e4.jpeg"", ""https://a0.muscache.com/im/pictures/hosting/Hosting-1348328959341578736/original/98f3be21-31ed-4022-b503-f15393f25ced.jpeg"", ""https://a0.muscache.com/im/pictures/hosting/Hosting-1348328959341578736/original/4b14ee3f-8c44-42cf-861b-685103cb2331.jpeg"", ""https://a0.muscache.com/im/pictures/hosting/Hosting-1348328959341578736/original/5558397c-038c-427d-9f40-f041db54ebdb.jpeg""]",t,"[{""name"": ""Dang Nguyen"", ""avatar"": ""https://a0.muscache.com/im/pictures/user/avatar_dang.jpg""}, {""name"": ""Rùa"", ""avatar"": ""https://a0.muscache.com/im/pictures/user/avatar_rua.jpg""}, {""name"": ""Long"", ""avatar"": ""https://a0.muscache.com/im/pictures/user/avatar_long.jpg""}]","[{""name"": ""DECOR"", ""localizedName"": ""Trang trí"", ""count"": 10}, {""name"": ""INTERIOR"", ""localizedName"": ""Không gian bên trong"", ""count"": 4}, {""name"": ""CLEANLINESS"", ""localizedName"": ""Mức độ sạch sẽ"", ""count"": 4}, {""name"": ""LOCATION"", ""localizedName"": ""Địa điểm"", ""count"": 4}, {""name"": ""HOSPITALITY"", ""localizedName"": ""Hiếu khách"", ""count"": 11}]","[{""title"": ""Trải nghiệm nhận phòng xuất sắc"", ""subtitle"": ""Những khách ở gần đây đã xếp hạng 5 sao cho quy trình nhận phòng.""}, {""title"": ""Tự nhận phòng"", ""subtitle"": ""Tự nhận phòng với hộp khóa an toàn.""}]"
1678910833954757193,https://www.airbnb.com.vn/rooms/1678910833954757193,20260926000000,2026-09-26,city search,Studio Deluxe 402/Ban công/Ngắm cảnh/Giường lớn/Phòng bếp,"Chào mừng bạn đến với Studio Deluxe 402/Ban công/Ngắm cảnh/Giường lớn/Phòng bếp — một không gian lưu trú ấm cúng, sang trọng tọa lạc tại Quận Tây Hồ, Hà Nội.
Căn phòng tràn ngập ánh sáng tự nhiên với đầy đủ tiện nghi cao cấp, giường nệm êm ái, máy lạnh, TV và wifi tốc độ cao. Rất thuận tiện di chuyển tới các điểm tham quan, nhà hàng ẩm thực và quán cà phê nổi tiếng của Hà Nội.","Khu vực Quận Tây Hồ an ninh, văn minh, gần nhiều địa điểm ăn uống, mua sắm và giải trí sầm uất tại Hà Nội.",https://a0.muscache.com/im/pictures/hosting/Hosting-1678910833954757193/original/72636d12-5f0f-490c-8bdb-5cbf9a774dd6.jpeg,47000046,https://www.airbnb.com.vn/users/show/47000046,Việt,2024-03-11,"Hà Nội, Việt Nam","Xin chào, tôi là Việt, đã có 2 năm kinh nghiệm làm host. Tôi yêu thích du lịch và luôn mong muốn đem lại trải nghiệm lưu trú thoải mái nhất cho khách.",trong vòng một giờ,100%,98%,t,https://a0.muscache.com/im/pictures/user/User-47000046/original/user_profile_6.jpeg,https://a0.muscache.com/im/pictures/user/User-47000046/original/user_profile_6.jpeg,Quận Tây Hồ,5,8,"['email', 'phone', 'work_email']",t,t,Quận Tây Hồ,Quận Tây Hồ,Hà Nội,21.0538,105.8107,Phòng riêng trong nhà,Private room,2,1.0,1 phòng tắm,1,1,"[""Chỗ đỗ xe miễn phí trong khuôn viên"", ""Máy sấy tóc"", ""Wi-fi tốc độ cao"", ""Không gian riêng để làm việc"", ""Bộ chăn ga gối cao cấp"", ""Tủ lạnh"", ""Bể bơi"", ""Thang máy"", ""Máy giặt"", ""Máy phát hiện khí CO"", ""Tự nhận phòng với hộp khóa an toàn"", ""Ban công ngắm cảnh"", ""Dầu gội & Sữa tắm"", ""TV màn hình phẳng"", ""Điều hòa nhiệt độ""]","₫576,000",1,1125,1,2,1125,1125,1.0,1125.0,today,t,28,39,85,334,2026-09-26,3,2,0,2026-08-12,2026-09-12,5.0,5.0,4.81,5.0,5.0,4.79,4.72,,t,2,0,1,0,2.31,"[""https://a0.muscache.com/im/pictures/hosting/Hosting-1678910833954757193/original/72636d12-5f0f-490c-8bdb-5cbf9a774dd6.jpeg"", ""https://a0.muscache.com/im/pictures/hosting/Hosting-1678910833954757193/original/d712652c-978c-44b8-9f32-e23ed2265783.jpeg"", ""https://a0.muscache.com/im/pictures/hosting/Hosting-1678910833954757193/original/32a9b707-7761-465c-800c-8deb7c076818.jpeg"", ""https://a0.muscache.com/im/pictures/hosting/Hosting-1678910833954757193/original/52f8d3d6-2531-423d-93b9-189cf7dd639f.jpeg"", ""https://a0.muscache.com/im/pictures/hosting/Hosting-1678910833954757193/original/138ed2f5-324b-4a1a-9095-4b7278029d1c.jpeg"", ""https://a0.muscache.com/im/pictures/hosting/Hosting-1678910833954757193/original/bd7548ae-dc8d-440c-b881-95bf38ba5ffb.jpeg""]",f,"[{""name"": ""Dang Nguyen"", ""avatar"": ""https://a0.muscache.com/im/pictures/user/avatar_dang.jpg""}, {""name"": ""Rùa"", ""avatar"": ""https://a0.muscache.com/im/pictures/user/avatar_rua.jpg""}, {""name"": ""Long"", ""avatar"": ""https://a0.muscache.com/im/pictures/user/avatar_long.jpg""}]","[{""name"": ""DECOR"", ""localizedName"": ""Trang trí"", ""count"": 10}, {""name"": ""INTERIOR"", ""localizedName"": ""Không gian bên trong"", ""count"": 18}, {""name"": ""CLEANLINESS"", ""localizedName"": ""Mức độ sạch sẽ"", ""count"": 9}, {""name"": ""LOCATION"", ""localizedName"": ""Địa điểm"", ""count"": 19}, {""name"": ""HOSPITALITY"", ""localizedName"": ""Hiếu khách"", ""count"": 2}]","[{""title"": ""Trải nghiệm nhận phòng xuất sắc"", ""subtitle"": ""Những khách ở gần đây đã xếp hạng 5 sao cho quy trình nhận phòng.""}, {""title"": ""Tự nhận phòng"", ""subtitle"": ""Tự nhận phòng với hộp khóa an toàn.""}]"
1372463164947259948,https://www.airbnb.com.vn/rooms/1372463164947259948,20260926000000,2026-09-26,city search,1.3 Biệt thự ấm cúng/Không khí trong lành/Cây cối tươi tốt - Kotton301,"Chào mừng bạn đến với 1.3 Biệt thự ấm cúng/Không khí trong lành/Cây cối tươi tốt - Kotton301 — một không gian lưu trú ấm cúng, sang trọng tọa lạc tại Quận Tây Hồ, Hà Nội.
Căn phòng tràn ngập ánh sáng tự nhiên với đầy đủ tiện nghi cao cấp, giường nệm êm ái, máy lạnh, TV và wifi tốc độ cao. Rất thuận tiện di chuyển tới các điểm tham quan, nhà hàng ẩm thực và quán cà phê nổi tiếng của Hà Nội.","Khu vực Quận Tây Hồ an ninh, văn minh, gần nhiều địa điểm ăn uống, mua sắm và giải trí sầm uất tại Hà Nội.",https://a0.muscache.com/im/pictures/hosting/Hosting-1372463164947259948/original/ebaea5e0-d95e-476f-a9da-383ca6c4d181.jpeg,47000047,https://www.airbnb.com.vn/users/show/47000047,Phong,2023-02-22,"Hà Nội, Việt Nam","Xin chào, tôi là Phong, đã có 3 năm kinh nghiệm làm host. Tôi yêu thích du lịch và luôn mong muốn đem lại trải nghiệm lưu trú thoải mái nhất cho khách.",trong vòng một giờ,100%,98%,f,https://a0.muscache.com/im/pictures/user/User-47000047/original/user_profile_7.jpeg,https://a0.muscache.com/im/pictures/user/User-47000047/original/user_profile_7.jpeg,Quận Tây Hồ,1,3,"['email', 'phone', 'work_email']",t,t,Quận Tây Hồ,Quận Tây Hồ,Hà Nội,21.064803252097256,105.82685071138522,Phòng riêng trong nhà,Private room,2,1.0,1 phòng tắm,1,1,"[""Thang máy"", ""Bể bơi"", ""Máy sấy tóc"", ""Lò vi sóng"", ""Tự nhận phòng với hộp khóa an toàn"", ""Bếp đầy đủ tiện nghi"", ""Không gian riêng để làm việc"", ""Dầu gội & Sữa tắm"", ""Bàn ủi / Bàn là"", ""Điều hòa nhiệt độ"", ""Bồn tắm thư giãn"", ""Máy giặt"", ""Bộ chăn ga gối cao cấp"", ""Wi-fi tốc độ cao"", ""Máy báo khói""]","₫550,000",1,1125,1,2,1125,1125,1.0,1125.0,today,t,28,42,65,246,2026-09-26,40,30,4,2025-02-03,2026-09-14,4.85,4.99,4.87,5.0,5.0,4.97,4.78,,f,2,0,1,0,2.22,"[""https://a0.muscache.com/im/pictures/hosting/Hosting-1372463164947259948/original/ebaea5e0-d95e-476f-a9da-383ca6c4d181.jpeg"", ""https://a0.muscache.com/im/pictures/hosting/Hosting-1372463164947259948/original/96da9d20-c461-410e-b919-d4179446953d.jpeg"", ""https://a0.muscache.com/im/pictures/hosting/Hosting-1372463164947259948/original/eedd0dd6-a95d-43d7-a937-a6fea767a239.jpeg"", ""https://a0.muscache.com/im/pictures/hosting/Hosting-1372463164947259948/original/2a868262-100a-4c80-a028-47afff6465df.jpeg"", ""https://a0.muscache.com/im/pictures/hosting/Hosting-1372463164947259948/original/0a6cecbb-9759-4ff5-9d79-153be4afa64a.jpeg"", ""https://a0.muscache.com/im/pictures/hosting/Hosting-1372463164947259948/original/eff5ef65-6864-41bb-a48e-35cbe09dd000.jpeg""]",t,"[{""name"": ""Cindy"", ""avatar"": ""https://a0.muscache.com/im/pictures/user/avatar_cindy.jpg""}, {""name"": ""Rùa"", ""avatar"": ""https://a0.muscache.com/im/pictures/user/avatar_rua.jpg""}]","[{""name"": ""DECOR"", ""localizedName"": ""Trang trí"", ""count"": 16}, {""name"": ""INTERIOR"", ""localizedName"": ""Không gian bên trong"", ""count"": 9}, {""name"": ""CLEANLINESS"", ""localizedName"": ""Mức độ sạch sẽ"", ""count"": 18}, {""name"": ""LOCATION"", ""localizedName"": ""Địa điểm"", ""count"": 19}, {""name"": ""HOSPITALITY"", ""localizedName"": ""Hiếu khách"", ""count"": 3}]","[{""title"": ""Trải nghiệm nhận phòng xuất sắc"", ""subtitle"": ""Những khách ở gần đây đã xếp hạng 5 sao cho quy trình nhận phòng.""}, {""title"": ""Tự nhận phòng"", ""subtitle"": ""Tự nhận phòng với hộp khóa an toàn.""}]"
1658471076163127015,https://www.airbnb.com.vn/rooms/1658471076163127015,20260926000000,2026-09-26,city search,Giường cỡ king phong cách Japandi / bồn tắm / ban công / Westlake,"Chào mừng bạn đến với Giường cỡ king phong cách Japandi / bồn tắm / ban công / Westlake — một không gian lưu trú ấm cúng, sang trọng tọa lạc tại Quận Tây Hồ, Hà Nội.
Căn phòng tràn ngập ánh sáng tự nhiên với đầy đủ tiện nghi cao cấp, giường nệm êm ái, máy lạnh, TV và wifi tốc độ cao. Rất thuận tiện di chuyển tới các điểm tham quan, nhà hàng ẩm thực và quán cà phê nổi tiếng của Hà Nội.","Khu vực Quận Tây Hồ an ninh, văn minh, gần nhiều địa điểm ăn uống, mua sắm và giải trí sầm uất tại Hà Nội.",https://a0.muscache.com/im/pictures/hosting/Hosting-1658471076163127015/original/f5ac5ee2-85cd-47eb-90e0-4cb672d8900a.jpeg,47000048,https://www.airbnb.com.vn/users/show/47000048,Tùng,2024-05-18,"Hà Nội, Việt Nam","Xin chào, tôi là Tùng, đã có 2 năm kinh nghiệm làm host. Tôi yêu thích du lịch và luôn mong muốn đem lại trải nghiệm lưu trú thoải mái nhất cho khách.",trong vòng một giờ,100%,98%,t,https://a0.muscache.com/im/pictures/user/User-47000048/original/user_profile_8.jpeg,https://a0.muscache.com/im/pictures/user/User-47000048/original/user_profile_8.jpeg,Quận Tây Hồ,6,7,"['email', 'phone', 'work_email']",t,t,Quận Tây Hồ,Quận Tây Hồ,Hà Nội,21.0604,105.8327,Phòng riêng trong nhà,Private room,2,1.0,1 phòng tắm,1,1,"[""Tủ lạnh"", ""Bồn tắm thư giãn"", ""Lò vi sóng"", ""Ban công ngắm cảnh"", ""Không gian riêng để làm việc"", ""Thang máy"", ""Dầu gội & Sữa tắm"", ""Máy phát hiện khí CO"", ""Chỗ đỗ xe miễn phí trong khuôn viên"", ""Bàn ủi / Bàn là"", ""TV màn hình phẳng"", ""Bếp đầy đủ tiện nghi"", ""Wi-fi tốc độ cao"", ""Máy báo khói"", ""Tự nhận phòng với hộp khóa an toàn"", ""Bộ chăn ga gối cao cấp"", ""Máy giặt"", ""Bể bơi"", ""Máy sấy tóc"", ""Điều hòa nhiệt độ""]","₫650,000",1,1125,1,2,1125,1125,1.0,1125.0,today,t,12,46,85,271,2026-09-26,7,7,3,2026-06-13,2026-09-16,5.0,4.99,4.96,5.0,5.0,4.78,4.76,,t,2,0,1,0,3.47,"[""https://a0.muscache.com/im/pictures/hosting/Hosting-1658471076163127015/original/f5ac5ee2-85cd-47eb-90e0-4cb672d8900a.jpeg"", ""https://a0.muscache.com/im/pictures/hosting/Hosting-1658471076163127015/original/acff89bb-9306-400b-bcd3-45c78dc74d67.jpeg"", ""https://a0.muscache.com/im/pictures/hosting/Hosting-1658471076163127015/original/972b7ce2-7264-4bfa-97a8-e13d69539fec.jpeg"", ""https://a0.muscache.com/im/pictures/hosting/Hosting-1658471076163127015/original/66467120-e214-41c7-8489-0d93c067f6ea.jpeg"", ""https://a0.muscache.com/im/pictures/hosting/Hosting-1658471076163127015/original/82b33b14-1dd4-42dd-83ad-b5edac286a41.jpeg"", ""https://a0.muscache.com/im/pictures/hosting/Hosting-1658471076163127015/original/88ad078c-43ab-4297-82d0-82592591a3a4.jpeg""]",t,"[{""name"": ""Long"", ""avatar"": ""https://a0.muscache.com/im/pictures/user/avatar_long.jpg""}]","[{""name"": ""DECOR"", ""localizedName"": ""Trang trí"", ""count"": 18}, {""name"": ""INTERIOR"", ""localizedName"": ""Không gian bên trong"", ""count"": 2}, {""name"": ""CLEANLINESS"", ""localizedName"": ""Mức độ sạch sẽ"", ""count"": 14}, {""name"": ""LOCATION"", ""localizedName"": ""Địa điểm"", ""count"": 12}, {""name"": ""HOSPITALITY"", ""localizedName"": ""Hiếu khách"", ""count"": 10}]","[{""title"": ""Trải nghiệm nhận phòng xuất sắc"", ""subtitle"": ""Những khách ở gần đây đã xếp hạng 5 sao cho quy trình nhận phòng.""}, {""title"": ""Tự nhận phòng"", ""subtitle"": ""Tự nhận phòng với hộp khóa an toàn.""}]"
1490286058990106556,https://www.airbnb.com.vn/rooms/1490286058990106556,20260926000000,2026-09-26,city search,Vinyl De Chic * 10 phút đến hồ Hoàn Kiếm,"Chào mừng bạn đến với Vinyl De Chic * 10 phút đến hồ Hoàn Kiếm — một không gian lưu trú ấm cúng, sang trọng tọa lạc tại Quận Hai Bà Trưng, Hà Nội.
Căn phòng tràn ngập ánh sáng tự nhiên với đầy đủ tiện nghi cao cấp, giường nệm êm ái, máy lạnh, TV và wifi tốc độ cao. Rất thuận tiện di chuyển tới các điểm tham quan, nhà hàng ẩm thực và quán cà phê nổi tiếng của Hà Nội.","Khu vực Quận Hai Bà Trưng an ninh, văn minh, gần nhiều địa điểm ăn uống, mua sắm và giải trí sầm uất tại Hà Nội.",https://a0.muscache.com/im/pictures/hosting/Hosting-U3RheVN1cHBseUxpc3Rpbmc6MTQ5MDI4NjA1ODk5MDEwNjU1Ng==/original/47481c1c-8a1b-467a-8f2c-83609391d5aa.jpeg,47000049,https://www.airbnb.com.vn/users/show/47000049,Quân,2020-02-09,"Hà Nội, Việt Nam","Xin chào, tôi là Quân, đã có 6 năm kinh nghiệm làm host. Tôi yêu thích du lịch và luôn mong muốn đem lại trải nghiệm lưu trú thoải mái nhất cho khách.",trong vòng một giờ,100%,98%,f,https://a0.muscache.com/im/pictures/user/User-47000049/original/user_profile_9.jpeg,https://a0.muscache.com/im/pictures/user/User-47000049/original/user_profile_9.jpeg,Quận Hai Bà Trưng,4,10,"['email', 'phone', 'work_email']",t,t,Quận Hai Bà Trưng,Quận Hai Bà Trưng,Hà Nội,21.0174,105.8528,Toàn bộ căn hộ cho thuê,Entire home/apt,4,1.0,1 phòng tắm,1,2,"[""Bộ chăn ga gối cao cấp"", ""Điều hòa nhiệt độ"", ""Chỗ đỗ xe miễn phí trong khuôn viên"", ""Tự nhận phòng với hộp khóa an toàn"", ""Máy phát hiện khí CO"", ""TV màn hình phẳng"", ""Máy báo khói"", ""Thang máy"", ""Ban công ngắm cảnh"", ""Bàn ủi / Bàn là"", ""Dầu gội & Sữa tắm"", ""Bồn tắm thư giãn"", ""Wi-fi tốc độ cao"", ""Tủ lạnh"", ""Bể bơi"", ""Máy giặt"", ""Bếp đầy đủ tiện nghi""]","₫1,282,500",1,1125,1,2,1125,1125,1.0,1125.0,today,t,27,30,80,340,2026-09-26,44,20,0,2024-12-05,2026-09-16,4.73,4.85,4.91,5.0,5.0,4.98,4.77,,f,2,2,0,0,4.05,"[""https://a0.muscache.com/im/pictures/hosting/Hosting-U3RheVN1cHBseUxpc3Rpbmc6MTQ5MDI4NjA1ODk5MDEwNjU1Ng==/original/47481c1c-8a1b-467a-8f2c-83609391d5aa.jpeg"", ""https://a0.muscache.com/im/pictures/hosting/Hosting-U3RheVN1cHBseUxpc3Rpbmc6MTQ5MDI4NjA1ODk5MDEwNjU1Ng==/original/e14ce223-af73-4fbb-b557-97d571be6ba4.jpeg"", ""https://a0.muscache.com/im/pictures/hosting/Hosting-U3RheVN1cHBseUxpc3Rpbmc6MTQ5MDI4NjA1ODk5MDEwNjU1Ng==/original/7881a970-b2a6-43a3-b9e0-3de91c540380.jpeg"", ""https://a0.muscache.com/im/pictures/hosting/Hosting-U3RheVN1cHBseUxpc3Rpbmc6MTQ5MDI4NjA1ODk5MDEwNjU1Ng==/original/6cc84bf4-0ac7-4006-aa4f-54ad1bcc3074.jpeg"", ""https://a0.muscache.com/im/pictures/hosting/Hosting-U3RheVN1cHBseUxpc3Rpbmc6MTQ5MDI4NjA1ODk5MDEwNjU1Ng==/original/77f97bfe-d8b2-4124-9f96-47f386a7a6a7.jpeg"", ""https://a0.muscache.com/im/pictures/hosting/Hosting-U3RheVN1cHBseUxpc3Rpbmc6MTQ5MDI4NjA1ODk5MDEwNjU1Ng==/original/573f5fde-b2cd-4e1f-9825-47918bad43cc.jpeg"", ""https://a0.muscache.com/im/pictures/hosting/Hosting-U3RheVN1cHBseUxpc3Rpbmc6MTQ5MDI4NjA1ODk5MDEwNjU1Ng==/original/d0e63c88-9d56-4b34-a295-6d552aa8b78d.jpeg"", ""https://a0.muscache.com/im/pictures/hosting/Hosting-U3RheVN1cHBseUxpc3Rpbmc6MTQ5MDI4NjA1ODk5MDEwNjU1Ng==/original/7796aea1-4c8f-434f-aef8-913ecb5a27ac.jpeg"", ""https://a0.muscache.com/im/pictures/hosting/Hosting-U3RheVN1cHBseUxpc3Rpbmc6MTQ5MDI4NjA1ODk5MDEwNjU1Ng==/original/aec79e4c-3ce0-4349-87bc-de2f44057ae0.jpeg"", ""https://a0.muscache.com/im/pictures/hosting/Hosting-U3RheVN1cHBseUxpc3Rpbmc6MTQ5MDI4NjA1ODk5MDEwNjU1Ng==/original/a7b65408-d0e2-4315-9208-fb5552304d85.jpeg"", ""https://a0.muscache.com/im/pictures/hosting/Hosting-U3RheVN1cHBseUxpc3Rpbmc6MTQ5MDI4NjA1ODk5MDEwNjU1Ng==/original/191b1f9f-96a0-442a-ad19-ecd3b7fd04e4.jpeg"", ""https://a0.muscache.com/im/pictures/hosting/Hosting-U3RheVN1cHBseUxpc3Rpbmc6MTQ5MDI4NjA1ODk5MDEwNjU1Ng==/original/5a409058-7c8c-4b31-ad4a-2304c56c699a.jpeg"", ""https://a0.muscache.com/im/pictures/hosting/Hosting-U3RheVN1cHBseUxpc3Rpbmc6MTQ5MDI4NjA1ODk5MDEwNjU1Ng==/original/c7743192-ae96-4b8c-bdcc-77c006f4b32b.jpeg"", ""https://a0.muscache.com/im/pictures/hosting/Hosting-U3RheVN1cHBseUxpc3Rpbmc6MTQ5MDI4NjA1ODk5MDEwNjU1Ng==/original/435cb462-fdc0-4aa9-afb8-b45d427cd40f.jpeg"", ""https://a0.muscache.com/im/pictures/hosting/Hosting-1490286058990106556/original/80df2f26-185b-412d-9fec-35b6ff87e8a2.jpeg"", ""https://a0.muscache.com/im/pictures/hosting/Hosting-1490286058990106556/original/c7d12106-d4d7-42ba-b134-d46a7400e99e.jpeg"", ""https://a0.muscache.com/im/pictures/hosting/Hosting-1490286058990106556/original/4c907f09-f7d9-43e4-8db5-47eccc4e2b8b.jpeg""]",f,"[{""name"": ""Cindy"", ""avatar"": ""https://a0.muscache.com/im/pictures/user/avatar_cindy.jpg""}, {""name"": ""Long"", ""avatar"": ""https://a0.muscache.com/im/pictures/user/avatar_long.jpg""}, {""name"": ""Rùa"", ""avatar"": ""https://a0.muscache.com/im/pictures/user/avatar_rua.jpg""}]","[{""name"": ""DECOR"", ""localizedName"": ""Trang trí"", ""count"": 7}, {""name"": ""INTERIOR"", ""localizedName"": ""Không gian bên trong"", ""count"": 8}, {""name"": ""CLEANLINESS"", ""localizedName"": ""Mức độ sạch sẽ"", ""count"": 19}, {""name"": ""LOCATION"", ""localizedName"": ""Địa điểm"", ""count"": 11}, {""name"": ""HOSPITALITY"", ""localizedName"": ""Hiếu khách"", ""count"": 9}]","[{""title"": ""Trải nghiệm nhận phòng xuất sắc"", ""subtitle"": ""Những khách ở gần đây đã xếp hạng 5 sao cho quy trình nhận phòng.""}, {""title"": ""Tự nhận phòng"", ""subtitle"": ""Tự nhận phòng với hộp khóa an toàn.""}]"
1718687913700158064,https://www.airbnb.com.vn/rooms/1718687913700158064,20260926000000,2026-09-26,city search,Mầm* 5 phút đến Hồ Hoàn Kiếm,"Chào mừng bạn đến với Mầm* 5 phút đến Hồ Hoàn Kiếm — một không gian lưu trú ấm cúng, sang trọng tọa lạc tại Quận Hoàn Kiếm, Hà Nội.
Căn phòng tràn ngập ánh sáng tự nhiên với đầy đủ tiện nghi cao cấp, giường nệm êm ái, máy lạnh, TV và wifi tốc độ cao. Rất thuận tiện di chuyển tới các điểm tham quan, nhà hàng ẩm thực và quán cà phê nổi tiếng của Hà Nội.","Khu vực Quận Hoàn Kiếm an ninh, văn minh, gần nhiều địa điểm ăn uống, mua sắm và giải trí sầm uất tại Hà Nội.",https://a0.muscache.com/im/pictures/hosting/Hosting-1718687913700158064/original/03f2ea84-d83e-4855-baca-a6e532bf0f1c.jpeg,47000050,https://www.airbnb.com.vn/users/show/47000050,Felix,2022-09-15,"Hà Nội, Việt Nam","Xin chào, tôi là Felix, đã có 4 năm kinh nghiệm làm host. Tôi yêu thích du lịch và luôn mong muốn đem lại trải nghiệm lưu trú thoải mái nhất cho khách.",trong vòng một giờ,100%,98%,f,https://a0.muscache.com/im/pictures/user/User-47000050/original/user_profile_0.jpeg,https://a0.muscache.com/im/pictures/user/User-47000050/original/user_profile_0.jpeg,Quận Hoàn Kiếm,9,2,"['email', 'phone', 'work_email']",t,t,Quận Hoàn Kiếm,Quận Hoàn Kiếm,Hà Nội,21.0381,105.8449,Toàn bộ căn hộ cho thuê,Entire home/apt,2,1.0,1 phòng tắm,1,1,"[""Dầu gội & Sữa tắm"", ""Máy giặt"", ""Bàn ủi / Bàn là"", ""Bồn tắm thư giãn"", ""Bộ chăn ga gối cao cấp"", ""Tự nhận phòng với hộp khóa an toàn"", ""Wi-fi tốc độ cao"", ""Bể bơi"", ""Máy phát hiện khí CO"", ""Tủ lạnh"", ""TV màn hình phẳng"", ""Điều hòa nhiệt độ"", ""Lò vi sóng"", ""Chỗ đỗ xe miễn phí trong khuôn viên"", ""Máy sấy tóc"", ""Thang máy"", ""Máy báo khói""]","₫522,800",1,1125,1,2,1125,1125,1.0,1125.0,today,t,18,34,51,308,2026-09-26,6,3,5,2026-06-28,2026-09-08,4.5,4.91,4.99,5.0,5.0,4.73,4.92,,t,2,2,0,0,2.16,"[""https://a0.muscache.com/im/pictures/hosting/Hosting-1718687913700158064/original/03f2ea84-d83e-4855-baca-a6e532bf0f1c.jpeg"", ""https://a0.muscache.com/im/pictures/hosting/Hosting-1718687913700158064/original/6eed6af2-1df4-4dbc-a673-e3ae31a54597.jpeg"", ""https://a0.muscache.com/im/pictures/hosting/Hosting-1718687913700158064/original/4bf3fbde-181b-4261-962c-674520f7d937.jpeg"", ""https://a0.muscache.com/im/pictures/hosting/Hosting-1718687913700158064/original/9a936a48-b49d-4fe6-bef0-4df680e7e700.jpeg"", ""https://a0.muscache.com/im/pictures/hosting/Hosting-1718687913700158064/original/1245963f-f047-40b4-9b23-32bc74793d11.jpeg"", ""https://a0.muscache.com/im/pictures/hosting/Hosting-1718687913700158064/original/a4c05d88-7bc4-4fc1-b4f2-0455789d775b.jpeg"", ""https://a0.muscache.com/im/pictures/hosting/Hosting-1718687913700158064/original/485861b3-4ba4-485b-b4d6-120cde1aeced.jpeg"", ""https://a0.muscache.com/im/pictures/hosting/Hosting-1718687913700158064/original/20d05fab-f4a9-4b9f-aa00-15e7cf286085.jpeg"", ""https://a0.muscache.com/im/pictures/hosting/Hosting-1718687913700158064/original/d184a9f5-04a5-4838-a228-5851b8d66a03.jpeg""]",f,"[{""name"": ""Dang Nguyen"", ""avatar"": ""https://a0.muscache.com/im/pictures/user/avatar_dang.jpg""}]","[{""name"": ""DECOR"", ""localizedName"": ""Trang trí"", ""count"": 16}, {""name"": ""INTERIOR"", ""localizedName"": ""Không gian bên trong"", ""count"": 3}, {""name"": ""CLEANLINESS"", ""localizedName"": ""Mức độ sạch sẽ"", ""count"": 4}, {""name"": ""LOCATION"", ""localizedName"": ""Địa điểm"", ""count"": 20}, {""name"": ""HOSPITALITY"", ""localizedName"": ""Hiếu khách"", ""count"": 13}]","[{""title"": ""Trải nghiệm nhận phòng xuất sắc"", ""subtitle"": ""Những khách ở gần đây đã xếp hạng 5 sao cho quy trình nhận phòng.""}, {""title"": ""Tự nhận phòng"", ""subtitle"": ""Tự nhận phòng với hộp khóa an toàn.""}]"
1755928439329893600,https://www.airbnb.com.vn/rooms/1755928439329893600,20260926000000,2026-09-26,city search,Pentstudio/ thông tầng/ bồn tắm! view Hồ Tây,"Chào mừng bạn đến với Pentstudio/ thông tầng/ bồn tắm! view Hồ Tây — một không gian lưu trú ấm cúng, sang trọng tọa lạc tại Quận Tây Hồ, Hà Nội.
Căn phòng tràn ngập ánh sáng tự nhiên với đầy đủ tiện nghi cao cấp, giường nệm êm ái, máy lạnh, TV và wifi tốc độ cao. Rất thuận tiện di chuyển tới các điểm tham quan, nhà hàng ẩm thực và quán cà phê nổi tiếng của Hà Nội.","Khu vực Quận Tây Hồ an ninh, văn minh, gần nhiều địa điểm ăn uống, mua sắm và giải trí sầm uất tại Hà Nội.",https://a0.muscache.com/im/pictures/hosting/Hosting-1755928439329893600/original/c67bcb53-c095-4e08-a935-1a09ccddb773.jpeg,47000051,https://www.airbnb.com.vn/users/show/47000051,Cindy,2020-03-17,"Hà Nội, Việt Nam","Xin chào, tôi là Cindy, đã có 6 năm kinh nghiệm làm host. Tôi yêu thích du lịch và luôn mong muốn đem lại trải nghiệm lưu trú thoải mái nhất cho khách.",trong vòng một giờ,100%,98%,f,https://a0.muscache.com/im/pictures/user/User-47000051/original/user_profile_1.jpeg,https://a0.muscache.com/im/pictures/user/User-47000051/original/user_profile_1.jpeg,Quận Tây Hồ,3,2,"['email', 'phone', 'work_email']",t,t,Quận Tây Hồ,Quận Tây Hồ,Hà Nội,21.0807,105.8157,Phòng riêng trong nhà,Private room,2,2.0,2 phòng tắm,1,1,"[""Bể bơi"", ""Lò vi sóng"", ""Ban công ngắm cảnh"", ""Tủ lạnh"", ""Máy sấy tóc"", ""Chỗ đỗ xe miễn phí trong khuôn viên"", ""Tự nhận phòng với hộp khóa an toàn"", ""Thang máy"", ""Bộ chăn ga gối cao cấp"", ""Máy báo khói"", ""Bếp đầy đủ tiện nghi"", ""TV màn hình phẳng"", ""Dầu gội & Sữa tắm"", ""Máy phát hiện khí CO"", ""Bàn ủi / Bàn là"", ""Không gian riêng để làm việc"", ""Điều hòa nhiệt độ"", ""Máy giặt"", ""Bồn tắm thư giãn"", ""Wi-fi tốc độ cao""]","₫1,390,030",1,1125,1,2,1125,1125,1.0,1125.0,today,t,15,53,64,332,2026-09-26,4,2,2,2026-07-28,2026-09-14,5.0,4.96,4.93,5.0,5.0,4.8,4.85,,f,2,0,1,0,4.57,"[""https://a0.muscache.com/im/pictures/hosting/Hosting-1755928439329893600/original/c67bcb53-c095-4e08-a935-1a09ccddb773.jpeg"", ""https://a0.muscache.com/im/pictures/hosting/Hosting-1755928439329893600/original/3665da32-3f40-43ad-a7a8-fbeeb608a234.jpeg"", ""https://a0.muscache.com/im/pictures/hosting/Hosting-1755928439329893600/original/3c189108-0862-45a7-b541-eb2f6b1fd429.jpeg"", ""https://a0.muscache.com/im/pictures/hosting/Hosting-1755928439329893600/original/6b041a73-f95e-479d-b2bf-dafcf261915e.jpeg"", ""https://a0.muscache.com/im/pictures/hosting/Hosting-1755928439329893600/original/27ae2b56-654d-4e4d-9b1d-ea3e29dc2840.jpeg"", ""https://a0.muscache.com/im/pictures/hosting/Hosting-1755928439329893600/original/cd3697ea-d4c8-41f8-812f-7d65ac660a0f.jpeg""]",f,"[{""name"": ""Dang Nguyen"", ""avatar"": ""https://a0.muscache.com/im/pictures/user/avatar_dang.jpg""}]","[{""name"": ""DECOR"", ""localizedName"": ""Trang trí"", ""count"": 9}, {""name"": ""INTERIOR"", ""localizedName"": ""Không gian bên trong"", ""count"": 12}, {""name"": ""CLEANLINESS"", ""localizedName"": ""Mức độ sạch sẽ"", ""count"": 14}, {""name"": ""LOCATION"", ""localizedName"": ""Địa điểm"", ""count"": 2}, {""name"": ""HOSPITALITY"", ""localizedName"": ""Hiếu khách"", ""count"": 6}]","[{""title"": ""Trải nghiệm nhận phòng xuất sắc"", ""subtitle"": ""Những khách ở gần đây đã xếp hạng 5 sao cho quy trình nhận phòng.""}, {""title"": ""Tự nhận phòng"", ""subtitle"": ""Tự nhận phòng với hộp khóa an toàn.""}]"
1501447403175240202,https://www.airbnb.com.vn/rooms/1501447403175240202,20260926000000,2026-09-26,city search,C2 D'Capitale Retro 50' gần Trung tâm Mỹ Đình Hàn Quốc,"Chào mừng bạn đến với C2 D'Capitale Retro 50' gần Trung tâm Mỹ Đình Hàn Quốc — một không gian lưu trú ấm cúng, sang trọng tọa lạc tại Quận Cầu Giấy, Hà Nội.
Căn phòng tràn ngập ánh sáng tự nhiên với đầy đủ tiện nghi cao cấp, giường nệm êm ái, máy lạnh, TV và wifi tốc độ cao. Rất thuận tiện di chuyển tới các điểm tham quan, nhà hàng ẩm thực và quán cà phê nổi tiếng của Hà Nội.","Khu vực Quận Cầu Giấy an ninh, văn minh, gần nhiều địa điểm ăn uống, mua sắm và giải trí sầm uất tại Hà Nội.",https://a0.muscache.com/im/pictures/hosting/Hosting-1501447403175240202/original/a6396c19-43ab-4f81-982e-9ac1ea59faf9.jpeg,47000052,https://www.airbnb.com.vn/users/show/47000052,Rose,2023-07-15,"Hà Nội, Việt Nam","Xin chào, tôi là Rose, đã có 3 năm kinh nghiệm làm host. Tôi yêu thích du lịch và luôn mong muốn đem lại trải nghiệm lưu trú thoải mái nhất cho khách.",trong vòng một giờ,100%,98%,t,https://a0.muscache.com/im/pictures/user/User-47000052/original/user_profile_2.jpeg,https://a0.muscache.com/im/pictures/user/User-47000052/original/user_profile_2.jpeg,Quận Cầu Giấy,3,8,"['email', 'phone', 'work_email']",t,t,Quận Cầu Giấy,Quận Cầu Giấy,Hà Nội,21.00334,105.79385,Phòng riêng trong nhà,Private room,2,1.0,1 phòng tắm,1,1,"[""Lò vi sóng"", ""Thang máy"", ""Máy sấy tóc"", ""Máy giặt"", ""Tự nhận phòng với hộp khóa an toàn"", ""Bộ chăn ga gối cao cấp"", ""Bồn tắm thư giãn"", ""Bàn ủi / Bàn là"", ""Điều hòa nhiệt độ"", ""Wi-fi tốc độ cao"", ""Dầu gội & Sữa tắm"", ""Bếp đầy đủ tiện nghi"", ""Ban công ngắm cảnh"", ""Máy phát hiện khí CO"", ""Chỗ đỗ xe miễn phí trong khuôn viên"", ""Tủ lạnh"", ""Bể bơi"", ""Máy báo khói"", ""TV màn hình phẳng""]","₫1,180,000",1,1125,1,2,1125,1125,1.0,1125.0,today,t,20,34,62,242,2026-09-26,13,11,4,2026-03-15,2026-09-21,5.0,4.89,4.95,5.0,5.0,5.0,4.94,,t,2,0,1,0,3.84,"[""https://a0.muscache.com/im/pictures/hosting/Hosting-1501447403175240202/original/a6396c19-43ab-4f81-982e-9ac1ea59faf9.jpeg"", ""https://a0.muscache.com/im/pictures/hosting/Hosting-1501447403175240202/original/852c0432-a078-4ef2-b0a4-d4caed0c4c43.jpeg"", ""https://a0.muscache.com/im/pictures/hosting/Hosting-1501447403175240202/original/82de7808-23f5-4815-bb01-b229e7f81c04.jpeg"", ""https://a0.muscache.com/im/pictures/hosting/Hosting-1501447403175240202/original/97be8697-4d72-4449-a65e-1af7290dda4c.jpeg"", ""https://a0.muscache.com/im/pictures/hosting/Hosting-1501447403175240202/original/d589e8d8-6ef4-46b1-863b-c081c6b66cc3.jpeg"", ""https://a0.muscache.com/im/pictures/hosting/Hosting-1501447403175240202/original/38f90e9c-bb1e-4b32-b67d-0aca400ff512.jpeg""]",t,"[{""name"": ""Long"", ""avatar"": ""https://a0.muscache.com/im/pictures/user/avatar_long.jpg""}, {""name"": ""Rùa"", ""avatar"": ""https://a0.muscache.com/im/pictures/user/avatar_rua.jpg""}, {""name"": ""Dang Nguyen"", ""avatar"": ""https://a0.muscache.com/im/pictures/user/avatar_dang.jpg""}]","[{""name"": ""DECOR"", ""localizedName"": ""Trang trí"", ""count"": 16}, {""name"": ""INTERIOR"", ""localizedName"": ""Không gian bên trong"", ""count"": 2}, {""name"": ""CLEANLINESS"", ""localizedName"": ""Mức độ sạch sẽ"", ""count"": 25}, {""name"": ""LOCATION"", ""localizedName"": ""Địa điểm"", ""count"": 6}, {""name"": ""HOSPITALITY"", ""localizedName"": ""Hiếu khách"", ""count"": 14}]","[{""title"": ""Trải nghiệm nhận phòng xuất sắc"", ""subtitle"": ""Những khách ở gần đây đã xếp hạng 5 sao cho quy trình nhận phòng.""}, {""title"": ""Tự nhận phòng"", ""subtitle"": ""Tự nhận phòng với hộp khóa an toàn.""}]"
1552273139585762109,https://www.airbnb.com.vn/rooms/1552273139585762109,20260926000000,2026-09-26,city search,Đêm phim với máy chiếu / Hồ Tây ấm cúng – Kotton 2,"Chào mừng bạn đến với Đêm phim với máy chiếu / Hồ Tây ấm cúng – Kotton 2 — một không gian lưu trú ấm cúng, sang trọng tọa lạc tại Quận Tây Hồ, Hà Nội.
Căn phòng tràn ngập ánh sáng tự nhiên với đầy đủ tiện nghi cao cấp, giường nệm êm ái, máy lạnh, TV và wifi tốc độ cao. Rất thuận tiện di chuyển tới các điểm tham quan, nhà hàng ẩm thực và quán cà phê nổi tiếng của Hà Nội.","Khu vực Quận Tây Hồ an ninh, văn minh, gần nhiều địa điểm ăn uống, mua sắm và giải trí sầm uất tại Hà Nội.",https://a0.muscache.com/im/pictures/hosting/Hosting-1467447017090162317/original/ec34a05a-a31e-494d-b8f4-95fd684c449d.jpeg,47000053,https://www.airbnb.com.vn/users/show/47000053,LangX,2020-03-27,"Hà Nội, Việt Nam","Xin chào, tôi là LangX, đã có 6 năm kinh nghiệm làm host. Tôi yêu thích du lịch và luôn mong muốn đem lại trải nghiệm lưu trú thoải mái nhất cho khách.",trong vòng một giờ,100%,98%,f,https://a0.muscache.com/im/pictures/user/User-47000053/original/user_profile_3.jpeg,https://a0.muscache.com/im/pictures/user/User-47000053/original/user_profile_3.jpeg,Quận Tây Hồ,1,2,"['email', 'phone', 'work_email']",t,t,Quận Tây Hồ,Quận Tây Hồ,Hà Nội,21.06558,105.82683,Phòng riêng trong nhà,Private room,2,1.0,1 phòng tắm,1,1,"[""Wi-fi tốc độ cao"", ""Bồn tắm thư giãn"", ""Điều hòa nhiệt độ"", ""Bộ chăn ga gối cao cấp"", ""Tự nhận phòng với hộp khóa an toàn"", ""Tủ lạnh"", ""Chỗ đỗ xe miễn phí trong khuôn viên"", ""Không gian riêng để làm việc"", ""TV màn hình phẳng"", ""Bàn ủi / Bàn là"", ""Bể bơi"", ""Ban công ngắm cảnh"", ""Bếp đầy đủ tiện nghi"", ""Máy sấy tóc"", ""Máy báo khói"", ""Máy phát hiện khí CO""]","₫500,000",1,1125,1,2,1125,1125,1.0,1125.0,today,t,22,49,50,304,2026-09-26,11,2,3,2026-04-14,2026-09-10,5.0,4.94,4.9,5.0,5.0,4.78,4.85,,f,2,0,1,0,3.23,"[""https://a0.muscache.com/im/pictures/hosting/Hosting-1467447017090162317/original/ec34a05a-a31e-494d-b8f4-95fd684c449d.jpeg"", ""https://a0.muscache.com/im/pictures/hosting/Hosting-1467447017090162317/original/65dc2b45-3c25-44b8-9c19-a1244908b453.jpeg"", ""https://a0.muscache.com/im/pictures/hosting/Hosting-1467447017090162317/original/33b17891-3bda-43d7-9722-8698b3efca70.jpeg"", ""https://a0.muscache.com/im/pictures/hosting/Hosting-1467447017090162317/original/996c59a6-e07f-4bc6-a4b8-31b0ec7a9850.jpeg"", ""https://a0.muscache.com/im/pictures/hosting/Hosting-1467447017090162317/original/26cb41ae-3a34-4386-88ff-816993bc3455.jpeg"", ""https://a0.muscache.com/im/pictures/hosting/Hosting-1552273139585762109/original/96f729a4-3ef7-4798-9f02-60016b3c513d.jpeg""]",t,"[{""name"": ""Dang Nguyen"", ""avatar"": ""https://a0.muscache.com/im/pictures/user/avatar_dang.jpg""}, {""name"": ""Cindy"", ""avatar"": ""https://a0.muscache.com/im/pictures/user/avatar_cindy.jpg""}, {""name"": ""Long"", ""avatar"": ""https://a0.muscache.com/im/pictures/user/avatar_long.jpg""}]","[{""name"": ""DECOR"", ""localizedName"": ""Trang trí"", ""count"": 11}, {""name"": ""INTERIOR"", ""localizedName"": ""Không gian bên trong"", ""count"": 6}, {""name"": ""CLEANLINESS"", ""localizedName"": ""Mức độ sạch sẽ"", ""count"": 10}, {""name"": ""LOCATION"", ""localizedName"": ""Địa điểm"", ""count"": 15}, {""name"": ""HOSPITALITY"", ""localizedName"": ""Hiếu khách"", ""count"": 10}]","[{""title"": ""Trải nghiệm nhận phòng xuất sắc"", ""subtitle"": ""Những khách ở gần đây đã xếp hạng 5 sao cho quy trình nhận phòng.""}, {""title"": ""Tự nhận phòng"", ""subtitle"": ""Tự nhận phòng với hộp khóa an toàn.""}]"
1485008449582483197,https://www.airbnb.com.vn/rooms/1485008449582483197,20260926000000,2026-09-26,city search,Nhà Đông Dương - Quang cảnh thành phố tuyệt vời - Trung tâm,"Chào mừng bạn đến với Nhà Đông Dương - Quang cảnh thành phố tuyệt vời - Trung tâm — một không gian lưu trú ấm cúng, sang trọng tọa lạc tại Quận Hoàn Kiếm, Hà Nội.
Căn phòng tràn ngập ánh sáng tự nhiên với đầy đủ tiện nghi cao cấp, giường nệm êm ái, máy lạnh, TV và wifi tốc độ cao. Rất thuận tiện di chuyển tới các điểm tham quan, nhà hàng ẩm thực và quán cà phê nổi tiếng của Hà Nội.","Khu vực Quận Hoàn Kiếm an ninh, văn minh, gần nhiều địa điểm ăn uống, mua sắm và giải trí sầm uất tại Hà Nội.",https://a0.muscache.com/im/pictures/hosting/Hosting-1485008449582483197/original/91839ea5-9635-447e-a043-3239a6a13465.jpeg,47000054,https://www.airbnb.com.vn/users/show/47000054,Ken,2021-02-13,"Hà Nội, Việt Nam","Xin chào, tôi là Ken, đã có 5 năm kinh nghiệm làm host. Tôi yêu thích du lịch và luôn mong muốn đem lại trải nghiệm lưu trú thoải mái nhất cho khách.",trong vòng một giờ,100%,98%,t,https://a0.muscache.com/im/pictures/user/User-47000054/original/user_profile_4.jpeg,https://a0.muscache.com/im/pictures/user/User-47000054/original/user_profile_4.jpeg,Quận Hoàn Kiếm,7,6,"['email', 'phone', 'work_email']",t,t,Quận Hoàn Kiếm,Quận Hoàn Kiếm,Hà Nội,21.00556,105.83015,Toàn bộ căn hộ cho thuê,Entire home/apt,2,1.0,1 phòng tắm,1,1,"[""Lò vi sóng"", ""Máy sấy tóc"", ""Bộ chăn ga gối cao cấp"", ""Wi-fi tốc độ cao"", ""Bể bơi"", ""Chỗ đỗ xe miễn phí trong khuôn viên"", ""Thang máy"", ""Không gian riêng để làm việc"", ""Dầu gội & Sữa tắm"", ""Máy giặt"", ""Bàn ủi / Bàn là"", ""Bếp đầy đủ tiện nghi"", ""Điều hòa nhiệt độ"", ""Bồn tắm thư giãn"", ""TV màn hình phẳng"", ""Máy phát hiện khí CO"", ""Tự nhận phòng với hộp khóa an toàn""]","₫623,621",1,1125,1,2,1125,1125,1.0,1125.0,today,t,17,47,73,263,2026-09-26,32,24,0,2025-06-03,2026-09-03,4.84,4.93,4.82,5.0,5.0,4.73,4.83,,t,2,2,0,0,2.42,"[""https://a0.muscache.com/im/pictures/hosting/Hosting-1485008449582483197/original/91839ea5-9635-447e-a043-3239a6a13465.jpeg"", ""https://a0.muscache.com/im/pictures/hosting/Hosting-1485008449582483197/original/fb081ca4-66cd-46af-b140-2eccf624424f.jpeg"", ""https://a0.muscache.com/im/pictures/hosting/Hosting-1485008449582483197/original/4277d6ba-ce33-433c-92c9-cc680f7476f2.jpeg"", ""https://a0.muscache.com/im/pictures/hosting/Hosting-1485008449582483197/original/efe20de1-c7d9-42c6-b2d2-0cd888f3f620.jpeg"", ""https://a0.muscache.com/im/pictures/hosting/Hosting-1485008449582483197/original/4940795c-62e3-49d0-9efe-0f9195750433.jpeg"", ""https://a0.muscache.com/im/pictures/hosting/Hosting-1485008449582483197/original/368434de-c656-4a32-ae3b-40700dde3c5e.jpeg"", ""https://a0.muscache.com/im/pictures/hosting/Hosting-1485008449582483197/original/91959b6b-e2d9-4423-874b-a7423dd9ec04.jpeg"", ""https://a0.muscache.com/im/pictures/hosting/Hosting-1485008449582483197/original/fc095e7e-ce4a-4e6c-9728-4e0505604f6c.jpeg"", ""https://a0.muscache.com/im/pictures/hosting/Hosting-1485008449582483197/original/8b5326c9-7fe9-4888-81a9-d30c26020de9.jpeg"", ""https://a0.muscache.com/im/pictures/hosting/Hosting-1485008449582483197/original/9152676d-e26f-4e63-8896-ee67c749162d.jpeg"", ""https://a0.muscache.com/im/pictures/hosting/Hosting-1485008449582483197/original/7c8b3650-f94c-4985-9075-884e45e41f48.jpeg"", ""https://a0.muscache.com/im/pictures/hosting/Hosting-1485008449582483197/original/ca934a2d-1848-442d-a044-f5c4b4d5db6f.jpeg"", ""https://a0.muscache.com/im/pictures/hosting/Hosting-1485008449582483197/original/23b709bc-770e-4700-be82-0930dea2bcda.jpeg"", ""https://a0.muscache.com/im/pictures/hosting/Hosting-1485008449582483197/original/12700425-3aa7-4ce6-a911-8ae281ff720b.jpeg"", ""https://a0.muscache.com/im/pictures/hosting/Hosting-1485008449582483197/original/65d9002d-eb90-4f19-925a-d52b65968cad.jpeg"", ""https://a0.muscache.com/im/pictures/hosting/Hosting-1485008449582483197/original/88a288a4-370a-4a9f-9ae9-7bb04041edbd.jpeg"", ""https://a0.muscache.com/im/pictures/hosting/Hosting-1485008449582483197/original/3e0ad56e-445f-414f-bda6-3a1e8ac048a6.jpeg""]",f,"[{""name"": ""Cindy"", ""avatar"": ""https://a0.muscache.com/im/pictures/user/avatar_cindy.jpg""}, {""name"": ""Dang Nguyen"", ""avatar"": ""https://a0.muscache.com/im/pictures/user/avatar_dang.jpg""}, {""name"": ""Long"", ""avatar"": ""https://a0.muscache.com/im/pictures/user/avatar_long.jpg""}]","[{""name"": ""DECOR"", ""localizedName"": ""Trang trí"", ""count"": 9}, {""name"": ""INTERIOR"", ""localizedName"": ""Không gian bên trong"", ""count"": 6}, {""name"": ""CLEANLINESS"", ""localizedName"": ""Mức độ sạch sẽ"", ""count"": 5}, {""name"": ""LOCATION"", ""localizedName"": ""Địa điểm"", ""count"": 14}, {""name"": ""HOSPITALITY"", ""localizedName"": ""Hiếu khách"", ""count"": 11}]","[{""title"": ""Trải nghiệm nhận phòng xuất sắc"", ""subtitle"": ""Những khách ở gần đây đã xếp hạng 5 sao cho quy trình nhận phòng.""}, {""title"": ""Tự nhận phòng"", ""subtitle"": ""Tự nhận phòng với hộp khóa an toàn.""}]"
1738943273379669182,https://www.airbnb.com.vn/rooms/1738943273379669182,20260926000000,2026-09-26,city search,MỚI! Studio vị trí đắc địa có ban công và bếp,"Chào mừng bạn đến với MỚI! Studio vị trí đắc địa có ban công và bếp — một không gian lưu trú ấm cúng, sang trọng tọa lạc tại Quận Ba Đình, Hà Nội.
Căn phòng tràn ngập ánh sáng tự nhiên với đầy đủ tiện nghi cao cấp, giường nệm êm ái, máy lạnh, TV và wifi tốc độ cao. Rất thuận tiện di chuyển tới các điểm tham quan, nhà hàng ẩm thực và quán cà phê nổi tiếng của Hà Nội.","Khu vực Quận Ba Đình an ninh, văn minh, gần nhiều địa điểm ăn uống, mua sắm và giải trí sầm uất tại Hà Nội.",https://a0.muscache.com/im/pictures/hosting/Hosting-1738943273379669182/original/88f1947e-9af1-4281-b46e-446ba5941022.jpeg,47000055,https://www.airbnb.com.vn/users/show/47000055,Bella,2023-02-12,"Hà Nội, Việt Nam","Xin chào, tôi là Bella, đã có 3 năm kinh nghiệm làm host. Tôi yêu thích du lịch và luôn mong muốn đem lại trải nghiệm lưu trú thoải mái nhất cho khách.",trong vòng một giờ,100%,98%,f,https://a0.muscache.com/im/pictures/user/User-47000055/original/user_profile_5.jpeg,https://a0.muscache.com/im/pictures/user/User-47000055/original/user_profile_5.jpeg,Quận Ba Đình,7,6,"['email', 'phone', 'work_email']",t,t,Quận Ba Đình,Quận Ba Đình,Hà Nội,21.019,105.8543,Phòng riêng trong nhà,Private room,2,1.0,1 phòng tắm,1,1,"[""Máy giặt"", ""Điều hòa nhiệt độ"", ""Ban công ngắm cảnh"", ""Máy phát hiện khí CO"", ""Tủ lạnh"", ""Bể bơi"", ""Thang máy"", ""Chỗ đỗ xe miễn phí trong khuôn viên"", ""Máy sấy tóc"", ""Dầu gội & Sữa tắm"", ""Bộ chăn ga gối cao cấp"", ""Tự nhận phòng với hộp khóa an toàn"", ""Wi-fi tốc độ cao"", ""Máy báo khói"", ""Không gian riêng để làm việc"", ""TV màn hình phẳng"", ""Bàn ủi / Bàn là"", ""Bồn tắm thư giãn"", ""Bếp đầy đủ tiện nghi"", ""Lò vi sóng""]","₫940,000",1,1125,1,2,1125,1125,1.0,1125.0,today,t,27,54,53,259,2026-09-26,28,28,0,2025-08-02,2026-09-11,4.96,4.85,4.86,5.0,5.0,4.87,4.91,,f,2,0,1,0,2.95,"[""https://a0.muscache.com/im/pictures/hosting/Hosting-1738943273379669182/original/88f1947e-9af1-4281-b46e-446ba5941022.jpeg"", ""https://a0.muscache.com/im/pictures/hosting/Hosting-1738943273379669182/original/2ba6b8a7-3f1d-4b7d-b7c9-c3166651ae3c.jpeg"", ""https://a0.muscache.com/im/pictures/hosting/Hosting-1738943273379669182/original/03b168e1-80d5-47d5-9eb3-24f946642ea1.jpeg"", ""https://a0.muscache.com/im/pictures/hosting/Hosting-1738943273379669182/original/ed2c6c31-d2b0-446e-9875-7b14c892d181.jpeg"", ""https://a0.muscache.com/im/pictures/hosting/Hosting-1738943273379669182/original/0e1ecf9d-c310-4854-a8f8-6dcc60ad9396.jpeg"", ""https://a0.muscache.com/im/pictures/hosting/Hosting-1738943273379669182/original/743138f8-511a-4c08-a19b-896971c6b354.jpeg""]",t,"[{""name"": ""Dang Nguyen"", ""avatar"": ""https://a0.muscache.com/im/pictures/user/avatar_dang.jpg""}, {""name"": ""Long"", ""avatar"": ""https://a0.muscache.com/im/pictures/user/avatar_long.jpg""}, {""name"": ""Cindy"", ""avatar"": ""https://a0.muscache.com/im/pictures/user/avatar_cindy.jpg""}]","[{""name"": ""DECOR"", ""localizedName"": ""Trang trí"", ""count"": 14}, {""name"": ""INTERIOR"", ""localizedName"": ""Không gian bên trong"", ""count"": 10}, {""name"": ""CLEANLINESS"", ""localizedName"": ""Mức độ sạch sẽ"", ""count"": 4}, {""name"": ""LOCATION"", ""localizedName"": ""Địa điểm"", ""count"": 9}, {""name"": ""HOSPITALITY"", ""localizedName"": ""Hiếu khách"", ""count"": 2}]","[{""title"": ""Trải nghiệm nhận phòng xuất sắc"", ""subtitle"": ""Những khách ở gần đây đã xếp hạng 5 sao cho quy trình nhận phòng.""}, {""title"": ""Tự nhận phòng"", ""subtitle"": ""Tự nhận phòng với hộp khóa an toàn.""}]"
1481164639546730021,https://www.airbnb.com.vn/rooms/1481164639546730021,20260926000000,2026-09-26,city search,Studio ban công • Cách Hồ 1 phút + Kho hành lý miễn phí,"Chào mừng bạn đến với Studio ban công • Cách Hồ 1 phút + Kho hành lý miễn phí — một không gian lưu trú ấm cúng, sang trọng tọa lạc tại Quận Tây Hồ, Hà Nội.
Căn phòng tràn ngập ánh sáng tự nhiên với đầy đủ tiện nghi cao cấp, giường nệm êm ái, máy lạnh, TV và wifi tốc độ cao. Rất thuận tiện di chuyển tới các điểm tham quan, nhà hàng ẩm thực và quán cà phê nổi tiếng của Hà Nội.","Khu vực Quận Tây Hồ an ninh, văn minh, gần nhiều địa điểm ăn uống, mua sắm và giải trí sầm uất tại Hà Nội.",https://a0.muscache.com/im/pictures/hosting/Hosting-U3RheVN1cHBseUxpc3Rpbmc6MTQ4MTE2NDYzOTU0NjczMDAyMQ==/original/7f83c3b3-1350-45a4-9e86-3db63330f13d.jpeg,47000056,https://www.airbnb.com.vn/users/show/47000056,Tony,2021-05-31,"Hà Nội, Việt Nam","Xin chào, tôi là Tony, đã có 5 năm kinh nghiệm làm host. Tôi yêu thích du lịch và luôn mong muốn đem lại trải nghiệm lưu trú thoải mái nhất cho khách.",trong vòng một giờ,100%,98%,t,https://a0.muscache.com/im/pictures/user/User-47000056/original/user_profile_6.jpeg,https://a0.muscache.com/im/pictures/user/User-47000056/original/user_profile_6.jpeg,Quận Tây Hồ,7,3,"['email', 'phone', 'work_email']",t,t,Quận Tây Hồ,Quận Tây Hồ,Hà Nội,21.06,105.834,Phòng riêng trong nhà,Private room,2,1.0,1 phòng tắm,1,1,"[""Wi-fi tốc độ cao"", ""Điều hòa nhiệt độ"", ""Máy phát hiện khí CO"", ""Ban công ngắm cảnh"", ""Tự nhận phòng với hộp khóa an toàn"", ""Bồn tắm thư giãn"", ""TV màn hình phẳng"", ""Máy sấy tóc"", ""Không gian riêng để làm việc"", ""Máy báo khói"", ""Bàn ủi / Bàn là"", ""Dầu gội & Sữa tắm"", ""Tủ lạnh"", ""Bếp đầy đủ tiện nghi"", ""Chỗ đỗ xe miễn phí trong khuôn viên"", ""Thang máy"", ""Máy giặt"", ""Bộ chăn ga gối cao cấp"", ""Bể bơi""]","₫629,400",1,1125,1,2,1125,1125,1.0,1125.0,today,t,27,35,62,336,2026-09-26,55,28,6,2024-06-23,2026-09-23,4.93,4.95,4.86,5.0,5.0,4.92,4.84,,t,2,0,1,0,1.48,"[""https://a0.muscache.com/im/pictures/hosting/Hosting-U3RheVN1cHBseUxpc3Rpbmc6MTQ4MTE2NDYzOTU0NjczMDAyMQ==/original/7f83c3b3-1350-45a4-9e86-3db63330f13d.jpeg"", ""https://a0.muscache.com/im/pictures/hosting/Hosting-U3RheVN1cHBseUxpc3Rpbmc6MTQ4MTE2NDYzOTU0NjczMDAyMQ==/original/a325324a-c29c-469e-a706-69b23fe835c8.jpeg"", ""https://a0.muscache.com/im/pictures/hosting/Hosting-U3RheVN1cHBseUxpc3Rpbmc6MTQ4MTE2NDYzOTU0NjczMDAyMQ==/original/17d551f3-a391-4bb0-8f7a-bc756c52c789.jpeg"", ""https://a0.muscache.com/im/pictures/hosting/Hosting-U3RheVN1cHBseUxpc3Rpbmc6MTQ4MTE2NDYzOTU0NjczMDAyMQ==/original/7de4fd1d-9fd0-430f-9443-12f4dc3547c6.jpeg"", ""https://a0.muscache.com/im/pictures/hosting/Hosting-U3RheVN1cHBseUxpc3Rpbmc6MTQ4MTE2NDYzOTU0NjczMDAyMQ==/original/90a8f914-049d-4abc-9d79-14e67ac4b65c.jpeg"", ""https://a0.muscache.com/im/pictures/hosting/Hosting-U3RheVN1cHBseUxpc3Rpbmc6MTQ4MTE2NDYzOTU0NjczMDAyMQ==/original/bb5ccf9e-537e-4f7b-a68e-1072d037dd20.jpeg""]",t,"[{""name"": ""Cindy"", ""avatar"": ""https://a0.muscache.com/im/pictures/user/avatar_cindy.jpg""}, {""name"": ""Long"", ""avatar"": ""https://a0.muscache.com/im/pictures/user/avatar_long.jpg""}, {""name"": ""Dang Nguyen"", ""avatar"": ""https://a0.muscache.com/im/pictures/user/avatar_dang.jpg""}]","[{""name"": ""DECOR"", ""localizedName"": ""Trang trí"", ""count"": 5}, {""name"": ""INTERIOR"", ""localizedName"": ""Không gian bên trong"", ""count"": 12}, {""name"": ""CLEANLINESS"", ""localizedName"": ""Mức độ sạch sẽ"", ""count"": 7}, {""name"": ""LOCATION"", ""localizedName"": ""Địa điểm"", ""count"": 10}, {""name"": ""HOSPITALITY"", ""localizedName"": ""Hiếu khách"", ""count"": 15}]","[{""title"": ""Trải nghiệm nhận phòng xuất sắc"", ""subtitle"": ""Những khách ở gần đây đã xếp hạng 5 sao cho quy trình nhận phòng.""}, {""title"": ""Tự nhận phòng"", ""subtitle"": ""Tự nhận phòng với hộp khóa an toàn.""}]"
1706220899300541082,https://www.airbnb.com.vn/rooms/1706220899300541082,20260926000000,2026-09-26,city search,Studio có ban công riêng/Tầng thượng & thang máy_Máy giặt ,"Chào mừng bạn đến với Studio có ban công riêng/Tầng thượng & thang máy_Máy giặt  — một không gian lưu trú ấm cúng, sang trọng tọa lạc tại Quận Hai Bà Trưng, Hà Nội.
Căn phòng tràn ngập ánh sáng tự nhiên với đầy đủ tiện nghi cao cấp, giường nệm êm ái, máy lạnh, TV và wifi tốc độ cao. Rất thuận tiện di chuyển tới các điểm tham quan, nhà hàng ẩm thực và quán cà phê nổi tiếng của Hà Nội.","Khu vực Quận Hai Bà Trưng an ninh, văn minh, gần nhiều địa điểm ăn uống, mua sắm và giải trí sầm uất tại Hà Nội.",https://a0.muscache.com/im/pictures/hosting/Hosting-1706220899300541082/original/24f1b68a-9222-4d8b-83d7-3d36e85d2d11.jpeg,47000057,https://www.airbnb.com.vn/users/show/47000057,Anna,2021-12-06,"Hà Nội, Việt Nam","Xin chào, tôi là Anna, đã có 4 năm kinh nghiệm làm host. Tôi yêu thích du lịch và luôn mong muốn đem lại trải nghiệm lưu trú thoải mái nhất cho khách.",trong vòng một giờ,100%,98%,f,https://a0.muscache.com/im/pictures/user/User-47000057/original/user_profile_7.jpeg,https://a0.muscache.com/im/pictures/user/User-47000057/original/user_profile_7.jpeg,Quận Hai Bà Trưng,2,6,"['email', 'phone', 'work_email']",t,t,Quận Hai Bà Trưng,Quận Hai Bà Trưng,Hà Nội,21.0426,105.8662,Phòng riêng trong nhà,Private room,2,1.0,1 phòng tắm,1,1,"[""TV màn hình phẳng"", ""Wi-fi tốc độ cao"", ""Điều hòa nhiệt độ"", ""Ban công ngắm cảnh"", ""Không gian riêng để làm việc"", ""Máy sấy tóc"", ""Tự nhận phòng với hộp khóa an toàn"", ""Bồn tắm thư giãn"", ""Bếp đầy đủ tiện nghi"", ""Tủ lạnh"", ""Lò vi sóng"", ""Bàn ủi / Bàn là"", ""Thang máy"", ""Máy phát hiện khí CO""]","₫770,000",1,1125,1,2,1125,1125,1.0,1125.0,today,t,15,34,68,234,2026-09-26,6,5,5,2026-06-28,2026-09-21,5.0,4.88,4.8,5.0,5.0,4.85,4.92,,f,2,0,1,0,3.96,"[""https://a0.muscache.com/im/pictures/hosting/Hosting-1706220899300541082/original/24f1b68a-9222-4d8b-83d7-3d36e85d2d11.jpeg"", ""https://a0.muscache.com/im/pictures/hosting/Hosting-1706220899300541082/original/0f8a3fc9-225d-4a08-a196-47655440a7f3.jpeg"", ""https://a0.muscache.com/im/pictures/hosting/Hosting-1706220899300541082/original/29a87544-f0a0-4071-96ed-089696160389.jpeg"", ""https://a0.muscache.com/im/pictures/hosting/Hosting-1706220899300541082/original/ae80e438-b0a2-44c4-ab79-b79ef1fb3d0a.jpeg"", ""https://a0.muscache.com/im/pictures/hosting/Hosting-1706220899300541082/original/f356797b-0db3-40b8-9f90-d2eb5c3205b0.jpeg"", ""https://a0.muscache.com/im/pictures/hosting/Hosting-1706220899300541082/original/151d78a6-f187-4176-8b52-8ea2bd83609c.jpeg""]",t,"[{""name"": ""Cindy"", ""avatar"": ""https://a0.muscache.com/im/pictures/user/avatar_cindy.jpg""}, {""name"": ""Rùa"", ""avatar"": ""https://a0.muscache.com/im/pictures/user/avatar_rua.jpg""}]","[{""name"": ""DECOR"", ""localizedName"": ""Trang trí"", ""count"": 13}, {""name"": ""INTERIOR"", ""localizedName"": ""Không gian bên trong"", ""count"": 19}, {""name"": ""CLEANLINESS"", ""localizedName"": ""Mức độ sạch sẽ"", ""count"": 24}, {""name"": ""LOCATION"", ""localizedName"": ""Địa điểm"", ""count"": 2}, {""name"": ""HOSPITALITY"", ""localizedName"": ""Hiếu khách"", ""count"": 13}]","[{""title"": ""Trải nghiệm nhận phòng xuất sắc"", ""subtitle"": ""Những khách ở gần đây đã xếp hạng 5 sao cho quy trình nhận phòng.""}, {""title"": ""Tự nhận phòng"", ""subtitle"": ""Tự nhận phòng với hộp khóa an toàn.""}]"
1635332377955272185,https://www.airbnb.com.vn/rooms/1635332377955272185,20260926000000,2026-09-26,city search,Studio phong cách Nhật Bản tối giản với đèn ấm cúng,"Chào mừng bạn đến với Studio phong cách Nhật Bản tối giản với đèn ấm cúng — một không gian lưu trú ấm cúng, sang trọng tọa lạc tại Quận Tây Hồ, Hà Nội.
Căn phòng tràn ngập ánh sáng tự nhiên với đầy đủ tiện nghi cao cấp, giường nệm êm ái, máy lạnh, TV và wifi tốc độ cao. Rất thuận tiện di chuyển tới các điểm tham quan, nhà hàng ẩm thực và quán cà phê nổi tiếng của Hà Nội.","Khu vực Quận Tây Hồ an ninh, văn minh, gần nhiều địa điểm ăn uống, mua sắm và giải trí sầm uất tại Hà Nội.",https://a0.muscache.com/im/pictures/hosting/Hosting-1635332377955272185/original/17f9a1d6-7263-4182-bf3a-ac90303eec86.jpeg,47000058,https://www.airbnb.com.vn/users/show/47000058,David,2023-04-12,"Hà Nội, Việt Nam","Xin chào, tôi là David, đã có 3 năm kinh nghiệm làm host. Tôi yêu thích du lịch và luôn mong muốn đem lại trải nghiệm lưu trú thoải mái nhất cho khách.",trong vòng một giờ,100%,98%,t,https://a0.muscache.com/im/pictures/user/User-47000058/original/user_profile_8.jpeg,https://a0.muscache.com/im/pictures/user/User-47000058/original/user_profile_8.jpeg,Quận Tây Hồ,4,5,"['email', 'phone', 'work_email']",t,t,Quận Tây Hồ,Quận Tây Hồ,Hà Nội,21.0444,105.8177,Toàn bộ căn hộ cho thuê,Entire home/apt,2,1.0,1 phòng tắm,1,1,"[""Bếp đầy đủ tiện nghi"", ""Tự nhận phòng với hộp khóa an toàn"", ""Bộ chăn ga gối cao cấp"", ""Bàn ủi / Bàn là"", ""Wi-fi tốc độ cao"", ""Dầu gội & Sữa tắm"", ""Máy phát hiện khí CO"", ""Tủ lạnh"", ""Máy sấy tóc"", ""Điều hòa nhiệt độ"", ""Không gian riêng để làm việc"", ""TV màn hình phẳng"", ""Ban công ngắm cảnh"", ""Máy giặt"", ""Chỗ đỗ xe miễn phí trong khuôn viên""]","₫782,102",1,1125,1,2,1125,1125,1.0,1125.0,today,t,15,32,50,305,2026-09-26,29,24,0,2025-07-18,2026-09-03,4.97,4.92,4.84,5.0,5.0,4.93,4.84,,t,2,2,0,0,3.96,"[""https://a0.muscache.com/im/pictures/hosting/Hosting-1635332377955272185/original/17f9a1d6-7263-4182-bf3a-ac90303eec86.jpeg"", ""https://a0.muscache.com/im/pictures/hosting/Hosting-1635332377955272185/original/e21720dd-6333-4095-a5a2-3385cba9355e.jpeg"", ""https://a0.muscache.com/im/pictures/hosting/Hosting-1635332377955272185/original/69f10992-2285-498d-a427-ed3e777392bd.jpeg"", ""https://a0.muscache.com/im/pictures/hosting/Hosting-1635332377955272185/original/95c01fb4-9696-4ef6-8ad1-48219e124c34.jpeg"", ""https://a0.muscache.com/im/pictures/hosting/Hosting-1635332377955272185/original/b47ee6c5-6917-4437-a019-921dc52c0f9d.jpeg"", ""https://a0.muscache.com/im/pictures/hosting/Hosting-1635332377955272185/original/17f6ba3e-e1c6-488e-b056-5f1da3b31454.jpeg"", ""https://a0.muscache.com/im/pictures/hosting/Hosting-1635332377955272185/original/7e2b2cfb-7567-4286-a0c2-a574812cd817.jpeg"", ""https://a0.muscache.com/im/pictures/hosting/Hosting-1635332377955272185/original/b86471e4-e9ae-4584-a2d4-493ef931e4f2.jpeg"", ""https://a0.muscache.com/im/pictures/hosting/Hosting-1635332377955272185/original/8d1faa9a-3a9d-46b7-a36e-2f3a67fdced5.jpeg"", ""https://a0.muscache.com/im/pictures/hosting/Hosting-1635332377955272185/original/17b1874d-3c0a-4164-89e3-b8afd71c108e.jpeg"", ""https://a0.muscache.com/im/pictures/hosting/Hosting-1635332377955272185/original/d6475702-51bc-487e-b441-8f9358de1908.jpeg"", ""https://a0.muscache.com/im/pictures/hosting/Hosting-1635332377955272185/original/709a1797-f25c-4efc-b4c2-6429945fb7fa.jpeg"", ""https://a0.muscache.com/im/pictures/hosting/Hosting-1635332377955272185/original/f9871c5a-c62a-4e73-9f4f-5ff74f9a56a0.jpeg"", ""https://a0.muscache.com/im/pictures/hosting/Hosting-1635332377955272185/original/99d75251-0e64-40ac-86ab-8749607505a5.jpeg"", ""https://a0.muscache.com/im/pictures/hosting/Hosting-1635332377955272185/original/62808222-5f9d-4f23-aea0-b7f64c3737ad.jpeg""]",t,"[{""name"": ""Long"", ""avatar"": ""https://a0.muscache.com/im/pictures/user/avatar_long.jpg""}, {""name"": ""Cindy"", ""avatar"": ""https://a0.muscache.com/im/pictures/user/avatar_cindy.jpg""}]","[{""name"": ""DECOR"", ""localizedName"": ""Trang trí"", ""count"": 16}, {""name"": ""INTERIOR"", ""localizedName"": ""Không gian bên trong"", ""count"": 11}, {""name"": ""CLEANLINESS"", ""localizedName"": ""Mức độ sạch sẽ"", ""count"": 5}, {""name"": ""LOCATION"", ""localizedName"": ""Địa điểm"", ""count"": 5}, {""name"": ""HOSPITALITY"", ""localizedName"": ""Hiếu khách"", ""count"": 5}]","[{""title"": ""Trải nghiệm nhận phòng xuất sắc"", ""subtitle"": ""Những khách ở gần đây đã xếp hạng 5 sao cho quy trình nhận phòng.""}, {""title"": ""Tự nhận phòng"", ""subtitle"": ""Tự nhận phòng với hộp khóa an toàn.""}]"
1704010065426845799,https://www.airbnb.com.vn/rooms/1704010065426845799,20260926000000,2026-09-26,city search,Studio Citadel View | Bồn tắm & Netflix - Giặt là,"Chào mừng bạn đến với Studio Citadel View | Bồn tắm & Netflix - Giặt là — một không gian lưu trú ấm cúng, sang trọng tọa lạc tại Quận Hoàn Kiếm, Hà Nội.
Căn phòng tràn ngập ánh sáng tự nhiên với đầy đủ tiện nghi cao cấp, giường nệm êm ái, máy lạnh, TV và wifi tốc độ cao. Rất thuận tiện di chuyển tới các điểm tham quan, nhà hàng ẩm thực và quán cà phê nổi tiếng của Hà Nội.","Khu vực Quận Hoàn Kiếm an ninh, văn minh, gần nhiều địa điểm ăn uống, mua sắm và giải trí sầm uất tại Hà Nội.",https://a0.muscache.com/im/pictures/hosting/Hosting-1704010065426845799/original/1d1297da-a98c-41bb-918c-dd873a0e1053.jpeg,47000059,https://www.airbnb.com.vn/users/show/47000059,Mia,2024-06-23,"Hà Nội, Việt Nam","Xin chào, tôi là Mia, đã có 2 năm kinh nghiệm làm host. Tôi yêu thích du lịch và luôn mong muốn đem lại trải nghiệm lưu trú thoải mái nhất cho khách.",trong vòng một giờ,100%,98%,f,https://a0.muscache.com/im/pictures/user/User-47000059/original/user_profile_9.jpeg,https://a0.muscache.com/im/pictures/user/User-47000059/original/user_profile_9.jpeg,Quận Hoàn Kiếm,3,9,"['email', 'phone', 'work_email']",t,t,Quận Hoàn Kiếm,Quận Hoàn Kiếm,Hà Nội,21.0337,105.8441,Phòng riêng trong nhà,Private room,2,1.0,1 phòng tắm,1,1,"[""Ban công ngắm cảnh"", ""Wi-fi tốc độ cao"", ""TV màn hình phẳng"", ""Tủ lạnh"", ""Bộ chăn ga gối cao cấp"", ""Dầu gội & Sữa tắm"", ""Bếp đầy đủ tiện nghi"", ""Bể bơi"", ""Máy báo khói"", ""Chỗ đỗ xe miễn phí trong khuôn viên"", ""Thang máy"", ""Bồn tắm thư giãn"", ""Bàn ủi / Bàn là"", ""Lò vi sóng"", ""Điều hòa nhiệt độ"", ""Máy phát hiện khí CO""]","₫720,000",1,1125,1,2,1125,1125,1.0,1125.0,today,t,18,48,55,296,2026-09-26,22,4,1,2025-10-31,2026-09-16,4.95,4.83,4.91,5.0,5.0,4.83,4.79,,f,2,0,1,0,4.01,"[""https://a0.muscache.com/im/pictures/hosting/Hosting-1704010065426845799/original/1d1297da-a98c-41bb-918c-dd873a0e1053.jpeg"", ""https://a0.muscache.com/im/pictures/hosting/Hosting-1704010065426845799/original/c5f760fe-bd59-4b74-98d5-b09997a128ac.jpeg"", ""https://a0.muscache.com/im/pictures/hosting/Hosting-1704010065426845799/original/803f2ae0-6d00-48c6-a904-d78b8d7371db.jpeg"", ""https://a0.muscache.com/im/pictures/hosting/Hosting-1704010065426845799/original/0f171e52-6628-444c-936d-2a2b93491128.jpeg"", ""https://a0.muscache.com/im/pictures/hosting/Hosting-1704010065426845799/original/a11dd65a-1752-4b41-8587-ace148b81396.jpeg"", ""https://a0.muscache.com/im/pictures/hosting/Hosting-1704010065426845799/original/ecedf27b-fe37-49ca-87eb-c39a1cd6ecb9.jpeg""]",t,"[{""name"": ""Dang Nguyen"", ""avatar"": ""https://a0.muscache.com/im/pictures/user/avatar_dang.jpg""}]","[{""name"": ""DECOR"", ""localizedName"": ""Trang trí"", ""count"": 10}, {""name"": ""INTERIOR"", ""localizedName"": ""Không gian bên trong"", ""count"": 11}, {""name"": ""CLEANLINESS"", ""localizedName"": ""Mức độ sạch sẽ"", ""count"": 4}, {""name"": ""LOCATION"", ""localizedName"": ""Địa điểm"", ""count"": 3}, {""name"": ""HOSPITALITY"", ""localizedName"": ""Hiếu khách"", ""count"": 7}]","[{""title"": ""Trải nghiệm nhận phòng xuất sắc"", ""subtitle"": ""Những khách ở gần đây đã xếp hạng 5 sao cho quy trình nhận phòng.""}, {""title"": ""Tự nhận phòng"", ""subtitle"": ""Tự nhận phòng với hộp khóa an toàn.""}]"
1581566164495710694,https://www.airbnb.com.vn/rooms/1581566164495710694,20260926000000,2026-09-26,city search,Studio Đầy Đủ Tiện Nghi Gần Hồ Tây | Ban Công,"Chào mừng bạn đến với Studio Đầy Đủ Tiện Nghi Gần Hồ Tây | Ban Công — một không gian lưu trú ấm cúng, sang trọng tọa lạc tại Quận Tây Hồ, Hà Nội.
Căn phòng tràn ngập ánh sáng tự nhiên với đầy đủ tiện nghi cao cấp, giường nệm êm ái, máy lạnh, TV và wifi tốc độ cao. Rất thuận tiện di chuyển tới các điểm tham quan, nhà hàng ẩm thực và quán cà phê nổi tiếng của Hà Nội.","Khu vực Quận Tây Hồ an ninh, văn minh, gần nhiều địa điểm ăn uống, mua sắm và giải trí sầm uất tại Hà Nội.",https://a0.muscache.com/im/pictures/hosting/Hosting-1581566164495710694/original/85e1e2fe-fa13-4fae-9cd7-d3dcfeb9fcc6.jpeg,47000060,https://www.airbnb.com.vn/users/show/47000060,Minh,2021-07-18,"Hà Nội, Việt Nam","Xin chào, tôi là Minh, đã có 5 năm kinh nghiệm làm host. Tôi yêu thích du lịch và luôn mong muốn đem lại trải nghiệm lưu trú thoải mái nhất cho khách.",trong vòng một giờ,100%,98%,t,https://a0.muscache.com/im/pictures/user/User-47000060/original/user_profile_0.jpeg,https://a0.muscache.com/im/pictures/user/User-47000060/original/user_profile_0.jpeg,Quận Tây Hồ,1,1,"['email', 'phone', 'work_email']",t,t,Quận Tây Hồ,Quận Tây Hồ,Hà Nội,21.07349,105.80579,Toàn bộ căn hộ cho thuê,Entire home/apt,2,1.0,1 phòng tắm,1,1,"[""Bộ chăn ga gối cao cấp"", ""Lò vi sóng"", ""Không gian riêng để làm việc"", ""Máy giặt"", ""Thang máy"", ""Bể bơi"", ""Bếp đầy đủ tiện nghi"", ""Điều hòa nhiệt độ"", ""Bồn tắm thư giãn"", ""Tự nhận phòng với hộp khóa an toàn"", ""Máy báo khói"", ""Máy phát hiện khí CO"", ""Chỗ đỗ xe miễn phí trong khuôn viên"", ""Tủ lạnh"", ""Ban công ngắm cảnh"", ""Dầu gội & Sữa tắm"", ""TV màn hình phẳng"", ""Bàn ủi / Bàn là"", ""Máy sấy tóc"", ""Wi-fi tốc độ cao""]","₫1,348,858",1,1125,1,2,1125,1125,1.0,1125.0,today,t,20,41,83,295,2026-09-26,78,35,1,2023-07-14,2026-09-20,4.92,4.83,4.84,5.0,5.0,4.77,4.8,,t,2,2,0,0,2.75,"[""https://a0.muscache.com/im/pictures/hosting/Hosting-1581566164495710694/original/85e1e2fe-fa13-4fae-9cd7-d3dcfeb9fcc6.jpeg"", ""https://a0.muscache.com/im/pictures/hosting/Hosting-1581566164495710694/original/cbca631a-1158-4c93-b404-28380aa7c6dc.jpeg"", ""https://a0.muscache.com/im/pictures/hosting/Hosting-1581566164495710694/original/202d1949-18d1-4d0e-bb4a-fb9594294306.jpeg"", ""https://a0.muscache.com/im/pictures/hosting/Hosting-1581566164495710694/original/5984a318-d128-46fe-9916-1f665ecabbfc.jpeg"", ""https://a0.muscache.com/im/pictures/hosting/Hosting-1581566164495710694/original/0e65352d-a1a0-49e9-9b00-c74e3c025b0e.jpeg"", ""https://a0.muscache.com/im/pictures/hosting/Hosting-1581566164495710694/original/7897bc33-2690-4de4-b2ae-6be0d94766ee.jpeg"", ""https://a0.muscache.com/im/pictures/hosting/Hosting-1581566164495710694/original/590fc887-cbda-48ec-8bff-03f583c9d030.jpeg"", ""https://a0.muscache.com/im/pictures/hosting/Hosting-1581566164495710694/original/c39f0c0e-636c-44db-9eae-a6bf6022ebab.jpeg"", ""https://a0.muscache.com/im/pictures/hosting/Hosting-1581566164495710694/original/e3c93e90-a827-457d-a76f-d0ea4fcf34e0.jpeg"", ""https://a0.muscache.com/im/pictures/hosting/Hosting-1581566164495710694/original/75f888a4-8c63-4acd-a249-36c3991894e6.jpeg"", ""https://a0.muscache.com/im/pictures/hosting/Hosting-1581566164495710694/original/98262355-8419-4c19-bd6b-491393997146.jpeg"", ""https://a0.muscache.com/im/pictures/hosting/Hosting-1581566164495710694/original/c5491020-8d5f-43c9-9cfb-fc05affd407e.jpeg"", ""https://a0.muscache.com/im/pictures/hosting/Hosting-1581566164495710694/original/52ff1b74-73b4-4dc3-93be-c0107087d0fe.jpeg"", ""https://a0.muscache.com/im/pictures/hosting/Hosting-1581566164495710694/original/b6a698e9-c520-4144-b626-dc2ebed0611c.jpeg"", ""https://a0.muscache.com/im/pictures/hosting/Hosting-1581566164495710694/original/d113810c-3289-4952-925c-527cb5746baa.jpeg"", ""https://a0.muscache.com/im/pictures/hosting/Hosting-1581566164495710694/original/98991d7b-cbf4-4157-8d2f-5b2cfbd7de6f.jpeg"", ""https://a0.muscache.com/im/pictures/hosting/Hosting-1581566164495710694/original/e83c1f3f-e6da-4cfb-bc5a-a85e3cf0b6a5.jpeg"", ""https://a0.muscache.com/im/pictures/hosting/Hosting-1581566164495710694/original/a2283937-e2e2-46a0-bebc-fab01f87779a.jpeg"", ""https://a0.muscache.com/im/pictures/hosting/Hosting-1581566164495710694/original/9afa1907-297d-443d-a5e9-011730c396f3.jpeg"", ""https://a0.muscache.com/im/pictures/hosting/Hosting-1581566164495710694/original/1abe6ef2-7243-42c9-9f55-cd7c6c26295b.jpeg"", ""https://a0.muscache.com/im/pictures/hosting/Hosting-1581566164495710694/original/cc87a043-b3d0-4232-84d0-16d536d3bc82.jpeg"", ""https://a0.muscache.com/im/pictures/hosting/Hosting-1581566164495710694/original/182c84f0-2a11-495a-a697-00d723eb5bce.jpeg"", ""https://a0.muscache.com/im/pictures/hosting/Hosting-1581566164495710694/original/637f1bc0-24e6-46fa-9d4c-70e202055a4b.jpeg"", ""https://a0.muscache.com/im/pictures/hosting/Hosting-1581566164495710694/original/3a7eee3f-3aa7-4749-9c04-ec71e371c954.jpeg"", ""https://a0.muscache.com/im/pictures/hosting/Hosting-1581566164495710694/original/4b48200e-3252-42b4-82fb-686c3396086a.jpeg""]",t,"[{""name"": ""Dang Nguyen"", ""avatar"": ""https://a0.muscache.com/im/pictures/user/avatar_dang.jpg""}, {""name"": ""Rùa"", ""avatar"": ""https://a0.muscache.com/im/pictures/user/avatar_rua.jpg""}]","[{""name"": ""DECOR"", ""localizedName"": ""Trang trí"", ""count"": 18}, {""name"": ""INTERIOR"", ""localizedName"": ""Không gian bên trong"", ""count"": 20}, {""name"": ""CLEANLINESS"", ""localizedName"": ""Mức độ sạch sẽ"", ""count"": 5}, {""name"": ""LOCATION"", ""localizedName"": ""Địa điểm"", ""count"": 10}, {""name"": ""HOSPITALITY"", ""localizedName"": ""Hiếu khách"", ""count"": 15}]","[{""title"": ""Trải nghiệm nhận phòng xuất sắc"", ""subtitle"": ""Những khách ở gần đây đã xếp hạng 5 sao cho quy trình nhận phòng.""}, {""title"": ""Tự nhận phòng"", ""subtitle"": ""Tự nhận phòng với hộp khóa an toàn.""}]"
1762220025467727569,https://www.airbnb.com.vn/rooms/1762220025467727569,20260926000000,2026-09-26,city search,Rộng rãi 40 m² với ban công | Cầu Giấy,"Chào mừng bạn đến với Rộng rãi 40 m² với ban công | Cầu Giấy — một không gian lưu trú ấm cúng, sang trọng tọa lạc tại Quận Bắc Từ Liêm, Hà Nội.
Căn phòng tràn ngập ánh sáng tự nhiên với đầy đủ tiện nghi cao cấp, giường nệm êm ái, máy lạnh, TV và wifi tốc độ cao. Rất thuận tiện di chuyển tới các điểm tham quan, nhà hàng ẩm thực và quán cà phê nổi tiếng của Hà Nội.","Khu vực Quận Bắc Từ Liêm an ninh, văn minh, gần nhiều địa điểm ăn uống, mua sắm và giải trí sầm uất tại Hà Nội.",https://a0.muscache.com/im/pictures/hosting/Hosting-1762220025467727569/original/58829bec-a15a-48bb-9ae0-4d9039dfbf0c.jpeg,47000061,https://www.airbnb.com.vn/users/show/47000061,Anh,2023-05-08,"Hà Nội, Việt Nam","Xin chào, tôi là Anh, đã có 3 năm kinh nghiệm làm host. Tôi yêu thích du lịch và luôn mong muốn đem lại trải nghiệm lưu trú thoải mái nhất cho khách.",trong vòng một giờ,100%,98%,f,https://a0.muscache.com/im/pictures/user/User-47000061/original/user_profile_1.jpeg,https://a0.muscache.com/im/pictures/user/User-47000061/original/user_profile_1.jpeg,Quận Bắc Từ Liêm,10,9,"['email', 'phone', 'work_email']",t,t,Quận Bắc Từ Liêm,Quận Bắc Từ Liêm,Hà Nội,21.0189,105.8007,Toàn bộ căn hộ cho thuê,Entire home/apt,2,1.0,1 phòng tắm,1,1,"[""Wi-fi tốc độ cao"", ""TV màn hình phẳng"", ""Thang máy"", ""Bếp đầy đủ tiện nghi"", ""Bàn ủi / Bàn là"", ""Tủ lạnh"", ""Điều hòa nhiệt độ"", ""Chỗ đỗ xe miễn phí trong khuôn viên"", ""Máy sấy tóc"", ""Máy phát hiện khí CO"", ""Tự nhận phòng với hộp khóa an toàn"", ""Máy giặt"", ""Lò vi sóng"", ""Ban công ngắm cảnh"", ""Bể bơi""]","₫683,692",1,1125,1,2,1125,1125,1.0,1125.0,today,t,28,35,67,281,2026-09-26,3,2,3,2026-08-12,2026-09-02,5.0,4.98,4.9,5.0,5.0,4.77,4.76,,f,2,2,0,0,3.72,"[""https://a0.muscache.com/im/pictures/hosting/Hosting-1762220025467727569/original/58829bec-a15a-48bb-9ae0-4d9039dfbf0c.jpeg"", ""https://a0.muscache.com/im/pictures/hosting/Hosting-1762220025467727569/original/1ebf27e7-6cfb-4e2f-ac39-7b2bf161cdfa.jpeg"", ""https://a0.muscache.com/im/pictures/hosting/Hosting-1762220025467727569/original/b5a017fa-8e03-444f-802c-62145a222a11.jpeg"", ""https://a0.muscache.com/im/pictures/hosting/Hosting-1762220025467727569/original/cbc2e346-7335-454c-a123-447e409bca0c.jpeg"", ""https://a0.muscache.com/im/pictures/hosting/Hosting-1762220025467727569/original/ae8152b8-ea38-4586-8dde-63969ea9d378.jpeg"", ""https://a0.muscache.com/im/pictures/hosting/Hosting-1762220025467727569/original/5ca2da5b-b713-4564-885a-1daad542d5cc.jpeg"", ""https://a0.muscache.com/im/pictures/hosting/Hosting-1762220025467727569/original/c49b3430-5850-40d4-8967-68ff89c57c36.jpeg"", ""https://a0.muscache.com/im/pictures/hosting/Hosting-1762220025467727569/original/274a64a5-5a41-4f2d-9aaf-bdf4562c5d34.jpeg"", ""https://a0.muscache.com/im/pictures/hosting/Hosting-1762220025467727569/original/de982eff-1c74-4895-b663-7608b70c65c0.jpeg"", ""https://a0.muscache.com/im/pictures/hosting/Hosting-1762220025467727569/original/50a9add2-69f9-4458-8e35-c42bcb13be11.jpeg"", ""https://a0.muscache.com/im/pictures/hosting/Hosting-1762220025467727569/original/a657283b-eff8-40ba-9b3d-cbbc5f1c02ef.jpeg"", ""https://a0.muscache.com/im/pictures/hosting/Hosting-1762220025467727569/original/99f8ba88-640a-4e88-98f6-cda2efd27b0d.jpeg"", ""https://a0.muscache.com/im/pictures/hosting/Hosting-1762220025467727569/original/c0d9dbac-3258-441d-9752-ac71fb14d25f.jpeg""]",f,"[{""name"": ""Long"", ""avatar"": ""https://a0.muscache.com/im/pictures/user/avatar_long.jpg""}]","[{""name"": ""DECOR"", ""localizedName"": ""Trang trí"", ""count"": 6}, {""name"": ""INTERIOR"", ""localizedName"": ""Không gian bên trong"", ""count"": 10}, {""name"": ""CLEANLINESS"", ""localizedName"": ""Mức độ sạch sẽ"", ""count"": 19}, {""name"": ""LOCATION"", ""localizedName"": ""Địa điểm"", ""count"": 10}, {""name"": ""HOSPITALITY"", ""localizedName"": ""Hiếu khách"", ""count"": 9}]","[{""title"": ""Trải nghiệm nhận phòng xuất sắc"", ""subtitle"": ""Những khách ở gần đây đã xếp hạng 5 sao cho quy trình nhận phòng.""}, {""title"": ""Tự nhận phòng"", ""subtitle"": ""Tự nhận phòng với hộp khóa an toàn.""}]"
1316486153101246651,https://www.airbnb.com.vn/rooms/1316486153101246651,20260926000000,2026-09-26,city search,A5 • Areca Homestay • Netflix • THANG MÁY • Quang cảnh thành phố,"Chào mừng bạn đến với A5 • Areca Homestay • Netflix • THANG MÁY • Quang cảnh thành phố — một không gian lưu trú ấm cúng, sang trọng tọa lạc tại Quận Thanh Xuân, Hà Nội.
Căn phòng tràn ngập ánh sáng tự nhiên với đầy đủ tiện nghi cao cấp, giường nệm êm ái, máy lạnh, TV và wifi tốc độ cao. Rất thuận tiện di chuyển tới các điểm tham quan, nhà hàng ẩm thực và quán cà phê nổi tiếng của Hà Nội.","Khu vực Quận Thanh Xuân an ninh, văn minh, gần nhiều địa điểm ăn uống, mua sắm và giải trí sầm uất tại Hà Nội.",https://a0.muscache.com/im/pictures/hosting/Hosting-1316486153101246651/original/4e1d560d-9cf9-4ed9-8cca-7fe306b1ed0c.jpeg,47000062,https://www.airbnb.com.vn/users/show/47000062,Linh,2021-06-10,"Hà Nội, Việt Nam","Xin chào, tôi là Linh, đã có 5 năm kinh nghiệm làm host. Tôi yêu thích du lịch và luôn mong muốn đem lại trải nghiệm lưu trú thoải mái nhất cho khách.",trong vòng một giờ,100%,98%,t,https://a0.muscache.com/im/pictures/user/User-47000062/original/user_profile_2.jpeg,https://a0.muscache.com/im/pictures/user/User-47000062/original/user_profile_2.jpeg,Quận Thanh Xuân,6,1,"['email', 'phone', 'work_email']",t,t,Quận Thanh Xuân,Quận Thanh Xuân,Hà Nội,21.043770400867977,105.84545828440902,Toàn bộ căn hộ cho thuê,Entire home/apt,2,1.0,1 phòng tắm,1,1,"[""Wi-fi tốc độ cao"", ""Điều hòa nhiệt độ"", ""Bếp đầy đủ tiện nghi"", ""Bể bơi"", ""Tủ lạnh"", ""TV màn hình phẳng"", ""Bồn tắm thư giãn"", ""Máy giặt"", ""Máy phát hiện khí CO"", ""Lò vi sóng"", ""Máy báo khói"", ""Máy sấy tóc"", ""Dầu gội & Sữa tắm"", ""Ban công ngắm cảnh"", ""Không gian riêng để làm việc"", ""Thang máy"", ""Bộ chăn ga gối cao cấp""]","₫656,471",1,1125,1,2,1125,1125,1.0,1125.0,today,t,18,51,84,250,2026-09-26,84,23,4,2023-06-14,2026-09-10,4.87,4.85,4.93,5.0,5.0,5.0,4.85,,t,2,2,0,0,3.31,"[""https://a0.muscache.com/im/pictures/hosting/Hosting-1316486153101246651/original/4e1d560d-9cf9-4ed9-8cca-7fe306b1ed0c.jpeg"", ""https://a0.muscache.com/im/pictures/hosting/Hosting-1316486153101246651/original/bdb83487-1915-4d71-a370-02be9fadf4f5.jpeg"", ""https://a0.muscache.com/im/pictures/hosting/Hosting-1316486153101246651/original/2e5ab988-5a53-42b0-9139-2c0e777b18b2.jpeg"", ""https://a0.muscache.com/im/pictures/hosting/Hosting-1316486153101246651/original/8b61e299-2be6-4b1c-9098-7ec9135cf2ca.jpeg"", ""https://a0.muscache.com/im/pictures/hosting/Hosting-1316486153101246651/original/dc8574df-be90-455d-a88c-d67ac2969c5f.jpeg"", ""https://a0.muscache.com/im/pictures/hosting/Hosting-1316486153101246651/original/208b014e-bed7-42d6-9879-764abd2c42aa.jpeg"", ""https://a0.muscache.com/im/pictures/hosting/Hosting-1316486153101246651/original/28d0c4f0-3746-4fe4-91bf-8cdd3301c13e.jpeg"", ""https://a0.muscache.com/im/pictures/hosting/Hosting-1316486153101246651/original/f21d657a-affc-4d40-b865-7672a0cb6db6.jpeg"", ""https://a0.muscache.com/im/pictures/hosting/Hosting-1316486153101246651/original/11386593-27ec-4ced-8e4f-cf4551621c07.jpeg"", ""https://a0.muscache.com/im/pictures/hosting/Hosting-1316486153101246651/original/52d39ac0-fc1f-4d4d-91e3-f7e24498ac26.jpeg"", ""https://a0.muscache.com/im/pictures/hosting/Hosting-1316486153101246651/original/98cde896-8d63-495d-9cf4-63735ef73016.jpeg"", ""https://a0.muscache.com/im/pictures/hosting/Hosting-1316486153101246651/original/2dd6d980-e800-4e5e-99c9-086a4bb6c52e.jpeg"", ""https://a0.muscache.com/im/pictures/hosting/Hosting-1316486153101246651/original/69b67afe-e0f4-4474-98e2-a0c1264c1195.jpeg"", ""https://a0.muscache.com/im/pictures/hosting/Hosting-1316486153101246651/original/761f38ac-c885-4469-9cd7-d4b5ca047342.jpeg"", ""https://a0.muscache.com/im/pictures/hosting/Hosting-1316486153101246651/original/731d78b8-e15d-4924-a585-9f958d120275.jpeg"", ""https://a0.muscache.com/im/pictures/hosting/Hosting-1316486153101246651/original/1a85e44a-bd47-4655-82a1-b16a1275b81f.jpeg"", ""https://a0.muscache.com/im/pictures/hosting/Hosting-1316486153101246651/original/e35a0a01-5743-481d-89f5-b413fa924ffb.jpeg""]",t,"[{""name"": ""Long"", ""avatar"": ""https://a0.muscache.com/im/pictures/user/avatar_long.jpg""}]","[{""name"": ""DECOR"", ""localizedName"": ""Trang trí"", ""count"": 13}, {""name"": ""INTERIOR"", ""localizedName"": ""Không gian bên trong"", ""count"": 19}, {""name"": ""CLEANLINESS"", ""localizedName"": ""Mức độ sạch sẽ"", ""count"": 25}, {""name"": ""LOCATION"", ""localizedName"": ""Địa điểm"", ""count"": 3}, {""name"": ""HOSPITALITY"", ""localizedName"": ""Hiếu khách"", ""count"": 4}]","[{""title"": ""Trải nghiệm nhận phòng xuất sắc"", ""subtitle"": ""Những khách ở gần đây đã xếp hạng 5 sao cho quy trình nhận phòng.""}, {""title"": ""Tự nhận phòng"", ""subtitle"": ""Tự nhận phòng với hộp khóa an toàn.""}]"
1736738431286370938,https://www.airbnb.com.vn/rooms/1736738431286370938,20260926000000,2026-09-26,city search,Lumiere City View gần Lotte 02,"Chào mừng bạn đến với Lumiere City View gần Lotte 02 — một không gian lưu trú ấm cúng, sang trọng tọa lạc tại Quận Hoàn Kiếm, Hà Nội.
Căn phòng tràn ngập ánh sáng tự nhiên với đầy đủ tiện nghi cao cấp, giường nệm êm ái, máy lạnh, TV và wifi tốc độ cao. Rất thuận tiện di chuyển tới các điểm tham quan, nhà hàng ẩm thực và quán cà phê nổi tiếng của Hà Nội.","Khu vực Quận Hoàn Kiếm an ninh, văn minh, gần nhiều địa điểm ăn uống, mua sắm và giải trí sầm uất tại Hà Nội.",https://a0.muscache.com/im/pictures/hosting/Hosting-1736738431286370938/original/d8563267-46f4-4b4f-bcae-3327102befa9.png,47000063,https://www.airbnb.com.vn/users/show/47000063,Hương,2024-02-27,"Hà Nội, Việt Nam","Xin chào, tôi là Hương, đã có 2 năm kinh nghiệm làm host. Tôi yêu thích du lịch và luôn mong muốn đem lại trải nghiệm lưu trú thoải mái nhất cho khách.",trong vòng một giờ,100%,98%,f,https://a0.muscache.com/im/pictures/user/User-47000063/original/user_profile_3.jpeg,https://a0.muscache.com/im/pictures/user/User-47000063/original/user_profile_3.jpeg,Quận Hoàn Kiếm,7,9,"['email', 'phone', 'work_email']",t,t,Quận Hoàn Kiếm,Quận Hoàn Kiếm,Hà Nội,21.0351,105.8086,Toàn bộ nhà,Entire home/apt,2,1.0,1 phòng tắm,1,1,"[""Máy sấy tóc"", ""Thang máy"", ""Bộ chăn ga gối cao cấp"", ""Máy giặt"", ""Máy báo khói"", ""Máy phát hiện khí CO"", ""Bếp đầy đủ tiện nghi"", ""Không gian riêng để làm việc"", ""Tủ lạnh"", ""Điều hòa nhiệt độ"", ""Lò vi sóng"", ""Dầu gội & Sữa tắm"", ""Ban công ngắm cảnh"", ""Bể bơi"", ""Bàn ủi / Bàn là"", ""Chỗ đỗ xe miễn phí trong khuôn viên"", ""TV màn hình phẳng"", ""Wi-fi tốc độ cao"", ""Tự nhận phòng với hộp khóa an toàn"", ""Bồn tắm thư giãn""]","₫910,000",1,1125,1,2,1125,1125,1.0,1125.0,today,t,25,38,61,282,2026-09-26,21,10,3,2025-11-15,2026-09-21,4.85,4.97,4.94,5.0,5.0,4.75,4.8,,f,2,2,0,0,1.21,"[""https://a0.muscache.com/im/pictures/hosting/Hosting-1736738431286370938/original/d8563267-46f4-4b4f-bcae-3327102befa9.png"", ""https://a0.muscache.com/im/pictures/hosting/Hosting-1736738431286370938/original/32979ba3-6805-4005-9b57-c21caed74652.png"", ""https://a0.muscache.com/im/pictures/hosting/Hosting-1736738431286370938/original/60698f7e-c968-4ce1-ae02-348514dec0cc.png"", ""https://a0.muscache.com/im/pictures/hosting/Hosting-1736738431286370938/original/f4b99149-9522-4998-8646-6ab89de6c634.png"", ""https://a0.muscache.com/im/pictures/hosting/Hosting-1736738431286370938/original/dedc5b64-d834-45a1-88e1-855e52a76183.jpeg"", ""https://a0.muscache.com/im/pictures/hosting/Hosting-1736738431286370938/original/cc9750ff-f925-40e7-9c83-850ec7ae98f4.png"", ""https://a0.muscache.com/im/pictures/hosting/Hosting-1736738431286370938/original/8ce470e2-89f9-4f93-abfd-0fb21da6bd92.png""]",f,"[{""name"": ""Long"", ""avatar"": ""https://a0.muscache.com/im/pictures/user/avatar_long.jpg""}]","[{""name"": ""DECOR"", ""localizedName"": ""Trang trí"", ""count"": 17}, {""name"": ""INTERIOR"", ""localizedName"": ""Không gian bên trong"", ""count"": 3}, {""name"": ""CLEANLINESS"", ""localizedName"": ""Mức độ sạch sẽ"", ""count"": 25}, {""name"": ""LOCATION"", ""localizedName"": ""Địa điểm"", ""count"": 8}, {""name"": ""HOSPITALITY"", ""localizedName"": ""Hiếu khách"", ""count"": 10}]","[{""title"": ""Trải nghiệm nhận phòng xuất sắc"", ""subtitle"": ""Những khách ở gần đây đã xếp hạng 5 sao cho quy trình nhận phòng.""}, {""title"": ""Tự nhận phòng"", ""subtitle"": ""Tự nhận phòng với hộp khóa an toàn.""}]"
1580082327799482133,https://www.airbnb.com.vn/rooms/1580082327799482133,20260926000000,2026-09-26,city search,"Studio Ấm Cúng, Yên Tĩnh | Ban Công View Thành Phố","Chào mừng bạn đến với Studio Ấm Cúng, Yên Tĩnh | Ban Công View Thành Phố — một không gian lưu trú ấm cúng, sang trọng tọa lạc tại Quận Ba Đình, Hà Nội.
Căn phòng tràn ngập ánh sáng tự nhiên với đầy đủ tiện nghi cao cấp, giường nệm êm ái, máy lạnh, TV và wifi tốc độ cao. Rất thuận tiện di chuyển tới các điểm tham quan, nhà hàng ẩm thực và quán cà phê nổi tiếng của Hà Nội.","Khu vực Quận Ba Đình an ninh, văn minh, gần nhiều địa điểm ăn uống, mua sắm và giải trí sầm uất tại Hà Nội.",https://a0.muscache.com/im/pictures/hosting/Hosting-1580082327799482133/original/089f98ae-368a-49a3-a985-83f9af4285bd.jpeg,47000064,https://www.airbnb.com.vn/users/show/47000064,Phương,2020-03-07,"Hà Nội, Việt Nam","Xin chào, tôi là Phương, đã có 6 năm kinh nghiệm làm host. Tôi yêu thích du lịch và luôn mong muốn đem lại trải nghiệm lưu trú thoải mái nhất cho khách.",trong vòng một giờ,100%,98%,t,https://a0.muscache.com/im/pictures/user/User-47000064/original/user_profile_4.jpeg,https://a0.muscache.com/im/pictures/user/User-47000064/original/user_profile_4.jpeg,Quận Ba Đình,10,10,"['email', 'phone', 'work_email']",t,t,Quận Ba Đình,Quận Ba Đình,Hà Nội,21.073930207616858,105.80427339052468,Toàn bộ căn hộ cho thuê,Entire home/apt,2,1.0,1 phòng tắm,1,1,"[""Điều hòa nhiệt độ"", ""Lò vi sóng"", ""TV màn hình phẳng"", ""Máy phát hiện khí CO"", ""Máy sấy tóc"", ""Bể bơi"", ""Bàn ủi / Bàn là"", ""Thang máy"", ""Máy giặt"", ""Chỗ đỗ xe miễn phí trong khuôn viên"", ""Bếp đầy đủ tiện nghi"", ""Wi-fi tốc độ cao"", ""Tự nhận phòng với hộp khóa an toàn"", ""Không gian riêng để làm việc"", ""Ban công ngắm cảnh"", ""Tủ lạnh""]","₫1,423,929",1,1125,1,2,1125,1125,1.0,1125.0,today,t,20,38,50,271,2026-09-26,63,37,0,2024-02-24,2026-09-02,4.94,4.82,4.87,5.0,5.0,4.77,4.7,,t,2,2,0,0,4.02,"[""https://a0.muscache.com/im/pictures/hosting/Hosting-1580082327799482133/original/089f98ae-368a-49a3-a985-83f9af4285bd.jpeg"", ""https://a0.muscache.com/im/pictures/hosting/Hosting-1580082327799482133/original/a95b6a95-5098-4fb5-b640-f24dc1212b17.jpeg"", ""https://a0.muscache.com/im/pictures/hosting/Hosting-1580082327799482133/original/efeaeb26-f861-481b-bc6d-5778f481689a.jpeg"", ""https://a0.muscache.com/im/pictures/hosting/Hosting-1580082327799482133/original/1fe52caa-e2d7-420f-86ce-5a81cfa36ee0.jpeg"", ""https://a0.muscache.com/im/pictures/hosting/Hosting-1580082327799482133/original/5af82f50-bb38-4fcd-8931-32c603bd98e4.jpeg"", ""https://a0.muscache.com/im/pictures/hosting/Hosting-1564364165937053197/original/c42cdc4a-a1d7-44f0-83b4-472b68208cba.jpeg"", ""https://a0.muscache.com/im/pictures/hosting/Hosting-1580082327799482133/original/cf2412d4-68f6-4dfb-a6c5-103427e0079a.jpeg"", ""https://a0.muscache.com/im/pictures/hosting/Hosting-1580082327799482133/original/7c36451b-4417-4fdd-b069-5c1c9a5adf7c.jpeg"", ""https://a0.muscache.com/im/pictures/hosting/Hosting-1580082327799482133/original/212ae2c4-45ae-4bc3-9689-659203354e53.jpeg"", ""https://a0.muscache.com/im/pictures/hosting/Hosting-1580082327799482133/original/033b562c-2002-455b-8db0-b788645670d0.jpeg"", ""https://a0.muscache.com/im/pictures/hosting/Hosting-1580082327799482133/original/06fed81e-6e19-41c3-838b-c7db53433b49.jpeg"", ""https://a0.muscache.com/im/pictures/hosting/Hosting-1580082327799482133/original/ecd56b8d-80d4-4da9-b1ef-d35fa0ca81dc.jpeg"", ""https://a0.muscache.com/im/pictures/hosting/Hosting-1580082327799482133/original/76609cc8-8ad5-483b-9e8c-e550bf3f4ca6.jpeg"", ""https://a0.muscache.com/im/pictures/hosting/Hosting-1580082327799482133/original/b3353289-0f19-434d-b308-78ee648381d0.jpeg"", ""https://a0.muscache.com/im/pictures/hosting/Hosting-1580082327799482133/original/81c45d5b-e258-49c4-9016-364a1e8abd34.jpeg"", ""https://a0.muscache.com/im/pictures/hosting/Hosting-1580082327799482133/original/eea26037-8c82-4517-9a8a-3bcfcdf747a6.jpeg"", ""https://a0.muscache.com/im/pictures/hosting/Hosting-1580082327799482133/original/dafa7a23-d88a-4a31-89cf-42e1dcd229cf.jpeg"", ""https://a0.muscache.com/im/pictures/hosting/Hosting-1580082327799482133/original/c1283737-ab65-40c4-85a5-6136832742ea.jpeg"", ""https://a0.muscache.com/im/pictures/hosting/Hosting-1580082327799482133/original/9945d426-441c-4d8c-8af5-bccfb7624327.jpeg"", ""https://a0.muscache.com/im/pictures/hosting/Hosting-1580082327799482133/original/0f09f2d3-9e0e-4803-987e-fd838853ddf4.jpeg"", ""https://a0.muscache.com/im/pictures/hosting/Hosting-1580082327799482133/original/2f7d36e3-4725-4a57-9a53-695e7915b0d6.jpeg"", ""https://a0.muscache.com/im/pictures/hosting/Hosting-1580082327799482133/original/ddfdf42d-3399-482d-b6f7-afcd6572fa01.jpeg"", ""https://a0.muscache.com/im/pictures/hosting/Hosting-1580082327799482133/original/b52dd632-a87e-421f-a7c9-1f2143382d23.jpeg"", ""https://a0.muscache.com/im/pictures/hosting/Hosting-1580082327799482133/original/4f3fc62b-48a5-4886-9768-a5ffd81840e2.jpeg"", ""https://a0.muscache.com/im/pictures/hosting/Hosting-1580082327799482133/original/a86bf064-6c53-48e8-958a-bff52c2870fd.jpeg"", ""https://a0.muscache.com/im/pictures/hosting/Hosting-1580082327799482133/original/78541379-4479-44ed-a7da-4c7a917edcb8.jpeg"", ""https://a0.muscache.com/im/pictures/hosting/Hosting-1580082327799482133/original/6c0a4de4-d890-462a-b4cd-7a7deca869b1.jpeg""]",t,"[{""name"": ""Long"", ""avatar"": ""https://a0.muscache.com/im/pictures/user/avatar_long.jpg""}, {""name"": ""Cindy"", ""avatar"": ""https://a0.muscache.com/im/pictures/user/avatar_cindy.jpg""}]","[{""name"": ""DECOR"", ""localizedName"": ""Trang trí"", ""count"": 7}, {""name"": ""INTERIOR"", ""localizedName"": ""Không gian bên trong"", ""count"": 10}, {""name"": ""CLEANLINESS"", ""localizedName"": ""Mức độ sạch sẽ"", ""count"": 18}, {""name"": ""LOCATION"", ""localizedName"": ""Địa điểm"", ""count"": 5}, {""name"": ""HOSPITALITY"", ""localizedName"": ""Hiếu khách"", ""count"": 7}]","[{""title"": ""Trải nghiệm nhận phòng xuất sắc"", ""subtitle"": ""Những khách ở gần đây đã xếp hạng 5 sao cho quy trình nhận phòng.""}, {""title"": ""Tự nhận phòng"", ""subtitle"": ""Tự nhận phòng với hộp khóa an toàn.""}]"
1668788341602905630,https://www.airbnb.com.vn/rooms/1668788341602905630,20260926000000,2026-09-26,city search,35 m2 Cửa sổ lớn/Tầng thượng/Chợ đêm/Khu phố cổ 301,"Chào mừng bạn đến với 35 m2 Cửa sổ lớn/Tầng thượng/Chợ đêm/Khu phố cổ 301 — một không gian lưu trú ấm cúng, sang trọng tọa lạc tại Quận Tây Hồ, Hà Nội.
Căn phòng tràn ngập ánh sáng tự nhiên với đầy đủ tiện nghi cao cấp, giường nệm êm ái, máy lạnh, TV và wifi tốc độ cao. Rất thuận tiện di chuyển tới các điểm tham quan, nhà hàng ẩm thực và quán cà phê nổi tiếng của Hà Nội.","Khu vực Quận Tây Hồ an ninh, văn minh, gần nhiều địa điểm ăn uống, mua sắm và giải trí sầm uất tại Hà Nội.",https://a0.muscache.com/im/pictures/hosting/Hosting-1668788341602905630/original/d9549637-f4db-4c60-8212-a46cc494e3f9.jpeg,47000065,https://www.airbnb.com.vn/users/show/47000065,Hà,2024-09-15,"Hà Nội, Việt Nam","Xin chào, tôi là Hà, đã có 2 năm kinh nghiệm làm host. Tôi yêu thích du lịch và luôn mong muốn đem lại trải nghiệm lưu trú thoải mái nhất cho khách.",trong vòng một giờ,100%,98%,f,https://a0.muscache.com/im/pictures/user/User-47000065/original/user_profile_5.jpeg,https://a0.muscache.com/im/pictures/user/User-47000065/original/user_profile_5.jpeg,Quận Tây Hồ,5,4,"['email', 'phone', 'work_email']",t,t,Quận Tây Hồ,Quận Tây Hồ,Hà Nội,21.041,105.8482,Phòng riêng trong nhà,Private room,2,1.0,1 phòng tắm,1,1,"[""Bộ chăn ga gối cao cấp"", ""Ban công ngắm cảnh"", ""TV màn hình phẳng"", ""Máy báo khói"", ""Thang máy"", ""Bồn tắm thư giãn"", ""Máy sấy tóc"", ""Wi-fi tốc độ cao"", ""Máy giặt"", ""Bếp đầy đủ tiện nghi"", ""Tự nhận phòng với hộp khóa an toàn"", ""Không gian riêng để làm việc"", ""Bàn ủi / Bàn là"", ""Lò vi sóng"", ""Máy phát hiện khí CO"", ""Chỗ đỗ xe miễn phí trong khuôn viên"", ""Điều hòa nhiệt độ""]","₫1,340,000",1,1125,1,2,1125,1125,1.0,1125.0,today,t,20,41,57,247,2026-09-26,10,5,5,2026-04-29,2026-09-19,4.8,4.81,4.93,5.0,5.0,4.98,4.87,,f,2,0,1,0,1.77,"[""https://a0.muscache.com/im/pictures/hosting/Hosting-1668788341602905630/original/d9549637-f4db-4c60-8212-a46cc494e3f9.jpeg"", ""https://a0.muscache.com/im/pictures/hosting/Hosting-1668788341602905630/original/1f16a817-f6e7-4a01-9034-1a20aa77f09d.jpeg"", ""https://a0.muscache.com/im/pictures/hosting/Hosting-1668788341602905630/original/3a8a65a6-fa25-4537-9b8f-b959b157a0f9.jpeg"", ""https://a0.muscache.com/im/pictures/hosting/Hosting-1668788341602905630/original/e63be494-cd92-4c53-85ef-8f57cfec4f55.jpeg"", ""https://a0.muscache.com/im/pictures/hosting/Hosting-1668788341602905630/original/3e8eef72-9ad7-4908-8fcd-32d00b0c3f9b.jpeg"", ""https://a0.muscache.com/im/pictures/hosting/Hosting-1668788341602905630/original/ceb4ac52-abef-448e-bd8c-964c1bcd9604.jpeg""]",t,"[{""name"": ""Rùa"", ""avatar"": ""https://a0.muscache.com/im/pictures/user/avatar_rua.jpg""}, {""name"": ""Dang Nguyen"", ""avatar"": ""https://a0.muscache.com/im/pictures/user/avatar_dang.jpg""}, {""name"": ""Cindy"", ""avatar"": ""https://a0.muscache.com/im/pictures/user/avatar_cindy.jpg""}]","[{""name"": ""DECOR"", ""localizedName"": ""Trang trí"", ""count"": 11}, {""name"": ""INTERIOR"", ""localizedName"": ""Không gian bên trong"", ""count"": 9}, {""name"": ""CLEANLINESS"", ""localizedName"": ""Mức độ sạch sẽ"", ""count"": 20}, {""name"": ""LOCATION"", ""localizedName"": ""Địa điểm"", ""count"": 12}, {""name"": ""HOSPITALITY"", ""localizedName"": ""Hiếu khách"", ""count"": 15}]","[{""title"": ""Trải nghiệm nhận phòng xuất sắc"", ""subtitle"": ""Những khách ở gần đây đã xếp hạng 5 sao cho quy trình nhận phòng.""}, {""title"": ""Tự nhận phòng"", ""subtitle"": ""Tự nhận phòng với hộp khóa an toàn.""}]"
1541712444118465558,https://www.airbnb.com.vn/rooms/1541712444118465558,20260926000000,2026-09-26,city search,EMBER | Căn hộ Japandi ấm áp • 5 phút đến Hồ Tây,"Chào mừng bạn đến với EMBER | Căn hộ Japandi ấm áp • 5 phút đến Hồ Tây — một không gian lưu trú ấm cúng, sang trọng tọa lạc tại Quận Tây Hồ, Hà Nội.
Căn phòng tràn ngập ánh sáng tự nhiên với đầy đủ tiện nghi cao cấp, giường nệm êm ái, máy lạnh, TV và wifi tốc độ cao. Rất thuận tiện di chuyển tới các điểm tham quan, nhà hàng ẩm thực và quán cà phê nổi tiếng của Hà Nội.","Khu vực Quận Tây Hồ an ninh, văn minh, gần nhiều địa điểm ăn uống, mua sắm và giải trí sầm uất tại Hà Nội.",https://a0.muscache.com/im/pictures/hosting/Hosting-1541712444118465558/original/09df8ea6-53e5-4bfb-b346-0811a8ca09a3.jpeg,47000066,https://www.airbnb.com.vn/users/show/47000066,Trang,2020-12-29,"Hà Nội, Việt Nam","Xin chào, tôi là Trang, đã có 5 năm kinh nghiệm làm host. Tôi yêu thích du lịch và luôn mong muốn đem lại trải nghiệm lưu trú thoải mái nhất cho khách.",trong vòng một giờ,100%,98%,t,https://a0.muscache.com/im/pictures/user/User-47000066/original/user_profile_6.jpeg,https://a0.muscache.com/im/pictures/user/User-47000066/original/user_profile_6.jpeg,Quận Tây Hồ,8,8,"['email', 'phone', 'work_email']",t,t,Quận Tây Hồ,Quận Tây Hồ,Hà Nội,21.072605682777834,105.8125978968007,Toàn bộ căn hộ cho thuê,Entire home/apt,4,1.0,1 phòng tắm,1,2,"[""Thang máy"", ""Máy báo khói"", ""Điều hòa nhiệt độ"", ""Máy sấy tóc"", ""TV màn hình phẳng"", ""Máy giặt"", ""Dầu gội & Sữa tắm"", ""Máy phát hiện khí CO"", ""Wi-fi tốc độ cao"", ""Bàn ủi / Bàn là"", ""Tự nhận phòng với hộp khóa an toàn"", ""Bể bơi"", ""Bộ chăn ga gối cao cấp"", ""Lò vi sóng"", ""Chỗ đỗ xe miễn phí trong khuôn viên"", ""Tủ lạnh"", ""Không gian riêng để làm việc""]","₫1,480,362",1,1125,1,2,1125,1125,1.0,1125.0,today,t,13,56,63,267,2026-09-26,17,5,5,2026-01-14,2026-09-01,5.0,4.91,4.99,5.0,5.0,4.89,4.92,,t,2,2,0,0,3.23,"[""https://a0.muscache.com/im/pictures/hosting/Hosting-1541712444118465558/original/09df8ea6-53e5-4bfb-b346-0811a8ca09a3.jpeg"", ""https://a0.muscache.com/im/pictures/hosting/Hosting-1541712444118465558/original/60fa7b3d-5c82-42f5-bc79-94c069bb6c67.jpeg"", ""https://a0.muscache.com/im/pictures/hosting/Hosting-1541712444118465558/original/e4ed6457-3b26-4621-9a9d-1fcecf0b6d40.jpeg"", ""https://a0.muscache.com/im/pictures/hosting/Hosting-1541712444118465558/original/5d0aefeb-625c-4d2b-97f2-063fe03c9f25.jpeg"", ""https://a0.muscache.com/im/pictures/hosting/Hosting-1541712444118465558/original/64f7e403-82fb-41ae-9b83-56e5167db7d9.jpeg"", ""https://a0.muscache.com/im/pictures/hosting/Hosting-1541712444118465558/original/b16346ef-d9a4-447c-8db5-df1630fa48d9.png"", ""https://a0.muscache.com/im/pictures/hosting/Hosting-1541712444118465558/original/a4d4bee6-0c89-4ee1-8e5c-6b3aa98d720f.jpeg"", ""https://a0.muscache.com/im/pictures/hosting/Hosting-1541712444118465558/original/12d049d4-88e0-464d-8dba-8df6dc37121b.jpeg"", ""https://a0.muscache.com/im/pictures/hosting/Hosting-1541712444118465558/original/50869067-c3aa-4f1c-bf04-0aeb7785e28b.jpeg"", ""https://a0.muscache.com/im/pictures/hosting/Hosting-1541712444118465558/original/d195923c-0e90-4abf-a4e1-d56e00cec7d4.jpeg"", ""https://a0.muscache.com/im/pictures/hosting/Hosting-1541712444118465558/original/afedd1fa-5537-44d5-9046-de1fee5a09c2.jpeg"", ""https://a0.muscache.com/im/pictures/hosting/Hosting-1541712444118465558/original/2e41de07-a328-4aa6-a37f-d123234e9308.jpeg"", ""https://a0.muscache.com/im/pictures/hosting/Hosting-1541712444118465558/original/586a5ad6-6cd8-447c-928a-c731eb9910e4.jpeg"", ""https://a0.muscache.com/im/pictures/hosting/Hosting-1541712444118465558/original/e63b2238-ba27-4208-8466-916136802d08.jpeg"", ""https://a0.muscache.com/im/pictures/hosting/Hosting-1541712444118465558/original/baa43a52-5857-4aea-b0e3-4e16a3ae054a.jpeg"", ""https://a0.muscache.com/im/pictures/hosting/Hosting-1541712444118465558/original/e83d87ba-2659-4780-9397-3000a1b037ae.jpeg"", ""https://a0.muscache.com/im/pictures/hosting/Hosting-1541712444118465558/original/64274df4-9563-4b5d-8f17-6aed1131c926.jpeg"", ""https://a0.muscache.com/im/pictures/hosting/Hosting-1541712444118465558/original/64ac8163-945d-4244-897d-7c7b1d837a29.jpeg"", ""https://a0.muscache.com/im/pictures/hosting/Hosting-1541712444118465558/original/5a590e27-e77d-4f7b-99a0-197e940ee09f.jpeg"", ""https://a0.muscache.com/im/pictures/hosting/Hosting-1541712444118465558/original/576be953-19df-4e91-a381-b677df5fa2a0.jpeg"", ""https://a0.muscache.com/im/pictures/hosting/Hosting-1541712444118465558/original/8c0b2c17-6b20-4429-926b-70dd74004e95.jpeg"", ""https://a0.muscache.com/im/pictures/hosting/Hosting-1541712444118465558/original/96fa129c-2774-4df7-8a6b-1337254c960a.jpeg"", ""https://a0.muscache.com/im/pictures/hosting/Hosting-1541712444118465558/original/673f814c-a632-4d0c-bd16-de0d8800c1d2.jpeg"", ""https://a0.muscache.com/im/pictures/hosting/Hosting-1541712444118465558/original/199a4c95-b4d1-4a19-b5cd-bd7303cd234b.jpeg"", ""https://a0.muscache.com/im/pictures/hosting/Hosting-1541712444118465558/original/2d86a9f5-4bc5-469a-9d1f-ecde3c21003a.jpeg"", ""https://a0.muscache.com/im/pictures/hosting/Hosting-1541712444118465558/original/b77d8a8d-22ff-43ee-89d2-2edbdbe90aed.jpeg"", ""https://a0.muscache.com/im/pictures/hosting/Hosting-1541712444118465558/original/180fafea-e761-4c54-be2c-3ea614c326bf.jpeg"", ""https://a0.muscache.com/im/pictures/hosting/Hosting-1541712444118465558/original/79e5d830-8376-440e-9dd0-078c6360e99a.jpeg"", ""https://a0.muscache.com/im/pictures/hosting/Hosting-1541712444118465558/original/23ac2f0a-7309-442f-a212-50b35b9a6f54.jpeg""]",t,"[{""name"": ""Dang Nguyen"", ""avatar"": ""https://a0.muscache.com/im/pictures/user/avatar_dang.jpg""}]","[{""name"": ""DECOR"", ""localizedName"": ""Trang trí"", ""count"": 3}, {""name"": ""INTERIOR"", ""localizedName"": ""Không gian bên trong"", ""count"": 11}, {""name"": ""CLEANLINESS"", ""localizedName"": ""Mức độ sạch sẽ"", ""count"": 16}, {""name"": ""LOCATION"", ""localizedName"": ""Địa điểm"", ""count"": 12}, {""name"": ""HOSPITALITY"", ""localizedName"": ""Hiếu khách"", ""count"": 3}]","[{""title"": ""Trải nghiệm nhận phòng xuất sắc"", ""subtitle"": ""Những khách ở gần đây đã xếp hạng 5 sao cho quy trình nhận phòng.""}, {""title"": ""Tự nhận phòng"", ""subtitle"": ""Tự nhận phòng với hộp khóa an toàn.""}]"
1584087127688774269,https://www.airbnb.com.vn/rooms/1584087127688774269,20260926000000,2026-09-26,city search,Tận hưởng không gian ấm cúng cho kỳ nghỉ của bạn,"Chào mừng bạn đến với Tận hưởng không gian ấm cúng cho kỳ nghỉ của bạn — một không gian lưu trú ấm cúng, sang trọng tọa lạc tại Quận Đống Đa, Hà Nội.
Căn phòng tràn ngập ánh sáng tự nhiên với đầy đủ tiện nghi cao cấp, giường nệm êm ái, máy lạnh, TV và wifi tốc độ cao. Rất thuận tiện di chuyển tới các điểm tham quan, nhà hàng ẩm thực và quán cà phê nổi tiếng của Hà Nội.","Khu vực Quận Đống Đa an ninh, văn minh, gần nhiều địa điểm ăn uống, mua sắm và giải trí sầm uất tại Hà Nội.",https://a0.muscache.com/im/pictures/hosting/Hosting-1584087127688774269/original/b1c39638-24a2-45f5-8a15-d84cf0576e8b.jpeg,47000067,https://www.airbnb.com.vn/users/show/47000067,Dương,2023-06-11,"Hà Nội, Việt Nam","Xin chào, tôi là Dương, đã có 3 năm kinh nghiệm làm host. Tôi yêu thích du lịch và luôn mong muốn đem lại trải nghiệm lưu trú thoải mái nhất cho khách.",trong vòng một giờ,100%,98%,f,https://a0.muscache.com/im/pictures/user/User-47000067/original/user_profile_7.jpeg,https://a0.muscache.com/im/pictures/user/User-47000067/original/user_profile_7.jpeg,Quận Đống Đa,4,2,"['email', 'phone', 'work_email']",t,t,Quận Đống Đa,Quận Đống Đa,Hà Nội,21.01701611153281,105.82105448928692,Phòng riêng trong nhà,Private room,2,1.0,1 phòng tắm,1,1,"[""Wi-fi tốc độ cao"", ""Ban công ngắm cảnh"", ""Thang máy"", ""TV màn hình phẳng"", ""Bếp đầy đủ tiện nghi"", ""Không gian riêng để làm việc"", ""Bàn ủi / Bàn là"", ""Máy giặt"", ""Lò vi sóng"", ""Bộ chăn ga gối cao cấp"", ""Điều hòa nhiệt độ"", ""Máy phát hiện khí CO"", ""Bồn tắm thư giãn"", ""Chỗ đỗ xe miễn phí trong khuôn viên"", ""Tủ lạnh""]","₫540,000",1,1125,1,2,1125,1125,1.0,1125.0,today,t,14,41,54,263,2026-09-26,7,6,0,2026-06-13,2026-09-09,5.0,4.83,4.82,5.0,5.0,4.71,4.77,,f,2,0,1,0,4.31,"[""https://a0.muscache.com/im/pictures/hosting/Hosting-1584087127688774269/original/b1c39638-24a2-45f5-8a15-d84cf0576e8b.jpeg"", ""https://a0.muscache.com/im/pictures/hosting/Hosting-1584087127688774269/original/3f3cc349-0ed1-4fe6-b681-8b4d4017310a.jpeg"", ""https://a0.muscache.com/im/pictures/hosting/Hosting-1584087127688774269/original/944c42ea-eea8-4782-bd80-0166db59cf66.jpeg"", ""https://a0.muscache.com/im/pictures/hosting/Hosting-1584087127688774269/original/4889287c-6d81-493a-85f2-5601b62f7202.jpeg"", ""https://a0.muscache.com/im/pictures/hosting/Hosting-1584087127688774269/original/1bc6e3e9-ea64-4208-ba89-76446f02cc3d.jpeg"", ""https://a0.muscache.com/im/pictures/hosting/Hosting-1584087127688774269/original/a72d1f5e-e2a1-4b2a-bf6a-3cf133a64368.jpeg""]",t,"[{""name"": ""Dang Nguyen"", ""avatar"": ""https://a0.muscache.com/im/pictures/user/avatar_dang.jpg""}]","[{""name"": ""DECOR"", ""localizedName"": ""Trang trí"", ""count"": 18}, {""name"": ""INTERIOR"", ""localizedName"": ""Không gian bên trong"", ""count"": 17}, {""name"": ""CLEANLINESS"", ""localizedName"": ""Mức độ sạch sẽ"", ""count"": 13}, {""name"": ""LOCATION"", ""localizedName"": ""Địa điểm"", ""count"": 5}, {""name"": ""HOSPITALITY"", ""localizedName"": ""Hiếu khách"", ""count"": 15}]","[{""title"": ""Trải nghiệm nhận phòng xuất sắc"", ""subtitle"": ""Những khách ở gần đây đã xếp hạng 5 sao cho quy trình nhận phòng.""}, {""title"": ""Tự nhận phòng"", ""subtitle"": ""Tự nhận phòng với hộp khóa an toàn.""}]"
1738977660612019321,https://www.airbnb.com.vn/rooms/1738977660612019321,20260926000000,2026-09-26,city search,180 Amazing Lakeview_Vị trí tốt nhất_Hoàn toàn mới_Annam,"Chào mừng bạn đến với 180 Amazing Lakeview_Vị trí tốt nhất_Hoàn toàn mới_Annam — một không gian lưu trú ấm cúng, sang trọng tọa lạc tại Quận Cầu Giấy, Hà Nội.
Căn phòng tràn ngập ánh sáng tự nhiên với đầy đủ tiện nghi cao cấp, giường nệm êm ái, máy lạnh, TV và wifi tốc độ cao. Rất thuận tiện di chuyển tới các điểm tham quan, nhà hàng ẩm thực và quán cà phê nổi tiếng của Hà Nội.","Khu vực Quận Cầu Giấy an ninh, văn minh, gần nhiều địa điểm ăn uống, mua sắm và giải trí sầm uất tại Hà Nội.",https://a0.muscache.com/im/pictures/hosting/Hosting-1738977660612019321/original/a367cc05-6ecd-466c-9bdb-0a2983e8bf19.jpeg,47000068,https://www.airbnb.com.vn/users/show/47000068,Thảo,2024-06-10,"Hà Nội, Việt Nam","Xin chào, tôi là Thảo, đã có 2 năm kinh nghiệm làm host. Tôi yêu thích du lịch và luôn mong muốn đem lại trải nghiệm lưu trú thoải mái nhất cho khách.",trong vòng một giờ,100%,98%,t,https://a0.muscache.com/im/pictures/user/User-47000068/original/user_profile_8.jpeg,https://a0.muscache.com/im/pictures/user/User-47000068/original/user_profile_8.jpeg,Quận Cầu Giấy,1,6,"['email', 'phone', 'work_email']",t,t,Quận Cầu Giấy,Quận Cầu Giấy,Hà Nội,21.0484,105.8406,Toàn bộ căn hộ cho thuê,Entire home/apt,2,1.0,1 phòng tắm,1,1,"[""Bàn ủi / Bàn là"", ""Bếp đầy đủ tiện nghi"", ""Tự nhận phòng với hộp khóa an toàn"", ""Bộ chăn ga gối cao cấp"", ""Tủ lạnh"", ""Máy báo khói"", ""Bồn tắm thư giãn"", ""Dầu gội & Sữa tắm"", ""Máy giặt"", ""Máy sấy tóc"", ""Bể bơi"", ""TV màn hình phẳng"", ""Máy phát hiện khí CO"", ""Điều hòa nhiệt độ"", ""Lò vi sóng"", ""Ban công ngắm cảnh"", ""Wi-fi tốc độ cao""]","₫1,300,000",1,1125,1,2,1125,1125,1.0,1125.0,today,t,20,53,79,259,2026-09-26,160,40,3,2023-06-14,2026-09-20,4.85,4.92,4.92,5.0,5.0,4.83,4.85,,t,2,2,0,0,1.82,"[""https://a0.muscache.com/im/pictures/hosting/Hosting-1738977660612019321/original/a367cc05-6ecd-466c-9bdb-0a2983e8bf19.jpeg"", ""https://a0.muscache.com/im/pictures/hosting/Hosting-1738977660612019321/original/4f7d14f0-e4a0-4eb3-8372-b857973698d5.jpeg"", ""https://a0.muscache.com/im/pictures/hosting/Hosting-1738977660612019321/original/a49575e6-2d62-4fde-9ee3-658fa31cb862.jpeg"", ""https://a0.muscache.com/im/pictures/hosting/Hosting-1738977660612019321/original/6cb1bb00-0a6d-4505-b6eb-13469c7b12a8.jpeg"", ""https://a0.muscache.com/im/pictures/hosting/Hosting-1738977660612019321/original/7478c66c-807d-4a3e-b837-c4ed16a1cde3.jpeg"", ""https://a0.muscache.com/im/pictures/hosting/Hosting-1738977660612019321/original/1023aeaa-5b58-4429-844c-5daf71a9af79.jpeg"", ""https://a0.muscache.com/im/pictures/hosting/Hosting-1738977660612019321/original/7312ab21-9e0c-4992-94c1-536af5f3c906.jpeg"", ""https://a0.muscache.com/im/pictures/hosting/Hosting-1738977660612019321/original/5ca0eef6-5632-497b-9695-8fb220235d8e.jpeg"", ""https://a0.muscache.com/im/pictures/hosting/Hosting-1738977660612019321/original/03191707-b85e-47d1-bda2-2c9aac32c25b.jpeg"", ""https://a0.muscache.com/im/pictures/hosting/Hosting-1738977660612019321/original/06524b29-aa3f-49a6-9a05-e053f6241a92.jpeg""]",f,"[{""name"": ""Long"", ""avatar"": ""https://a0.muscache.com/im/pictures/user/avatar_long.jpg""}, {""name"": ""Cindy"", ""avatar"": ""https://a0.muscache.com/im/pictures/user/avatar_cindy.jpg""}]","[{""name"": ""DECOR"", ""localizedName"": ""Trang trí"", ""count"": 16}, {""name"": ""INTERIOR"", ""localizedName"": ""Không gian bên trong"", ""count"": 10}, {""name"": ""CLEANLINESS"", ""localizedName"": ""Mức độ sạch sẽ"", ""count"": 16}, {""name"": ""LOCATION"", ""localizedName"": ""Địa điểm"", ""count"": 19}, {""name"": ""HOSPITALITY"", ""localizedName"": ""Hiếu khách"", ""count"": 2}]","[{""title"": ""Trải nghiệm nhận phòng xuất sắc"", ""subtitle"": ""Những khách ở gần đây đã xếp hạng 5 sao cho quy trình nhận phòng.""}, {""title"": ""Tự nhận phòng"", ""subtitle"": ""Tự nhận phòng với hộp khóa an toàn.""}]"
1689244379425678330,https://www.airbnb.com.vn/rooms/1689244379425678330,20260926000000,2026-09-26,city search,Studio AnNam Zen|5 phút đến Khu phố cổ|Netflix miễn phí,"Chào mừng bạn đến với Studio AnNam Zen|5 phút đến Khu phố cổ|Netflix miễn phí — một không gian lưu trú ấm cúng, sang trọng tọa lạc tại Quận Nam Từ Liêm, Hà Nội.
Căn phòng tràn ngập ánh sáng tự nhiên với đầy đủ tiện nghi cao cấp, giường nệm êm ái, máy lạnh, TV và wifi tốc độ cao. Rất thuận tiện di chuyển tới các điểm tham quan, nhà hàng ẩm thực và quán cà phê nổi tiếng của Hà Nội.","Khu vực Quận Nam Từ Liêm an ninh, văn minh, gần nhiều địa điểm ăn uống, mua sắm và giải trí sầm uất tại Hà Nội.",https://a0.muscache.com/im/pictures/hosting/Hosting-U3RheVN1cHBseUxpc3Rpbmc6MTE1MjY4MTkxMzY0NDkyNTQ5Mg==/original/acc4920f-3d50-4290-834f-7fd04c7661cb.jpeg,47000069,https://www.airbnb.com.vn/users/show/47000069,Hải,2024-07-08,"Hà Nội, Việt Nam","Xin chào, tôi là Hải, đã có 2 năm kinh nghiệm làm host. Tôi yêu thích du lịch và luôn mong muốn đem lại trải nghiệm lưu trú thoải mái nhất cho khách.",trong vòng một giờ,100%,98%,f,https://a0.muscache.com/im/pictures/user/User-47000069/original/user_profile_9.jpeg,https://a0.muscache.com/im/pictures/user/User-47000069/original/user_profile_9.jpeg,Quận Nam Từ Liêm,3,1,"['email', 'phone', 'work_email']",t,t,Quận Nam Từ Liêm,Quận Nam Từ Liêm,Hà Nội,21.04417,105.84467,Phòng riêng trong nhà,Private room,2,1.0,1 phòng tắm,1,1,"[""Tự nhận phòng với hộp khóa an toàn"", ""Thang máy"", ""Máy báo khói"", ""Chỗ đỗ xe miễn phí trong khuôn viên"", ""Điều hòa nhiệt độ"", ""Ban công ngắm cảnh"", ""TV màn hình phẳng"", ""Bếp đầy đủ tiện nghi"", ""Lò vi sóng"", ""Máy sấy tóc"", ""Dầu gội & Sữa tắm"", ""Máy giặt"", ""Bàn ủi / Bàn là"", ""Wi-fi tốc độ cao"", ""Bể bơi"", ""Tủ lạnh"", ""Bồn tắm thư giãn"", ""Bộ chăn ga gối cao cấp"", ""Không gian riêng để làm việc""]","₫867,000",1,1125,1,2,1125,1125,1.0,1125.0,today,t,12,47,66,222,2026-09-26,6,2,0,2026-06-28,2026-09-10,5.0,4.84,4.87,5.0,5.0,4.94,4.79,,f,2,0,1,0,1.96,"[""https://a0.muscache.com/im/pictures/hosting/Hosting-U3RheVN1cHBseUxpc3Rpbmc6MTE1MjY4MTkxMzY0NDkyNTQ5Mg==/original/acc4920f-3d50-4290-834f-7fd04c7661cb.jpeg"", ""https://a0.muscache.com/im/pictures/hosting/Hosting-1152681913644925492/original/9ff2be8b-ce74-4787-93a8-34e53e2d2173.jpeg"", ""https://a0.muscache.com/im/pictures/hosting/Hosting-U3RheVN1cHBseUxpc3Rpbmc6MTE1MjY4MTkxMzY0NDkyNTQ5Mg==/original/e6111822-e90f-47ff-b10e-4a7cf277e25d.jpeg"", ""https://a0.muscache.com/im/pictures/hosting/Hosting-U3RheVN1cHBseUxpc3Rpbmc6MTE1MjY4MTkxMzY0NDkyNTQ5Mg==/original/4830014a-de7e-47c6-8a5a-c324f52d191d.jpeg"", ""https://a0.muscache.com/im/pictures/hosting/Hosting-U3RheVN1cHBseUxpc3Rpbmc6MTE1MjY4MTkxMzY0NDkyNTQ5Mg==/original/4c077f68-8c8a-4b04-b3aa-2ff74f1b7118.jpeg"", ""https://a0.muscache.com/im/pictures/hosting/Hosting-U3RheVN1cHBseUxpc3Rpbmc6MTE1MjY4MTkxMzY0NDkyNTQ5Mg==/original/ffa582df-be6e-4352-b9b6-d26f3dce3a5b.jpeg""]",t,"[{""name"": ""Cindy"", ""avatar"": ""https://a0.muscache.com/im/pictures/user/avatar_cindy.jpg""}, {""name"": ""Rùa"", ""avatar"": ""https://a0.muscache.com/im/pictures/user/avatar_rua.jpg""}, {""name"": ""Long"", ""avatar"": ""https://a0.muscache.com/im/pictures/user/avatar_long.jpg""}]","[{""name"": ""DECOR"", ""localizedName"": ""Trang trí"", ""count"": 13}, {""name"": ""INTERIOR"", ""localizedName"": ""Không gian bên trong"", ""count"": 2}, {""name"": ""CLEANLINESS"", ""localizedName"": ""Mức độ sạch sẽ"", ""count"": 23}, {""name"": ""LOCATION"", ""localizedName"": ""Địa điểm"", ""count"": 20}, {""name"": ""HOSPITALITY"", ""localizedName"": ""Hiếu khách"", ""count"": 8}]","[{""title"": ""Trải nghiệm nhận phòng xuất sắc"", ""subtitle"": ""Những khách ở gần đây đã xếp hạng 5 sao cho quy trình nhận phòng.""}, {""title"": ""Tự nhận phòng"", ""subtitle"": ""Tự nhận phòng với hộp khóa an toàn.""}]"
1485018848887730054,https://www.airbnb.com.vn/rooms/1485018848887730054,20260926000000,2026-09-26,city search,Nhà Đông Dương - Yên tĩnh - Siêu trung tâm,"Chào mừng bạn đến với Nhà Đông Dương - Yên tĩnh - Siêu trung tâm — một không gian lưu trú ấm cúng, sang trọng tọa lạc tại Quận Bắc Từ Liêm, Hà Nội.
Căn phòng tràn ngập ánh sáng tự nhiên với đầy đủ tiện nghi cao cấp, giường nệm êm ái, máy lạnh, TV và wifi tốc độ cao. Rất thuận tiện di chuyển tới các điểm tham quan, nhà hàng ẩm thực và quán cà phê nổi tiếng của Hà Nội.","Khu vực Quận Bắc Từ Liêm an ninh, văn minh, gần nhiều địa điểm ăn uống, mua sắm và giải trí sầm uất tại Hà Nội.",https://a0.muscache.com/im/pictures/hosting/Hosting-1485018848887730054/original/74568145-bddb-40a3-99a5-fccd1f0fca73.jpeg,47000070,https://www.airbnb.com.vn/users/show/47000070,Nam,2021-12-14,"Hà Nội, Việt Nam","Xin chào, tôi là Nam, đã có 4 năm kinh nghiệm làm host. Tôi yêu thích du lịch và luôn mong muốn đem lại trải nghiệm lưu trú thoải mái nhất cho khách.",trong vòng một giờ,100%,98%,t,https://a0.muscache.com/im/pictures/user/User-47000070/original/user_profile_0.jpeg,https://a0.muscache.com/im/pictures/user/User-47000070/original/user_profile_0.jpeg,Quận Bắc Từ Liêm,8,4,"['email', 'phone', 'work_email']",t,t,Quận Bắc Từ Liêm,Quận Bắc Từ Liêm,Hà Nội,21.006398967484756,105.82996378854368,Toàn bộ căn hộ cho thuê,Entire home/apt,2,1.0,1 phòng tắm,1,1,"[""Ban công ngắm cảnh"", ""TV màn hình phẳng"", ""Tủ lạnh"", ""Máy sấy tóc"", ""Điều hòa nhiệt độ"", ""Không gian riêng để làm việc"", ""Lò vi sóng"", ""Bộ chăn ga gối cao cấp"", ""Bếp đầy đủ tiện nghi"", ""Máy phát hiện khí CO"", ""Dầu gội & Sữa tắm"", ""Máy báo khói"", ""Bàn ủi / Bàn là"", ""Bể bơi"", ""Wi-fi tốc độ cao""]","₫569,131",1,1125,1,2,1125,1125,1.0,1125.0,today,t,17,42,78,320,2026-09-26,31,25,0,2025-06-18,2026-09-18,4.87,4.92,4.98,5.0,5.0,4.93,4.82,,t,2,2,0,0,3.1,"[""https://a0.muscache.com/im/pictures/hosting/Hosting-1485018848887730054/original/74568145-bddb-40a3-99a5-fccd1f0fca73.jpeg"", ""https://a0.muscache.com/im/pictures/hosting/Hosting-1485018848887730054/original/8e56839d-7106-4e1b-b39a-ab271206029a.jpeg"", ""https://a0.muscache.com/im/pictures/hosting/Hosting-1485018848887730054/original/a4074cec-25c5-4aa5-bc85-0c80866ad18e.jpeg"", ""https://a0.muscache.com/im/pictures/hosting/Hosting-1485018848887730054/original/c986415e-58af-47b4-bbcd-6fd5a55247b4.jpeg"", ""https://a0.muscache.com/im/pictures/hosting/Hosting-1485018848887730054/original/11f6bd9e-7f06-45dc-9739-e455e3fc7ac7.jpeg"", ""https://a0.muscache.com/im/pictures/hosting/Hosting-1485018848887730054/original/13414e7b-5fd6-4c04-bb8b-33278a3265aa.jpeg"", ""https://a0.muscache.com/im/pictures/hosting/Hosting-1485018848887730054/original/910678ba-d6dc-48c8-9477-575144e627a6.jpeg"", ""https://a0.muscache.com/im/pictures/hosting/Hosting-1485018848887730054/original/ea74904d-1582-433e-a1a9-e45365bf04d6.jpeg"", ""https://a0.muscache.com/im/pictures/hosting/Hosting-1485018848887730054/original/27cd49bc-c180-454d-8d9a-b7d77fb634aa.jpeg"", ""https://a0.muscache.com/im/pictures/hosting/Hosting-1485018848887730054/original/8a20864f-072a-49d5-a9d6-c0dddc52d1bc.jpeg"", ""https://a0.muscache.com/im/pictures/hosting/Hosting-1485018848887730054/original/121a8497-9be3-4c1c-ac31-6b3ca9213326.jpeg"", ""https://a0.muscache.com/im/pictures/hosting/Hosting-1485018848887730054/original/5ebfc189-f666-4c70-933c-d2b25f83e8fe.jpeg"", ""https://a0.muscache.com/im/pictures/hosting/Hosting-1485018848887730054/original/641578ae-6f1e-4db9-a922-4b581b3abe68.jpeg""]",t,"[{""name"": ""Cindy"", ""avatar"": ""https://a0.muscache.com/im/pictures/user/avatar_cindy.jpg""}]","[{""name"": ""DECOR"", ""localizedName"": ""Trang trí"", ""count"": 2}, {""name"": ""INTERIOR"", ""localizedName"": ""Không gian bên trong"", ""count"": 21}, {""name"": ""CLEANLINESS"", ""localizedName"": ""Mức độ sạch sẽ"", ""count"": 15}, {""name"": ""LOCATION"", ""localizedName"": ""Địa điểm"", ""count"": 19}, {""name"": ""HOSPITALITY"", ""localizedName"": ""Hiếu khách"", ""count"": 4}]","[{""title"": ""Trải nghiệm nhận phòng xuất sắc"", ""subtitle"": ""Những khách ở gần đây đã xếp hạng 5 sao cho quy trình nhận phòng.""}, {""title"": ""Tự nhận phòng"", ""subtitle"": ""Tự nhận phòng với hộp khóa an toàn.""}]"
1660705307001809149,https://www.airbnb.com.vn/rooms/1660705307001809149,20260926000000,2026-09-26,city search,Khu phố cổ/đường tàu/phố ẩm thực/Thang máy/Chợ đêm,"Chào mừng bạn đến với Khu phố cổ/đường tàu/phố ẩm thực/Thang máy/Chợ đêm — một không gian lưu trú ấm cúng, sang trọng tọa lạc tại Quận Hoàn Kiếm, Hà Nội.
Căn phòng tràn ngập ánh sáng tự nhiên với đầy đủ tiện nghi cao cấp, giường nệm êm ái, máy lạnh, TV và wifi tốc độ cao. Rất thuận tiện di chuyển tới các điểm tham quan, nhà hàng ẩm thực và quán cà phê nổi tiếng của Hà Nội.","Khu vực Quận Hoàn Kiếm an ninh, văn minh, gần nhiều địa điểm ăn uống, mua sắm và giải trí sầm uất tại Hà Nội.",https://a0.muscache.com/im/pictures/hosting/Hosting-1660705307001809149/original/6cc2de5a-6bdb-47b7-9da7-73c3c6b57808.png,47000071,https://www.airbnb.com.vn/users/show/47000071,Tuấn,2021-09-02,"Hà Nội, Việt Nam","Xin chào, tôi là Tuấn, đã có 5 năm kinh nghiệm làm host. Tôi yêu thích du lịch và luôn mong muốn đem lại trải nghiệm lưu trú thoải mái nhất cho khách.",trong vòng một giờ,100%,98%,f,https://a0.muscache.com/im/pictures/user/User-47000071/original/user_profile_1.jpeg,https://a0.muscache.com/im/pictures/user/User-47000071/original/user_profile_1.jpeg,Quận Hoàn Kiếm,5,9,"['email', 'phone', 'work_email']",t,t,Quận Hoàn Kiếm,Quận Hoàn Kiếm,Hà Nội,21.03478,105.84778,Phòng riêng trong nhà,Private room,2,1.0,1 phòng tắm,1,1,"[""Máy sấy tóc"", ""Wi-fi tốc độ cao"", ""Tủ lạnh"", ""Điều hòa nhiệt độ"", ""Không gian riêng để làm việc"", ""Dầu gội & Sữa tắm"", ""Thang máy"", ""TV màn hình phẳng"", ""Tự nhận phòng với hộp khóa an toàn"", ""Máy giặt"", ""Bàn ủi / Bàn là"", ""Bếp đầy đủ tiện nghi"", ""Máy báo khói"", ""Ban công ngắm cảnh"", ""Bồn tắm thư giãn"", ""Bộ chăn ga gối cao cấp"", ""Bể bơi"", ""Chỗ đỗ xe miễn phí trong khuôn viên"", ""Máy phát hiện khí CO"", ""Lò vi sóng""]","₫873,686",1,1125,1,2,1125,1125,1.0,1125.0,today,t,14,56,73,258,2026-09-26,13,12,1,2026-03-15,2026-09-05,5.0,4.97,4.96,5.0,5.0,4.84,4.85,,f,2,0,1,0,1.9,"[""https://a0.muscache.com/im/pictures/hosting/Hosting-1660705307001809149/original/6cc2de5a-6bdb-47b7-9da7-73c3c6b57808.png"", ""https://a0.muscache.com/im/pictures/hosting/Hosting-1660705307001809149/original/7cee7bc6-b562-4ef0-b158-f079b6bc9e38.png"", ""https://a0.muscache.com/im/pictures/hosting/Hosting-1660705307001809149/original/1c749ead-ef2b-4b8d-bdfc-1e5d7f88ff46.png"", ""https://a0.muscache.com/im/pictures/hosting/Hosting-1660705307001809149/original/0d3802d7-5b23-43c0-a5bb-02b17e989eb0.jpeg"", ""https://a0.muscache.com/im/pictures/hosting/Hosting-1660705307001809149/original/54545c43-035a-463a-8a48-394c6225a5aa.jpeg"", ""https://a0.muscache.com/im/pictures/hosting/Hosting-1660705307001809149/original/e02a0b31-190d-4a99-a991-72e4483ff933.png""]",t,"[{""name"": ""Dang Nguyen"", ""avatar"": ""https://a0.muscache.com/im/pictures/user/avatar_dang.jpg""}, {""name"": ""Cindy"", ""avatar"": ""https://a0.muscache.com/im/pictures/user/avatar_cindy.jpg""}, {""name"": ""Rùa"", ""avatar"": ""https://a0.muscache.com/im/pictures/user/avatar_rua.jpg""}]","[{""name"": ""DECOR"", ""localizedName"": ""Trang trí"", ""count"": 15}, {""name"": ""INTERIOR"", ""localizedName"": ""Không gian bên trong"", ""count"": 16}, {""name"": ""CLEANLINESS"", ""localizedName"": ""Mức độ sạch sẽ"", ""count"": 24}, {""name"": ""LOCATION"", ""localizedName"": ""Địa điểm"", ""count"": 12}, {""name"": ""HOSPITALITY"", ""localizedName"": ""Hiếu khách"", ""count"": 9}]","[{""title"": ""Trải nghiệm nhận phòng xuất sắc"", ""subtitle"": ""Những khách ở gần đây đã xếp hạng 5 sao cho quy trình nhận phòng.""}, {""title"": ""Tự nhận phòng"", ""subtitle"": ""Tự nhận phòng với hộp khóa an toàn.""}]"
1489186547122112746,https://www.airbnb.com.vn/rooms/1489186547122112746,20260926000000,2026-09-26,city search,Homestay phố cổ Hà Nội,"Chào mừng bạn đến với Homestay phố cổ Hà Nội — một không gian lưu trú ấm cúng, sang trọng tọa lạc tại Quận Hoàn Kiếm, Hà Nội.
Căn phòng tràn ngập ánh sáng tự nhiên với đầy đủ tiện nghi cao cấp, giường nệm êm ái, máy lạnh, TV và wifi tốc độ cao. Rất thuận tiện di chuyển tới các điểm tham quan, nhà hàng ẩm thực và quán cà phê nổi tiếng của Hà Nội.","Khu vực Quận Hoàn Kiếm an ninh, văn minh, gần nhiều địa điểm ăn uống, mua sắm và giải trí sầm uất tại Hà Nội.",https://a0.muscache.com/im/pictures/hosting/Hosting-1489186547122112746/original/2d0b8626-e5e0-437a-b578-b756e15d6c8e.jpeg,47000072,https://www.airbnb.com.vn/users/show/47000072,Long,2023-02-19,"Hà Nội, Việt Nam","Xin chào, tôi là Long, đã có 3 năm kinh nghiệm làm host. Tôi yêu thích du lịch và luôn mong muốn đem lại trải nghiệm lưu trú thoải mái nhất cho khách.",trong vòng một giờ,100%,98%,t,https://a0.muscache.com/im/pictures/user/User-47000072/original/user_profile_2.jpeg,https://a0.muscache.com/im/pictures/user/User-47000072/original/user_profile_2.jpeg,Quận Hoàn Kiếm,6,2,"['email', 'phone', 'work_email']",t,t,Quận Hoàn Kiếm,Quận Hoàn Kiếm,Hà Nội,21.0393,105.84613,Phòng riêng trong nhà,Private room,2,1.0,1 phòng tắm,1,1,"[""Lò vi sóng"", ""Ban công ngắm cảnh"", ""Máy giặt"", ""Tủ lạnh"", ""Bàn ủi / Bàn là"", ""Bể bơi"", ""Máy phát hiện khí CO"", ""Wi-fi tốc độ cao"", ""Máy báo khói"", ""Bồn tắm thư giãn"", ""TV màn hình phẳng"", ""Dầu gội & Sữa tắm"", ""Không gian riêng để làm việc"", ""Máy sấy tóc"", ""Bếp đầy đủ tiện nghi"", ""Bộ chăn ga gối cao cấp"", ""Điều hòa nhiệt độ"", ""Thang máy"", ""Chỗ đỗ xe miễn phí trong khuôn viên""]","₫540,000",1,1125,1,2,1125,1125,1.0,1125.0,today,t,24,38,83,317,2026-09-26,46,30,1,2024-11-05,2026-09-14,4.85,4.86,4.97,5.0,5.0,4.9,4.79,,t,2,0,1,0,2.48,"[""https://a0.muscache.com/im/pictures/hosting/Hosting-1489186547122112746/original/2d0b8626-e5e0-437a-b578-b756e15d6c8e.jpeg"", ""https://a0.muscache.com/im/pictures/hosting/Hosting-1489186547122112746/original/817661a4-0681-4089-bb23-9408e66ce34b.jpeg"", ""https://a0.muscache.com/im/pictures/hosting/Hosting-1489186547122112746/original/43fc51f5-1da7-4321-bb70-d033a38612f7.jpeg"", ""https://a0.muscache.com/im/pictures/hosting/Hosting-1489186547122112746/original/478f122f-b0fa-4a4f-91f4-d70af31f4658.jpeg"", ""https://a0.muscache.com/im/pictures/hosting/Hosting-1489186547122112746/original/f72f9120-b9fa-4d5d-aad0-8992f6183e45.jpeg"", ""https://a0.muscache.com/im/pictures/hosting/Hosting-1489186547122112746/original/897174ef-1319-42c6-907c-7600d9a96cbb.jpeg""]",t,"[{""name"": ""Dang Nguyen"", ""avatar"": ""https://a0.muscache.com/im/pictures/user/avatar_dang.jpg""}, {""name"": ""Long"", ""avatar"": ""https://a0.muscache.com/im/pictures/user/avatar_long.jpg""}]","[{""name"": ""DECOR"", ""localizedName"": ""Trang trí"", ""count"": 5}, {""name"": ""INTERIOR"", ""localizedName"": ""Không gian bên trong"", ""count"": 2}, {""name"": ""CLEANLINESS"", ""localizedName"": ""Mức độ sạch sẽ"", ""count"": 5}, {""name"": ""LOCATION"", ""localizedName"": ""Địa điểm"", ""count"": 17}, {""name"": ""HOSPITALITY"", ""localizedName"": ""Hiếu khách"", ""count"": 7}]","[{""title"": ""Trải nghiệm nhận phòng xuất sắc"", ""subtitle"": ""Những khách ở gần đây đã xếp hạng 5 sao cho quy trình nhận phòng.""}, {""title"": ""Tự nhận phòng"", ""subtitle"": ""Tự nhận phòng với hộp khóa an toàn.""}]"
1666701272357520586,https://www.airbnb.com.vn/rooms/1666701272357520586,20260926000000,2026-09-26,city search,Tầm nhìn ra hồ trên tầng thượng ngoạn mục | Căn hộ rộng rãi,"Chào mừng bạn đến với Tầm nhìn ra hồ trên tầng thượng ngoạn mục | Căn hộ rộng rãi — một không gian lưu trú ấm cúng, sang trọng tọa lạc tại Quận Tây Hồ, Hà Nội.
Căn phòng tràn ngập ánh sáng tự nhiên với đầy đủ tiện nghi cao cấp, giường nệm êm ái, máy lạnh, TV và wifi tốc độ cao. Rất thuận tiện di chuyển tới các điểm tham quan, nhà hàng ẩm thực và quán cà phê nổi tiếng của Hà Nội.","Khu vực Quận Tây Hồ an ninh, văn minh, gần nhiều địa điểm ăn uống, mua sắm và giải trí sầm uất tại Hà Nội.",https://a0.muscache.com/im/pictures/hosting/Hosting-1666701272357520586/original/f0e1ece1-4b2e-46b4-bd63-9b7003b177af.jpeg,47000073,https://www.airbnb.com.vn/users/show/47000073,Đức,2023-12-14,"Hà Nội, Việt Nam","Xin chào, tôi là Đức, đã có 2 năm kinh nghiệm làm host. Tôi yêu thích du lịch và luôn mong muốn đem lại trải nghiệm lưu trú thoải mái nhất cho khách.",trong vòng một giờ,100%,98%,f,https://a0.muscache.com/im/pictures/user/User-47000073/original/user_profile_3.jpeg,https://a0.muscache.com/im/pictures/user/User-47000073/original/user_profile_3.jpeg,Quận Tây Hồ,1,3,"['email', 'phone', 'work_email']",t,t,Quận Tây Hồ,Quận Tây Hồ,Hà Nội,21.0558,105.8084,Toàn bộ căn hộ cho thuê,Entire home/apt,2,1.0,1 phòng tắm,1,1,"[""Bếp đầy đủ tiện nghi"", ""Lò vi sóng"", ""Máy giặt"", ""Bể bơi"", ""Wi-fi tốc độ cao"", ""TV màn hình phẳng"", ""Bộ chăn ga gối cao cấp"", ""Tự nhận phòng với hộp khóa an toàn"", ""Ban công ngắm cảnh"", ""Bàn ủi / Bàn là"", ""Máy phát hiện khí CO"", ""Chỗ đỗ xe miễn phí trong khuôn viên"", ""Bồn tắm thư giãn"", ""Dầu gội & Sữa tắm"", ""Tủ lạnh"", ""Máy báo khói"", ""Điều hòa nhiệt độ"", ""Thang máy"", ""Máy sấy tóc"", ""Không gian riêng để làm việc""]","₫988,000",1,1125,1,2,1125,1125,1.0,1125.0,today,t,18,34,82,322,2026-09-26,167,13,4,2023-06-14,2026-09-11,4.85,4.98,4.83,5.0,5.0,4.92,4.75,,f,2,2,0,0,1.22,"[""https://a0.muscache.com/im/pictures/hosting/Hosting-1666701272357520586/original/f0e1ece1-4b2e-46b4-bd63-9b7003b177af.jpeg"", ""https://a0.muscache.com/im/pictures/hosting/Hosting-1666701272357520586/original/d16b103b-ec4a-4872-9add-6d36bacd21ae.jpeg"", ""https://a0.muscache.com/im/pictures/hosting/Hosting-1666701272357520586/original/b01173ba-3e57-4a67-b173-d22c40dd3392.jpeg"", ""https://a0.muscache.com/im/pictures/hosting/Hosting-1666701272357520586/original/3b0374ee-d94c-4cb8-ae5b-412841b5d8b0.jpeg"", ""https://a0.muscache.com/im/pictures/hosting/Hosting-1666701272357520586/original/981b163f-d0ee-4e53-8779-ca689be5732b.jpeg"", ""https://a0.muscache.com/im/pictures/hosting/Hosting-1666701272357520586/original/253f2e06-ffbc-409f-9b33-cd0efdb438ee.jpeg"", ""https://a0.muscache.com/im/pictures/hosting/Hosting-1666701272357520586/original/8987c4b4-0993-4794-99d8-dad12303f586.jpeg"", ""https://a0.muscache.com/im/pictures/hosting/Hosting-1666701272357520586/original/9a150cd4-ec30-4eaf-88b6-1a9133551b76.jpeg"", ""https://a0.muscache.com/im/pictures/hosting/Hosting-1666701272357520586/original/4da65c41-50f6-46e1-838b-c45477a7fa07.jpeg"", ""https://a0.muscache.com/im/pictures/hosting/Hosting-1666701272357520586/original/732fdb39-ec36-4594-883a-12efb75ae53d.jpeg"", ""https://a0.muscache.com/im/pictures/hosting/Hosting-1666701272357520586/original/35dff38f-0a90-4bf1-ad29-99f0bcd043bf.jpeg"", ""https://a0.muscache.com/im/pictures/hosting/Hosting-1666701272357520586/original/b1d152f1-6a5b-47b8-84a3-24964bf8d0f6.jpeg"", ""https://a0.muscache.com/im/pictures/hosting/Hosting-1666701272357520586/original/e812843e-514a-4467-bb3c-64ad2becd1fe.jpeg"", ""https://a0.muscache.com/im/pictures/hosting/Hosting-1666701272357520586/original/c2bec226-045a-481c-b72b-6c8522e6e30f.jpeg"", ""https://a0.muscache.com/im/pictures/hosting/Hosting-1666701272357520586/original/e113dd09-fa6a-482f-810b-e78c1a6d44d0.jpeg"", ""https://a0.muscache.com/im/pictures/hosting/Hosting-1666701272357520586/original/6701ef15-68fe-4c99-93cb-76b12bb4ec34.jpeg"", ""https://a0.muscache.com/im/pictures/hosting/Hosting-1666701272357520586/original/811c06a3-93fd-4ebb-9562-363f7e9f0236.jpeg"", ""https://a0.muscache.com/im/pictures/hosting/Hosting-1666701272357520586/original/ec3692de-d4bb-4432-a881-31af2f24cc08.jpeg"", ""https://a0.muscache.com/im/pictures/hosting/Hosting-1666701272357520586/original/b6840da9-e8b1-4219-870a-c86b428870dc.jpeg"", ""https://a0.muscache.com/im/pictures/hosting/Hosting-1666701272357520586/original/9bc4c05e-75cb-4fa6-ab67-9e44422e12b5.jpeg"", ""https://a0.muscache.com/im/pictures/hosting/Hosting-1666701272357520586/original/39165d61-a4d0-4a08-a96d-dfe57fffe43a.jpeg"", ""https://a0.muscache.com/im/pictures/hosting/Hosting-1666701272357520586/original/eaaea073-5c05-473c-804d-ef17663b4e62.jpeg"", ""https://a0.muscache.com/im/pictures/hosting/Hosting-1666701272357520586/original/e371aebd-d3ae-4eb7-a6b9-1b3b90bd6865.jpeg"", ""https://a0.muscache.com/im/pictures/hosting/Hosting-1666701272357520586/original/46b4f7da-ee39-460d-a397-e0b1741194db.jpeg"", ""https://a0.muscache.com/im/pictures/hosting/Hosting-1666701272357520586/original/d93c2d9b-5b3c-420b-a600-712a620d6fd8.jpeg"", ""https://a0.muscache.com/im/pictures/hosting/Hosting-1666701272357520586/original/a9a43b03-f1c9-4f9b-90db-a38410264ca6.jpeg"", ""https://a0.muscache.com/im/pictures/hosting/Hosting-1666701272357520586/original/bc9b4e65-2138-4200-bd1b-2689507adc3e.jpeg"", ""https://a0.muscache.com/im/pictures/hosting/Hosting-1666701272357520586/original/830e00f8-d6a3-426e-9884-49f720cefe88.jpeg"", ""https://a0.muscache.com/im/pictures/hosting/Hosting-1666701272357520586/original/1e87d8f6-9909-40ad-a907-24ddd91eb915.jpeg""]",f,"[{""name"": ""Long"", ""avatar"": ""https://a0.muscache.com/im/pictures/user/avatar_long.jpg""}, {""name"": ""Cindy"", ""avatar"": ""https://a0.muscache.com/im/pictures/user/avatar_cindy.jpg""}]","[{""name"": ""DECOR"", ""localizedName"": ""Trang trí"", ""count"": 3}, {""name"": ""INTERIOR"", ""localizedName"": ""Không gian bên trong"", ""count"": 16}, {""name"": ""CLEANLINESS"", ""localizedName"": ""Mức độ sạch sẽ"", ""count"": 5}, {""name"": ""LOCATION"", ""localizedName"": ""Địa điểm"", ""count"": 4}, {""name"": ""HOSPITALITY"", ""localizedName"": ""Hiếu khách"", ""count"": 10}]","[{""title"": ""Trải nghiệm nhận phòng xuất sắc"", ""subtitle"": ""Những khách ở gần đây đã xếp hạng 5 sao cho quy trình nhận phòng.""}, {""title"": ""Tự nhận phòng"", ""subtitle"": ""Tự nhận phòng với hộp khóa an toàn.""}]"
1677567116777759048,https://www.airbnb.com.vn/rooms/1677567116777759048,20260926000000,2026-09-26,city search,Ở 24 giờ - Studio Aurelia Deluxe có ban công,"Chào mừng bạn đến với Ở 24 giờ - Studio Aurelia Deluxe có ban công — một không gian lưu trú ấm cúng, sang trọng tọa lạc tại Quận Tây Hồ, Hà Nội.
Căn phòng tràn ngập ánh sáng tự nhiên với đầy đủ tiện nghi cao cấp, giường nệm êm ái, máy lạnh, TV và wifi tốc độ cao. Rất thuận tiện di chuyển tới các điểm tham quan, nhà hàng ẩm thực và quán cà phê nổi tiếng của Hà Nội.","Khu vực Quận Tây Hồ an ninh, văn minh, gần nhiều địa điểm ăn uống, mua sắm và giải trí sầm uất tại Hà Nội.",https://a0.muscache.com/im/pictures/hosting/Hosting-1677567116777759048/original/382512c7-8671-45a1-9deb-fc7d5831fd66.png,47000074,https://www.airbnb.com.vn/users/show/47000074,Khoa,2024-12-13,"Hà Nội, Việt Nam","Xin chào, tôi là Khoa, đã có 1 năm kinh nghiệm làm host. Tôi yêu thích du lịch và luôn mong muốn đem lại trải nghiệm lưu trú thoải mái nhất cho khách.",trong vòng một giờ,100%,98%,t,https://a0.muscache.com/im/pictures/user/User-47000074/original/user_profile_4.jpeg,https://a0.muscache.com/im/pictures/user/User-47000074/original/user_profile_4.jpeg,Quận Tây Hồ,8,7,"['email', 'phone', 'work_email']",t,t,Quận Tây Hồ,Quận Tây Hồ,Hà Nội,21.0691,105.8257,Phòng riêng trong nhà,Private room,2,1.0,1 phòng tắm,1,1,"[""Máy sấy tóc"", ""Bồn tắm thư giãn"", ""Thang máy"", ""Máy phát hiện khí CO"", ""Không gian riêng để làm việc"", ""Điều hòa nhiệt độ"", ""Dầu gội & Sữa tắm"", ""Wi-fi tốc độ cao"", ""TV màn hình phẳng"", ""Tủ lạnh"", ""Bàn ủi / Bàn là"", ""Bộ chăn ga gối cao cấp"", ""Bể bơi"", ""Máy báo khói"", ""Bếp đầy đủ tiện nghi"", ""Lò vi sóng"", ""Tự nhận phòng với hộp khóa an toàn"", ""Ban công ngắm cảnh"", ""Máy giặt""]","₫555,000",1,1125,1,2,1125,1125,1.0,1125.0,today,t,24,32,63,261,2026-09-26,6,2,1,2026-06-28,2026-09-09,5.0,4.89,4.82,5.0,5.0,4.85,4.85,,t,2,0,1,0,1.94,"[""https://a0.muscache.com/im/pictures/hosting/Hosting-1677567116777759048/original/382512c7-8671-45a1-9deb-fc7d5831fd66.png"", ""https://a0.muscache.com/im/pictures/hosting/Hosting-1677567116777759048/original/ee2a9fe2-16e0-4995-9d6d-b42332a07f62.png"", ""https://a0.muscache.com/im/pictures/hosting/Hosting-1677567116777759048/original/cec0ef3d-97b3-493e-8a71-842f1ed4cdb4.png"", ""https://a0.muscache.com/im/pictures/hosting/Hosting-1677567116777759048/original/0f43921a-5e51-4ceb-957a-c6e62e529a74.png"", ""https://a0.muscache.com/im/pictures/hosting/Hosting-1677567116777759048/original/8ce920cb-0eb6-4262-a228-cf5d22f02eab.png"", ""https://a0.muscache.com/im/pictures/hosting/Hosting-1677567116777759048/original/8361e478-4a96-49d9-b689-921b0fab8059.png""]",t,"[{""name"": ""Cindy"", ""avatar"": ""https://a0.muscache.com/im/pictures/user/avatar_cindy.jpg""}, {""name"": ""Long"", ""avatar"": ""https://a0.muscache.com/im/pictures/user/avatar_long.jpg""}]","[{""name"": ""DECOR"", ""localizedName"": ""Trang trí"", ""count"": 16}, {""name"": ""INTERIOR"", ""localizedName"": ""Không gian bên trong"", ""count"": 14}, {""name"": ""CLEANLINESS"", ""localizedName"": ""Mức độ sạch sẽ"", ""count"": 6}, {""name"": ""LOCATION"", ""localizedName"": ""Địa điểm"", ""count"": 6}, {""name"": ""HOSPITALITY"", ""localizedName"": ""Hiếu khách"", ""count"": 8}]","[{""title"": ""Trải nghiệm nhận phòng xuất sắc"", ""subtitle"": ""Những khách ở gần đây đã xếp hạng 5 sao cho quy trình nhận phòng.""}, {""title"": ""Tự nhận phòng"", ""subtitle"": ""Tự nhận phòng với hộp khóa an toàn.""}]"
1665746250684633778,https://www.airbnb.com.vn/rooms/1665746250684633778,20260926000000,2026-09-26,city search,Hanoi Soul | Bản giao hưởng của Hoàn Kiếm,"Chào mừng bạn đến với Hanoi Soul | Bản giao hưởng của Hoàn Kiếm — một không gian lưu trú ấm cúng, sang trọng tọa lạc tại Quận Hai Bà Trưng, Hà Nội.
Căn phòng tràn ngập ánh sáng tự nhiên với đầy đủ tiện nghi cao cấp, giường nệm êm ái, máy lạnh, TV và wifi tốc độ cao. Rất thuận tiện di chuyển tới các điểm tham quan, nhà hàng ẩm thực và quán cà phê nổi tiếng của Hà Nội.","Khu vực Quận Hai Bà Trưng an ninh, văn minh, gần nhiều địa điểm ăn uống, mua sắm và giải trí sầm uất tại Hà Nội.",https://a0.muscache.com/im/pictures/hosting/Hosting-1665746250684633778/original/f4defbdc-e968-459d-a5a2-e905b60b8d4d.jpeg,47000075,https://www.airbnb.com.vn/users/show/47000075,Hoàng,2025-05-15,"Hà Nội, Việt Nam","Xin chào, tôi là Hoàng, đã có 1 năm kinh nghiệm làm host. Tôi yêu thích du lịch và luôn mong muốn đem lại trải nghiệm lưu trú thoải mái nhất cho khách.",trong vòng một giờ,100%,98%,f,https://a0.muscache.com/im/pictures/user/User-47000075/original/user_profile_5.jpeg,https://a0.muscache.com/im/pictures/user/User-47000075/original/user_profile_5.jpeg,Quận Hai Bà Trưng,6,8,"['email', 'phone', 'work_email']",t,t,Quận Hai Bà Trưng,Quận Hai Bà Trưng,Hà Nội,21.0278,105.8428,Toàn bộ nhà,Entire home/apt,2,1.0,1 phòng tắm,1,1,"[""Tủ lạnh"", ""Máy báo khói"", ""Wi-fi tốc độ cao"", ""Điều hòa nhiệt độ"", ""Máy sấy tóc"", ""Bếp đầy đủ tiện nghi"", ""Bàn ủi / Bàn là"", ""Bể bơi"", ""Chỗ đỗ xe miễn phí trong khuôn viên"", ""Thang máy"", ""Bồn tắm thư giãn"", ""Máy phát hiện khí CO"", ""TV màn hình phẳng"", ""Lò vi sóng"", ""Dầu gội & Sữa tắm"", ""Ban công ngắm cảnh"", ""Máy giặt"", ""Không gian riêng để làm việc""]","₫1,070,000",1,1125,1,2,1125,1125,1.0,1125.0,today,t,12,34,63,236,2026-09-26,10,2,5,2026-04-29,2026-09-05,5.0,4.93,4.99,5.0,5.0,4.97,4.8,,f,2,2,0,0,4.05,"[""https://a0.muscache.com/im/pictures/hosting/Hosting-1665746250684633778/original/f4defbdc-e968-459d-a5a2-e905b60b8d4d.jpeg"", ""https://a0.muscache.com/im/pictures/hosting/Hosting-1665746250684633778/original/b75f46ea-64d0-4853-98f4-8ac30ce0089c.jpeg"", ""https://a0.muscache.com/im/pictures/hosting/Hosting-1665746250684633778/original/00927673-fcd8-403c-a43b-5a1369496a4f.jpeg"", ""https://a0.muscache.com/im/pictures/hosting/Hosting-1665746250684633778/original/e40df4f5-ca27-4965-9dd1-e51b403abecb.jpeg"", ""https://a0.muscache.com/im/pictures/hosting/Hosting-1665746250684633778/original/7e0758a0-2ff6-4175-a4c3-64d99c4c0a42.jpeg"", ""https://a0.muscache.com/im/pictures/hosting/Hosting-1665746250684633778/original/796b5ea5-246e-49ba-af4f-0227f4f22079.jpeg"", ""https://a0.muscache.com/im/pictures/hosting/Hosting-1665746250684633778/original/5efc7840-8618-47de-841a-229551801b08.jpeg"", ""https://a0.muscache.com/im/pictures/hosting/Hosting-1665746250684633778/original/873740e0-31e4-4d58-a6ac-c934f93d0dd2.jpeg"", ""https://a0.muscache.com/im/pictures/hosting/Hosting-1665746250684633778/original/75e0a8ba-2fe1-44b7-80ca-400eb0630f5e.jpeg"", ""https://a0.muscache.com/im/pictures/hosting/Hosting-1665746250684633778/original/8823d78c-324b-465d-a8a6-df75a070c635.jpeg"", ""https://a0.muscache.com/im/pictures/hosting/Hosting-1665746250684633778/original/7b355c23-175b-4df9-9e10-36f5f200fe81.jpeg"", ""https://a0.muscache.com/im/pictures/hosting/Hosting-1665746250684633778/original/2c67bc50-660a-4874-86b1-db6ab1909dab.jpeg"", ""https://a0.muscache.com/im/pictures/hosting/Hosting-1665746250684633778/original/a017f370-2d3f-4cbb-adf8-95dd2f447d46.jpeg"", ""https://a0.muscache.com/im/pictures/hosting/Hosting-1665746250684633778/original/8fb22eba-3f72-45b9-bccd-6edb1086e0b0.jpeg"", ""https://a0.muscache.com/im/pictures/hosting/Hosting-1665746250684633778/original/f73cd48a-125f-4268-8cfa-1a818e7c5dcd.jpeg"", ""https://a0.muscache.com/im/pictures/hosting/Hosting-1665746250684633778/original/b5604d29-582a-4737-92c1-69f9805cace0.jpeg"", ""https://a0.muscache.com/im/pictures/hosting/Hosting-1665746250684633778/original/17da49f1-4bff-419f-8f24-687bcef65b54.jpeg"", ""https://a0.muscache.com/im/pictures/hosting/Hosting-1665746250684633778/original/a70dc4a6-47ee-4163-ace0-d27256e9205b.jpeg"", ""https://a0.muscache.com/im/pictures/hosting/Hosting-1665746250684633778/original/fcaac5d1-b801-405e-af03-d0259421f7a3.jpeg"", ""https://a0.muscache.com/im/pictures/hosting/Hosting-1665746250684633778/original/81267869-5eba-4c73-a14b-d4fd26dd8afe.jpeg"", ""https://a0.muscache.com/im/pictures/hosting/Hosting-1665746250684633778/original/f74df3ea-88d3-4967-a34c-1d0aeac987e1.jpeg"", ""https://a0.muscache.com/im/pictures/hosting/Hosting-1665746250684633778/original/4318935d-87b7-4fb0-bdea-8ee82ad8b680.jpeg"", ""https://a0.muscache.com/im/pictures/hosting/Hosting-1665746250684633778/original/68829480-1af0-4c75-a96a-83548925d654.jpeg"", ""https://a0.muscache.com/im/pictures/hosting/Hosting-1665746250684633778/original/8d641dbd-e26d-4107-a4df-1343d1e36038.jpeg"", ""https://a0.muscache.com/im/pictures/hosting/Hosting-1665746250684633778/original/1bafd46f-394a-4aba-917c-e64d406a5589.jpeg"", ""https://a0.muscache.com/im/pictures/hosting/Hosting-1665746250684633778/original/5093866c-b8a8-41c9-b8c9-59bf10de40de.jpeg"", ""https://a0.muscache.com/im/pictures/hosting/Hosting-1665746250684633778/original/4162bea6-abd3-42ea-9900-8a2db9de80e4.jpeg"", ""https://a0.muscache.com/im/pictures/hosting/Hosting-1665746250684633778/original/19622fcc-e877-4d96-9099-2a9dabb44ccd.jpeg"", ""https://a0.muscache.com/im/pictures/hosting/Hosting-1665746250684633778/original/ca972a89-f16f-4930-a314-c7415b2593ff.jpeg""]",t,"[{""name"": ""Long"", ""avatar"": ""https://a0.muscache.com/im/pictures/user/avatar_long.jpg""}, {""name"": ""Dang Nguyen"", ""avatar"": ""https://a0.muscache.com/im/pictures/user/avatar_dang.jpg""}, {""name"": ""Cindy"", ""avatar"": ""https://a0.muscache.com/im/pictures/user/avatar_cindy.jpg""}]","[{""name"": ""DECOR"", ""localizedName"": ""Trang trí"", ""count"": 17}, {""name"": ""INTERIOR"", ""localizedName"": ""Không gian bên trong"", ""count"": 16}, {""name"": ""CLEANLINESS"", ""localizedName"": ""Mức độ sạch sẽ"", ""count"": 15}, {""name"": ""LOCATION"", ""localizedName"": ""Địa điểm"", ""count"": 7}, {""name"": ""HOSPITALITY"", ""localizedName"": ""Hiếu khách"", ""count"": 5}]","[{""title"": ""Trải nghiệm nhận phòng xuất sắc"", ""subtitle"": ""Những khách ở gần đây đã xếp hạng 5 sao cho quy trình nhận phòng.""}, {""title"": ""Tự nhận phòng"", ""subtitle"": ""Tự nhận phòng với hộp khóa an toàn.""}]"
1392574230580334818,https://www.airbnb.com.vn/rooms/1392574230580334818,20260926000000,2026-09-26,city search,XOI Lumi Lakeside 2BR-75m ²| Bếp và ban công @CBD,"Chào mừng bạn đến với XOI Lumi Lakeside 2BR-75m ²| Bếp và ban công @CBD — một không gian lưu trú ấm cúng, sang trọng tọa lạc tại Quận Tây Hồ, Hà Nội.
Căn phòng tràn ngập ánh sáng tự nhiên với đầy đủ tiện nghi cao cấp, giường nệm êm ái, máy lạnh, TV và wifi tốc độ cao. Rất thuận tiện di chuyển tới các điểm tham quan, nhà hàng ẩm thực và quán cà phê nổi tiếng của Hà Nội.","Khu vực Quận Tây Hồ an ninh, văn minh, gần nhiều địa điểm ăn uống, mua sắm và giải trí sầm uất tại Hà Nội.",https://a0.muscache.com/im/pictures/hosting/Hosting-U3RheVN1cHBseUxpc3Rpbmc6MTM5MjU3NDIzMDU4MDMzNDgxOA==/original/adb86976-3f84-404c-85b9-9df0bd807e66.jpeg,47000076,https://www.airbnb.com.vn/users/show/47000076,Việt,2020-03-27,"Hà Nội, Việt Nam","Xin chào, tôi là Việt, đã có 6 năm kinh nghiệm làm host. Tôi yêu thích du lịch và luôn mong muốn đem lại trải nghiệm lưu trú thoải mái nhất cho khách.",trong vòng một giờ,100%,98%,t,https://a0.muscache.com/im/pictures/user/User-47000076/original/user_profile_6.jpeg,https://a0.muscache.com/im/pictures/user/User-47000076/original/user_profile_6.jpeg,Quận Tây Hồ,5,9,"['email', 'phone', 'work_email']",t,t,Quận Tây Hồ,Quận Tây Hồ,Hà Nội,21.0681,105.8247,Toàn bộ căn hộ cho thuê,Entire home/apt,4,1.0,1 phòng tắm,2,2,"[""Máy phát hiện khí CO"", ""Máy sấy tóc"", ""Điều hòa nhiệt độ"", ""Lò vi sóng"", ""Wi-fi tốc độ cao"", ""Bồn tắm thư giãn"", ""Thang máy"", ""Chỗ đỗ xe miễn phí trong khuôn viên"", ""Bàn ủi / Bàn là"", ""Bể bơi"", ""Bộ chăn ga gối cao cấp"", ""Tự nhận phòng với hộp khóa an toàn"", ""Máy báo khói"", ""Tủ lạnh"", ""Dầu gội & Sữa tắm"", ""Không gian riêng để làm việc""]","₫2,108,050",1,1125,1,2,1125,1125,1.0,1125.0,today,t,15,48,58,311,2026-09-26,68,39,6,2023-12-11,2026-09-03,4.94,4.92,4.98,5.0,5.0,4.97,4.95,,t,2,2,0,0,3.81,"[""https://a0.muscache.com/im/pictures/hosting/Hosting-U3RheVN1cHBseUxpc3Rpbmc6MTM5MjU3NDIzMDU4MDMzNDgxOA==/original/adb86976-3f84-404c-85b9-9df0bd807e66.jpeg"", ""https://a0.muscache.com/im/pictures/hosting/Hosting-U3RheVN1cHBseUxpc3Rpbmc6MTM5MjU3NDIzMDU4MDMzNDgxOA==/original/d2002047-a512-4aa1-ae46-a7d365954388.jpeg"", ""https://a0.muscache.com/im/pictures/hosting/Hosting-U3RheVN1cHBseUxpc3Rpbmc6MTM5MjU3NDIzMDU4MDMzNDgxOA==/original/a02d98b0-9300-4a59-ab10-5b88393b2f8f.jpeg"", ""https://a0.muscache.com/im/pictures/hosting/Hosting-U3RheVN1cHBseUxpc3Rpbmc6MTM5MjU3NDIzMDU4MDMzNDgxOA==/original/2d5bda3f-9ba8-4f4f-8903-06a07e193e55.jpeg"", ""https://a0.muscache.com/im/pictures/hosting/Hosting-U3RheVN1cHBseUxpc3Rpbmc6MTM5MjU3NDIzMDU4MDMzNDgxOA==/original/b4c7f738-7944-475d-94fd-8590d11ed9d0.jpeg"", ""https://a0.muscache.com/im/pictures/hosting/Hosting-U3RheVN1cHBseUxpc3Rpbmc6MTM5MjU3NDIzMDU4MDMzNDgxOA==/original/7dcef9d1-d044-464d-a5f9-10a2083a72f4.jpeg"", ""https://a0.muscache.com/im/pictures/hosting/Hosting-U3RheVN1cHBseUxpc3Rpbmc6MTM5MjU3NDIzMDU4MDMzNDgxOA==/original/07b4d9e0-a966-49cc-95fa-17bf8d879cf2.jpeg"", ""https://a0.muscache.com/im/pictures/hosting/Hosting-U3RheVN1cHBseUxpc3Rpbmc6MTM5MjU3NDIzMDU4MDMzNDgxOA==/original/3b2a3751-7aff-4af0-ae7e-cc5bdd35118e.jpeg"", ""https://a0.muscache.com/im/pictures/hosting/Hosting-U3RheVN1cHBseUxpc3Rpbmc6MTM5MjU3NDIzMDU4MDMzNDgxOA==/original/0d9e936b-1c44-49e6-8942-a2d5cce71a1b.jpeg"", ""https://a0.muscache.com/im/pictures/hosting/Hosting-U3RheVN1cHBseUxpc3Rpbmc6MTM5MjU3NDIzMDU4MDMzNDgxOA==/original/b39e7aa0-7142-4237-8029-c658ccf7ca13.jpeg"", ""https://a0.muscache.com/im/pictures/hosting/Hosting-U3RheVN1cHBseUxpc3Rpbmc6MTM5MjU3NDIzMDU4MDMzNDgxOA==/original/81c87753-e7ad-439d-a35b-dd8d63050984.jpeg"", ""https://a0.muscache.com/im/pictures/hosting/Hosting-U3RheVN1cHBseUxpc3Rpbmc6MTM5MjU3NDIzMDU4MDMzNDgxOA==/original/fa529cc6-f397-4dc4-9c31-5e3fef4eeccd.jpeg"", ""https://a0.muscache.com/im/pictures/hosting/Hosting-U3RheVN1cHBseUxpc3Rpbmc6MTM5MjU3NDIzMDU4MDMzNDgxOA==/original/cf38fb25-95a9-46f5-8eb3-4ce486c36809.jpeg"", ""https://a0.muscache.com/im/pictures/hosting/Hosting-U3RheVN1cHBseUxpc3Rpbmc6MTM5MjU3NDIzMDU4MDMzNDgxOA==/original/316a3226-bff6-457a-89fd-00884ede2101.jpeg"", ""https://a0.muscache.com/im/pictures/hosting/Hosting-U3RheVN1cHBseUxpc3Rpbmc6MTM5MjU3NDIzMDU4MDMzNDgxOA==/original/f64934d7-bc9f-49d0-a3a5-dde2649209d6.jpeg"", ""https://a0.muscache.com/im/pictures/hosting/Hosting-U3RheVN1cHBseUxpc3Rpbmc6MTM5MjU3NDIzMDU4MDMzNDgxOA==/original/3a72166b-f8a4-4cda-a48e-d50840736301.jpeg"", ""https://a0.muscache.com/im/pictures/hosting/Hosting-U3RheVN1cHBseUxpc3Rpbmc6MTM5MjU3NDIzMDU4MDMzNDgxOA==/original/ca784ccc-bbfd-4b7b-a74c-340ad77aee67.jpeg"", ""https://a0.muscache.com/im/pictures/hosting/Hosting-U3RheVN1cHBseUxpc3Rpbmc6MTM5MjU3NDIzMDU4MDMzNDgxOA==/original/4fdc7084-4aec-4dc1-a7eb-374e23507b70.jpeg"", ""https://a0.muscache.com/im/pictures/hosting/Hosting-U3RheVN1cHBseUxpc3Rpbmc6MTM5MjU3NDIzMDU4MDMzNDgxOA==/original/895b9276-c881-46d2-8e54-e9d0994118f6.jpeg"", ""https://a0.muscache.com/im/pictures/hosting/Hosting-U3RheVN1cHBseUxpc3Rpbmc6MTM5MjU3NDIzMDU4MDMzNDgxOA==/original/ad14bfa8-3be2-4be8-abfa-8f8106bdadbf.jpeg"", ""https://a0.muscache.com/im/pictures/hosting/Hosting-U3RheVN1cHBseUxpc3Rpbmc6MTM5MjU3NDIzMDU4MDMzNDgxOA==/original/5b263a79-19b5-40b1-bc2b-cc6eaf1e1941.jpeg"", ""https://a0.muscache.com/im/pictures/hosting/Hosting-1392574230580334818/original/d83270b4-a95f-4999-8726-1a92d6b69f85.jpeg"", ""https://a0.muscache.com/im/pictures/hosting/Hosting-U3RheVN1cHBseUxpc3Rpbmc6MTM5MjU3NDIzMDU4MDMzNDgxOA==/original/63984bb4-e436-4d76-9378-2616d1116b79.jpeg"", ""https://a0.muscache.com/im/pictures/hosting/Hosting-U3RheVN1cHBseUxpc3Rpbmc6MTM5MjU3NDIzMDU4MDMzNDgxOA==/original/e815484e-c309-45d8-a448-2725055dd8f6.jpeg"", ""https://a0.muscache.com/im/pictures/hosting/Hosting-U3RheVN1cHBseUxpc3Rpbmc6MTM5MjU3NDIzMDU4MDMzNDgxOA==/original/fc00a83f-332d-4dc0-9722-d58ac13cbb2c.jpeg"", ""https://a0.muscache.com/im/pictures/hosting/Hosting-U3RheVN1cHBseUxpc3Rpbmc6MTM5MjU3NDIzMDU4MDMzNDgxOA==/original/f8df0e39-4d89-4301-91ff-425f94bb2e9e.jpeg"", ""https://a0.muscache.com/im/pictures/hosting/Hosting-U3RheVN1cHBseUxpc3Rpbmc6MTM5MjU3NDIzMDU4MDMzNDgxOA==/original/f27e1141-f753-4a59-b1a3-6bc27d6fc5e8.jpeg"", ""https://a0.muscache.com/im/pictures/hosting/Hosting-U3RheVN1cHBseUxpc3Rpbmc6MTM5MjU3NDIzMDU4MDMzNDgxOA==/original/24559303-b41e-408b-a8a5-ff7b7bf8fd9c.jpeg"", ""https://a0.muscache.com/im/pictures/hosting/Hosting-U3RheVN1cHBseUxpc3Rpbmc6MTM5MjU3NDIzMDU4MDMzNDgxOA==/original/457a7685-8f29-4c7f-8255-64809eea8989.jpeg""]",t,"[{""name"": ""Long"", ""avatar"": ""https://a0.muscache.com/im/pictures/user/avatar_long.jpg""}, {""name"": ""Dang Nguyen"", ""avatar"": ""https://a0.muscache.com/im/pictures/user/avatar_dang.jpg""}]","[{""name"": ""DECOR"", ""localizedName"": ""Trang trí"", ""count"": 3}, {""name"": ""INTERIOR"", ""localizedName"": ""Không gian bên trong"", ""count"": 12}, {""name"": ""CLEANLINESS"", ""localizedName"": ""Mức độ sạch sẽ"", ""count"": 19}, {""name"": ""LOCATION"", ""localizedName"": ""Địa điểm"", ""count"": 13}, {""name"": ""HOSPITALITY"", ""localizedName"": ""Hiếu khách"", ""count"": 8}]","[{""title"": ""Trải nghiệm nhận phòng xuất sắc"", ""subtitle"": ""Những khách ở gần đây đã xếp hạng 5 sao cho quy trình nhận phòng.""}, {""title"": ""Tự nhận phòng"", ""subtitle"": ""Tự nhận phòng với hộp khóa an toàn.""}]"
1598552974133460418,https://www.airbnb.com.vn/rooms/1598552974133460418,20260926000000,2026-09-26,city search,Nhà Zen | Căn hộ 1 phòng ngủ | Phong cách Scandinavia | Bồn tắm,"Chào mừng bạn đến với Nhà Zen | Căn hộ 1 phòng ngủ | Phong cách Scandinavia | Bồn tắm — một không gian lưu trú ấm cúng, sang trọng tọa lạc tại Quận Tây Hồ, Hà Nội.
Căn phòng tràn ngập ánh sáng tự nhiên với đầy đủ tiện nghi cao cấp, giường nệm êm ái, máy lạnh, TV và wifi tốc độ cao. Rất thuận tiện di chuyển tới các điểm tham quan, nhà hàng ẩm thực và quán cà phê nổi tiếng của Hà Nội.","Khu vực Quận Tây Hồ an ninh, văn minh, gần nhiều địa điểm ăn uống, mua sắm và giải trí sầm uất tại Hà Nội.",https://a0.muscache.com/im/pictures/hosting/Hosting-1598552974133460418/original/59d010dc-60c1-4bfb-9fcc-5260655e9ff1.jpeg,47000077,https://www.airbnb.com.vn/users/show/47000077,Phong,2024-07-07,"Hà Nội, Việt Nam","Xin chào, tôi là Phong, đã có 2 năm kinh nghiệm làm host. Tôi yêu thích du lịch và luôn mong muốn đem lại trải nghiệm lưu trú thoải mái nhất cho khách.",trong vòng một giờ,100%,98%,f,https://a0.muscache.com/im/pictures/user/User-47000077/original/user_profile_7.jpeg,https://a0.muscache.com/im/pictures/user/User-47000077/original/user_profile_7.jpeg,Quận Tây Hồ,2,1,"['email', 'phone', 'work_email']",t,t,Quận Tây Hồ,Quận Tây Hồ,Hà Nội,21.08673,105.81116,Toàn bộ căn hộ cho thuê,Entire home/apt,2,1.0,1 phòng tắm,1,1,"[""Tủ lạnh"", ""Máy giặt"", ""Điều hòa nhiệt độ"", ""Dầu gội & Sữa tắm"", ""Thang máy"", ""Bộ chăn ga gối cao cấp"", ""Tự nhận phòng với hộp khóa an toàn"", ""Không gian riêng để làm việc"", ""Ban công ngắm cảnh"", ""Wi-fi tốc độ cao"", ""Lò vi sóng"", ""Máy phát hiện khí CO"", ""Chỗ đỗ xe miễn phí trong khuôn viên"", ""Bàn ủi / Bàn là"", ""Bể bơi""]","₫1,500,000",1,1125,1,2,1125,1125,1.0,1125.0,today,t,14,51,64,273,2026-09-26,22,3,2,2025-10-31,2026-09-08,4.95,4.85,4.92,5.0,5.0,4.91,4.94,,f,2,2,0,0,3.56,"[""https://a0.muscache.com/im/pictures/hosting/Hosting-1598552974133460418/original/59d010dc-60c1-4bfb-9fcc-5260655e9ff1.jpeg"", ""https://a0.muscache.com/im/pictures/hosting/Hosting-1598552974133460418/original/47479e9c-01bf-44ab-a294-7ada8f9fac89.jpeg"", ""https://a0.muscache.com/im/pictures/hosting/Hosting-1598552974133460418/original/4f611ac0-26d3-4b42-a9c0-c0bd53d1f9b6.jpeg"", ""https://a0.muscache.com/im/pictures/hosting/Hosting-1598552974133460418/original/2ee37e85-a86e-42dd-8dbf-7a22fcd2ef46.jpeg"", ""https://a0.muscache.com/im/pictures/hosting/Hosting-1598552974133460418/original/60a35bde-0bba-4a48-83db-db6baff38afc.jpeg"", ""https://a0.muscache.com/im/pictures/hosting/Hosting-1598552974133460418/original/83b09b15-802f-4dc2-be0f-39840b2d981b.jpeg"", ""https://a0.muscache.com/im/pictures/hosting/Hosting-1598552974133460418/original/5f42b1de-58fc-415d-adaf-20450ac50ef5.jpeg"", ""https://a0.muscache.com/im/pictures/hosting/Hosting-1598552974133460418/original/2f412b1d-bd33-4663-a594-cfedfb961218.jpeg"", ""https://a0.muscache.com/im/pictures/hosting/Hosting-1598552974133460418/original/372c4cfc-482c-4d04-8381-46a92b007c7e.jpeg"", ""https://a0.muscache.com/im/pictures/hosting/Hosting-1598552974133460418/original/967cb852-86e6-48c2-b574-a93bb8d70ba5.jpeg"", ""https://a0.muscache.com/im/pictures/hosting/Hosting-1598552974133460418/original/9e062bea-2abc-4e68-80f0-0f87dad596ac.jpeg"", ""https://a0.muscache.com/im/pictures/hosting/Hosting-1598552974133460418/original/14225980-9535-4e62-8018-81a4f6bd1eba.jpeg"", ""https://a0.muscache.com/im/pictures/hosting/Hosting-1598552974133460418/original/6e4926c4-6b6e-46a6-9fc0-0fb9ed9add47.jpeg"", ""https://a0.muscache.com/im/pictures/hosting/Hosting-1598552974133460418/original/5fba9865-5b37-4eb0-9f16-fedba8f1b584.jpeg"", ""https://a0.muscache.com/im/pictures/hosting/Hosting-1598552974133460418/original/4f0029b7-7211-4e35-99b4-49ff56e26701.jpeg"", ""https://a0.muscache.com/im/pictures/hosting/Hosting-1598552974133460418/original/310a5c34-52e9-4759-8937-50e7e8912fff.jpeg"", ""https://a0.muscache.com/im/pictures/hosting/Hosting-1598552974133460418/original/d02da013-3f56-4841-9ac6-18b5ae55b1b7.jpeg"", ""https://a0.muscache.com/im/pictures/hosting/Hosting-1598552974133460418/original/0d686162-ffdd-4b6f-a465-26e725e30802.jpeg"", ""https://a0.muscache.com/im/pictures/hosting/Hosting-1598552974133460418/original/e08369b1-dbbe-4c9c-aa65-d1e8ef4a7e6d.jpeg"", ""https://a0.muscache.com/im/pictures/hosting/Hosting-1598552974133460418/original/b34acee3-fb95-48ac-8ab3-a3538c52f407.jpeg"", ""https://a0.muscache.com/im/pictures/hosting/Hosting-1598552974133460418/original/46189228-88e3-401f-aba0-68c541b2b00e.jpeg"", ""https://a0.muscache.com/im/pictures/hosting/Hosting-1598552974133460418/original/d79e92b7-09be-4de2-b58a-7d90320ee38f.jpeg""]",t,"[{""name"": ""Cindy"", ""avatar"": ""https://a0.muscache.com/im/pictures/user/avatar_cindy.jpg""}]","[{""name"": ""DECOR"", ""localizedName"": ""Trang trí"", ""count"": 12}, {""name"": ""INTERIOR"", ""localizedName"": ""Không gian bên trong"", ""count"": 4}, {""name"": ""CLEANLINESS"", ""localizedName"": ""Mức độ sạch sẽ"", ""count"": 11}, {""name"": ""LOCATION"", ""localizedName"": ""Địa điểm"", ""count"": 7}, {""name"": ""HOSPITALITY"", ""localizedName"": ""Hiếu khách"", ""count"": 2}]","[{""title"": ""Trải nghiệm nhận phòng xuất sắc"", ""subtitle"": ""Những khách ở gần đây đã xếp hạng 5 sao cho quy trình nhận phòng.""}, {""title"": ""Tự nhận phòng"", ""subtitle"": ""Tự nhận phòng với hộp khóa an toàn.""}]"
1706581157350017402,https://www.airbnb.com.vn/rooms/1706581157350017402,20260926000000,2026-09-26,city search," Skyforest 1BR - View biệt thự đảo siêu Chill

","Chào mừng bạn đến với  Skyforest 1BR - View biệt thự đảo siêu Chill

 — một không gian lưu trú ấm cúng, sang trọng tọa lạc tại Quận Nam Từ Liêm, Hà Nội.
Căn phòng tràn ngập ánh sáng tự nhiên với đầy đủ tiện nghi cao cấp, giường nệm êm ái, máy lạnh, TV và wifi tốc độ cao. Rất thuận tiện di chuyển tới các điểm tham quan, nhà hàng ẩm thực và quán cà phê nổi tiếng của Hà Nội.","Khu vực Quận Nam Từ Liêm an ninh, văn minh, gần nhiều địa điểm ăn uống, mua sắm và giải trí sầm uất tại Hà Nội.",https://a0.muscache.com/im/pictures/hosting/Hosting-1706581157350017402/original/0f85febe-d858-4745-86f1-3ded8c36ebf5.jpeg,47000078,https://www.airbnb.com.vn/users/show/47000078,Tùng,2025-02-04,"Hà Nội, Việt Nam","Xin chào, tôi là Tùng, đã có 1 năm kinh nghiệm làm host. Tôi yêu thích du lịch và luôn mong muốn đem lại trải nghiệm lưu trú thoải mái nhất cho khách.",trong vòng một giờ,100%,98%,t,https://a0.muscache.com/im/pictures/user/User-47000078/original/user_profile_8.jpeg,https://a0.muscache.com/im/pictures/user/User-47000078/original/user_profile_8.jpeg,Quận Nam Từ Liêm,3,1,"['email', 'phone', 'work_email']",t,t,Quận Nam Từ Liêm,Quận Nam Từ Liêm,Hà Nội,20.959838076996824,105.86877,Toàn bộ nhà,Entire home/apt,2,1.0,1 phòng tắm,1,1,"[""Wi-fi tốc độ cao"", ""Không gian riêng để làm việc"", ""Lò vi sóng"", ""Máy báo khói"", ""Bàn ủi / Bàn là"", ""Máy giặt"", ""Bể bơi"", ""Tự nhận phòng với hộp khóa an toàn"", ""Bộ chăn ga gối cao cấp"", ""Máy sấy tóc"", ""Máy phát hiện khí CO"", ""Tủ lạnh"", ""Thang máy"", ""TV màn hình phẳng"", ""Điều hòa nhiệt độ"", ""Bồn tắm thư giãn"", ""Chỗ đỗ xe miễn phí trong khuôn viên""]","₫848,675",1,1125,1,2,1125,1125,1.0,1125.0,today,t,25,31,54,289,2026-09-26,7,4,0,2026-06-13,2026-09-06,5.0,4.92,4.86,5.0,5.0,4.77,4.78,,t,2,2,0,0,1.6,"[""https://a0.muscache.com/im/pictures/hosting/Hosting-1706581157350017402/original/0f85febe-d858-4745-86f1-3ded8c36ebf5.jpeg"", ""https://a0.muscache.com/im/pictures/hosting/Hosting-1706581157350017402/original/0de754e0-8903-4635-afe9-87c92938a16c.jpeg"", ""https://a0.muscache.com/im/pictures/hosting/Hosting-1706581157350017402/original/ef86c437-948b-4e3f-8f40-c19672f3b9c3.jpeg"", ""https://a0.muscache.com/im/pictures/hosting/Hosting-1706581157350017402/original/d94d3189-fb4d-4b27-b454-20769542bfdd.jpeg"", ""https://a0.muscache.com/im/pictures/hosting/Hosting-1706581157350017402/original/c17a929b-2953-41d8-92bc-3a90342a70ea.jpeg"", ""https://a0.muscache.com/im/pictures/hosting/Hosting-1706581157350017402/original/39fee62c-bf32-4f87-8947-7e727d7982be.jpeg"", ""https://a0.muscache.com/im/pictures/hosting/Hosting-1706581157350017402/original/36c5d83f-b1a8-4758-8f4d-30ac87cd8fd6.jpeg"", ""https://a0.muscache.com/im/pictures/hosting/Hosting-1706581157350017402/original/4bf33239-3289-4bc4-88ec-4242cfca2ed8.jpeg"", ""https://a0.muscache.com/im/pictures/hosting/Hosting-1706581157350017402/original/c0e7b89a-cd16-4ee5-838d-0cb897606ce5.jpeg"", ""https://a0.muscache.com/im/pictures/hosting/Hosting-1706581157350017402/original/3a39333a-c955-4bc1-a383-63e3ceed3ec2.jpeg"", ""https://a0.muscache.com/im/pictures/hosting/Hosting-1706581157350017402/original/a5d9013c-d8fc-4efd-8900-907d665dd833.jpeg"", ""https://a0.muscache.com/im/pictures/hosting/Hosting-1706581157350017402/original/2ff9a8f4-3956-4955-902a-5c62097ed3f4.jpeg"", ""https://a0.muscache.com/im/pictures/hosting/Hosting-1706581157350017402/original/ef3e6253-c534-4332-b59a-f239374ee5d1.jpeg"", ""https://a0.muscache.com/im/pictures/hosting/Hosting-1706581157350017402/original/d0d027df-0c60-4bf3-b48e-1436de31e740.jpeg"", ""https://a0.muscache.com/im/pictures/hosting/Hosting-1706581157350017402/original/ad0cf50c-af87-4db2-a9d4-d5c8b30940a3.jpeg"", ""https://a0.muscache.com/im/pictures/hosting/Hosting-1706581157350017402/original/4573fa2c-9458-4e1e-a033-2db53d7a995a.jpeg"", ""https://a0.muscache.com/im/pictures/hosting/Hosting-1706581157350017402/original/360b9cd4-7ef0-432d-9d5c-b6e354a3b5ae.jpeg"", ""https://a0.muscache.com/im/pictures/hosting/Hosting-1706581157350017402/original/7dc8e57d-2eb9-40c6-9339-035edf22a5eb.jpeg""]",t,"[{""name"": ""Long"", ""avatar"": ""https://a0.muscache.com/im/pictures/user/avatar_long.jpg""}]","[{""name"": ""DECOR"", ""localizedName"": ""Trang trí"", ""count"": 11}, {""name"": ""INTERIOR"", ""localizedName"": ""Không gian bên trong"", ""count"": 10}, {""name"": ""CLEANLINESS"", ""localizedName"": ""Mức độ sạch sẽ"", ""count"": 16}, {""name"": ""LOCATION"", ""localizedName"": ""Địa điểm"", ""count"": 11}, {""name"": ""HOSPITALITY"", ""localizedName"": ""Hiếu khách"", ""count"": 3}]","[{""title"": ""Trải nghiệm nhận phòng xuất sắc"", ""subtitle"": ""Những khách ở gần đây đã xếp hạng 5 sao cho quy trình nhận phòng.""}, {""title"": ""Tự nhận phòng"", ""subtitle"": ""Tự nhận phòng với hộp khóa an toàn.""}]"
1680150135503111191,https://www.airbnb.com.vn/rooms/1680150135503111191,20260926000000,2026-09-26,city search,TS - Ngôi nhà ấm cúng - Gió hồ - Thư giãn - Bồn tắm,"Chào mừng bạn đến với TS - Ngôi nhà ấm cúng - Gió hồ - Thư giãn - Bồn tắm — một không gian lưu trú ấm cúng, sang trọng tọa lạc tại Quận Tây Hồ, Hà Nội.
Căn phòng tràn ngập ánh sáng tự nhiên với đầy đủ tiện nghi cao cấp, giường nệm êm ái, máy lạnh, TV và wifi tốc độ cao. Rất thuận tiện di chuyển tới các điểm tham quan, nhà hàng ẩm thực và quán cà phê nổi tiếng của Hà Nội.","Khu vực Quận Tây Hồ an ninh, văn minh, gần nhiều địa điểm ăn uống, mua sắm và giải trí sầm uất tại Hà Nội.",https://a0.muscache.com/im/pictures/hosting/Hosting-1680150135503111191/original/f0fcc597-ad6c-47be-94b9-b9fcc3d40559.jpeg,47000079,https://www.airbnb.com.vn/users/show/47000079,Quân,2025-07-06,"Hà Nội, Việt Nam","Xin chào, tôi là Quân, đã có 1 năm kinh nghiệm làm host. Tôi yêu thích du lịch và luôn mong muốn đem lại trải nghiệm lưu trú thoải mái nhất cho khách.",trong vòng một giờ,100%,98%,f,https://a0.muscache.com/im/pictures/user/User-47000079/original/user_profile_9.jpeg,https://a0.muscache.com/im/pictures/user/User-47000079/original/user_profile_9.jpeg,Quận Tây Hồ,1,2,"['email', 'phone', 'work_email']",t,t,Quận Tây Hồ,Quận Tây Hồ,Hà Nội,21.05282571712719,105.81155756480314,Toàn bộ căn hộ cho thuê,Entire home/apt,2,1.0,1 phòng tắm,1,1,"[""Wi-fi tốc độ cao"", ""Máy phát hiện khí CO"", ""Lò vi sóng"", ""Máy báo khói"", ""Điều hòa nhiệt độ"", ""Bàn ủi / Bàn là"", ""Thang máy"", ""Bếp đầy đủ tiện nghi"", ""Tủ lạnh"", ""TV màn hình phẳng"", ""Máy giặt"", ""Chỗ đỗ xe miễn phí trong khuôn viên"", ""Ban công ngắm cảnh"", ""Bể bơi"", ""Bồn tắm thư giãn"", ""Tự nhận phòng với hộp khóa an toàn"", ""Bộ chăn ga gối cao cấp"", ""Dầu gội & Sữa tắm"", ""Không gian riêng để làm việc""]","₫668,000",1,1125,1,2,1125,1125,1.0,1125.0,today,t,17,46,73,250,2026-09-26,15,10,6,2026-02-13,2026-09-01,5.0,4.91,4.86,5.0,5.0,4.74,4.8,,f,2,2,0,0,3.66,"[""https://a0.muscache.com/im/pictures/hosting/Hosting-1680150135503111191/original/f0fcc597-ad6c-47be-94b9-b9fcc3d40559.jpeg"", ""https://a0.muscache.com/im/pictures/hosting/Hosting-1680150135503111191/original/539badb0-6a88-4e66-98eb-64ea344b3446.jpeg"", ""https://a0.muscache.com/im/pictures/hosting/Hosting-1680150135503111191/original/80d5c6a9-bd25-427e-aee0-48d188a891a8.jpeg"", ""https://a0.muscache.com/im/pictures/hosting/Hosting-1680150135503111191/original/f7b7e342-61c1-4fa4-9a62-741e31234bbb.jpeg"", ""https://a0.muscache.com/im/pictures/hosting/Hosting-1680150135503111191/original/3a8023db-ea3d-4f67-bd43-47b4769aefac.jpeg"", ""https://a0.muscache.com/im/pictures/hosting/Hosting-1680150135503111191/original/57421f95-abdb-4211-9735-1205242c330a.jpeg"", ""https://a0.muscache.com/im/pictures/hosting/Hosting-1680150135503111191/original/de78da9c-8ff8-4f4a-82c8-f1bdf1a2cb35.jpeg"", ""https://a0.muscache.com/im/pictures/hosting/Hosting-1680150135503111191/original/8cc6c88c-fa84-4498-b667-f162404216d5.jpeg"", ""https://a0.muscache.com/im/pictures/hosting/Hosting-1680150135503111191/original/6ec87c3d-72bc-4265-b017-e6f39cf9e050.jpeg"", ""https://a0.muscache.com/im/pictures/hosting/Hosting-1680150135503111191/original/1c0b7342-7c7b-4f88-accb-aaddcfd6c931.jpeg"", ""https://a0.muscache.com/im/pictures/hosting/Hosting-1680150135503111191/original/2c45a2b8-e0fe-4a6b-85f3-4362d5e9aaa7.jpeg"", ""https://a0.muscache.com/im/pictures/hosting/Hosting-1680150135503111191/original/530a35fe-343f-40ab-b1b9-83d5eae962d5.jpeg"", ""https://a0.muscache.com/im/pictures/hosting/Hosting-1680150135503111191/original/b9c5aae6-142c-4fc7-977a-9990e6577324.jpeg"", ""https://a0.muscache.com/im/pictures/hosting/Hosting-1680150135503111191/original/31afd28c-25b5-48a1-b90f-d6ce31615031.jpeg"", ""https://a0.muscache.com/im/pictures/hosting/Hosting-1680150135503111191/original/025b67ad-a693-4992-9cf6-f0107b9c15cd.jpeg"", ""https://a0.muscache.com/im/pictures/hosting/Hosting-1680150135503111191/original/ec4744fd-0b10-40a3-bfd6-786f6bd89801.jpeg"", ""https://a0.muscache.com/im/pictures/hosting/Hosting-1680150135503111191/original/157c8d80-975c-4431-a608-c7d71456be9a.jpeg"", ""https://a0.muscache.com/im/pictures/hosting/Hosting-1680150135503111191/original/f07e2da0-4820-4de5-bbcd-c0c44364910b.jpeg"", ""https://a0.muscache.com/im/pictures/hosting/Hosting-1680150135503111191/original/1164f3cc-5b55-4849-aecf-6bd21daaffac.jpeg"", ""https://a0.muscache.com/im/pictures/hosting/Hosting-1680150135503111191/original/148527d7-d4cf-4f51-9e30-fb72fd6f4006.jpeg"", ""https://a0.muscache.com/im/pictures/hosting/Hosting-1680150135503111191/original/c74fb693-c0fa-40be-8961-34f4650c09fe.jpeg"", ""https://a0.muscache.com/im/pictures/hosting/Hosting-1680150135503111191/original/1c164ce7-41a2-4d37-8b02-2ec6ae47638d.jpeg"", ""https://a0.muscache.com/im/pictures/hosting/Hosting-1680150135503111191/original/44362bdb-aeb2-4a71-a90c-a7a21b7eabe2.jpeg"", ""https://a0.muscache.com/im/pictures/hosting/Hosting-1680150135503111191/original/5f14a8d9-49ab-4ec7-82d9-22b93d3feeed.jpeg"", ""https://a0.muscache.com/im/pictures/hosting/Hosting-1680150135503111191/original/8bb9cf2e-b19b-4030-afe4-de78322d4050.jpeg"", ""https://a0.muscache.com/im/pictures/hosting/Hosting-1680150135503111191/original/6c6ad74f-5177-4a3f-af5e-e70701446028.jpeg"", ""https://a0.muscache.com/im/pictures/hosting/Hosting-1680150135503111191/original/803e5b13-9be3-460c-8dbb-50a26b691b29.jpeg"", ""https://a0.muscache.com/im/pictures/hosting/Hosting-1680150135503111191/original/d9648dd6-ba51-4b58-b131-7c7d0759cc75.jpeg""]",t,"[{""name"": ""Cindy"", ""avatar"": ""https://a0.muscache.com/im/pictures/user/avatar_cindy.jpg""}]","[{""name"": ""DECOR"", ""localizedName"": ""Trang trí"", ""count"": 5}, {""name"": ""INTERIOR"", ""localizedName"": ""Không gian bên trong"", ""count"": 10}, {""name"": ""CLEANLINESS"", ""localizedName"": ""Mức độ sạch sẽ"", ""count"": 23}, {""name"": ""LOCATION"", ""localizedName"": ""Địa điểm"", ""count"": 2}, {""name"": ""HOSPITALITY"", ""localizedName"": ""Hiếu khách"", ""count"": 9}]","[{""title"": ""Trải nghiệm nhận phòng xuất sắc"", ""subtitle"": ""Những khách ở gần đây đã xếp hạng 5 sao cho quy trình nhận phòng.""}, {""title"": ""Tự nhận phòng"", ""subtitle"": ""Tự nhận phòng với hộp khóa an toàn.""}]"
1644045845371673458,https://www.airbnb.com.vn/rooms/1644045845371673458,20260926000000,2026-09-26,city search,Căn hộ Dolce * Sky Forest Ecopark 1,"Chào mừng bạn đến với Căn hộ Dolce * Sky Forest Ecopark 1 — một không gian lưu trú ấm cúng, sang trọng tọa lạc tại Quận Thanh Xuân, Hà Nội.
Căn phòng tràn ngập ánh sáng tự nhiên với đầy đủ tiện nghi cao cấp, giường nệm êm ái, máy lạnh, TV và wifi tốc độ cao. Rất thuận tiện di chuyển tới các điểm tham quan, nhà hàng ẩm thực và quán cà phê nổi tiếng của Hà Nội.","Khu vực Quận Thanh Xuân an ninh, văn minh, gần nhiều địa điểm ăn uống, mua sắm và giải trí sầm uất tại Hà Nội.",https://a0.muscache.com/im/pictures/hosting/Hosting-1644045845371673458/original/3943b724-3cf3-4c79-a4e1-3c2cac4d7199.jpeg,47000080,https://www.airbnb.com.vn/users/show/47000080,Felix,2021-08-06,"Hà Nội, Việt Nam","Xin chào, tôi là Felix, đã có 5 năm kinh nghiệm làm host. Tôi yêu thích du lịch và luôn mong muốn đem lại trải nghiệm lưu trú thoải mái nhất cho khách.",trong vòng một giờ,100%,98%,t,https://a0.muscache.com/im/pictures/user/User-47000080/original/user_profile_0.jpeg,https://a0.muscache.com/im/pictures/user/User-47000080/original/user_profile_0.jpeg,Quận Thanh Xuân,1,1,"['email', 'phone', 'work_email']",t,t,Quận Thanh Xuân,Quận Thanh Xuân,Hà Nội,20.95627,105.8257,Toàn bộ căn hộ cho thuê,Entire home/apt,4,2.0,2 phòng tắm,2,2,"[""Wi-fi tốc độ cao"", ""Máy sấy tóc"", ""TV màn hình phẳng"", ""Dầu gội & Sữa tắm"", ""Điều hòa nhiệt độ"", ""Máy phát hiện khí CO"", ""Chỗ đỗ xe miễn phí trong khuôn viên"", ""Bếp đầy đủ tiện nghi"", ""Máy báo khói"", ""Lò vi sóng"", ""Tủ lạnh"", ""Bồn tắm thư giãn"", ""Ban công ngắm cảnh"", ""Bể bơi"", ""Không gian riêng để làm việc"", ""Bộ chăn ga gối cao cấp"", ""Máy giặt"", ""Thang máy""]","₫1,092,500",1,1125,1,2,1125,1125,1.0,1125.0,today,t,13,49,67,245,2026-09-26,43,39,3,2024-12-20,2026-09-14,4.85,4.86,4.88,5.0,5.0,4.9,4.8,,t,2,2,0,0,3.7,"[""https://a0.muscache.com/im/pictures/hosting/Hosting-1644045845371673458/original/3943b724-3cf3-4c79-a4e1-3c2cac4d7199.jpeg"", ""https://a0.muscache.com/im/pictures/hosting/Hosting-1644045845371673458/original/2b12968e-1e81-41dc-a87f-7ef3ef83d0ee.jpeg"", ""https://a0.muscache.com/im/pictures/hosting/Hosting-1644045845371673458/original/9d5178d8-0e3e-46c5-abca-36bc78665a0b.jpeg"", ""https://a0.muscache.com/im/pictures/hosting/Hosting-1644045845371673458/original/2e8b0b24-c6e5-4738-ad3b-cd9289783715.png"", ""https://a0.muscache.com/im/pictures/hosting/Hosting-1644045845371673458/original/00a3e309-5386-4c54-8e66-4bc9a78f04dd.png"", ""https://a0.muscache.com/im/pictures/hosting/Hosting-1644045845371673458/original/8a941a96-822b-43dd-b7c3-bd125561cd87.jpeg"", ""https://a0.muscache.com/im/pictures/hosting/Hosting-1644045845371673458/original/9fea638c-14b4-4cd4-8928-f700580c1343.png"", ""https://a0.muscache.com/im/pictures/hosting/Hosting-1644045845371673458/original/7e60dea3-e03b-4224-a4a7-7013172789f1.jpeg"", ""https://a0.muscache.com/im/pictures/hosting/Hosting-1644045845371673458/original/105a7a8a-d4ba-4791-87f0-2b3861f5c0fa.jpeg"", ""https://a0.muscache.com/im/pictures/hosting/Hosting-1644045845371673458/original/784348a9-4b78-43dd-a247-12ec1ceeb38d.png"", ""https://a0.muscache.com/im/pictures/hosting/Hosting-1644045845371673458/original/8ee820d3-1044-4748-a85e-02581973278f.jpeg"", ""https://a0.muscache.com/im/pictures/hosting/Hosting-1644045845371673458/original/cb0c49d3-92db-4b5e-b034-f604c58b54e9.jpeg"", ""https://a0.muscache.com/im/pictures/hosting/Hosting-1644045845371673458/original/3d19410c-3836-42af-a155-3261248f68f4.jpeg""]",f,"[{""name"": ""Cindy"", ""avatar"": ""https://a0.muscache.com/im/pictures/user/avatar_cindy.jpg""}]","[{""name"": ""DECOR"", ""localizedName"": ""Trang trí"", ""count"": 14}, {""name"": ""INTERIOR"", ""localizedName"": ""Không gian bên trong"", ""count"": 7}, {""name"": ""CLEANLINESS"", ""localizedName"": ""Mức độ sạch sẽ"", ""count"": 20}, {""name"": ""LOCATION"", ""localizedName"": ""Địa điểm"", ""count"": 18}, {""name"": ""HOSPITALITY"", ""localizedName"": ""Hiếu khách"", ""count"": 11}]","[{""title"": ""Trải nghiệm nhận phòng xuất sắc"", ""subtitle"": ""Những khách ở gần đây đã xếp hạng 5 sao cho quy trình nhận phòng.""}, {""title"": ""Tự nhận phòng"", ""subtitle"": ""Tự nhận phòng với hộp khóa an toàn.""}]"
669030877760478450,https://www.airbnb.com.vn/rooms/669030877760478450,20260926000000,2026-09-26,city search,FreeNetflix/Stylist Indigo@OldTown/Cathedral/lake,"Chào mừng bạn đến với FreeNetflix/Stylist Indigo@OldTown/Cathedral/lake — một không gian lưu trú ấm cúng, sang trọng tọa lạc tại Quận Hoàn Kiếm, Hà Nội.
Căn phòng tràn ngập ánh sáng tự nhiên với đầy đủ tiện nghi cao cấp, giường nệm êm ái, máy lạnh, TV và wifi tốc độ cao. Rất thuận tiện di chuyển tới các điểm tham quan, nhà hàng ẩm thực và quán cà phê nổi tiếng của Hà Nội.","Khu vực Quận Hoàn Kiếm an ninh, văn minh, gần nhiều địa điểm ăn uống, mua sắm và giải trí sầm uất tại Hà Nội.",https://a0.muscache.com/im/pictures/miso/Hosting-669030877760478450/original/1d13c6ff-8370-4011-9655-dfbe5980d30c.jpeg,47000081,https://www.airbnb.com.vn/users/show/47000081,Cindy,2024-08-20,"Hà Nội, Việt Nam","Xin chào, tôi là Cindy, đã có 2 năm kinh nghiệm làm host. Tôi yêu thích du lịch và luôn mong muốn đem lại trải nghiệm lưu trú thoải mái nhất cho khách.",trong vòng một giờ,100%,98%,f,https://a0.muscache.com/im/pictures/user/User-47000081/original/user_profile_1.jpeg,https://a0.muscache.com/im/pictures/user/User-47000081/original/user_profile_1.jpeg,Quận Hoàn Kiếm,7,6,"['email', 'phone', 'work_email']",t,t,Quận Hoàn Kiếm,Quận Hoàn Kiếm,Hà Nội,21.02771,105.84816,Phòng riêng trong nhà,Private room,2,1.0,1 phòng tắm đầy đủ và 1 phòng vệ sinh cơ bản riêng,1,1,"[""Bếp đầy đủ tiện nghi"", ""Máy sấy tóc"", ""Điều hòa nhiệt độ"", ""Bồn tắm thư giãn"", ""Tủ lạnh"", ""Máy giặt"", ""Chỗ đỗ xe miễn phí trong khuôn viên"", ""Thang máy"", ""TV màn hình phẳng"", ""Ban công ngắm cảnh"", ""Máy phát hiện khí CO"", ""Không gian riêng để làm việc"", ""Wi-fi tốc độ cao"", ""Lò vi sóng"", ""Dầu gội & Sữa tắm"", ""Tự nhận phòng với hộp khóa an toàn"", ""Bộ chăn ga gối cao cấp"", ""Bàn ủi / Bàn là""]","₫625,000",1,1125,1,2,1125,1125,1.0,1125.0,today,t,12,44,55,268,2026-09-26,64,13,6,2024-02-09,2026-09-11,4.66,4.96,4.93,5.0,5.0,4.73,4.94,,f,2,0,1,0,1.23,"[""https://a0.muscache.com/im/pictures/miso/Hosting-669030877760478450/original/1d13c6ff-8370-4011-9655-dfbe5980d30c.jpeg"", ""https://a0.muscache.com/im/pictures/miso/Hosting-669030877760478450/original/1f29847a-1620-4633-a7e5-c4a33d8f0875.jpeg"", ""https://a0.muscache.com/im/pictures/miso/Hosting-669030877760478450/original/3a8223be-8812-4c41-97fd-56521f77bde5.jpeg"", ""https://a0.muscache.com/im/pictures/miso/Hosting-669030877760478450/original/0b61377f-d20c-4f90-a5c9-54553e8cc009.jpeg"", ""https://a0.muscache.com/im/pictures/miso/Hosting-669030877760478450/original/c57d4c25-8bec-47b9-81f4-00982f683c82.jpeg"", ""https://a0.muscache.com/im/pictures/miso/Hosting-669030877760478450/original/9677cb4a-9cf6-4d62-9df3-4e74cd84e2b6.jpeg""]",f,"[{""name"": ""Long"", ""avatar"": ""https://a0.muscache.com/im/pictures/user/avatar_long.jpg""}, {""name"": ""Cindy"", ""avatar"": ""https://a0.muscache.com/im/pictures/user/avatar_cindy.jpg""}]","[{""name"": ""DECOR"", ""localizedName"": ""Trang trí"", ""count"": 8}, {""name"": ""INTERIOR"", ""localizedName"": ""Không gian bên trong"", ""count"": 6}, {""name"": ""CLEANLINESS"", ""localizedName"": ""Mức độ sạch sẽ"", ""count"": 16}, {""name"": ""LOCATION"", ""localizedName"": ""Địa điểm"", ""count"": 6}, {""name"": ""HOSPITALITY"", ""localizedName"": ""Hiếu khách"", ""count"": 5}]","[{""title"": ""Trải nghiệm nhận phòng xuất sắc"", ""subtitle"": ""Những khách ở gần đây đã xếp hạng 5 sao cho quy trình nhận phòng.""}, {""title"": ""Tự nhận phòng"", ""subtitle"": ""Tự nhận phòng với hộp khóa an toàn.""}]"
1713931997924157612,https://www.airbnb.com.vn/rooms/1713931997924157612,20260926000000,2026-09-26,city search,(99-301) 1 phòng ngủ nhìn ra Hồ Tây | Wifi & Giặt là miễn phí,"Chào mừng bạn đến với (99-301) 1 phòng ngủ nhìn ra Hồ Tây | Wifi & Giặt là miễn phí — một không gian lưu trú ấm cúng, sang trọng tọa lạc tại Quận Tây Hồ, Hà Nội.
Căn phòng tràn ngập ánh sáng tự nhiên với đầy đủ tiện nghi cao cấp, giường nệm êm ái, máy lạnh, TV và wifi tốc độ cao. Rất thuận tiện di chuyển tới các điểm tham quan, nhà hàng ẩm thực và quán cà phê nổi tiếng của Hà Nội.","Khu vực Quận Tây Hồ an ninh, văn minh, gần nhiều địa điểm ăn uống, mua sắm và giải trí sầm uất tại Hà Nội.",https://a0.muscache.com/im/pictures/hosting/Hosting-1713931997924157612/original/fbe0c403-f651-4d01-bd5a-f578c263e1e2.jpeg,47000082,https://www.airbnb.com.vn/users/show/47000082,Rose,2022-12-03,"Hà Nội, Việt Nam","Xin chào, tôi là Rose, đã có 3 năm kinh nghiệm làm host. Tôi yêu thích du lịch và luôn mong muốn đem lại trải nghiệm lưu trú thoải mái nhất cho khách.",trong vòng một giờ,100%,98%,t,https://a0.muscache.com/im/pictures/user/User-47000082/original/user_profile_2.jpeg,https://a0.muscache.com/im/pictures/user/User-47000082/original/user_profile_2.jpeg,Quận Tây Hồ,7,6,"['email', 'phone', 'work_email']",t,t,Quận Tây Hồ,Quận Tây Hồ,Hà Nội,21.0639,105.8103,Toàn bộ căn hộ cho thuê,Entire home/apt,2,1.0,1 phòng tắm,1,1,"[""Thang máy"", ""Điều hòa nhiệt độ"", ""Bếp đầy đủ tiện nghi"", ""TV màn hình phẳng"", ""Máy phát hiện khí CO"", ""Máy sấy tóc"", ""Máy báo khói"", ""Chỗ đỗ xe miễn phí trong khuôn viên"", ""Ban công ngắm cảnh"", ""Bồn tắm thư giãn"", ""Dầu gội & Sữa tắm"", ""Không gian riêng để làm việc"", ""Tự nhận phòng với hộp khóa an toàn"", ""Wi-fi tốc độ cao"", ""Tủ lạnh"", ""Bộ chăn ga gối cao cấp"", ""Máy giặt"", ""Bàn ủi / Bàn là""]","₫1,147,929",1,1125,1,2,1125,1125,1.0,1125.0,today,t,23,39,70,272,2026-09-26,5,3,0,2026-07-13,2026-09-20,5.0,4.89,4.85,5.0,5.0,4.96,4.77,,t,2,2,0,0,2.4,"[""https://a0.muscache.com/im/pictures/hosting/Hosting-1713931997924157612/original/fbe0c403-f651-4d01-bd5a-f578c263e1e2.jpeg"", ""https://a0.muscache.com/im/pictures/hosting/Hosting-1713931997924157612/original/ab27c781-733f-49a0-af7f-c7ddad73da06.jpeg"", ""https://a0.muscache.com/im/pictures/hosting/Hosting-1713931997924157612/original/f0b1baa9-4343-48ca-bde6-33f3c043f0eb.jpeg"", ""https://a0.muscache.com/im/pictures/hosting/Hosting-1713931997924157612/original/f426e037-cf1f-40b9-81dc-be5686022f43.jpeg"", ""https://a0.muscache.com/im/pictures/hosting/Hosting-1713931997924157612/original/b4cc47d3-3b68-4e6b-a049-97391bcbaad1.jpeg"", ""https://a0.muscache.com/im/pictures/hosting/Hosting-1713931997924157612/original/e784f23a-0255-4c0a-a205-f4d3d560d3c3.jpeg"", ""https://a0.muscache.com/im/pictures/hosting/Hosting-1713931997924157612/original/522f02f9-4b31-4dc9-8d5a-b2bf2eba8d0f.jpeg"", ""https://a0.muscache.com/im/pictures/hosting/Hosting-1713931997924157612/original/085f1e02-9336-4c91-ae37-e91ef0409578.jpeg"", ""https://a0.muscache.com/im/pictures/hosting/Hosting-1713931997924157612/original/52015e97-5a3d-412b-bb41-5d96132ccf57.jpeg"", ""https://a0.muscache.com/im/pictures/hosting/Hosting-1713931997924157612/original/9a61b309-a97d-4505-bf9b-0bc137ef1d52.jpeg"", ""https://a0.muscache.com/im/pictures/hosting/Hosting-1713931997924157612/original/1e1cdb76-00e2-4703-a52e-4f53c90cc52b.jpeg"", ""https://a0.muscache.com/im/pictures/hosting/Hosting-1713931997924157612/original/babae373-47af-4aba-9eae-3f80370e964f.jpeg"", ""https://a0.muscache.com/im/pictures/hosting/Hosting-1713931997924157612/original/9cb31848-f8f5-49cd-9525-e5d90b1a40dd.jpeg"", ""https://a0.muscache.com/im/pictures/hosting/Hosting-1713931997924157612/original/da5df3be-10c8-4c06-9dea-76e141eaeb15.jpeg"", ""https://a0.muscache.com/im/pictures/hosting/Hosting-1713931997924157612/original/b48b9264-5172-4ac2-865d-519db7d7dbc8.jpeg"", ""https://a0.muscache.com/im/pictures/hosting/Hosting-1713931997924157612/original/e0f759aa-b436-4875-84fd-d982e8adb6ee.jpeg"", ""https://a0.muscache.com/im/pictures/hosting/Hosting-1713931997924157612/original/c473a90e-8bb5-44d9-9e1f-3cd9f10df71a.jpeg"", ""https://a0.muscache.com/im/pictures/hosting/Hosting-1713931997924157612/original/d553599a-1160-4eb6-a1ac-ea18018f798f.jpeg"", ""https://a0.muscache.com/im/pictures/hosting/Hosting-1713931997924157612/original/dad75ce4-fac8-4c45-a09f-e57f9e92b5b9.jpeg"", ""https://a0.muscache.com/im/pictures/hosting/Hosting-1713931997924157612/original/4fb1286e-9b66-430a-b8e2-c3f4fc3a4472.jpeg"", ""https://a0.muscache.com/im/pictures/hosting/Hosting-1713931997924157612/original/b98bf5ee-122b-4684-9f34-a69c211cb1db.jpeg"", ""https://a0.muscache.com/im/pictures/hosting/Hosting-1713931997924157612/original/6c2cf2e9-c6df-42f0-98ed-c40cd73037a6.jpeg"", ""https://a0.muscache.com/im/pictures/hosting/Hosting-1713931997924157612/original/b38adf0a-b8ce-437b-bddd-00dbeeeade1c.jpeg"", ""https://a0.muscache.com/im/pictures/hosting/Hosting-1713931997924157612/original/0583c351-135a-4e5a-9ae0-2a8b583e69ec.jpeg"", ""https://a0.muscache.com/im/pictures/hosting/Hosting-1713931997924157612/original/d6cc4634-45fd-47db-ae6a-fc1bfedc57a3.jpeg"", ""https://a0.muscache.com/im/pictures/hosting/Hosting-1713931997924157612/original/94db454a-8cef-4688-acb8-656fc57456ac.jpeg"", ""https://a0.muscache.com/im/pictures/hosting/Hosting-1713931997924157612/original/5fa85421-b2ea-49cd-8854-09aa0f422dee.jpeg"", ""https://a0.muscache.com/im/pictures/hosting/Hosting-1713931997924157612/original/8f9bb7b6-87df-4e58-b206-f5d5bfb6ac33.jpeg"", ""https://a0.muscache.com/im/pictures/hosting/Hosting-1713931997924157612/original/6a54a8f9-38ba-49c7-a3a7-44196c85b767.jpeg""]",t,"[{""name"": ""Long"", ""avatar"": ""https://a0.muscache.com/im/pictures/user/avatar_long.jpg""}]","[{""name"": ""DECOR"", ""localizedName"": ""Trang trí"", ""count"": 8}, {""name"": ""INTERIOR"", ""localizedName"": ""Không gian bên trong"", ""count"": 13}, {""name"": ""CLEANLINESS"", ""localizedName"": ""Mức độ sạch sẽ"", ""count"": 6}, {""name"": ""LOCATION"", ""localizedName"": ""Địa điểm"", ""count"": 18}, {""name"": ""HOSPITALITY"", ""localizedName"": ""Hiếu khách"", ""count"": 14}]","[{""title"": ""Trải nghiệm nhận phòng xuất sắc"", ""subtitle"": ""Những khách ở gần đây đã xếp hạng 5 sao cho quy trình nhận phòng.""}, {""title"": ""Tự nhận phòng"", ""subtitle"": ""Tự nhận phòng với hộp khóa an toàn.""}]"
1759554596058595926,https://www.airbnb.com.vn/rooms/1759554596058595926,20260926000000,2026-09-26,city search,"Olive Stay | Khu phố cổ, 2 phòng ngủ, sân thượng và bếp","Chào mừng bạn đến với Olive Stay | Khu phố cổ, 2 phòng ngủ, sân thượng và bếp — một không gian lưu trú ấm cúng, sang trọng tọa lạc tại Quận Hoàn Kiếm, Hà Nội.
Căn phòng tràn ngập ánh sáng tự nhiên với đầy đủ tiện nghi cao cấp, giường nệm êm ái, máy lạnh, TV và wifi tốc độ cao. Rất thuận tiện di chuyển tới các điểm tham quan, nhà hàng ẩm thực và quán cà phê nổi tiếng của Hà Nội.","Khu vực Quận Hoàn Kiếm an ninh, văn minh, gần nhiều địa điểm ăn uống, mua sắm và giải trí sầm uất tại Hà Nội.",https://a0.muscache.com/im/pictures/hosting/Hosting-1759554596058595926/original/9d8f3e57-6e4c-453e-a6e7-067403b7f4be.jpeg,47000083,https://www.airbnb.com.vn/users/show/47000083,LangX,2024-01-07,"Hà Nội, Việt Nam","Xin chào, tôi là LangX, đã có 2 năm kinh nghiệm làm host. Tôi yêu thích du lịch và luôn mong muốn đem lại trải nghiệm lưu trú thoải mái nhất cho khách.",trong vòng một giờ,100%,98%,f,https://a0.muscache.com/im/pictures/user/User-47000083/original/user_profile_3.jpeg,https://a0.muscache.com/im/pictures/user/User-47000083/original/user_profile_3.jpeg,Quận Hoàn Kiếm,6,9,"['email', 'phone', 'work_email']",t,t,Quận Hoàn Kiếm,Quận Hoàn Kiếm,Hà Nội,21.0342,105.8484,Toàn bộ nhà,Entire home/apt,6,1.0,1 phòng tắm đầy đủ và 1 phòng vệ sinh cơ bản riêng,2,3,"[""Bếp đầy đủ tiện nghi"", ""TV màn hình phẳng"", ""Bàn ủi / Bàn là"", ""Bể bơi"", ""Điều hòa nhiệt độ"", ""Lò vi sóng"", ""Ban công ngắm cảnh"", ""Dầu gội & Sữa tắm"", ""Thang máy"", ""Wi-fi tốc độ cao"", ""Không gian riêng để làm việc"", ""Máy giặt"", ""Chỗ đỗ xe miễn phí trong khuôn viên"", ""Máy sấy tóc"", ""Bồn tắm thư giãn"", ""Máy phát hiện khí CO"", ""Bộ chăn ga gối cao cấp""]","₫1,500,000",1,1125,1,2,1125,1125,1.0,1125.0,today,t,24,36,81,268,2026-09-26,146,30,4,2023-06-14,2026-09-20,4.85,4.82,5.0,5.0,5.0,4.81,4.9,,f,2,2,0,0,4.69,"[""https://a0.muscache.com/im/pictures/hosting/Hosting-1759554596058595926/original/9d8f3e57-6e4c-453e-a6e7-067403b7f4be.jpeg"", ""https://a0.muscache.com/im/pictures/hosting/Hosting-1759554596058595926/original/176e2a66-791e-42e6-bff4-47efeef1f931.jpeg"", ""https://a0.muscache.com/im/pictures/hosting/Hosting-1759554596058595926/original/2360d2a6-f8a2-4fae-9214-181a9638f015.jpeg"", ""https://a0.muscache.com/im/pictures/hosting/Hosting-1759554596058595926/original/d6e0d0b0-4b52-4513-afb2-d6bf129a27d2.jpeg"", ""https://a0.muscache.com/im/pictures/hosting/Hosting-1759554596058595926/original/c023fb06-1aa7-4e9c-a319-c777f3e10535.jpeg"", ""https://a0.muscache.com/im/pictures/hosting/Hosting-1759554596058595926/original/2c2420d2-943a-4186-9069-c7b9d9b2484f.jpeg"", ""https://a0.muscache.com/im/pictures/hosting/Hosting-1759554596058595926/original/ff526b1f-d059-4b97-994a-087e7d11bb3f.jpeg"", ""https://a0.muscache.com/im/pictures/hosting/Hosting-1759554596058595926/original/0fb27485-3f6e-4122-8970-f27617f57dfe.jpeg"", ""https://a0.muscache.com/im/pictures/hosting/Hosting-1759554596058595926/original/0cbb895b-6c29-444a-9789-2b1fd1c9a168.jpeg"", ""https://a0.muscache.com/im/pictures/hosting/Hosting-1759554596058595926/original/b90464ff-199e-43f1-89fc-e5607fb9f47d.jpeg"", ""https://a0.muscache.com/im/pictures/hosting/Hosting-1759554596058595926/original/34371ec8-1bcf-4396-a78d-dc4a6b2e7483.jpeg"", ""https://a0.muscache.com/im/pictures/hosting/Hosting-1759554596058595926/original/9f346b3e-ea8a-4f62-8133-d5b354cd0387.jpeg"", ""https://a0.muscache.com/im/pictures/hosting/Hosting-1759554596058595926/original/8bb09bc8-3ffc-4347-b6b9-d3fdf6a56485.jpeg"", ""https://a0.muscache.com/im/pictures/hosting/Hosting-1759554596058595926/original/fa1a25a4-fa51-44e4-bc67-e76cc2b7db74.jpeg"", ""https://a0.muscache.com/im/pictures/hosting/Hosting-1759554596058595926/original/55e6855b-df62-49f8-bacd-6c4938785afe.jpeg"", ""https://a0.muscache.com/im/pictures/hosting/Hosting-1759554596058595926/original/5ab2970f-9fb8-4f24-8295-7158905fa9e2.jpeg"", ""https://a0.muscache.com/im/pictures/hosting/Hosting-1759554596058595926/original/da9ee242-c356-4f27-90d2-7de83b119499.jpeg"", ""https://a0.muscache.com/im/pictures/hosting/Hosting-1759554596058595926/original/52b3cd41-691c-44ce-af9e-a0bb959ef953.jpeg"", ""https://a0.muscache.com/im/pictures/hosting/Hosting-1759554596058595926/original/ecf235eb-ef0e-45a3-8fcc-8b60670f23bd.jpeg"", ""https://a0.muscache.com/im/pictures/hosting/Hosting-1759554596058595926/original/34ccb8d2-8e6a-46c0-a1ab-0247a0f367a9.jpeg"", ""https://a0.muscache.com/im/pictures/hosting/Hosting-1759554596058595926/original/209e78b4-a92f-4256-9c87-22a0974d71b8.jpeg"", ""https://a0.muscache.com/im/pictures/hosting/Hosting-1759554596058595926/original/08a045ce-305f-4b03-b5d1-340232eaf613.jpeg"", ""https://a0.muscache.com/im/pictures/hosting/Hosting-1759554596058595926/original/cc0eb4d0-0184-45ab-9a12-9f7a6a159bbc.jpeg"", ""https://a0.muscache.com/im/pictures/hosting/Hosting-1759554596058595926/original/5fe2f2ea-8871-4419-a717-175cdc986ae5.jpeg"", ""https://a0.muscache.com/im/pictures/hosting/Hosting-1759554596058595926/original/60a35b96-134f-4d83-a3b4-65f14db11a82.jpeg"", ""https://a0.muscache.com/im/pictures/hosting/Hosting-1759554596058595926/original/1c84e198-0e15-4958-ada6-3947d3af33b6.jpeg"", ""https://a0.muscache.com/im/pictures/hosting/Hosting-1759554596058595926/original/44027d44-4d50-4865-ad3b-ca8ba72ec996.jpeg"", ""https://a0.muscache.com/im/pictures/hosting/Hosting-1759554596058595926/original/8c403bfd-df9d-471a-8d15-59ba5e9c2ab1.jpeg"", ""https://a0.muscache.com/im/pictures/hosting/Hosting-1759554596058595926/original/eca91190-1ed5-4480-ba94-6f2eee01ec31.jpeg""]",f,"[{""name"": ""Cindy"", ""avatar"": ""https://a0.muscache.com/im/pictures/user/avatar_cindy.jpg""}]","[{""name"": ""DECOR"", ""localizedName"": ""Trang trí"", ""count"": 11}, {""name"": ""INTERIOR"", ""localizedName"": ""Không gian bên trong"", ""count"": 3}, {""name"": ""CLEANLINESS"", ""localizedName"": ""Mức độ sạch sẽ"", ""count"": 6}, {""name"": ""LOCATION"", ""localizedName"": ""Địa điểm"", ""count"": 15}, {""name"": ""HOSPITALITY"", ""localizedName"": ""Hiếu khách"", ""count"": 6}]","[{""title"": ""Trải nghiệm nhận phòng xuất sắc"", ""subtitle"": ""Những khách ở gần đây đã xếp hạng 5 sao cho quy trình nhận phòng.""}, {""title"": ""Tự nhận phòng"", ""subtitle"": ""Tự nhận phòng với hộp khóa an toàn.""}]"
1173211442030746156,https://www.airbnb.com.vn/rooms/1173211442030746156,20260926000000,2026-09-26,city search,Trụ sở cũ/Yên tĩnh/Máy giặt - Máy sấy/Phòng tắm công cộng,"Chào mừng bạn đến với Trụ sở cũ/Yên tĩnh/Máy giặt - Máy sấy/Phòng tắm công cộng — một không gian lưu trú ấm cúng, sang trọng tọa lạc tại Quận Hoàn Kiếm, Hà Nội.
Căn phòng tràn ngập ánh sáng tự nhiên với đầy đủ tiện nghi cao cấp, giường nệm êm ái, máy lạnh, TV và wifi tốc độ cao. Rất thuận tiện di chuyển tới các điểm tham quan, nhà hàng ẩm thực và quán cà phê nổi tiếng của Hà Nội.","Khu vực Quận Hoàn Kiếm an ninh, văn minh, gần nhiều địa điểm ăn uống, mua sắm và giải trí sầm uất tại Hà Nội.",https://a0.muscache.com/im/pictures/hosting/Hosting-1173211442030746156/original/93329098-fad6-4326-9b94-98cb979f17d7.jpeg,47000084,https://www.airbnb.com.vn/users/show/47000084,Ken,2020-03-22,"Hà Nội, Việt Nam","Xin chào, tôi là Ken, đã có 6 năm kinh nghiệm làm host. Tôi yêu thích du lịch và luôn mong muốn đem lại trải nghiệm lưu trú thoải mái nhất cho khách.",trong vòng một giờ,100%,98%,t,https://a0.muscache.com/im/pictures/user/User-47000084/original/user_profile_4.jpeg,https://a0.muscache.com/im/pictures/user/User-47000084/original/user_profile_4.jpeg,Quận Hoàn Kiếm,10,6,"['email', 'phone', 'work_email']",t,t,Quận Hoàn Kiếm,Quận Hoàn Kiếm,Hà Nội,21.02147,105.84808,Toàn bộ căn hộ cho thuê,Entire home/apt,2,1.0,1 phòng tắm,1,1,"[""Bàn ủi / Bàn là"", ""Chỗ đỗ xe miễn phí trong khuôn viên"", ""Không gian riêng để làm việc"", ""Wi-fi tốc độ cao"", ""Bếp đầy đủ tiện nghi"", ""Thang máy"", ""Dầu gội & Sữa tắm"", ""Tự nhận phòng với hộp khóa an toàn"", ""Lò vi sóng"", ""Máy sấy tóc"", ""Tủ lạnh"", ""Bồn tắm thư giãn"", ""Bể bơi"", ""Điều hòa nhiệt độ"", ""Ban công ngắm cảnh"", ""Bộ chăn ga gối cao cấp"", ""Máy phát hiện khí CO"", ""Máy báo khói"", ""Máy giặt""]","₫454,966",1,1125,1,2,1125,1125,1.0,1125.0,today,t,26,47,65,291,2026-09-26,220,1,4,2023-06-14,2026-09-05,4.93,4.96,4.88,5.0,5.0,4.82,4.86,,t,2,2,0,0,1.58,"[""https://a0.muscache.com/im/pictures/hosting/Hosting-1173211442030746156/original/93329098-fad6-4326-9b94-98cb979f17d7.jpeg"", ""https://a0.muscache.com/im/pictures/hosting/Hosting-1173211442030746156/original/6f21b666-13f9-4003-a773-bdfe4d326fc5.jpeg"", ""https://a0.muscache.com/im/pictures/hosting/Hosting-1173211442030746156/original/573489ac-1cad-4e24-8d5c-86d70a1d1902.jpeg"", ""https://a0.muscache.com/im/pictures/hosting/Hosting-U3RheVN1cHBseUxpc3Rpbmc6MTE3MzIxMTQ0MjAzMDc0NjE1Ng%3D%3D/original/fcf26a17-7cb4-4d41-a6e8-f643fe0f4d86.jpeg"", ""https://a0.muscache.com/im/pictures/hosting/Hosting-U3RheVN1cHBseUxpc3Rpbmc6MTE3MzIxMTQ0MjAzMDc0NjE1Ng%3D%3D/original/b2010110-c401-4eef-b086-f06061e95476.jpeg"", ""https://a0.muscache.com/im/pictures/hosting/Hosting-U3RheVN1cHBseUxpc3Rpbmc6MTE3MzIxMTQ0MjAzMDc0NjE1Ng%3D%3D/original/abd9f397-e596-48d7-9066-18013d6e075b.jpeg"", ""https://a0.muscache.com/im/pictures/hosting/Hosting-U3RheVN1cHBseUxpc3Rpbmc6MTE3MzIxMTQ0MjAzMDc0NjE1Ng%3D%3D/original/1f85fdc9-d042-48a8-9b64-50685ad608c2.jpeg"", ""https://a0.muscache.com/im/pictures/hosting/Hosting-U3RheVN1cHBseUxpc3Rpbmc6MTE3MzIxMTQ0MjAzMDc0NjE1Ng%3D%3D/original/3acc5c0f-59b4-4d91-add2-b8c23bf0dbca.jpeg"", ""https://a0.muscache.com/im/pictures/hosting/Hosting-1173211442030746156/original/db68887c-7066-41bf-95a3-902321f1b844.jpeg"", ""https://a0.muscache.com/im/pictures/hosting/Hosting-U3RheVN1cHBseUxpc3Rpbmc6MTE3MzIxMTQ0MjAzMDc0NjE1Ng%3D%3D/original/ce566b35-78ef-479a-881b-c4ecb6aadef3.jpeg"", ""https://a0.muscache.com/im/pictures/hosting/Hosting-U3RheVN1cHBseUxpc3Rpbmc6MTE3MzIxMTQ0MjAzMDc0NjE1Ng%3D%3D/original/95ff45de-16af-446d-a0da-b943b4a19c34.jpeg"", ""https://a0.muscache.com/im/pictures/hosting/Hosting-U3RheVN1cHBseUxpc3Rpbmc6MTE3MzIxMTQ0MjAzMDc0NjE1Ng%3D%3D/original/6fae3f8f-125a-4e4e-b299-145fcb224b20.png"", ""https://a0.muscache.com/im/pictures/hosting/Hosting-U3RheVN1cHBseUxpc3Rpbmc6MTE3MzIxMTQ0MjAzMDc0NjE1Ng%3D%3D/original/12ffac6b-a6c2-4b41-ad74-6e8739e7786c.png"", ""https://a0.muscache.com/im/pictures/hosting/Hosting-U3RheVN1cHBseUxpc3Rpbmc6MTE3MzIxMTQ0MjAzMDc0NjE1Ng%3D%3D/original/c4aa6557-7e8d-45b2-b6fb-0a2057cb29a7.jpeg"", ""https://a0.muscache.com/im/pictures/hosting/Hosting-U3RheVN1cHBseUxpc3Rpbmc6MTE3MzIxMTQ0MjAzMDc0NjE1Ng%3D%3D/original/60b383ff-f366-4aa9-8466-fdedd83b2248.jpeg"", ""https://a0.muscache.com/im/pictures/hosting/Hosting-1173211442030746156/original/ff34cfa8-6af4-483e-977f-4953788b6c52.jpeg"", ""https://a0.muscache.com/im/pictures/hosting/Hosting-1173211442030746156/original/f2c382e0-a8f4-452a-811c-9521e1a9ee8b.jpeg"", ""https://a0.muscache.com/im/pictures/hosting/Hosting-1173211442030746156/original/05dc5531-231f-4151-9f19-52023bc8ea39.jpeg"", ""https://a0.muscache.com/im/pictures/hosting/Hosting-1173211442030746156/original/953db0fc-e708-46f8-a005-3a5424aa009c.jpeg"", ""https://a0.muscache.com/im/pictures/hosting/Hosting-1173211442030746156/original/965749b3-1c04-4009-afa5-1593b6815d1c.jpeg"", ""https://a0.muscache.com/im/pictures/hosting/Hosting-1173211442030746156/original/c3b3310d-0a78-4c07-9bef-aef94e8d1f27.jpeg"", ""https://a0.muscache.com/im/pictures/hosting/Hosting-1173211442030746156/original/adac68d6-9c68-47fa-bb7b-d924b0ce91cd.jpeg"", ""https://a0.muscache.com/im/pictures/hosting/Hosting-1173211442030746156/original/08607eb0-4cff-436c-8df8-4ce97803b126.jpeg"", ""https://a0.muscache.com/im/pictures/hosting/Hosting-1173211442030746156/original/0677d281-f832-48e6-8be2-5c25361f0a32.jpeg"", ""https://a0.muscache.com/im/pictures/hosting/Hosting-1173211442030746156/original/847f6f69-1bd7-4c53-b8f0-7fb33dfb246f.jpeg"", ""https://a0.muscache.com/im/pictures/hosting/Hosting-1173211442030746156/original/a4d4bc12-cb75-4564-a158-e4ef656a4e9a.jpeg"", ""https://a0.muscache.com/im/pictures/hosting/Hosting-1173211442030746156/original/631922de-6256-41d6-ab52-aecfaa847487.jpeg"", ""https://a0.muscache.com/im/pictures/hosting/Hosting-1173211442030746156/original/ba70f408-75ec-4b4a-a7f6-3486a5572531.jpeg"", ""https://a0.muscache.com/im/pictures/hosting/Hosting-1173211442030746156/original/5974450a-61da-4330-ae6b-3276ddaa20b7.jpeg""]",t,"[{""name"": ""Long"", ""avatar"": ""https://a0.muscache.com/im/pictures/user/avatar_long.jpg""}, {""name"": ""Dang Nguyen"", ""avatar"": ""https://a0.muscache.com/im/pictures/user/avatar_dang.jpg""}, {""name"": ""Cindy"", ""avatar"": ""https://a0.muscache.com/im/pictures/user/avatar_cindy.jpg""}]","[{""name"": ""DECOR"", ""localizedName"": ""Trang trí"", ""count"": 5}, {""name"": ""INTERIOR"", ""localizedName"": ""Không gian bên trong"", ""count"": 19}, {""name"": ""CLEANLINESS"", ""localizedName"": ""Mức độ sạch sẽ"", ""count"": 10}, {""name"": ""LOCATION"", ""localizedName"": ""Địa điểm"", ""count"": 5}, {""name"": ""HOSPITALITY"", ""localizedName"": ""Hiếu khách"", ""count"": 11}]","[{""title"": ""Trải nghiệm nhận phòng xuất sắc"", ""subtitle"": ""Những khách ở gần đây đã xếp hạng 5 sao cho quy trình nhận phòng.""}, {""title"": ""Tự nhận phòng"", ""subtitle"": ""Tự nhận phòng với hộp khóa an toàn.""}]"
914381815748479335,https://www.airbnb.com.vn/rooms/914381815748479335,20260926000000,2026-09-26,city search,*Máy pha cà phê miễn phí* tại Olive Loft|Giữa thế kỷ|Cao cấp,"Chào mừng bạn đến với *Máy pha cà phê miễn phí* tại Olive Loft|Giữa thế kỷ|Cao cấp — một không gian lưu trú ấm cúng, sang trọng tọa lạc tại Quận Tây Hồ, Hà Nội.
Căn phòng tràn ngập ánh sáng tự nhiên với đầy đủ tiện nghi cao cấp, giường nệm êm ái, máy lạnh, TV và wifi tốc độ cao. Rất thuận tiện di chuyển tới các điểm tham quan, nhà hàng ẩm thực và quán cà phê nổi tiếng của Hà Nội.","Khu vực Quận Tây Hồ an ninh, văn minh, gần nhiều địa điểm ăn uống, mua sắm và giải trí sầm uất tại Hà Nội.",https://a0.muscache.com/im/pictures/hosting/Hosting-914381815748479335/original/cf192c20-5cce-4a57-bbd6-bac913d3b8bb.jpeg,47000085,https://www.airbnb.com.vn/users/show/47000085,Bella,2023-04-13,"Hà Nội, Việt Nam","Xin chào, tôi là Bella, đã có 3 năm kinh nghiệm làm host. Tôi yêu thích du lịch và luôn mong muốn đem lại trải nghiệm lưu trú thoải mái nhất cho khách.",trong vòng một giờ,100%,98%,f,https://a0.muscache.com/im/pictures/user/User-47000085/original/user_profile_5.jpeg,https://a0.muscache.com/im/pictures/user/User-47000085/original/user_profile_5.jpeg,Quận Tây Hồ,6,5,"['email', 'phone', 'work_email']",t,t,Quận Tây Hồ,Quận Tây Hồ,Hà Nội,21.0806,105.8155,Toàn bộ căn hộ cho thuê,Entire home/apt,2,1.0,1 phòng tắm đầy đủ và 1 phòng vệ sinh cơ bản riêng,1,1,"[""Bộ chăn ga gối cao cấp"", ""Bể bơi"", ""Ban công ngắm cảnh"", ""Dầu gội & Sữa tắm"", ""Bồn tắm thư giãn"", ""Bếp đầy đủ tiện nghi"", ""Bàn ủi / Bàn là"", ""Máy giặt"", ""Tủ lạnh"", ""Wi-fi tốc độ cao"", ""Máy báo khói"", ""TV màn hình phẳng"", ""Máy sấy tóc"", ""Lò vi sóng"", ""Điều hòa nhiệt độ""]","₫1,800,587",1,1125,1,2,1125,1125,1.0,1125.0,today,t,24,55,62,245,2026-09-26,64,15,0,2024-02-09,2026-09-10,5.0,4.86,4.9,5.0,5.0,4.79,4.74,,f,2,2,0,0,4.8,"[""https://a0.muscache.com/im/pictures/hosting/Hosting-914381815748479335/original/cf192c20-5cce-4a57-bbd6-bac913d3b8bb.jpeg"", ""https://a0.muscache.com/im/pictures/hosting/Hosting-914381815748479335/original/ff45cfe8-526b-459b-8f0e-a44a5452b16a.jpeg"", ""https://a0.muscache.com/im/pictures/hosting/Hosting-914381815748479335/original/33f9c9ec-e983-4abc-89db-ea53fa7a633b.jpeg"", ""https://a0.muscache.com/im/pictures/hosting/Hosting-914381815748479335/original/0919ba43-c393-454a-9895-aece8a9c84b5.jpeg"", ""https://a0.muscache.com/im/pictures/hosting/Hosting-914381815748479335/original/01557bca-0763-4434-a071-c59af010dc85.jpeg"", ""https://a0.muscache.com/im/pictures/hosting/Hosting-914381815748479335/original/e15e5885-e108-4b98-93d5-3954d429bc59.jpeg"", ""https://a0.muscache.com/im/pictures/hosting/Hosting-914381815748479335/original/99782050-ce90-408e-aeb9-9ebac7e6896f.jpeg"", ""https://a0.muscache.com/im/pictures/hosting/Hosting-914381815748479335/original/70d9084d-72bb-4157-92f0-a1bb4d30a2b0.jpeg"", ""https://a0.muscache.com/im/pictures/hosting/Hosting-914381815748479335/original/f3a54774-debd-4110-9c60-c96fdd9d0bfc.jpeg"", ""https://a0.muscache.com/im/pictures/hosting/Hosting-914381815748479335/original/35ca1049-09d8-4d98-bdad-e24e5f29e9ae.jpeg"", ""https://a0.muscache.com/im/pictures/hosting/Hosting-914381815748479335/original/9ab13213-109c-4f4c-ac57-dcfecc46cf54.jpeg"", ""https://a0.muscache.com/im/pictures/hosting/Hosting-914381815748479335/original/16973598-b308-4d19-849e-1adc3c41b3e1.jpeg"", ""https://a0.muscache.com/im/pictures/hosting/Hosting-914381815748479335/original/0b2b8b11-7e3a-4aeb-ab7b-1f91b58d68ba.jpeg"", ""https://a0.muscache.com/im/pictures/hosting/Hosting-914381815748479335/original/fa8e81c2-cf27-42ae-9590-fa9b82c188b6.jpeg"", ""https://a0.muscache.com/im/pictures/hosting/Hosting-914381815748479335/original/10e8b106-de69-4492-a6cf-a0ba52426239.jpeg"", ""https://a0.muscache.com/im/pictures/hosting/Hosting-914381815748479335/original/fe858276-c0d8-40e3-b846-bfd177b05813.jpeg"", ""https://a0.muscache.com/im/pictures/hosting/Hosting-914381815748479335/original/d2a7ed20-83f0-48b5-acf1-3c084ccba777.jpeg"", ""https://a0.muscache.com/im/pictures/hosting/Hosting-914381815748479335/original/573d7c73-b89e-4b0d-b751-b8e8c4c03c04.jpeg"", ""https://a0.muscache.com/im/pictures/hosting/Hosting-914381815748479335/original/3684de11-3ccf-44fe-93cc-8ce57fe67aa3.jpeg"", ""https://a0.muscache.com/im/pictures/hosting/Hosting-914381815748479335/original/15e25fcc-d426-44ee-b937-efd459292026.jpeg"", ""https://a0.muscache.com/im/pictures/hosting/Hosting-914381815748479335/original/8cf5cce3-89b3-4fac-9a30-b425d31cadb1.jpeg"", ""https://a0.muscache.com/im/pictures/hosting/Hosting-914381815748479335/original/c8f234b9-36a3-4e9c-a16f-fc857818b6d4.jpeg"", ""https://a0.muscache.com/im/pictures/hosting/Hosting-914381815748479335/original/df47e7dd-543b-4149-8383-7e3b6e65c463.jpeg"", ""https://a0.muscache.com/im/pictures/hosting/Hosting-914381815748479335/original/9936c8bb-a77c-4601-ac2a-b107a3fe5686.jpeg"", ""https://a0.muscache.com/im/pictures/hosting/Hosting-914381815748479335/original/b56fe012-d1d1-4dcc-87a2-4aa40c633ff8.jpeg"", ""https://a0.muscache.com/im/pictures/hosting/Hosting-914381815748479335/original/18efeae8-6cff-420a-8b23-597743fda4d5.jpeg"", ""https://a0.muscache.com/im/pictures/hosting/Hosting-914381815748479335/original/12752267-6caa-4768-ba73-976ec23417f3.jpeg"", ""https://a0.muscache.com/im/pictures/hosting/Hosting-914381815748479335/original/c8291567-9900-4ef9-bdda-2a5b420dd0e9.jpeg"", ""https://a0.muscache.com/im/pictures/hosting/Hosting-U3RheVN1cHBseUxpc3Rpbmc6OTE0MzgxODE1NzQ4NDc5MzM1/original/2897ae27-c07f-4182-85dd-0f8fcebafbe8.jpeg""]",t,"[{""name"": ""Rùa"", ""avatar"": ""https://a0.muscache.com/im/pictures/user/avatar_rua.jpg""}, {""name"": ""Long"", ""avatar"": ""https://a0.muscache.com/im/pictures/user/avatar_long.jpg""}]","[{""name"": ""DECOR"", ""localizedName"": ""Trang trí"", ""count"": 5}, {""name"": ""INTERIOR"", ""localizedName"": ""Không gian bên trong"", ""count"": 9}, {""name"": ""CLEANLINESS"", ""localizedName"": ""Mức độ sạch sẽ"", ""count"": 20}, {""name"": ""LOCATION"", ""localizedName"": ""Địa điểm"", ""count"": 14}, {""name"": ""HOSPITALITY"", ""localizedName"": ""Hiếu khách"", ""count"": 15}]","[{""title"": ""Trải nghiệm nhận phòng xuất sắc"", ""subtitle"": ""Những khách ở gần đây đã xếp hạng 5 sao cho quy trình nhận phòng.""}, {""title"": ""Tự nhận phòng"", ""subtitle"": ""Tự nhận phòng với hộp khóa an toàn.""}]"
1534099604464296826,https://www.airbnb.com.vn/rooms/1534099604464296826,20260926000000,2026-09-26,city search,Studio có bồn tắm + ban công + Netflix - Hà Nội,"Chào mừng bạn đến với Studio có bồn tắm + ban công + Netflix - Hà Nội — một không gian lưu trú ấm cúng, sang trọng tọa lạc tại Quận Cầu Giấy, Hà Nội.
Căn phòng tràn ngập ánh sáng tự nhiên với đầy đủ tiện nghi cao cấp, giường nệm êm ái, máy lạnh, TV và wifi tốc độ cao. Rất thuận tiện di chuyển tới các điểm tham quan, nhà hàng ẩm thực và quán cà phê nổi tiếng của Hà Nội.","Khu vực Quận Cầu Giấy an ninh, văn minh, gần nhiều địa điểm ăn uống, mua sắm và giải trí sầm uất tại Hà Nội.",https://a0.muscache.com/im/pictures/hosting/Hosting-1534099604464296826/original/1bf9ec6d-ef7e-4330-8020-f8079880f553.jpeg,47000086,https://www.airbnb.com.vn/users/show/47000086,Tony,2020-07-30,"Hà Nội, Việt Nam","Xin chào, tôi là Tony, đã có 6 năm kinh nghiệm làm host. Tôi yêu thích du lịch và luôn mong muốn đem lại trải nghiệm lưu trú thoải mái nhất cho khách.",trong vòng một giờ,100%,98%,t,https://a0.muscache.com/im/pictures/user/User-47000086/original/user_profile_6.jpeg,https://a0.muscache.com/im/pictures/user/User-47000086/original/user_profile_6.jpeg,Quận Cầu Giấy,1,4,"['email', 'phone', 'work_email']",t,t,Quận Cầu Giấy,Quận Cầu Giấy,Hà Nội,21.0341,105.809,Phòng riêng trong nhà,Private room,2,1.0,1 phòng tắm,1,1,"[""Máy sấy tóc"", ""Điều hòa nhiệt độ"", ""Chỗ đỗ xe miễn phí trong khuôn viên"", ""Tự nhận phòng với hộp khóa an toàn"", ""TV màn hình phẳng"", ""Máy giặt"", ""Ban công ngắm cảnh"", ""Bếp đầy đủ tiện nghi"", ""Bàn ủi / Bàn là"", ""Tủ lạnh"", ""Máy báo khói"", ""Máy phát hiện khí CO"", ""Lò vi sóng"", ""Dầu gội & Sữa tắm"", ""Wi-fi tốc độ cao"", ""Bộ chăn ga gối cao cấp"", ""Bể bơi""]","₫724,438",1,1125,1,2,1125,1125,1.0,1125.0,today,t,28,44,61,305,2026-09-26,7,1,4,2026-06-13,2026-09-09,5.0,4.82,4.99,5.0,5.0,4.82,4.78,,t,2,0,1,0,3.45,"[""https://a0.muscache.com/im/pictures/hosting/Hosting-1534099604464296826/original/1bf9ec6d-ef7e-4330-8020-f8079880f553.jpeg"", ""https://a0.muscache.com/im/pictures/hosting/Hosting-1534099604464296826/original/4f832dfa-e8b5-405d-bd3c-28b01b7164d6.jpeg"", ""https://a0.muscache.com/im/pictures/hosting/Hosting-1534099604464296826/original/995117aa-9f75-4294-8b7a-bd78f583555f.jpeg"", ""https://a0.muscache.com/im/pictures/hosting/Hosting-1534099604464296826/original/831c9c08-cf4d-4135-827c-f3b498a08bbf.jpeg"", ""https://a0.muscache.com/im/pictures/hosting/Hosting-1534099604464296826/original/5b37937b-3726-4457-8584-d596e37c4c2b.jpeg"", ""https://a0.muscache.com/im/pictures/hosting/Hosting-1534099604464296826/original/2d1e9d3c-4dcc-4816-9dae-9dc13bcb3b55.jpeg""]",t,"[{""name"": ""Long"", ""avatar"": ""https://a0.muscache.com/im/pictures/user/avatar_long.jpg""}]","[{""name"": ""DECOR"", ""localizedName"": ""Trang trí"", ""count"": 14}, {""name"": ""INTERIOR"", ""localizedName"": ""Không gian bên trong"", ""count"": 15}, {""name"": ""CLEANLINESS"", ""localizedName"": ""Mức độ sạch sẽ"", ""count"": 10}, {""name"": ""LOCATION"", ""localizedName"": ""Địa điểm"", ""count"": 18}, {""name"": ""HOSPITALITY"", ""localizedName"": ""Hiếu khách"", ""count"": 12}]","[{""title"": ""Trải nghiệm nhận phòng xuất sắc"", ""subtitle"": ""Những khách ở gần đây đã xếp hạng 5 sao cho quy trình nhận phòng.""}, {""title"": ""Tự nhận phòng"", ""subtitle"": ""Tự nhận phòng với hộp khóa an toàn.""}]"
1417186988526473111,https://www.airbnb.com.vn/rooms/1417186988526473111,20260926000000,2026-09-26,city search,(Số 2) Cửa sổ nhìn ra công viên/Bầu không khí bản địa/Giặt ủi miễn phí ,"Chào mừng bạn đến với (Số 2) Cửa sổ nhìn ra công viên/Bầu không khí bản địa/Giặt ủi miễn phí  — một không gian lưu trú ấm cúng, sang trọng tọa lạc tại Quận Hai Bà Trưng, Hà Nội.
Căn phòng tràn ngập ánh sáng tự nhiên với đầy đủ tiện nghi cao cấp, giường nệm êm ái, máy lạnh, TV và wifi tốc độ cao. Rất thuận tiện di chuyển tới các điểm tham quan, nhà hàng ẩm thực và quán cà phê nổi tiếng của Hà Nội.","Khu vực Quận Hai Bà Trưng an ninh, văn minh, gần nhiều địa điểm ăn uống, mua sắm và giải trí sầm uất tại Hà Nội.",https://a0.muscache.com/im/pictures/hosting/Hosting-1417186988526473111/original/a4336854-b8e9-4c36-8b33-1dfaa5a5a8f5.jpeg,47000087,https://www.airbnb.com.vn/users/show/47000087,Anna,2023-05-11,"Hà Nội, Việt Nam","Xin chào, tôi là Anna, đã có 3 năm kinh nghiệm làm host. Tôi yêu thích du lịch và luôn mong muốn đem lại trải nghiệm lưu trú thoải mái nhất cho khách.",trong vòng một giờ,100%,98%,f,https://a0.muscache.com/im/pictures/user/User-47000087/original/user_profile_7.jpeg,https://a0.muscache.com/im/pictures/user/User-47000087/original/user_profile_7.jpeg,Quận Hai Bà Trưng,7,5,"['email', 'phone', 'work_email']",t,t,Quận Hai Bà Trưng,Quận Hai Bà Trưng,Hà Nội,21.01537558993858,105.84743757567941,Phòng riêng trong nhà,Private room,4,1.0,1 phòng tắm,1,2,"[""Tự nhận phòng với hộp khóa an toàn"", ""Bể bơi"", ""Bồn tắm thư giãn"", ""Ban công ngắm cảnh"", ""Điều hòa nhiệt độ"", ""Thang máy"", ""Máy phát hiện khí CO"", ""Lò vi sóng"", ""Bàn ủi / Bàn là"", ""Bếp đầy đủ tiện nghi"", ""Wi-fi tốc độ cao"", ""Bộ chăn ga gối cao cấp"", ""Chỗ đỗ xe miễn phí trong khuôn viên"", ""TV màn hình phẳng"", ""Dầu gội & Sữa tắm"", ""Máy sấy tóc"", ""Máy báo khói""]","₫710,063",1,1125,1,2,1125,1125,1.0,1125.0,today,t,17,52,55,282,2026-09-26,76,32,6,2023-08-13,2026-09-21,4.93,4.98,4.81,5.0,5.0,4.92,4.91,,f,2,0,1,0,1.74,"[""https://a0.muscache.com/im/pictures/hosting/Hosting-1417186988526473111/original/a4336854-b8e9-4c36-8b33-1dfaa5a5a8f5.jpeg"", ""https://a0.muscache.com/im/pictures/hosting/Hosting-1417186988526473111/original/3df72c57-1379-460d-841a-63bdd074ed53.jpeg"", ""https://a0.muscache.com/im/pictures/hosting/Hosting-1417186988526473111/original/e267984b-ece1-426b-85e3-4d571de69294.jpeg"", ""https://a0.muscache.com/im/pictures/hosting/Hosting-1417186988526473111/original/5a230ae7-f103-491c-9076-45ae1fe5ac7b.jpeg"", ""https://a0.muscache.com/im/pictures/hosting/Hosting-1417186988526473111/original/364f872f-7a37-45ad-b2ff-760483937174.jpeg"", ""https://a0.muscache.com/im/pictures/hosting/Hosting-1417186988526473111/original/5ed651f0-591f-4bc2-81a5-ba6096ab3d92.jpeg""]",t,"[{""name"": ""Rùa"", ""avatar"": ""https://a0.muscache.com/im/pictures/user/avatar_rua.jpg""}, {""name"": ""Long"", ""avatar"": ""https://a0.muscache.com/im/pictures/user/avatar_long.jpg""}, {""name"": ""Dang Nguyen"", ""avatar"": ""https://a0.muscache.com/im/pictures/user/avatar_dang.jpg""}]","[{""name"": ""DECOR"", ""localizedName"": ""Trang trí"", ""count"": 9}, {""name"": ""INTERIOR"", ""localizedName"": ""Không gian bên trong"", ""count"": 9}, {""name"": ""CLEANLINESS"", ""localizedName"": ""Mức độ sạch sẽ"", ""count"": 17}, {""name"": ""LOCATION"", ""localizedName"": ""Địa điểm"", ""count"": 11}, {""name"": ""HOSPITALITY"", ""localizedName"": ""Hiếu khách"", ""count"": 2}]","[{""title"": ""Trải nghiệm nhận phòng xuất sắc"", ""subtitle"": ""Những khách ở gần đây đã xếp hạng 5 sao cho quy trình nhận phòng.""}, {""title"": ""Tự nhận phòng"", ""subtitle"": ""Tự nhận phòng với hộp khóa an toàn.""}]"
1528353159475021176,https://www.airbnb.com.vn/rooms/1528353159475021176,20260926000000,2026-09-26,city search,The Savile |Khu phố Pháp|Ban công|Tùy chọn bữa sáng,"Chào mừng bạn đến với The Savile |Khu phố Pháp|Ban công|Tùy chọn bữa sáng — một không gian lưu trú ấm cúng, sang trọng tọa lạc tại Quận Hai Bà Trưng, Hà Nội.
Căn phòng tràn ngập ánh sáng tự nhiên với đầy đủ tiện nghi cao cấp, giường nệm êm ái, máy lạnh, TV và wifi tốc độ cao. Rất thuận tiện di chuyển tới các điểm tham quan, nhà hàng ẩm thực và quán cà phê nổi tiếng của Hà Nội.","Khu vực Quận Hai Bà Trưng an ninh, văn minh, gần nhiều địa điểm ăn uống, mua sắm và giải trí sầm uất tại Hà Nội.",https://a0.muscache.com/im/pictures/hosting/Hosting-1528353159475021176/original/34f53917-c83d-47ca-9c4f-e65bb678a756.jpeg,47000088,https://www.airbnb.com.vn/users/show/47000088,David,2022-07-23,"Hà Nội, Việt Nam","Xin chào, tôi là David, đã có 4 năm kinh nghiệm làm host. Tôi yêu thích du lịch và luôn mong muốn đem lại trải nghiệm lưu trú thoải mái nhất cho khách.",trong vòng một giờ,100%,98%,t,https://a0.muscache.com/im/pictures/user/User-47000088/original/user_profile_8.jpeg,https://a0.muscache.com/im/pictures/user/User-47000088/original/user_profile_8.jpeg,Quận Hai Bà Trưng,4,4,"['email', 'phone', 'work_email']",t,t,Quận Hai Bà Trưng,Quận Hai Bà Trưng,Hà Nội,21.0185,105.8569,Toàn bộ căn hộ cho thuê,Entire home/apt,2,1.0,1 phòng tắm,1,1,"[""Tự nhận phòng với hộp khóa an toàn"", ""Bàn ủi / Bàn là"", ""Máy báo khói"", ""Ban công ngắm cảnh"", ""Lò vi sóng"", ""TV màn hình phẳng"", ""Bộ chăn ga gối cao cấp"", ""Wi-fi tốc độ cao"", ""Điều hòa nhiệt độ"", ""Máy sấy tóc"", ""Máy giặt"", ""Tủ lạnh"", ""Chỗ đỗ xe miễn phí trong khuôn viên"", ""Bếp đầy đủ tiện nghi"", ""Không gian riêng để làm việc"", ""Bể bơi"", ""Dầu gội & Sữa tắm""]","₫1,579,743",1,1125,1,2,1125,1125,1.0,1125.0,today,t,18,34,80,335,2026-09-26,32,3,4,2025-06-03,2026-09-23,4.94,4.86,4.95,5.0,5.0,4.83,4.86,,t,2,2,0,0,3.46,"[""https://a0.muscache.com/im/pictures/hosting/Hosting-1528353159475021176/original/34f53917-c83d-47ca-9c4f-e65bb678a756.jpeg"", ""https://a0.muscache.com/im/pictures/hosting/Hosting-1528353159475021176/original/7da3e29c-2494-4ae5-b6d3-b3d357f97a8f.jpeg"", ""https://a0.muscache.com/im/pictures/hosting/Hosting-1528353159475021176/original/0e4799db-bdb6-49f9-b810-6dbf536e5fd6.jpeg"", ""https://a0.muscache.com/im/pictures/hosting/Hosting-1528353159475021176/original/95cf1e87-2fec-4574-a521-059552dd9fa7.jpeg"", ""https://a0.muscache.com/im/pictures/hosting/Hosting-1528353159475021176/original/207e11ce-6403-427f-8303-e83cadf17d29.jpeg"", ""https://a0.muscache.com/im/pictures/hosting/Hosting-1528353159475021176/original/f9e50fa3-24a8-48f4-b0c5-63983c3e1f67.jpeg"", ""https://a0.muscache.com/im/pictures/hosting/Hosting-1528353159475021176/original/56fe280b-56f6-4321-b340-ee039b8c415b.jpeg"", ""https://a0.muscache.com/im/pictures/hosting/Hosting-1528353159475021176/original/e0e6b3af-6616-4ebe-b339-a4debaa28d60.jpeg"", ""https://a0.muscache.com/im/pictures/hosting/Hosting-1528353159475021176/original/cd45590a-534f-4603-903a-0858099a0ad2.jpeg"", ""https://a0.muscache.com/im/pictures/hosting/Hosting-1528353159475021176/original/128e575a-df75-4ab4-b7d7-9d90c6baacff.jpeg"", ""https://a0.muscache.com/im/pictures/hosting/Hosting-1528353159475021176/original/4356b007-8f65-4609-a270-d0adbb5ac934.jpeg"", ""https://a0.muscache.com/im/pictures/hosting/Hosting-1528353159475021176/original/b08cb469-683e-40ce-b166-ae2fd25817b4.jpeg"", ""https://a0.muscache.com/im/pictures/hosting/Hosting-1528353159475021176/original/80e7500e-b232-4099-9509-e20c08b058de.jpeg"", ""https://a0.muscache.com/im/pictures/hosting/Hosting-1528353159475021176/original/93fdbd8c-336f-4261-ba33-76f9124debf8.jpeg"", ""https://a0.muscache.com/im/pictures/hosting/Hosting-1528353159475021176/original/925b3993-a5ea-4f3e-8591-b56025c63ff9.jpeg"", ""https://a0.muscache.com/im/pictures/hosting/Hosting-1528353159475021176/original/3c3eefcd-0c0b-411a-84aa-f0549e20d18f.jpeg"", ""https://a0.muscache.com/im/pictures/hosting/Hosting-1528353159475021176/original/feba652c-074f-41ad-8051-dcaa30dbc7bf.jpeg"", ""https://a0.muscache.com/im/pictures/hosting/Hosting-1528353159475021176/original/84094630-65b5-4542-9522-c9cb8520a5e8.jpeg"", ""https://a0.muscache.com/im/pictures/hosting/Hosting-1528353159475021176/original/d95f9d9b-36b7-45bc-b329-ba7d3b022a97.jpeg"", ""https://a0.muscache.com/im/pictures/hosting/Hosting-1528353159475021176/original/04e67c3c-7ad7-4602-9c75-c95d5c54a64b.jpeg"", ""https://a0.muscache.com/im/pictures/hosting/Hosting-1528353159475021176/original/eb388b13-686f-4131-82b3-3d21d1b563b2.jpeg"", ""https://a0.muscache.com/im/pictures/hosting/Hosting-1528353159475021176/original/3ef80bd3-d803-4869-aae0-50f206d9b533.jpeg"", ""https://a0.muscache.com/im/pictures/hosting/Hosting-1528353159475021176/original/15e5b465-3fbf-4566-9f76-658f140dd9e7.jpeg"", ""https://a0.muscache.com/im/pictures/hosting/Hosting-1528353159475021176/original/a36b95ac-4be9-4c38-a09a-0e2d8ea31960.jpeg"", ""https://a0.muscache.com/im/pictures/hosting/Hosting-1528353159475021176/original/05ffdb7c-ba8e-4024-9368-e15dcb5d5fe6.jpeg"", ""https://a0.muscache.com/im/pictures/hosting/Hosting-1528353159475021176/original/660379d1-54ad-4cd2-9c66-13f607195dbc.jpeg"", ""https://a0.muscache.com/im/pictures/hosting/Hosting-1528353159475021176/original/ceef3bc1-f0c4-4058-a01b-f7102eaba3bc.jpeg"", ""https://a0.muscache.com/im/pictures/hosting/Hosting-1528353159475021176/original/790b7703-bccd-44af-8277-d61cbff7011c.jpeg"", ""https://a0.muscache.com/im/pictures/hosting/Hosting-1528353159475021176/original/e0235ca6-9f43-462d-aacf-9db1990cef96.jpeg""]",t,"[{""name"": ""Cindy"", ""avatar"": ""https://a0.muscache.com/im/pictures/user/avatar_cindy.jpg""}, {""name"": ""Rùa"", ""avatar"": ""https://a0.muscache.com/im/pictures/user/avatar_rua.jpg""}]","[{""name"": ""DECOR"", ""localizedName"": ""Trang trí"", ""count"": 10}, {""name"": ""INTERIOR"", ""localizedName"": ""Không gian bên trong"", ""count"": 15}, {""name"": ""CLEANLINESS"", ""localizedName"": ""Mức độ sạch sẽ"", ""count"": 8}, {""name"": ""LOCATION"", ""localizedName"": ""Địa điểm"", ""count"": 9}, {""name"": ""HOSPITALITY"", ""localizedName"": ""Hiếu khách"", ""count"": 2}]","[{""title"": ""Trải nghiệm nhận phòng xuất sắc"", ""subtitle"": ""Những khách ở gần đây đã xếp hạng 5 sao cho quy trình nhận phòng.""}, {""title"": ""Tự nhận phòng"", ""subtitle"": ""Tự nhận phòng với hộp khóa an toàn.""}]"
1755849370564123218,https://www.airbnb.com.vn/rooms/1755849370564123218,20260926000000,2026-09-26,city search,GIẢM GIÁ 20%/Phòng sạch sẽ và sáng sủa ở trung tâm Hà Nội,"Chào mừng bạn đến với GIẢM GIÁ 20%/Phòng sạch sẽ và sáng sủa ở trung tâm Hà Nội — một không gian lưu trú ấm cúng, sang trọng tọa lạc tại Quận Thanh Xuân, Hà Nội.
Căn phòng tràn ngập ánh sáng tự nhiên với đầy đủ tiện nghi cao cấp, giường nệm êm ái, máy lạnh, TV và wifi tốc độ cao. Rất thuận tiện di chuyển tới các điểm tham quan, nhà hàng ẩm thực và quán cà phê nổi tiếng của Hà Nội.","Khu vực Quận Thanh Xuân an ninh, văn minh, gần nhiều địa điểm ăn uống, mua sắm và giải trí sầm uất tại Hà Nội.",https://a0.muscache.com/im/pictures/hosting/Hosting-1755849370564123218/original/5fdea6d5-3299-42df-b384-01dc81ad72ee.jpeg,47000089,https://www.airbnb.com.vn/users/show/47000089,Mia,2021-08-08,"Hà Nội, Việt Nam","Xin chào, tôi là Mia, đã có 5 năm kinh nghiệm làm host. Tôi yêu thích du lịch và luôn mong muốn đem lại trải nghiệm lưu trú thoải mái nhất cho khách.",trong vòng một giờ,100%,98%,f,https://a0.muscache.com/im/pictures/user/User-47000089/original/user_profile_9.jpeg,https://a0.muscache.com/im/pictures/user/User-47000089/original/user_profile_9.jpeg,Quận Thanh Xuân,3,7,"['email', 'phone', 'work_email']",t,t,Quận Thanh Xuân,Quận Thanh Xuân,Hà Nội,21.0287,105.8339,Toàn bộ căn hộ cho thuê,Entire home/apt,2,1.0,1 phòng tắm,1,1,"[""Máy phát hiện khí CO"", ""Máy báo khói"", ""Máy sấy tóc"", ""Bếp đầy đủ tiện nghi"", ""Không gian riêng để làm việc"", ""Dầu gội & Sữa tắm"", ""TV màn hình phẳng"", ""Lò vi sóng"", ""Ban công ngắm cảnh"", ""Bồn tắm thư giãn"", ""Bể bơi"", ""Tự nhận phòng với hộp khóa an toàn"", ""Bộ chăn ga gối cao cấp"", ""Máy giặt"", ""Bàn ủi / Bàn là"", ""Chỗ đỗ xe miễn phí trong khuôn viên"", ""Wi-fi tốc độ cao"", ""Điều hòa nhiệt độ"", ""Thang máy"", ""Tủ lạnh""]","₫680,000",1,1125,1,2,1125,1125,1.0,1125.0,today,t,18,39,58,285,2026-09-26,4,1,0,2026-07-28,2026-09-10,5.0,4.93,4.89,5.0,5.0,4.84,4.85,,f,2,2,0,0,3.12,"[""https://a0.muscache.com/im/pictures/hosting/Hosting-1755849370564123218/original/5fdea6d5-3299-42df-b384-01dc81ad72ee.jpeg"", ""https://a0.muscache.com/im/pictures/hosting/Hosting-1755849370564123218/original/adf22ab8-8f8c-4771-b212-7b93cf331c08.png"", ""https://a0.muscache.com/im/pictures/hosting/Hosting-1755849370564123218/original/cf4dff4b-9a9a-45f8-9be2-0dd4bddaf721.jpeg"", ""https://a0.muscache.com/im/pictures/hosting/Hosting-1755849370564123218/original/4372bebc-b11a-4989-8716-c29f3e4a1b0f.jpeg"", ""https://a0.muscache.com/im/pictures/hosting/Hosting-1755849370564123218/original/af8ea63c-2ac4-4210-99a1-2f28618588f8.png"", ""https://a0.muscache.com/im/pictures/hosting/Hosting-1755849370564123218/original/7ef9ae97-82fc-4d4c-9f14-750d1d36a286.jpeg"", ""https://a0.muscache.com/im/pictures/hosting/Hosting-1755849370564123218/original/f07e1ce5-03fc-4d34-9e84-b0bd9eb2cad4.jpeg"", ""https://a0.muscache.com/im/pictures/hosting/Hosting-1755849370564123218/original/c6eec4c3-4ca0-404e-bb12-1ce4f15bf14c.jpeg"", ""https://a0.muscache.com/im/pictures/hosting/Hosting-1755849370564123218/original/a6c4542b-12ee-4c4e-ae9a-66c84369c640.jpeg"", ""https://a0.muscache.com/im/pictures/hosting/Hosting-1755849370564123218/original/367f6c32-2a60-460a-8fd7-47c474245ebf.jpeg"", ""https://a0.muscache.com/im/pictures/hosting/Hosting-1755849370564123218/original/a9a394d1-6ce7-41aa-b47f-be75b470381f.jpeg"", ""https://a0.muscache.com/im/pictures/hosting/Hosting-1755849370564123218/original/ac54d84b-1184-47e5-8ae3-5aa37a684fa7.jpeg"", ""https://a0.muscache.com/im/pictures/hosting/Hosting-1755849370564123218/original/d799c883-b85e-487d-88a4-6882558966bd.jpeg"", ""https://a0.muscache.com/im/pictures/hosting/Hosting-1755849370564123218/original/eda13670-fcfe-4d3b-a1ec-2a0ef99dbe72.jpeg"", ""https://a0.muscache.com/im/pictures/hosting/Hosting-1755849370564123218/original/27503a05-ea28-41f6-87e9-f8489d018cf8.jpeg"", ""https://a0.muscache.com/im/pictures/hosting/Hosting-1755849370564123218/original/69180840-29e2-481e-b32d-946b1d4e5434.jpeg"", ""https://a0.muscache.com/im/pictures/hosting/Hosting-1755849370564123218/original/9f8cbcf2-4cb4-4ffe-b4f5-3bf1c2875be9.jpeg"", ""https://a0.muscache.com/im/pictures/hosting/Hosting-1755849370564123218/original/3705b67e-4b29-450a-96df-be5a4ac8aaa6.jpeg""]",f,"[{""name"": ""Long"", ""avatar"": ""https://a0.muscache.com/im/pictures/user/avatar_long.jpg""}, {""name"": ""Cindy"", ""avatar"": ""https://a0.muscache.com/im/pictures/user/avatar_cindy.jpg""}, {""name"": ""Rùa"", ""avatar"": ""https://a0.muscache.com/im/pictures/user/avatar_rua.jpg""}]","[{""name"": ""DECOR"", ""localizedName"": ""Trang trí"", ""count"": 9}, {""name"": ""INTERIOR"", ""localizedName"": ""Không gian bên trong"", ""count"": 11}, {""name"": ""CLEANLINESS"", ""localizedName"": ""Mức độ sạch sẽ"", ""count"": 25}, {""name"": ""LOCATION"", ""localizedName"": ""Địa điểm"", ""count"": 18}, {""name"": ""HOSPITALITY"", ""localizedName"": ""Hiếu khách"", ""count"": 10}]","[{""title"": ""Trải nghiệm nhận phòng xuất sắc"", ""subtitle"": ""Những khách ở gần đây đã xếp hạng 5 sao cho quy trình nhận phòng.""}, {""title"": ""Tự nhận phòng"", ""subtitle"": ""Tự nhận phòng với hộp khóa an toàn.""}]"
1594185928364774936,https://www.airbnb.com.vn/rooms/1594185928364774936,20260926000000,2026-09-26,city search,Zen's House|Căn hộ 1 phòng ngủ|Phong cách Nhật Bản hiện đại|Bồn tắm,"Chào mừng bạn đến với Zen's House|Căn hộ 1 phòng ngủ|Phong cách Nhật Bản hiện đại|Bồn tắm — một không gian lưu trú ấm cúng, sang trọng tọa lạc tại Quận Tây Hồ, Hà Nội.
Căn phòng tràn ngập ánh sáng tự nhiên với đầy đủ tiện nghi cao cấp, giường nệm êm ái, máy lạnh, TV và wifi tốc độ cao. Rất thuận tiện di chuyển tới các điểm tham quan, nhà hàng ẩm thực và quán cà phê nổi tiếng của Hà Nội.","Khu vực Quận Tây Hồ an ninh, văn minh, gần nhiều địa điểm ăn uống, mua sắm và giải trí sầm uất tại Hà Nội.",https://a0.muscache.com/im/pictures/hosting/Hosting-1594185928364774936/original/13bec431-77af-4deb-a7f1-df08ffd85105.jpeg,47000090,https://www.airbnb.com.vn/users/show/47000090,Minh,2024-09-01,"Hà Nội, Việt Nam","Xin chào, tôi là Minh, đã có 2 năm kinh nghiệm làm host. Tôi yêu thích du lịch và luôn mong muốn đem lại trải nghiệm lưu trú thoải mái nhất cho khách.",trong vòng một giờ,100%,98%,t,https://a0.muscache.com/im/pictures/user/User-47000090/original/user_profile_0.jpeg,https://a0.muscache.com/im/pictures/user/User-47000090/original/user_profile_0.jpeg,Quận Tây Hồ,4,2,"['email', 'phone', 'work_email']",t,t,Quận Tây Hồ,Quận Tây Hồ,Hà Nội,21.08633,105.80985,Toàn bộ căn hộ cho thuê,Entire home/apt,2,1.0,1 phòng tắm,1,1,"[""Máy sấy tóc"", ""Bộ chăn ga gối cao cấp"", ""Ban công ngắm cảnh"", ""Bếp đầy đủ tiện nghi"", ""Tự nhận phòng với hộp khóa an toàn"", ""Tủ lạnh"", ""Dầu gội & Sữa tắm"", ""Chỗ đỗ xe miễn phí trong khuôn viên"", ""Máy báo khói"", ""Không gian riêng để làm việc"", ""Bồn tắm thư giãn"", ""Lò vi sóng"", ""Wi-fi tốc độ cao"", ""Thang máy"", ""Điều hòa nhiệt độ"", ""Bể bơi"", ""Máy giặt"", ""TV màn hình phẳng"", ""Máy phát hiện khí CO""]","₫1,500,000",1,1125,1,2,1125,1125,1.0,1125.0,today,t,13,34,54,317,2026-09-26,17,14,1,2026-01-14,2026-09-15,4.88,4.84,4.89,5.0,5.0,4.93,4.79,,t,2,2,0,0,2.06,"[""https://a0.muscache.com/im/pictures/hosting/Hosting-1594185928364774936/original/13bec431-77af-4deb-a7f1-df08ffd85105.jpeg"", ""https://a0.muscache.com/im/pictures/hosting/Hosting-1594185928364774936/original/7fe00161-cf04-4291-afcd-60d165e24660.jpeg"", ""https://a0.muscache.com/im/pictures/hosting/Hosting-1594185928364774936/original/5255df5f-dc11-4e3f-ac7a-7691a605d21e.jpeg"", ""https://a0.muscache.com/im/pictures/hosting/Hosting-1594185928364774936/original/bf5afc8f-4b1b-4c9d-a352-5e77cec6d88e.jpeg"", ""https://a0.muscache.com/im/pictures/hosting/Hosting-1594185928364774936/original/0d8bbda6-7e53-485b-af2e-7550d7628f30.jpeg"", ""https://a0.muscache.com/im/pictures/hosting/Hosting-1594185928364774936/original/449b8854-6e0b-4ce7-9fbc-41243fe17de9.jpeg"", ""https://a0.muscache.com/im/pictures/hosting/Hosting-1594185928364774936/original/4fd0244c-cbe7-4420-bcdb-aa5663fe991b.jpeg"", ""https://a0.muscache.com/im/pictures/hosting/Hosting-1594185928364774936/original/d7ba4c60-c1ed-4333-b28e-781728b8ad14.jpeg"", ""https://a0.muscache.com/im/pictures/hosting/Hosting-1594185928364774936/original/fd016e25-b95f-4bbe-a32e-362179bfa6c7.jpeg"", ""https://a0.muscache.com/im/pictures/hosting/Hosting-1594185928364774936/original/a1fa8ff0-319f-4a6b-ac5b-1e18abc1c3a5.jpeg"", ""https://a0.muscache.com/im/pictures/hosting/Hosting-1594185928364774936/original/e313b48c-871b-4791-8d90-c98f20720a32.jpeg"", ""https://a0.muscache.com/im/pictures/hosting/Hosting-1594185928364774936/original/2cbd0490-3572-4592-a9d8-eae7d7b6cf6a.jpeg"", ""https://a0.muscache.com/im/pictures/hosting/Hosting-1594185928364774936/original/487a0ce5-c138-44c8-b35c-cd7d6adc1913.jpeg"", ""https://a0.muscache.com/im/pictures/hosting/Hosting-1594185928364774936/original/9c802fe8-2d81-4f1d-9160-22465a97b849.jpeg"", ""https://a0.muscache.com/im/pictures/hosting/Hosting-1594185928364774936/original/279b5cfb-c715-4ab3-b294-af085fad3c22.jpeg"", ""https://a0.muscache.com/im/pictures/hosting/Hosting-1594185928364774936/original/cc399647-879e-4f60-9e46-a4d4a6c2726b.jpeg"", ""https://a0.muscache.com/im/pictures/hosting/Hosting-1594185928364774936/original/05875e21-cdee-4009-81f9-1036c945d29c.jpeg"", ""https://a0.muscache.com/im/pictures/hosting/Hosting-1594185928364774936/original/317629f6-3f03-450d-a909-bfce586c3b02.jpeg"", ""https://a0.muscache.com/im/pictures/hosting/Hosting-1594185928364774936/original/eadd568e-92e0-46d2-9df4-ed97ab5f8b33.jpeg"", ""https://a0.muscache.com/im/pictures/hosting/Hosting-1594185928364774936/original/1aa8b62a-d9a8-4157-b459-a56523951136.jpeg"", ""https://a0.muscache.com/im/pictures/hosting/Hosting-1594185928364774936/original/da1c8241-5453-45a2-9f4e-59712d3aa5c4.jpeg"", ""https://a0.muscache.com/im/pictures/hosting/Hosting-1594185928364774936/original/871fadf5-ffc7-4cb0-917f-1f873209bf4f.jpeg"", ""https://a0.muscache.com/im/pictures/hosting/Hosting-1594185928364774936/original/8169fe02-7c1f-4170-bbe4-ed6da14b78fe.jpeg"", ""https://a0.muscache.com/im/pictures/hosting/Hosting-1594185928364774936/original/60855d4c-9ba1-41f4-910f-53feefacdc71.jpeg""]",t,"[{""name"": ""Long"", ""avatar"": ""https://a0.muscache.com/im/pictures/user/avatar_long.jpg""}, {""name"": ""Rùa"", ""avatar"": ""https://a0.muscache.com/im/pictures/user/avatar_rua.jpg""}]","[{""name"": ""DECOR"", ""localizedName"": ""Trang trí"", ""count"": 5}, {""name"": ""INTERIOR"", ""localizedName"": ""Không gian bên trong"", ""count"": 4}, {""name"": ""CLEANLINESS"", ""localizedName"": ""Mức độ sạch sẽ"", ""count"": 16}, {""name"": ""LOCATION"", ""localizedName"": ""Địa điểm"", ""count"": 19}, {""name"": ""HOSPITALITY"", ""localizedName"": ""Hiếu khách"", ""count"": 15}]","[{""title"": ""Trải nghiệm nhận phòng xuất sắc"", ""subtitle"": ""Những khách ở gần đây đã xếp hạng 5 sao cho quy trình nhận phòng.""}, {""title"": ""Tự nhận phòng"", ""subtitle"": ""Tự nhận phòng với hộp khóa an toàn.""}]"
1708033902776576600,https://www.airbnb.com.vn/rooms/1708033902776576600,20260926000000,2026-09-26,city search,Ban công nhìn ra hồ | Chỗ ở phong cách Japandi | Chỗ chứa hành lý,"Chào mừng bạn đến với Ban công nhìn ra hồ | Chỗ ở phong cách Japandi | Chỗ chứa hành lý — một không gian lưu trú ấm cúng, sang trọng tọa lạc tại Quận Tây Hồ, Hà Nội.
Căn phòng tràn ngập ánh sáng tự nhiên với đầy đủ tiện nghi cao cấp, giường nệm êm ái, máy lạnh, TV và wifi tốc độ cao. Rất thuận tiện di chuyển tới các điểm tham quan, nhà hàng ẩm thực và quán cà phê nổi tiếng của Hà Nội.","Khu vực Quận Tây Hồ an ninh, văn minh, gần nhiều địa điểm ăn uống, mua sắm và giải trí sầm uất tại Hà Nội.",https://a0.muscache.com/im/pictures/hosting/Hosting-1708033902776576600/original/45476fef-102b-4807-a5c6-202de8a02f50.jpeg,47000091,https://www.airbnb.com.vn/users/show/47000091,Anh,2024-12-16,"Hà Nội, Việt Nam","Xin chào, tôi là Anh, đã có 1 năm kinh nghiệm làm host. Tôi yêu thích du lịch và luôn mong muốn đem lại trải nghiệm lưu trú thoải mái nhất cho khách.",trong vòng một giờ,100%,98%,f,https://a0.muscache.com/im/pictures/user/User-47000091/original/user_profile_1.jpeg,https://a0.muscache.com/im/pictures/user/User-47000091/original/user_profile_1.jpeg,Quận Tây Hồ,9,6,"['email', 'phone', 'work_email']",t,t,Quận Tây Hồ,Quận Tây Hồ,Hà Nội,21.0546,105.8355,Phòng riêng trong nhà,Private room,2,1.0,1 phòng tắm,1,1,"[""Bếp đầy đủ tiện nghi"", ""Wi-fi tốc độ cao"", ""Máy phát hiện khí CO"", ""Bồn tắm thư giãn"", ""Điều hòa nhiệt độ"", ""Tủ lạnh"", ""Không gian riêng để làm việc"", ""Lò vi sóng"", ""TV màn hình phẳng"", ""Bể bơi"", ""Chỗ đỗ xe miễn phí trong khuôn viên"", ""Thang máy"", ""Máy giặt"", ""Bộ chăn ga gối cao cấp"", ""Bàn ủi / Bàn là"", ""Ban công ngắm cảnh"", ""Dầu gội & Sữa tắm""]","₫609,600",1,1125,1,2,1125,1125,1.0,1125.0,today,t,24,52,59,308,2026-09-26,109,3,6,2023-06-14,2026-09-04,4.85,4.93,4.84,5.0,5.0,4.77,4.88,,f,2,0,1,0,2.5,"[""https://a0.muscache.com/im/pictures/hosting/Hosting-1708033902776576600/original/45476fef-102b-4807-a5c6-202de8a02f50.jpeg"", ""https://a0.muscache.com/im/pictures/hosting/Hosting-1708033902776576600/original/f24afac3-5491-4b37-88b4-a0b8769dfd33.jpeg"", ""https://a0.muscache.com/im/pictures/hosting/Hosting-1708033902776576600/original/9d72632f-fce6-483b-baf8-2db40c2401e2.jpeg"", ""https://a0.muscache.com/im/pictures/hosting/Hosting-1708033902776576600/original/c2103c1c-aca8-4f94-8764-d11e322cf1c3.jpeg"", ""https://a0.muscache.com/im/pictures/hosting/Hosting-1708033902776576600/original/f42b62e7-956e-4e4c-9af8-c3fcda5c5ac3.jpeg"", ""https://a0.muscache.com/im/pictures/hosting/Hosting-1708033902776576600/original/0c637351-c492-4813-8504-5d7efe1c0df4.jpeg""]",f,"[{""name"": ""Rùa"", ""avatar"": ""https://a0.muscache.com/im/pictures/user/avatar_rua.jpg""}]","[{""name"": ""DECOR"", ""localizedName"": ""Trang trí"", ""count"": 14}, {""name"": ""INTERIOR"", ""localizedName"": ""Không gian bên trong"", ""count"": 16}, {""name"": ""CLEANLINESS"", ""localizedName"": ""Mức độ sạch sẽ"", ""count"": 7}, {""name"": ""LOCATION"", ""localizedName"": ""Địa điểm"", ""count"": 19}, {""name"": ""HOSPITALITY"", ""localizedName"": ""Hiếu khách"", ""count"": 6}]","[{""title"": ""Trải nghiệm nhận phòng xuất sắc"", ""subtitle"": ""Những khách ở gần đây đã xếp hạng 5 sao cho quy trình nhận phòng.""}, {""title"": ""Tự nhận phòng"", ""subtitle"": ""Tự nhận phòng với hộp khóa an toàn.""}]"
1665665191070155881,https://www.airbnb.com.vn/rooms/1665665191070155881,20260926000000,2026-09-26,city search,Gần Hồ Tây | Bếp đầy đủ tiện nghi | Máy giặt,"Chào mừng bạn đến với Gần Hồ Tây | Bếp đầy đủ tiện nghi | Máy giặt — một không gian lưu trú ấm cúng, sang trọng tọa lạc tại Quận Tây Hồ, Hà Nội.
Căn phòng tràn ngập ánh sáng tự nhiên với đầy đủ tiện nghi cao cấp, giường nệm êm ái, máy lạnh, TV và wifi tốc độ cao. Rất thuận tiện di chuyển tới các điểm tham quan, nhà hàng ẩm thực và quán cà phê nổi tiếng của Hà Nội.","Khu vực Quận Tây Hồ an ninh, văn minh, gần nhiều địa điểm ăn uống, mua sắm và giải trí sầm uất tại Hà Nội.",https://a0.muscache.com/im/pictures/hosting/Hosting-1665665191070155881/original/51470767-1bf7-45fa-862f-fa8388071378.png,47000092,https://www.airbnb.com.vn/users/show/47000092,Linh,2024-03-15,"Hà Nội, Việt Nam","Xin chào, tôi là Linh, đã có 2 năm kinh nghiệm làm host. Tôi yêu thích du lịch và luôn mong muốn đem lại trải nghiệm lưu trú thoải mái nhất cho khách.",trong vòng một giờ,100%,98%,t,https://a0.muscache.com/im/pictures/user/User-47000092/original/user_profile_2.jpeg,https://a0.muscache.com/im/pictures/user/User-47000092/original/user_profile_2.jpeg,Quận Tây Hồ,4,5,"['email', 'phone', 'work_email']",t,t,Quận Tây Hồ,Quận Tây Hồ,Hà Nội,21.078591696916714,105.82412713582399,Phòng riêng trong nhà,Private room,2,1.0,1 phòng tắm,1,1,"[""Bàn ủi / Bàn là"", ""Máy sấy tóc"", ""Máy giặt"", ""Dầu gội & Sữa tắm"", ""Điều hòa nhiệt độ"", ""Bồn tắm thư giãn"", ""Bộ chăn ga gối cao cấp"", ""Thang máy"", ""Tủ lạnh"", ""Wi-fi tốc độ cao"", ""Chỗ đỗ xe miễn phí trong khuôn viên"", ""TV màn hình phẳng"", ""Máy phát hiện khí CO"", ""Bể bơi""]","₫595,641",1,1125,1,2,1125,1125,1.0,1125.0,today,t,20,37,85,232,2026-09-26,4,2,4,2026-07-28,2026-09-15,5.0,4.89,4.97,5.0,5.0,4.8,4.77,,t,2,0,1,0,2.62,"[""https://a0.muscache.com/im/pictures/hosting/Hosting-1665665191070155881/original/51470767-1bf7-45fa-862f-fa8388071378.png"", ""https://a0.muscache.com/im/pictures/hosting/Hosting-1665665191070155881/original/869a2095-8845-4acc-992b-3c883afd6c60.png"", ""https://a0.muscache.com/im/pictures/hosting/Hosting-1665665191070155881/original/ecebefd9-bddc-45dd-bd41-f39fb13fd0d4.png"", ""https://a0.muscache.com/im/pictures/hosting/Hosting-1665665191070155881/original/1d0b1405-2b04-4644-b343-43fb1fbeeb47.png"", ""https://a0.muscache.com/im/pictures/hosting/Hosting-1665665191070155881/original/2a796141-b19b-4c90-8823-d7d4c374b0aa.png"", ""https://a0.muscache.com/im/pictures/hosting/Hosting-1665665191070155881/original/a6bb2581-9394-4060-bf92-03bfd9cc856b.png""]",f,"[{""name"": ""Long"", ""avatar"": ""https://a0.muscache.com/im/pictures/user/avatar_long.jpg""}]","[{""name"": ""DECOR"", ""localizedName"": ""Trang trí"", ""count"": 15}, {""name"": ""INTERIOR"", ""localizedName"": ""Không gian bên trong"", ""count"": 14}, {""name"": ""CLEANLINESS"", ""localizedName"": ""Mức độ sạch sẽ"", ""count"": 15}, {""name"": ""LOCATION"", ""localizedName"": ""Địa điểm"", ""count"": 16}, {""name"": ""HOSPITALITY"", ""localizedName"": ""Hiếu khách"", ""count"": 2}]","[{""title"": ""Trải nghiệm nhận phòng xuất sắc"", ""subtitle"": ""Những khách ở gần đây đã xếp hạng 5 sao cho quy trình nhận phòng.""}, {""title"": ""Tự nhận phòng"", ""subtitle"": ""Tự nhận phòng với hộp khóa an toàn.""}]"
1727290601476899907,https://www.airbnb.com.vn/rooms/1727290601476899907,20260926000000,2026-09-26,city search,Studio 35m2 Tại Tây Hồ - Có ban công riêng,"Chào mừng bạn đến với Studio 35m2 Tại Tây Hồ - Có ban công riêng — một không gian lưu trú ấm cúng, sang trọng tọa lạc tại Quận Hai Bà Trưng, Hà Nội.
Căn phòng tràn ngập ánh sáng tự nhiên với đầy đủ tiện nghi cao cấp, giường nệm êm ái, máy lạnh, TV và wifi tốc độ cao. Rất thuận tiện di chuyển tới các điểm tham quan, nhà hàng ẩm thực và quán cà phê nổi tiếng của Hà Nội.","Khu vực Quận Hai Bà Trưng an ninh, văn minh, gần nhiều địa điểm ăn uống, mua sắm và giải trí sầm uất tại Hà Nội.",https://a0.muscache.com/im/pictures/hosting/Hosting-1727290601476899907/original/a1ade541-d2c3-4063-8d90-9bed1155b1a8.jpeg,47000093,https://www.airbnb.com.vn/users/show/47000093,Hương,2021-12-30,"Hà Nội, Việt Nam","Xin chào, tôi là Hương, đã có 4 năm kinh nghiệm làm host. Tôi yêu thích du lịch và luôn mong muốn đem lại trải nghiệm lưu trú thoải mái nhất cho khách.",trong vòng một giờ,100%,98%,f,https://a0.muscache.com/im/pictures/user/User-47000093/original/user_profile_3.jpeg,https://a0.muscache.com/im/pictures/user/User-47000093/original/user_profile_3.jpeg,Quận Hai Bà Trưng,5,6,"['email', 'phone', 'work_email']",t,t,Quận Hai Bà Trưng,Quận Hai Bà Trưng,Hà Nội,21.0679,105.8323,Phòng riêng trong nhà,Private room,2,2.0,2 phòng tắm,1,1,"[""Wi-fi tốc độ cao"", ""Điều hòa nhiệt độ"", ""Chỗ đỗ xe miễn phí trong khuôn viên"", ""Máy giặt"", ""Ban công ngắm cảnh"", ""Thang máy"", ""Bếp đầy đủ tiện nghi"", ""Lò vi sóng"", ""Bộ chăn ga gối cao cấp"", ""Máy sấy tóc"", ""Máy phát hiện khí CO"", ""Bể bơi"", ""Máy báo khói"", ""Tủ lạnh"", ""Không gian riêng để làm việc"", ""Bồn tắm thư giãn"", ""TV màn hình phẳng""]","₫640,533",1,1125,1,2,1125,1125,1.0,1125.0,today,t,14,51,60,338,2026-09-26,7,1,3,2026-06-13,2026-09-11,5.0,4.97,4.86,5.0,5.0,4.71,4.79,,f,2,0,1,0,2.52,"[""https://a0.muscache.com/im/pictures/hosting/Hosting-1727290601476899907/original/a1ade541-d2c3-4063-8d90-9bed1155b1a8.jpeg"", ""https://a0.muscache.com/im/pictures/hosting/Hosting-1727290601476899907/original/0da00d40-48ad-44e2-8494-4f97240a0dbf.jpeg"", ""https://a0.muscache.com/im/pictures/hosting/Hosting-1727290601476899907/original/ddaea469-6099-4bab-bd51-a81f818aec02.jpeg"", ""https://a0.muscache.com/im/pictures/hosting/Hosting-1727290601476899907/original/69a83707-2827-4d19-b715-3ea4f9db01a3.jpeg"", ""https://a0.muscache.com/im/pictures/hosting/Hosting-1727290601476899907/original/bfbd0f8d-219d-40e8-b4cd-7be4458211f9.jpeg"", ""https://a0.muscache.com/im/pictures/hosting/Hosting-1727290601476899907/original/295ffdc9-356f-4e27-a3c4-3e8dc7dda2fb.jpeg""]",t,"[{""name"": ""Dang Nguyen"", ""avatar"": ""https://a0.muscache.com/im/pictures/user/avatar_dang.jpg""}, {""name"": ""Long"", ""avatar"": ""https://a0.muscache.com/im/pictures/user/avatar_long.jpg""}]","[{""name"": ""DECOR"", ""localizedName"": ""Trang trí"", ""count"": 6}, {""name"": ""INTERIOR"", ""localizedName"": ""Không gian bên trong"", ""count"": 2}, {""name"": ""CLEANLINESS"", ""localizedName"": ""Mức độ sạch sẽ"", ""count"": 4}, {""name"": ""LOCATION"", ""localizedName"": ""Địa điểm"", ""count"": 13}, {""name"": ""HOSPITALITY"", ""localizedName"": ""Hiếu khách"", ""count"": 10}]","[{""title"": ""Trải nghiệm nhận phòng xuất sắc"", ""subtitle"": ""Những khách ở gần đây đã xếp hạng 5 sao cho quy trình nhận phòng.""}, {""title"": ""Tự nhận phòng"", ""subtitle"": ""Tự nhận phòng với hộp khóa an toàn.""}]"
1539242242683287704,https://www.airbnb.com.vn/rooms/1539242242683287704,20260926000000,2026-09-26,city search,Căn hộ Helix - 2 phút đến Hồ Tây,"Chào mừng bạn đến với Căn hộ Helix - 2 phút đến Hồ Tây — một không gian lưu trú ấm cúng, sang trọng tọa lạc tại Quận Tây Hồ, Hà Nội.
Căn phòng tràn ngập ánh sáng tự nhiên với đầy đủ tiện nghi cao cấp, giường nệm êm ái, máy lạnh, TV và wifi tốc độ cao. Rất thuận tiện di chuyển tới các điểm tham quan, nhà hàng ẩm thực và quán cà phê nổi tiếng của Hà Nội.","Khu vực Quận Tây Hồ an ninh, văn minh, gần nhiều địa điểm ăn uống, mua sắm và giải trí sầm uất tại Hà Nội.",https://a0.muscache.com/im/pictures/hosting/Hosting-1539242242683287704/original/2f8a8fc7-cc41-4a44-911a-77cd700a8afb.jpeg,47000094,https://www.airbnb.com.vn/users/show/47000094,Phương,2019-12-10,"Hà Nội, Việt Nam","Xin chào, tôi là Phương, đã có 6 năm kinh nghiệm làm host. Tôi yêu thích du lịch và luôn mong muốn đem lại trải nghiệm lưu trú thoải mái nhất cho khách.",trong vòng một giờ,100%,98%,t,https://a0.muscache.com/im/pictures/user/User-47000094/original/user_profile_4.jpeg,https://a0.muscache.com/im/pictures/user/User-47000094/original/user_profile_4.jpeg,Quận Tây Hồ,9,8,"['email', 'phone', 'work_email']",t,t,Quận Tây Hồ,Quận Tây Hồ,Hà Nội,21.05162254164,105.81003825105655,Phòng riêng trong nhà,Private room,4,1.0,1 phòng tắm,1,2,"[""Chỗ đỗ xe miễn phí trong khuôn viên"", ""Bộ chăn ga gối cao cấp"", ""Ban công ngắm cảnh"", ""Tự nhận phòng với hộp khóa an toàn"", ""Thang máy"", ""Bàn ủi / Bàn là"", ""Wi-fi tốc độ cao"", ""Bếp đầy đủ tiện nghi"", ""Tủ lạnh"", ""Dầu gội & Sữa tắm"", ""Điều hòa nhiệt độ"", ""TV màn hình phẳng"", ""Bồn tắm thư giãn"", ""Máy sấy tóc"", ""Máy giặt"", ""Bể bơi""]","₫590,000",1,1125,1,2,1125,1125,1.0,1125.0,today,t,28,49,62,330,2026-09-26,38,23,2,2025-03-05,2026-09-18,5.0,4.94,4.83,5.0,5.0,4.81,4.94,,t,2,0,1,0,3.85,"[""https://a0.muscache.com/im/pictures/hosting/Hosting-1539242242683287704/original/2f8a8fc7-cc41-4a44-911a-77cd700a8afb.jpeg"", ""https://a0.muscache.com/im/pictures/hosting/Hosting-1539242242683287704/original/0e4b442a-227b-4e3b-b466-115a3c7716ad.jpeg"", ""https://a0.muscache.com/im/pictures/hosting/Hosting-1539242242683287704/original/7cedfb53-73fe-4c5a-8e29-eef309a3707b.jpeg"", ""https://a0.muscache.com/im/pictures/hosting/Hosting-1539242242683287704/original/39564772-806d-4998-ba98-12a096f0a711.jpeg"", ""https://a0.muscache.com/im/pictures/hosting/Hosting-1539242242683287704/original/f9baeae5-118e-4c3b-859e-de95a829314a.jpeg"", ""https://a0.muscache.com/im/pictures/hosting/Hosting-1539242242683287704/original/d17576aa-b20c-46f1-94e3-4a8d0db7b447.jpeg""]",t,"[{""name"": ""Dang Nguyen"", ""avatar"": ""https://a0.muscache.com/im/pictures/user/avatar_dang.jpg""}, {""name"": ""Rùa"", ""avatar"": ""https://a0.muscache.com/im/pictures/user/avatar_rua.jpg""}]","[{""name"": ""DECOR"", ""localizedName"": ""Trang trí"", ""count"": 18}, {""name"": ""INTERIOR"", ""localizedName"": ""Không gian bên trong"", ""count"": 4}, {""name"": ""CLEANLINESS"", ""localizedName"": ""Mức độ sạch sẽ"", ""count"": 17}, {""name"": ""LOCATION"", ""localizedName"": ""Địa điểm"", ""count"": 6}, {""name"": ""HOSPITALITY"", ""localizedName"": ""Hiếu khách"", ""count"": 8}]","[{""title"": ""Trải nghiệm nhận phòng xuất sắc"", ""subtitle"": ""Những khách ở gần đây đã xếp hạng 5 sao cho quy trình nhận phòng.""}, {""title"": ""Tự nhận phòng"", ""subtitle"": ""Tự nhận phòng với hộp khóa an toàn.""}]"
1541858952432723970,https://www.airbnb.com.vn/rooms/1541858952432723970,20260926000000,2026-09-26,city search,Bao House Lạc Long Quân Tầng 4 - Ban công 1 phòng ngủ ấm cúng,"Chào mừng bạn đến với Bao House Lạc Long Quân Tầng 4 - Ban công 1 phòng ngủ ấm cúng — một không gian lưu trú ấm cúng, sang trọng tọa lạc tại Quận Tây Hồ, Hà Nội.
Căn phòng tràn ngập ánh sáng tự nhiên với đầy đủ tiện nghi cao cấp, giường nệm êm ái, máy lạnh, TV và wifi tốc độ cao. Rất thuận tiện di chuyển tới các điểm tham quan, nhà hàng ẩm thực và quán cà phê nổi tiếng của Hà Nội.","Khu vực Quận Tây Hồ an ninh, văn minh, gần nhiều địa điểm ăn uống, mua sắm và giải trí sầm uất tại Hà Nội.",https://a0.muscache.com/im/pictures/hosting/Hosting-1541858952432723970/original/a2f009de-3296-4e5c-a982-feaff9099b22.jpeg,47000095,https://www.airbnb.com.vn/users/show/47000095,Hà,2024-06-23,"Hà Nội, Việt Nam","Xin chào, tôi là Hà, đã có 2 năm kinh nghiệm làm host. Tôi yêu thích du lịch và luôn mong muốn đem lại trải nghiệm lưu trú thoải mái nhất cho khách.",trong vòng một giờ,100%,98%,f,https://a0.muscache.com/im/pictures/user/User-47000095/original/user_profile_5.jpeg,https://a0.muscache.com/im/pictures/user/User-47000095/original/user_profile_5.jpeg,Quận Tây Hồ,5,8,"['email', 'phone', 'work_email']",t,t,Quận Tây Hồ,Quận Tây Hồ,Hà Nội,21.0696,105.812,Phòng riêng trong nhà,Private room,2,1.0,1 phòng tắm,1,1,"[""Wi-fi tốc độ cao"", ""Không gian riêng để làm việc"", ""Chỗ đỗ xe miễn phí trong khuôn viên"", ""Bể bơi"", ""Bếp đầy đủ tiện nghi"", ""Máy sấy tóc"", ""Tủ lạnh"", ""Bộ chăn ga gối cao cấp"", ""Bồn tắm thư giãn"", ""Lò vi sóng"", ""Điều hòa nhiệt độ"", ""Máy giặt"", ""Ban công ngắm cảnh"", ""Dầu gội & Sữa tắm"", ""TV màn hình phẳng"", ""Tự nhận phòng với hộp khóa an toàn"", ""Máy phát hiện khí CO"", ""Máy báo khói"", ""Bàn ủi / Bàn là"", ""Thang máy""]","₫585,000",1,1125,1,2,1125,1125,1.0,1125.0,today,t,20,34,80,305,2026-09-26,15,2,6,2026-02-13,2026-09-16,4.8,4.87,4.98,5.0,5.0,5.0,4.77,,f,2,0,1,0,4.63,"[""https://a0.muscache.com/im/pictures/hosting/Hosting-1541858952432723970/original/a2f009de-3296-4e5c-a982-feaff9099b22.jpeg"", ""https://a0.muscache.com/im/pictures/hosting/Hosting-1541858952432723970/original/fedc0cfd-86b1-420b-ad76-090eeace0b59.jpeg"", ""https://a0.muscache.com/im/pictures/hosting/Hosting-1541858952432723970/original/ffed4471-4833-4be2-84b3-ba6e2962d884.jpeg"", ""https://a0.muscache.com/im/pictures/hosting/Hosting-1541858952432723970/original/9a507fe0-3931-495d-8c59-73a17de07347.jpeg"", ""https://a0.muscache.com/im/pictures/hosting/Hosting-1541858952432723970/original/9c8539d7-c2ed-4438-a08c-b43d2cde4069.jpeg"", ""https://a0.muscache.com/im/pictures/hosting/Hosting-1541858952432723970/original/278a3050-cf40-49e9-a9d2-794bc386d0fb.jpeg""]",f,"[{""name"": ""Cindy"", ""avatar"": ""https://a0.muscache.com/im/pictures/user/avatar_cindy.jpg""}, {""name"": ""Long"", ""avatar"": ""https://a0.muscache.com/im/pictures/user/avatar_long.jpg""}]","[{""name"": ""DECOR"", ""localizedName"": ""Trang trí"", ""count"": 5}, {""name"": ""INTERIOR"", ""localizedName"": ""Không gian bên trong"", ""count"": 5}, {""name"": ""CLEANLINESS"", ""localizedName"": ""Mức độ sạch sẽ"", ""count"": 9}, {""name"": ""LOCATION"", ""localizedName"": ""Địa điểm"", ""count"": 9}, {""name"": ""HOSPITALITY"", ""localizedName"": ""Hiếu khách"", ""count"": 5}]","[{""title"": ""Trải nghiệm nhận phòng xuất sắc"", ""subtitle"": ""Những khách ở gần đây đã xếp hạng 5 sao cho quy trình nhận phòng.""}, {""title"": ""Tự nhận phòng"", ""subtitle"": ""Tự nhận phòng với hộp khóa an toàn.""}]"
1392426868118313679,https://www.airbnb.com.vn/rooms/1392426868118313679,20260926000000,2026-09-26,city search,XOI Lumi Lakeside 1BR-50m ²|Nhà bếp|Giặt ủi @CBD,"Chào mừng bạn đến với XOI Lumi Lakeside 1BR-50m ²|Nhà bếp|Giặt ủi @CBD — một không gian lưu trú ấm cúng, sang trọng tọa lạc tại Quận Tây Hồ, Hà Nội.
Căn phòng tràn ngập ánh sáng tự nhiên với đầy đủ tiện nghi cao cấp, giường nệm êm ái, máy lạnh, TV và wifi tốc độ cao. Rất thuận tiện di chuyển tới các điểm tham quan, nhà hàng ẩm thực và quán cà phê nổi tiếng của Hà Nội.","Khu vực Quận Tây Hồ an ninh, văn minh, gần nhiều địa điểm ăn uống, mua sắm và giải trí sầm uất tại Hà Nội.",https://a0.muscache.com/im/pictures/hosting/Hosting-U3RheVN1cHBseUxpc3Rpbmc6MTM5MjQyNjg2ODExODMxMzY3OQ==/original/15e4cbff-7959-4738-a1b8-76090eff1d20.jpeg,47000096,https://www.airbnb.com.vn/users/show/47000096,Trang,2020-02-14,"Hà Nội, Việt Nam","Xin chào, tôi là Trang, đã có 6 năm kinh nghiệm làm host. Tôi yêu thích du lịch và luôn mong muốn đem lại trải nghiệm lưu trú thoải mái nhất cho khách.",trong vòng một giờ,100%,98%,t,https://a0.muscache.com/im/pictures/user/User-47000096/original/user_profile_6.jpeg,https://a0.muscache.com/im/pictures/user/User-47000096/original/user_profile_6.jpeg,Quận Tây Hồ,8,10,"['email', 'phone', 'work_email']",t,t,Quận Tây Hồ,Quận Tây Hồ,Hà Nội,21.0682,105.8248,Toàn bộ căn hộ cho thuê,Entire home/apt,2,1.0,1 phòng tắm,1,1,"[""Bồn tắm thư giãn"", ""Bếp đầy đủ tiện nghi"", ""Lò vi sóng"", ""Chỗ đỗ xe miễn phí trong khuôn viên"", ""Bộ chăn ga gối cao cấp"", ""Bể bơi"", ""Điều hòa nhiệt độ"", ""TV màn hình phẳng"", ""Tự nhận phòng với hộp khóa an toàn"", ""Bàn ủi / Bàn là"", ""Không gian riêng để làm việc"", ""Wi-fi tốc độ cao"", ""Dầu gội & Sữa tắm"", ""Máy sấy tóc"", ""Máy báo khói"", ""Ban công ngắm cảnh"", ""Máy giặt"", ""Máy phát hiện khí CO"", ""Thang máy"", ""Tủ lạnh""]","₫1,160,205",1,1125,1,2,1125,1125,1.0,1125.0,today,t,24,31,68,224,2026-09-26,69,4,6,2023-11-26,2026-09-23,4.9,4.87,4.94,5.0,5.0,4.85,4.79,,t,2,2,0,0,2.9,"[""https://a0.muscache.com/im/pictures/hosting/Hosting-U3RheVN1cHBseUxpc3Rpbmc6MTM5MjQyNjg2ODExODMxMzY3OQ==/original/15e4cbff-7959-4738-a1b8-76090eff1d20.jpeg"", ""https://a0.muscache.com/im/pictures/hosting/Hosting-U3RheVN1cHBseUxpc3Rpbmc6MTM5MjQyNjg2ODExODMxMzY3OQ==/original/7e81dc00-c20d-4ac6-89e3-b6a35fb4cdcd.jpeg"", ""https://a0.muscache.com/im/pictures/hosting/Hosting-U3RheVN1cHBseUxpc3Rpbmc6MTM5MjQyNjg2ODExODMxMzY3OQ==/original/1c488ca5-2f58-4b64-aa55-95d8b166ae3d.jpeg"", ""https://a0.muscache.com/im/pictures/hosting/Hosting-U3RheVN1cHBseUxpc3Rpbmc6MTM5MjQyNjg2ODExODMxMzY3OQ==/original/ffbffd34-88ec-4b0b-87f6-dff927659c88.jpeg"", ""https://a0.muscache.com/im/pictures/hosting/Hosting-U3RheVN1cHBseUxpc3Rpbmc6MTM5MjQyNjg2ODExODMxMzY3OQ==/original/829bd1f5-0dfd-45db-aef5-42a06a02bca7.jpeg"", ""https://a0.muscache.com/im/pictures/hosting/Hosting-U3RheVN1cHBseUxpc3Rpbmc6MTM5MjQyNjg2ODExODMxMzY3OQ==/original/e5c6bf9a-d16e-4c10-90ae-fe63e4e4ad29.jpeg"", ""https://a0.muscache.com/im/pictures/hosting/Hosting-U3RheVN1cHBseUxpc3Rpbmc6MTM5MjQyNjg2ODExODMxMzY3OQ==/original/654c10fc-7bd5-455e-b77b-9b7f966936f1.jpeg"", ""https://a0.muscache.com/im/pictures/hosting/Hosting-U3RheVN1cHBseUxpc3Rpbmc6MTM5MjQyNjg2ODExODMxMzY3OQ==/original/e078576c-efcf-49cc-a8df-b094882d0429.jpeg"", ""https://a0.muscache.com/im/pictures/hosting/Hosting-U3RheVN1cHBseUxpc3Rpbmc6MTM5MjQyNjg2ODExODMxMzY3OQ==/original/9d2b53b6-a370-48ed-89d5-dcbda0487bbe.jpeg"", ""https://a0.muscache.com/im/pictures/hosting/Hosting-U3RheVN1cHBseUxpc3Rpbmc6MTM5MjQyNjg2ODExODMxMzY3OQ==/original/42934ce1-63f5-4426-8b38-0645d4760d51.jpeg"", ""https://a0.muscache.com/im/pictures/hosting/Hosting-U3RheVN1cHBseUxpc3Rpbmc6MTM5MjQyNjg2ODExODMxMzY3OQ==/original/21afc022-dc65-4426-86d8-1e50668e6b9d.jpeg"", ""https://a0.muscache.com/im/pictures/hosting/Hosting-U3RheVN1cHBseUxpc3Rpbmc6MTM5MjQyNjg2ODExODMxMzY3OQ==/original/6774408b-99bd-49e0-b952-bc445a3ca45a.jpeg"", ""https://a0.muscache.com/im/pictures/hosting/Hosting-U3RheVN1cHBseUxpc3Rpbmc6MTM5MjQyNjg2ODExODMxMzY3OQ==/original/8bb480db-cfab-497e-bd67-eaeafe199710.jpeg"", ""https://a0.muscache.com/im/pictures/hosting/Hosting-U3RheVN1cHBseUxpc3Rpbmc6MTM5MjQyNjg2ODExODMxMzY3OQ==/original/fc65431e-0a21-4e94-beb9-bfc5bbd98b71.jpeg"", ""https://a0.muscache.com/im/pictures/hosting/Hosting-U3RheVN1cHBseUxpc3Rpbmc6MTM5MjQyNjg2ODExODMxMzY3OQ==/original/2c19fd31-ca4d-4521-ab53-785f2c196a57.jpeg"", ""https://a0.muscache.com/im/pictures/hosting/Hosting-U3RheVN1cHBseUxpc3Rpbmc6MTM5MjQyNjg2ODExODMxMzY3OQ==/original/ee59ee80-6710-4181-951a-16b78bd2e145.jpeg"", ""https://a0.muscache.com/im/pictures/hosting/Hosting-U3RheVN1cHBseUxpc3Rpbmc6MTM5MjQyNjg2ODExODMxMzY3OQ==/original/b363b216-1da2-4fa9-9bcd-3f8ed879853c.jpeg"", ""https://a0.muscache.com/im/pictures/hosting/Hosting-U3RheVN1cHBseUxpc3Rpbmc6MTM5MjQyNjg2ODExODMxMzY3OQ==/original/f421fcd6-a319-47bc-969a-24436dd4395a.jpeg"", ""https://a0.muscache.com/im/pictures/hosting/Hosting-U3RheVN1cHBseUxpc3Rpbmc6MTM5MjQyNjg2ODExODMxMzY3OQ==/original/d4a51c9a-e40a-4e0a-a7de-5bb1de935851.jpeg"", ""https://a0.muscache.com/im/pictures/hosting/Hosting-U3RheVN1cHBseUxpc3Rpbmc6MTM5MjQyNjg2ODExODMxMzY3OQ==/original/515d2baa-9d5e-4d57-ab29-9acb8368aa90.jpeg"", ""https://a0.muscache.com/im/pictures/hosting/Hosting-U3RheVN1cHBseUxpc3Rpbmc6MTM5MjQyNjg2ODExODMxMzY3OQ==/original/94db1f6d-9947-4153-8d92-836a1645c74f.jpeg"", ""https://a0.muscache.com/im/pictures/hosting/Hosting-U3RheVN1cHBseUxpc3Rpbmc6MTM5MjQyNjg2ODExODMxMzY3OQ==/original/4c4cfd42-a655-4cb0-b00e-206becf3f0cc.jpeg"", ""https://a0.muscache.com/im/pictures/hosting/Hosting-U3RheVN1cHBseUxpc3Rpbmc6MTM5MjQyNjg2ODExODMxMzY3OQ==/original/cd0f3fc0-b1c7-427d-9411-f2b98915ccee.jpeg"", ""https://a0.muscache.com/im/pictures/hosting/Hosting-U3RheVN1cHBseUxpc3Rpbmc6MTM5MjQyNjg2ODExODMxMzY3OQ==/original/8ceaf559-dc0e-4e20-8e3a-a29a457f0aa1.jpeg"", ""https://a0.muscache.com/im/pictures/hosting/Hosting-U3RheVN1cHBseUxpc3Rpbmc6MTM5MjQyNjg2ODExODMxMzY3OQ==/original/2ab88fbe-9cf7-4803-9fdc-e284ab04caf2.jpeg"", ""https://a0.muscache.com/im/pictures/hosting/Hosting-U3RheVN1cHBseUxpc3Rpbmc6MTM5MjQyNjg2ODExODMxMzY3OQ==/original/e47ef477-b1d2-49d1-a58d-f47951345b92.jpeg"", ""https://a0.muscache.com/im/pictures/hosting/Hosting-U3RheVN1cHBseUxpc3Rpbmc6MTM5MjQyNjg2ODExODMxMzY3OQ==/original/f50fd4b7-2598-44f8-8c50-302b1649ba6e.jpeg"", ""https://a0.muscache.com/im/pictures/hosting/Hosting-U3RheVN1cHBseUxpc3Rpbmc6MTM5MjQyNjg2ODExODMxMzY3OQ==/original/78f3b245-9c5a-4000-a4b0-b16bae3ebf00.jpeg"", ""https://a0.muscache.com/im/pictures/hosting/Hosting-U3RheVN1cHBseUxpc3Rpbmc6MTM5MjQyNjg2ODExODMxMzY3OQ==/original/c91c7e19-c3f5-4d96-885a-ca32b43e1db9.jpeg""]",t,"[{""name"": ""Dang Nguyen"", ""avatar"": ""https://a0.muscache.com/im/pictures/user/avatar_dang.jpg""}]","[{""name"": ""DECOR"", ""localizedName"": ""Trang trí"", ""count"": 11}, {""name"": ""INTERIOR"", ""localizedName"": ""Không gian bên trong"", ""count"": 21}, {""name"": ""CLEANLINESS"", ""localizedName"": ""Mức độ sạch sẽ"", ""count"": 17}, {""name"": ""LOCATION"", ""localizedName"": ""Địa điểm"", ""count"": 6}, {""name"": ""HOSPITALITY"", ""localizedName"": ""Hiếu khách"", ""count"": 3}]","[{""title"": ""Trải nghiệm nhận phòng xuất sắc"", ""subtitle"": ""Những khách ở gần đây đã xếp hạng 5 sao cho quy trình nhận phòng.""}, {""title"": ""Tự nhận phòng"", ""subtitle"": ""Tự nhận phòng với hộp khóa an toàn.""}]"
1683902656241028496,https://www.airbnb.com.vn/rooms/1683902656241028496,20260926000000,2026-09-26,city search,"Căn hộ studio D'capitale - Tầm nhìn thành phố từ trên cao - Megamall - Giường 1,8x2m","Chào mừng bạn đến với Căn hộ studio D'capitale - Tầm nhìn thành phố từ trên cao - Megamall - Giường 1,8x2m — một không gian lưu trú ấm cúng, sang trọng tọa lạc tại Quận Bắc Từ Liêm, Hà Nội.
Căn phòng tràn ngập ánh sáng tự nhiên với đầy đủ tiện nghi cao cấp, giường nệm êm ái, máy lạnh, TV và wifi tốc độ cao. Rất thuận tiện di chuyển tới các điểm tham quan, nhà hàng ẩm thực và quán cà phê nổi tiếng của Hà Nội.","Khu vực Quận Bắc Từ Liêm an ninh, văn minh, gần nhiều địa điểm ăn uống, mua sắm và giải trí sầm uất tại Hà Nội.",https://a0.muscache.com/im/pictures/hosting/Hosting-1683902656241028496/original/4be53776-96a3-4ee5-9289-0f2ebb5d12c7.jpeg,47000097,https://www.airbnb.com.vn/users/show/47000097,Dương,2021-09-02,"Hà Nội, Việt Nam","Xin chào, tôi là Dương, đã có 5 năm kinh nghiệm làm host. Tôi yêu thích du lịch và luôn mong muốn đem lại trải nghiệm lưu trú thoải mái nhất cho khách.",trong vòng một giờ,100%,98%,f,https://a0.muscache.com/im/pictures/user/User-47000097/original/user_profile_7.jpeg,https://a0.muscache.com/im/pictures/user/User-47000097/original/user_profile_7.jpeg,Quận Bắc Từ Liêm,2,4,"['email', 'phone', 'work_email']",t,t,Quận Bắc Từ Liêm,Quận Bắc Từ Liêm,Hà Nội,21.0046,105.7944,Toàn bộ căn hộ cho thuê,Entire home/apt,2,1.0,1 phòng tắm,1,1,"[""Bàn ủi / Bàn là"", ""Máy sấy tóc"", ""Dầu gội & Sữa tắm"", ""Chỗ đỗ xe miễn phí trong khuôn viên"", ""Ban công ngắm cảnh"", ""Tủ lạnh"", ""Điều hòa nhiệt độ"", ""Máy phát hiện khí CO"", ""Bể bơi"", ""Máy giặt"", ""Lò vi sóng"", ""Bồn tắm thư giãn"", ""Không gian riêng để làm việc"", ""Wi-fi tốc độ cao"", ""TV màn hình phẳng"", ""Bếp đầy đủ tiện nghi"", ""Thang máy"", ""Bộ chăn ga gối cao cấp""]","₫1,075,400",1,1125,1,2,1125,1125,1.0,1125.0,today,t,17,30,69,331,2026-09-26,15,15,0,2026-02-13,2026-09-24,5.0,4.86,4.96,5.0,5.0,4.98,4.78,,f,2,2,0,0,1.64,"[""https://a0.muscache.com/im/pictures/hosting/Hosting-1683902656241028496/original/4be53776-96a3-4ee5-9289-0f2ebb5d12c7.jpeg"", ""https://a0.muscache.com/im/pictures/hosting/Hosting-1683902656241028496/original/b4021ed7-033b-45cf-94a6-242dee8a1b75.jpeg"", ""https://a0.muscache.com/im/pictures/hosting/Hosting-1683902656241028496/original/a89abed0-5877-4d85-8b2a-373c68f04760.jpeg"", ""https://a0.muscache.com/im/pictures/hosting/Hosting-1683902656241028496/original/3c1cf84a-170d-474e-8704-40f9eec48717.jpeg"", ""https://a0.muscache.com/im/pictures/hosting/Hosting-1683902656241028496/original/cae71cfd-d072-4cf6-8031-7358e850b537.jpeg"", ""https://a0.muscache.com/im/pictures/hosting/Hosting-1683902656241028496/original/62118e7d-b9c2-410c-9af1-2e12264b955c.jpeg"", ""https://a0.muscache.com/im/pictures/hosting/Hosting-1683902656241028496/original/d9dc03ed-e8b2-4e38-a17c-ed8cb3043971.jpeg"", ""https://a0.muscache.com/im/pictures/hosting/Hosting-1683902656241028496/original/3779a65f-c1b0-461f-91b0-c70ec5882344.jpeg"", ""https://a0.muscache.com/im/pictures/hosting/Hosting-1683902656241028496/original/65dd24d6-cd47-479c-bccb-8d4ee5f0819c.jpeg"", ""https://a0.muscache.com/im/pictures/hosting/Hosting-1683902656241028496/original/f4ddff92-c545-4f41-976e-e5678691a043.jpeg"", ""https://a0.muscache.com/im/pictures/hosting/Hosting-1683902656241028496/original/8ca1a081-7511-4140-ba65-17e380282087.jpeg"", ""https://a0.muscache.com/im/pictures/hosting/Hosting-1683902656241028496/original/b1e2bcc9-34ca-4924-a6f6-1ff4c585d0b6.jpeg"", ""https://a0.muscache.com/im/pictures/hosting/Hosting-1683902656241028496/original/45ceb678-6d6e-40da-ba4f-5b0aa85e0249.jpeg"", ""https://a0.muscache.com/im/pictures/hosting/Hosting-1683902656241028496/original/e070ad27-6227-495e-bef0-4aca85aa532e.jpeg"", ""https://a0.muscache.com/im/pictures/hosting/Hosting-1683902656241028496/original/c2a3fa5b-4d0e-4775-81ea-254f03960894.jpeg"", ""https://a0.muscache.com/im/pictures/hosting/Hosting-1683902656241028496/original/c8da6e5c-3f30-4e2c-ad36-bfdc3a0ef746.jpeg"", ""https://a0.muscache.com/im/pictures/hosting/Hosting-1683902656241028496/original/7d6cca32-fce5-4b73-9ae5-75310201db73.jpeg"", ""https://a0.muscache.com/im/pictures/hosting/Hosting-1683902656241028496/original/2ed88217-df98-4508-876a-c7058c95a024.jpeg"", ""https://a0.muscache.com/im/pictures/hosting/Hosting-1683902656241028496/original/a241e97e-2c55-4c33-80e9-5ef13eabf7d5.jpeg"", ""https://a0.muscache.com/im/pictures/hosting/Hosting-1683902656241028496/original/4381a042-5e8b-434c-bb65-5ce060e7cd96.jpeg"", ""https://a0.muscache.com/im/pictures/hosting/Hosting-1683902656241028496/original/56c1aa68-dfa4-4ea6-92dd-78d9cf9f4cdc.jpeg"", ""https://a0.muscache.com/im/pictures/hosting/Hosting-1683902656241028496/original/edb7b5a6-9c73-452f-8efc-1548c87f13e5.jpeg"", ""https://a0.muscache.com/im/pictures/hosting/Hosting-1683902656241028496/original/25bf5afa-10a5-432d-9831-0622c158dfad.jpeg"", ""https://a0.muscache.com/im/pictures/hosting/Hosting-1683902656241028496/original/ebc6fa45-6be9-4a3e-879f-1064c564ea79.jpeg"", ""https://a0.muscache.com/im/pictures/hosting/Hosting-1683902656241028496/original/9f4a4cb5-3979-4d10-9528-b787da1b32bd.jpeg"", ""https://a0.muscache.com/im/pictures/hosting/Hosting-1683902656241028496/original/8e91ce3c-9125-4ab0-8fe8-ab973b2da3bb.jpeg"", ""https://a0.muscache.com/im/pictures/hosting/Hosting-1683902656241028496/original/9cf5692c-3385-4539-89ea-13d218fed2e8.jpeg"", ""https://a0.muscache.com/im/pictures/hosting/Hosting-1683902656241028496/original/079620c9-104d-46c5-b6c1-4fbd759f91e4.jpeg"", ""https://a0.muscache.com/im/pictures/hosting/Hosting-1683902656241028496/original/7e32dc5a-8569-4055-8f62-2a9e558bc4f8.jpeg""]",t,"[{""name"": ""Rùa"", ""avatar"": ""https://a0.muscache.com/im/pictures/user/avatar_rua.jpg""}]","[{""name"": ""DECOR"", ""localizedName"": ""Trang trí"", ""count"": 13}, {""name"": ""INTERIOR"", ""localizedName"": ""Không gian bên trong"", ""count"": 7}, {""name"": ""CLEANLINESS"", ""localizedName"": ""Mức độ sạch sẽ"", ""count"": 11}, {""name"": ""LOCATION"", ""localizedName"": ""Địa điểm"", ""count"": 16}, {""name"": ""HOSPITALITY"", ""localizedName"": ""Hiếu khách"", ""count"": 3}]","[{""title"": ""Trải nghiệm nhận phòng xuất sắc"", ""subtitle"": ""Những khách ở gần đây đã xếp hạng 5 sao cho quy trình nhận phòng.""}, {""title"": ""Tự nhận phòng"", ""subtitle"": ""Tự nhận phòng với hộp khóa an toàn.""}]"
1661665527409400846,https://www.airbnb.com.vn/rooms/1661665527409400846,20260926000000,2026-09-26,city search,Bên hồ_Căn hộ studio_Mới tinh_Thang máy,"Chào mừng bạn đến với Bên hồ_Căn hộ studio_Mới tinh_Thang máy — một không gian lưu trú ấm cúng, sang trọng tọa lạc tại Quận Tây Hồ, Hà Nội.
Căn phòng tràn ngập ánh sáng tự nhiên với đầy đủ tiện nghi cao cấp, giường nệm êm ái, máy lạnh, TV và wifi tốc độ cao. Rất thuận tiện di chuyển tới các điểm tham quan, nhà hàng ẩm thực và quán cà phê nổi tiếng của Hà Nội.","Khu vực Quận Tây Hồ an ninh, văn minh, gần nhiều địa điểm ăn uống, mua sắm và giải trí sầm uất tại Hà Nội.",https://a0.muscache.com/im/pictures/hosting/Hosting-1661665527409400846/original/02394199-28c9-4750-906e-01eca46ca378.jpeg,47000098,https://www.airbnb.com.vn/users/show/47000098,Thảo,2023-04-01,"Hà Nội, Việt Nam","Xin chào, tôi là Thảo, đã có 3 năm kinh nghiệm làm host. Tôi yêu thích du lịch và luôn mong muốn đem lại trải nghiệm lưu trú thoải mái nhất cho khách.",trong vòng một giờ,100%,98%,t,https://a0.muscache.com/im/pictures/user/User-47000098/original/user_profile_8.jpeg,https://a0.muscache.com/im/pictures/user/User-47000098/original/user_profile_8.jpeg,Quận Tây Hồ,9,4,"['email', 'phone', 'work_email']",t,t,Quận Tây Hồ,Quận Tây Hồ,Hà Nội,21.051360022363845,105.83697126423466,Phòng riêng trong nhà,Private room,2,1.0,1 phòng tắm,1,1,"[""Bàn ủi / Bàn là"", ""Wi-fi tốc độ cao"", ""Bếp đầy đủ tiện nghi"", ""Bồn tắm thư giãn"", ""Máy sấy tóc"", ""Máy phát hiện khí CO"", ""Điều hòa nhiệt độ"", ""Chỗ đỗ xe miễn phí trong khuôn viên"", ""TV màn hình phẳng"", ""Không gian riêng để làm việc"", ""Thang máy"", ""Tủ lạnh"", ""Ban công ngắm cảnh"", ""Máy giặt"", ""Bể bơi"", ""Máy báo khói""]","₫815,995",1,1125,1,2,1125,1125,1.0,1125.0,today,t,27,49,66,328,2026-09-26,13,1,1,2026-03-15,2026-09-17,4.92,4.89,5.0,5.0,5.0,4.79,4.9,,t,2,0,1,0,3.15,"[""https://a0.muscache.com/im/pictures/hosting/Hosting-1661665527409400846/original/02394199-28c9-4750-906e-01eca46ca378.jpeg"", ""https://a0.muscache.com/im/pictures/hosting/Hosting-1661665527409400846/original/470fa3aa-5ca1-412e-800f-6462c183beab.jpeg"", ""https://a0.muscache.com/im/pictures/hosting/Hosting-1661665527409400846/original/d4d882f8-646f-4f98-8051-d2084ff58c3d.jpeg"", ""https://a0.muscache.com/im/pictures/hosting/Hosting-1661665527409400846/original/99eeae75-43c1-40e9-b5b3-5e1379cda76c.jpeg"", ""https://a0.muscache.com/im/pictures/hosting/Hosting-1661665527409400846/original/e2b92aad-89da-4949-9ced-4f96c53e388f.jpeg"", ""https://a0.muscache.com/im/pictures/hosting/Hosting-1661665527409400846/original/b0a37714-2790-4ee8-93d2-f37f6a6e576f.jpeg""]",t,"[{""name"": ""Long"", ""avatar"": ""https://a0.muscache.com/im/pictures/user/avatar_long.jpg""}, {""name"": ""Cindy"", ""avatar"": ""https://a0.muscache.com/im/pictures/user/avatar_cindy.jpg""}, {""name"": ""Rùa"", ""avatar"": ""https://a0.muscache.com/im/pictures/user/avatar_rua.jpg""}]","[{""name"": ""DECOR"", ""localizedName"": ""Trang trí"", ""count"": 7}, {""name"": ""INTERIOR"", ""localizedName"": ""Không gian bên trong"", ""count"": 20}, {""name"": ""CLEANLINESS"", ""localizedName"": ""Mức độ sạch sẽ"", ""count"": 24}, {""name"": ""LOCATION"", ""localizedName"": ""Địa điểm"", ""count"": 20}, {""name"": ""HOSPITALITY"", ""localizedName"": ""Hiếu khách"", ""count"": 5}]","[{""title"": ""Trải nghiệm nhận phòng xuất sắc"", ""subtitle"": ""Những khách ở gần đây đã xếp hạng 5 sao cho quy trình nhận phòng.""}, {""title"": ""Tự nhận phòng"", ""subtitle"": ""Tự nhận phòng với hộp khóa an toàn.""}]"
1744796228565118143,https://www.airbnb.com.vn/rooms/1744796228565118143,20260926000000,2026-09-26,city search,Matcha homestay Kim Giang,"Chào mừng bạn đến với Matcha homestay Kim Giang — một không gian lưu trú ấm cúng, sang trọng tọa lạc tại Quận Hoàn Kiếm, Hà Nội.
Căn phòng tràn ngập ánh sáng tự nhiên với đầy đủ tiện nghi cao cấp, giường nệm êm ái, máy lạnh, TV và wifi tốc độ cao. Rất thuận tiện di chuyển tới các điểm tham quan, nhà hàng ẩm thực và quán cà phê nổi tiếng của Hà Nội.","Khu vực Quận Hoàn Kiếm an ninh, văn minh, gần nhiều địa điểm ăn uống, mua sắm và giải trí sầm uất tại Hà Nội.",https://a0.muscache.com/im/pictures/hosting/Hosting-1744796228565118143/original/4e2b89b0-e17a-49c3-af57-d3480df55b2c.jpeg,47000099,https://www.airbnb.com.vn/users/show/47000099,Hải,2023-04-01,"Hà Nội, Việt Nam","Xin chào, tôi là Hải, đã có 3 năm kinh nghiệm làm host. Tôi yêu thích du lịch và luôn mong muốn đem lại trải nghiệm lưu trú thoải mái nhất cho khách.",trong vòng một giờ,100%,98%,f,https://a0.muscache.com/im/pictures/user/User-47000099/original/user_profile_9.jpeg,https://a0.muscache.com/im/pictures/user/User-47000099/original/user_profile_9.jpeg,Quận Hoàn Kiếm,2,3,"['email', 'phone', 'work_email']",t,t,Quận Hoàn Kiếm,Quận Hoàn Kiếm,Hà Nội,20.9657,105.8205,Phòng riêng trong nhà,Private room,2,1.0,1 phòng tắm,1,1,"[""TV màn hình phẳng"", ""Bể bơi"", ""Máy sấy tóc"", ""Bồn tắm thư giãn"", ""Dầu gội & Sữa tắm"", ""Thang máy"", ""Wi-fi tốc độ cao"", ""Máy báo khói"", ""Ban công ngắm cảnh"", ""Tủ lạnh"", ""Tự nhận phòng với hộp khóa an toàn"", ""Lò vi sóng"", ""Bộ chăn ga gối cao cấp"", ""Bàn ủi / Bàn là"", ""Máy phát hiện khí CO"", ""Điều hòa nhiệt độ"", ""Bếp đầy đủ tiện nghi"", ""Không gian riêng để làm việc"", ""Chỗ đỗ xe miễn phí trong khuôn viên""]","₫750,024",1,1125,1,2,1125,1125,1.0,1125.0,today,t,25,55,55,260,2026-09-26,36,16,5,2025-04-04,2026-09-10,4.85,4.88,4.89,5.0,5.0,4.73,4.93,,f,2,0,1,0,1.33,"[""https://a0.muscache.com/im/pictures/hosting/Hosting-1744796228565118143/original/4e2b89b0-e17a-49c3-af57-d3480df55b2c.jpeg"", ""https://a0.muscache.com/im/pictures/hosting/Hosting-1744796228565118143/original/1a5860e7-a9db-4e75-b755-3addfe25cac5.jpeg"", ""https://a0.muscache.com/im/pictures/hosting/Hosting-1744796228565118143/original/8aa2777b-c99e-4441-a592-9fdfc16858c0.jpeg"", ""https://a0.muscache.com/im/pictures/hosting/Hosting-1744796228565118143/original/983898e5-eb1a-4b5b-99ba-67b1e77dea1f.jpeg"", ""https://a0.muscache.com/im/pictures/hosting/Hosting-1744796228565118143/original/e2fcf6ed-8883-4af5-866d-1ad23a257d6f.jpeg"", ""https://a0.muscache.com/im/pictures/hosting/Hosting-1744796228565118143/original/90cc7a80-57a5-4f3c-a134-bce2bf5f25c4.jpeg""]",f,"[{""name"": ""Cindy"", ""avatar"": ""https://a0.muscache.com/im/pictures/user/avatar_cindy.jpg""}, {""name"": ""Rùa"", ""avatar"": ""https://a0.muscache.com/im/pictures/user/avatar_rua.jpg""}, {""name"": ""Long"", ""avatar"": ""https://a0.muscache.com/im/pictures/user/avatar_long.jpg""}]","[{""name"": ""DECOR"", ""localizedName"": ""Trang trí"", ""count"": 9}, {""name"": ""INTERIOR"", ""localizedName"": ""Không gian bên trong"", ""count"": 17}, {""name"": ""CLEANLINESS"", ""localizedName"": ""Mức độ sạch sẽ"", ""count"": 11}, {""name"": ""LOCATION"", ""localizedName"": ""Địa điểm"", ""count"": 3}, {""name"": ""HOSPITALITY"", ""localizedName"": ""Hiếu khách"", ""count"": 8}]","[{""title"": ""Trải nghiệm nhận phòng xuất sắc"", ""subtitle"": ""Những khách ở gần đây đã xếp hạng 5 sao cho quy trình nhận phòng.""}, {""title"": ""Tự nhận phòng"", ""subtitle"": ""Tự nhận phòng với hộp khóa an toàn.""}]"
1672472912243343397,https://www.airbnb.com.vn/rooms/1672472912243343397,20260926000000,2026-09-26,city search,Căn hộ 02 xinh đẹp/Nhà hát thành phố/Sáng sủa/Thang máy/Ấm cúng,"Chào mừng bạn đến với Căn hộ 02 xinh đẹp/Nhà hát thành phố/Sáng sủa/Thang máy/Ấm cúng — một không gian lưu trú ấm cúng, sang trọng tọa lạc tại Quận Ba Đình, Hà Nội.
Căn phòng tràn ngập ánh sáng tự nhiên với đầy đủ tiện nghi cao cấp, giường nệm êm ái, máy lạnh, TV và wifi tốc độ cao. Rất thuận tiện di chuyển tới các điểm tham quan, nhà hàng ẩm thực và quán cà phê nổi tiếng của Hà Nội.","Khu vực Quận Ba Đình an ninh, văn minh, gần nhiều địa điểm ăn uống, mua sắm và giải trí sầm uất tại Hà Nội.",https://a0.muscache.com/im/pictures/hosting/Hosting-1672472912243343397/original/3a95e870-2b82-43c4-9248-9120b9e15b0d.jpeg,47000100,https://www.airbnb.com.vn/users/show/47000100,Nam,2021-05-14,"Hà Nội, Việt Nam","Xin chào, tôi là Nam, đã có 5 năm kinh nghiệm làm host. Tôi yêu thích du lịch và luôn mong muốn đem lại trải nghiệm lưu trú thoải mái nhất cho khách.",trong vòng một giờ,100%,98%,t,https://a0.muscache.com/im/pictures/user/User-47000100/original/user_profile_0.jpeg,https://a0.muscache.com/im/pictures/user/User-47000100/original/user_profile_0.jpeg,Quận Ba Đình,1,5,"['email', 'phone', 'work_email']",t,t,Quận Ba Đình,Quận Ba Đình,Hà Nội,21.023,105.859,Phòng riêng trong nhà,Private room,2,1.0,1 phòng tắm,1,1,"[""Bể bơi"", ""Máy phát hiện khí CO"", ""Điều hòa nhiệt độ"", ""Thang máy"", ""Tủ lạnh"", ""Bộ chăn ga gối cao cấp"", ""Máy sấy tóc"", ""Tự nhận phòng với hộp khóa an toàn"", ""Bàn ủi / Bàn là"", ""Bồn tắm thư giãn"", ""TV màn hình phẳng"", ""Ban công ngắm cảnh"", ""Wi-fi tốc độ cao"", ""Không gian riêng để làm việc"", ""Dầu gội & Sữa tắm"", ""Máy báo khói"", ""Bếp đầy đủ tiện nghi"", ""Lò vi sóng"", ""Chỗ đỗ xe miễn phí trong khuôn viên""]","₫616,200",1,1125,1,2,1125,1125,1.0,1125.0,today,t,25,30,79,323,2026-09-26,9,9,4,2026-05-14,2026-09-11,5.0,4.93,4.87,5.0,5.0,4.91,4.83,,t,2,0,1,0,4.03,"[""https://a0.muscache.com/im/pictures/hosting/Hosting-1672472912243343397/original/3a95e870-2b82-43c4-9248-9120b9e15b0d.jpeg"", ""https://a0.muscache.com/im/pictures/hosting/Hosting-1672472912243343397/original/439ba652-81d3-4e84-8ce6-bb4d86fca5cb.jpeg"", ""https://a0.muscache.com/im/pictures/hosting/Hosting-1672472912243343397/original/2d9090f2-1e4c-41be-b563-a5b2d176afa1.jpeg"", ""https://a0.muscache.com/im/pictures/hosting/Hosting-1672472912243343397/original/e4f3b5b9-767e-4383-acbc-5687cb53f7ca.jpeg"", ""https://a0.muscache.com/im/pictures/hosting/Hosting-1672472912243343397/original/f763ed00-5640-4b8c-9053-095d3b031e08.jpeg"", ""https://a0.muscache.com/im/pictures/hosting/Hosting-1672472912243343397/original/7d0d9659-e33a-4596-b924-db054feca8e2.jpeg""]",t,"[{""name"": ""Rùa"", ""avatar"": ""https://a0.muscache.com/im/pictures/user/avatar_rua.jpg""}, {""name"": ""Cindy"", ""avatar"": ""https://a0.muscache.com/im/pictures/user/avatar_cindy.jpg""}]","[{""name"": ""DECOR"", ""localizedName"": ""Trang trí"", ""count"": 7}, {""name"": ""INTERIOR"", ""localizedName"": ""Không gian bên trong"", ""count"": 17}, {""name"": ""CLEANLINESS"", ""localizedName"": ""Mức độ sạch sẽ"", ""count"": 6}, {""name"": ""LOCATION"", ""localizedName"": ""Địa điểm"", ""count"": 16}, {""name"": ""HOSPITALITY"", ""localizedName"": ""Hiếu khách"", ""count"": 5}]","[{""title"": ""Trải nghiệm nhận phòng xuất sắc"", ""subtitle"": ""Những khách ở gần đây đã xếp hạng 5 sao cho quy trình nhận phòng.""}, {""title"": ""Tự nhận phòng"", ""subtitle"": ""Tự nhận phòng với hộp khóa an toàn.""}]"
1773460169532879155,https://www.airbnb.com.vn/rooms/1773460169532879155,20260926000000,2026-09-26,city search,Aioi #8 | 4 phòng ngủ với tầm nhìn ra khu vực địa phương | Thang máy & Cà phê miễn phí,"Chào mừng bạn đến với Aioi #8 | 4 phòng ngủ với tầm nhìn ra khu vực địa phương | Thang máy & Cà phê miễn phí — một không gian lưu trú ấm cúng, sang trọng tọa lạc tại Quận Hai Bà Trưng, Hà Nội.
Căn phòng tràn ngập ánh sáng tự nhiên với đầy đủ tiện nghi cao cấp, giường nệm êm ái, máy lạnh, TV và wifi tốc độ cao. Rất thuận tiện di chuyển tới các điểm tham quan, nhà hàng ẩm thực và quán cà phê nổi tiếng của Hà Nội.","Khu vực Quận Hai Bà Trưng an ninh, văn minh, gần nhiều địa điểm ăn uống, mua sắm và giải trí sầm uất tại Hà Nội.",https://a0.muscache.com/im/pictures/hosting/Hosting-1773460169532879155/original/35697dec-c2c8-4fa9-86e2-844e1dc7c851.jpeg,47000101,https://www.airbnb.com.vn/users/show/47000101,Tuấn,2021-09-10,"Hà Nội, Việt Nam","Xin chào, tôi là Tuấn, đã có 5 năm kinh nghiệm làm host. Tôi yêu thích du lịch và luôn mong muốn đem lại trải nghiệm lưu trú thoải mái nhất cho khách.",trong vòng một giờ,100%,98%,f,https://a0.muscache.com/im/pictures/user/User-47000101/original/user_profile_1.jpeg,https://a0.muscache.com/im/pictures/user/User-47000101/original/user_profile_1.jpeg,Quận Hai Bà Trưng,6,8,"['email', 'phone', 'work_email']",t,t,Quận Hai Bà Trưng,Quận Hai Bà Trưng,Hà Nội,21.0179,105.8545,Toàn bộ nhà,Entire home/apt,8,4.0,4 phòng tắm,4,4,"[""Tủ lạnh"", ""Không gian riêng để làm việc"", ""Lò vi sóng"", ""Wi-fi tốc độ cao"", ""Bếp đầy đủ tiện nghi"", ""Máy báo khói"", ""Dầu gội & Sữa tắm"", ""Ban công ngắm cảnh"", ""Bồn tắm thư giãn"", ""TV màn hình phẳng"", ""Bể bơi"", ""Máy sấy tóc"", ""Bàn ủi / Bàn là"", ""Chỗ đỗ xe miễn phí trong khuôn viên"", ""Thang máy"", ""Bộ chăn ga gối cao cấp"", ""Điều hòa nhiệt độ"", ""Máy giặt"", ""Tự nhận phòng với hộp khóa an toàn""]","₫5,000,000",1,1125,1,2,1125,1125,1.0,1125.0,today,t,20,37,77,323,2026-09-26,170,2,1,2023-06-14,2026-09-18,4.85,4.88,4.86,5.0,5.0,4.7,4.77,,f,2,2,0,0,2.09,"[""https://a0.muscache.com/im/pictures/hosting/Hosting-1773460169532879155/original/35697dec-c2c8-4fa9-86e2-844e1dc7c851.jpeg"", ""https://a0.muscache.com/im/pictures/hosting/Hosting-1773460169532879155/original/715f9eda-a8cb-42e9-ae74-87a852b168c8.jpeg"", ""https://a0.muscache.com/im/pictures/hosting/Hosting-1773460169532879155/original/ca637c48-511e-4046-ba11-bd498703d64e.jpeg"", ""https://a0.muscache.com/im/pictures/hosting/Hosting-1773460169532879155/original/a77d1cc7-7f73-4152-8f66-24b5e071b19a.jpeg"", ""https://a0.muscache.com/im/pictures/hosting/Hosting-1773460169532879155/original/5b861d30-080f-40c6-8602-6e2665769bd8.jpeg"", ""https://a0.muscache.com/im/pictures/hosting/Hosting-1773460169532879155/original/fa70e7d1-b0a0-4268-8245-b53dbcadde3e.jpeg"", ""https://a0.muscache.com/im/pictures/hosting/Hosting-1773460169532879155/original/d4c2c4d9-83fd-4da7-a839-d19bfff1ff74.jpeg"", ""https://a0.muscache.com/im/pictures/hosting/Hosting-1773460169532879155/original/fed46f88-d6f8-4385-91f3-b04cf6a9e847.jpeg"", ""https://a0.muscache.com/im/pictures/hosting/Hosting-1773460169532879155/original/184f558e-87cd-47c5-92ce-fbec059a31f4.jpeg"", ""https://a0.muscache.com/im/pictures/hosting/Hosting-1773460169532879155/original/38af0c32-c53c-46a7-866b-180aacdaa6e9.jpeg"", ""https://a0.muscache.com/im/pictures/hosting/Hosting-1773460169532879155/original/f5e4e743-0dbf-4bcf-b8ce-db064bb43de5.jpeg"", ""https://a0.muscache.com/im/pictures/hosting/Hosting-1773460169532879155/original/7a9cab6c-703d-482c-913c-2465123d4e8d.jpeg"", ""https://a0.muscache.com/im/pictures/hosting/Hosting-1773460169532879155/original/f419f4f3-1211-4fee-8ae1-f4a440b05ef3.jpeg"", ""https://a0.muscache.com/im/pictures/hosting/Hosting-1773460169532879155/original/8a4d40bc-6c7e-4efd-aa37-e67aadca2061.jpeg"", ""https://a0.muscache.com/im/pictures/hosting/Hosting-1773460169532879155/original/2c24dd52-32a3-445d-997a-819a37b8f024.jpeg"", ""https://a0.muscache.com/im/pictures/hosting/Hosting-1773460169532879155/original/8371c7f9-8030-484f-a6fe-70b2dd99daa9.jpeg"", ""https://a0.muscache.com/im/pictures/hosting/Hosting-1773460169532879155/original/7db8a5cd-8cec-4da5-a386-1655cc44ff63.jpeg"", ""https://a0.muscache.com/im/pictures/hosting/Hosting-1773460169532879155/original/a7803253-d511-4e7c-979f-d87cf23c4e5b.jpeg"", ""https://a0.muscache.com/im/pictures/hosting/Hosting-1773460169532879155/original/939efb3d-ed88-4e4e-8c65-16f6891e2621.jpeg"", ""https://a0.muscache.com/im/pictures/hosting/Hosting-1773460169532879155/original/24336589-5f62-4af4-8953-107f5d1ffe78.jpeg"", ""https://a0.muscache.com/im/pictures/hosting/Hosting-1773460169532879155/original/3749eac0-f9d3-4b46-a1a9-0dcb2c997510.jpeg"", ""https://a0.muscache.com/im/pictures/hosting/Hosting-1773460169532879155/original/28197908-3f3a-4d39-b532-d5b7f4011743.jpeg"", ""https://a0.muscache.com/im/pictures/hosting/Hosting-1773460169532879155/original/e29a17d3-6d5b-4dac-8077-4c18940d883f.jpeg"", ""https://a0.muscache.com/im/pictures/hosting/Hosting-1773460169532879155/original/757f89f3-7559-4e37-90a6-5c229f1875f2.jpeg"", ""https://a0.muscache.com/im/pictures/hosting/Hosting-1773460169532879155/original/718597d6-4ace-4f9a-aad6-dc2afb4ad762.jpeg"", ""https://a0.muscache.com/im/pictures/hosting/Hosting-1773460169532879155/original/c403e025-696c-456c-a654-f5d0511b9bf1.jpeg"", ""https://a0.muscache.com/im/pictures/hosting/Hosting-1773460169532879155/original/f523da68-cca0-4752-a112-00125fdfa883.jpeg"", ""https://a0.muscache.com/im/pictures/hosting/Hosting-1773460169532879155/original/a0c33c6b-386a-4b34-ae55-1fc23a4fbad2.jpeg"", ""https://a0.muscache.com/im/pictures/hosting/Hosting-1773460169532879155/original/f054f601-9896-4eea-ade1-b02373c12117.jpeg""]",f,"[{""name"": ""Dang Nguyen"", ""avatar"": ""https://a0.muscache.com/im/pictures/user/avatar_dang.jpg""}, {""name"": ""Cindy"", ""avatar"": ""https://a0.muscache.com/im/pictures/user/avatar_cindy.jpg""}]","[{""name"": ""DECOR"", ""localizedName"": ""Trang trí"", ""count"": 11}, {""name"": ""INTERIOR"", ""localizedName"": ""Không gian bên trong"", ""count"": 16}, {""name"": ""CLEANLINESS"", ""localizedName"": ""Mức độ sạch sẽ"", ""count"": 19}, {""name"": ""LOCATION"", ""localizedName"": ""Địa điểm"", ""count"": 10}, {""name"": ""HOSPITALITY"", ""localizedName"": ""Hiếu khách"", ""count"": 3}]","[{""title"": ""Trải nghiệm nhận phòng xuất sắc"", ""subtitle"": ""Những khách ở gần đây đã xếp hạng 5 sao cho quy trình nhận phòng.""}, {""title"": ""Tự nhận phòng"", ""subtitle"": ""Tự nhận phòng với hộp khóa an toàn.""}]"
1773936556408081774,https://www.airbnb.com.vn/rooms/1773936556408081774,20260926000000,2026-09-26,city search,Căn hộ 2 phòng ngủ sang trọng Nelson Hồ bơi Phòng tập thể dục & Phòng xông hơi | Trung tâm Hà Nội,"Chào mừng bạn đến với Căn hộ 2 phòng ngủ sang trọng Nelson Hồ bơi Phòng tập thể dục & Phòng xông hơi | Trung tâm Hà Nội — một không gian lưu trú ấm cúng, sang trọng tọa lạc tại Quận Hai Bà Trưng, Hà Nội.
Căn phòng tràn ngập ánh sáng tự nhiên với đầy đủ tiện nghi cao cấp, giường nệm êm ái, máy lạnh, TV và wifi tốc độ cao. Rất thuận tiện di chuyển tới các điểm tham quan, nhà hàng ẩm thực và quán cà phê nổi tiếng của Hà Nội.","Khu vực Quận Hai Bà Trưng an ninh, văn minh, gần nhiều địa điểm ăn uống, mua sắm và giải trí sầm uất tại Hà Nội.",https://a0.muscache.com/im/pictures/hosting/Hosting-1773936556408081774/original/cf5d9d78-4920-49b4-b971-63323f7b9742.png,47000102,https://www.airbnb.com.vn/users/show/47000102,Long,2020-05-09,"Hà Nội, Việt Nam","Xin chào, tôi là Long, đã có 6 năm kinh nghiệm làm host. Tôi yêu thích du lịch và luôn mong muốn đem lại trải nghiệm lưu trú thoải mái nhất cho khách.",trong vòng một giờ,100%,98%,t,https://a0.muscache.com/im/pictures/user/User-47000102/original/user_profile_2.jpeg,https://a0.muscache.com/im/pictures/user/User-47000102/original/user_profile_2.jpeg,Quận Hai Bà Trưng,7,3,"['email', 'phone', 'work_email']",t,t,Quận Hai Bà Trưng,Quận Hai Bà Trưng,Hà Nội,21.0207,105.819,Toàn bộ căn hộ cho thuê,Entire home/apt,4,2.0,2 phòng tắm,2,2,"[""Tủ lạnh"", ""Máy sấy tóc"", ""Lò vi sóng"", ""Bể bơi"", ""Dầu gội & Sữa tắm"", ""Điều hòa nhiệt độ"", ""Máy phát hiện khí CO"", ""Bồn tắm thư giãn"", ""Máy giặt"", ""Wi-fi tốc độ cao"", ""Ban công ngắm cảnh"", ""Tự nhận phòng với hộp khóa an toàn"", ""Chỗ đỗ xe miễn phí trong khuôn viên"", ""Bàn ủi / Bàn là"", ""Thang máy""]","₫2,850,000",1,1125,1,2,1125,1125,1.0,1125.0,today,t,19,36,80,248,2026-09-26,5,5,3,2026-07-13,2026-09-14,5.0,4.92,4.95,5.0,5.0,4.89,4.87,,t,2,2,0,0,1.39,"[""https://a0.muscache.com/im/pictures/hosting/Hosting-1773936556408081774/original/cf5d9d78-4920-49b4-b971-63323f7b9742.png"", ""https://a0.muscache.com/im/pictures/hosting/Hosting-1773936556408081774/original/ec1f28f0-c6ea-4269-87e7-4956a5a94d79.jpeg"", ""https://a0.muscache.com/im/pictures/hosting/Hosting-1773936556408081774/original/6fb89af4-ad58-44eb-a603-df33e86a71ee.png"", ""https://a0.muscache.com/im/pictures/hosting/Hosting-1773936556408081774/original/29e8e47b-31ae-44b9-9286-009ec052a8b0.png"", ""https://a0.muscache.com/im/pictures/hosting/Hosting-1773936556408081774/original/7d8d3723-6d7d-4a78-9454-15cd4306424c.png"", ""https://a0.muscache.com/im/pictures/hosting/Hosting-1773936556408081774/original/21890c22-9cb5-4161-8c6c-71c40fb6e667.jpeg"", ""https://a0.muscache.com/im/pictures/hosting/Hosting-1773936556408081774/original/72604be6-48ab-48a0-b8e9-2802caf056a1.png"", ""https://a0.muscache.com/im/pictures/hosting/Hosting-1773936556408081774/original/e4c4f043-a027-4b6c-b19a-d2cb1611792c.png"", ""https://a0.muscache.com/im/pictures/hosting/Hosting-1773936556408081774/original/ba321c91-0bbf-453e-9792-25575b3d01f4.png"", ""https://a0.muscache.com/im/pictures/hosting/Hosting-1773936556408081774/original/c1167f3a-e956-4ebf-9599-e1d4750571b6.png"", ""https://a0.muscache.com/im/pictures/hosting/Hosting-1773936556408081774/original/4f24296e-4469-42d0-9eef-cbeedcd46e66.png"", ""https://a0.muscache.com/im/pictures/hosting/Hosting-1773936556408081774/original/abcbf9c1-fda0-4dd9-9d43-1064a3dc4fe3.png"", ""https://a0.muscache.com/im/pictures/hosting/Hosting-1773936556408081774/original/3dc93277-e0ee-468e-8828-7e359e1a6c0c.jpeg"", ""https://a0.muscache.com/im/pictures/hosting/Hosting-1773936556408081774/original/995bbd98-6611-468b-80a9-93b15ac637dd.jpeg"", ""https://a0.muscache.com/im/pictures/hosting/Hosting-1773936556408081774/original/e0e4e7a1-8ae8-4878-b623-783741cf26b8.jpeg"", ""https://a0.muscache.com/im/pictures/hosting/Hosting-1773936556408081774/original/786dddf6-4769-4c6a-b0ec-18ddbcca903f.jpeg"", ""https://a0.muscache.com/im/pictures/hosting/Hosting-1773936556408081774/original/16c0f8f9-6ae2-4be0-978a-fb7d2d0b9753.jpeg"", ""https://a0.muscache.com/im/pictures/hosting/Hosting-1773936556408081774/original/c2229057-5434-4aac-8f1f-d10ece057bc8.jpeg"", ""https://a0.muscache.com/im/pictures/hosting/Hosting-1773936556408081774/original/d9b1e673-4965-40e3-a223-6d519bfef42e.jpeg"", ""https://a0.muscache.com/im/pictures/hosting/Hosting-1773936556408081774/original/a812fddc-23bd-4a32-97f7-3dc70aeb8d18.jpeg"", ""https://a0.muscache.com/im/pictures/hosting/Hosting-1773936556408081774/original/1a8c8f7a-fd92-450d-95e1-ead852a31f4b.jpeg"", ""https://a0.muscache.com/im/pictures/hosting/Hosting-1773936556408081774/original/79c50079-852e-4118-be66-797f88c05783.jpeg"", ""https://a0.muscache.com/im/pictures/hosting/Hosting-1773936556408081774/original/4ea0dee9-bb77-4ae1-8aa0-dac61aa2edb1.png"", ""https://a0.muscache.com/im/pictures/hosting/Hosting-1773936556408081774/original/4f12c37f-05de-4817-87b7-b7499b81814e.jpeg"", ""https://a0.muscache.com/im/pictures/hosting/Hosting-1773936556408081774/original/940f80bf-7b4c-4676-85aa-5e2df204b0dd.png"", ""https://a0.muscache.com/im/pictures/hosting/Hosting-1773936556408081774/original/d3edb602-32a4-40d7-a05f-8ad245523276.png"", ""https://a0.muscache.com/im/pictures/hosting/Hosting-1773936556408081774/original/a6604d37-0090-48e1-a17f-9a84ccf606c1.png"", ""https://a0.muscache.com/im/pictures/hosting/Hosting-1773936556408081774/original/87386957-03a4-4472-80c7-c9d059e20951.png"", ""https://a0.muscache.com/im/pictures/hosting/Hosting-1773936556408081774/original/939e1a72-9071-47c3-9ef2-858af76a8701.png""]",t,"[{""name"": ""Long"", ""avatar"": ""https://a0.muscache.com/im/pictures/user/avatar_long.jpg""}, {""name"": ""Rùa"", ""avatar"": ""https://a0.muscache.com/im/pictures/user/avatar_rua.jpg""}]","[{""name"": ""DECOR"", ""localizedName"": ""Trang trí"", ""count"": 12}, {""name"": ""INTERIOR"", ""localizedName"": ""Không gian bên trong"", ""count"": 20}, {""name"": ""CLEANLINESS"", ""localizedName"": ""Mức độ sạch sẽ"", ""count"": 3}, {""name"": ""LOCATION"", ""localizedName"": ""Địa điểm"", ""count"": 6}, {""name"": ""HOSPITALITY"", ""localizedName"": ""Hiếu khách"", ""count"": 4}]","[{""title"": ""Trải nghiệm nhận phòng xuất sắc"", ""subtitle"": ""Những khách ở gần đây đã xếp hạng 5 sao cho quy trình nhận phòng.""}, {""title"": ""Tự nhận phòng"", ""subtitle"": ""Tự nhận phòng với hộp khóa an toàn.""}]"
1458572872775608131,https://www.airbnb.com.vn/rooms/1458572872775608131,20260926000000,2026-09-26,city search,Aura Home | 503 Nguyễn Khang | Homestay tình yêu,"Chào mừng bạn đến với Aura Home | 503 Nguyễn Khang | Homestay tình yêu — một không gian lưu trú ấm cúng, sang trọng tọa lạc tại Quận Cầu Giấy, Hà Nội.
Căn phòng tràn ngập ánh sáng tự nhiên với đầy đủ tiện nghi cao cấp, giường nệm êm ái, máy lạnh, TV và wifi tốc độ cao. Rất thuận tiện di chuyển tới các điểm tham quan, nhà hàng ẩm thực và quán cà phê nổi tiếng của Hà Nội.","Khu vực Quận Cầu Giấy an ninh, văn minh, gần nhiều địa điểm ăn uống, mua sắm và giải trí sầm uất tại Hà Nội.",https://a0.muscache.com/im/pictures/hosting/Hosting-U3RheVN1cHBseUxpc3Rpbmc6MTQ1ODU3Mjg3Mjc3NTYwODEzMQ==/original/a235405a-f21a-44c2-b570-d24d0b0f1f47.jpeg,47000103,https://www.airbnb.com.vn/users/show/47000103,Đức,2021-05-27,"Hà Nội, Việt Nam","Xin chào, tôi là Đức, đã có 5 năm kinh nghiệm làm host. Tôi yêu thích du lịch và luôn mong muốn đem lại trải nghiệm lưu trú thoải mái nhất cho khách.",trong vòng một giờ,100%,98%,f,https://a0.muscache.com/im/pictures/user/User-47000103/original/user_profile_3.jpeg,https://a0.muscache.com/im/pictures/user/User-47000103/original/user_profile_3.jpeg,Quận Cầu Giấy,4,2,"['email', 'phone', 'work_email']",t,t,Quận Cầu Giấy,Quận Cầu Giấy,Hà Nội,21.02938,105.79841,Phòng riêng trong nhà,Private room,2,1.0,1 phòng tắm,1,1,"[""Bồn tắm thư giãn"", ""Lò vi sóng"", ""Máy báo khói"", ""Bộ chăn ga gối cao cấp"", ""Điều hòa nhiệt độ"", ""Không gian riêng để làm việc"", ""Ban công ngắm cảnh"", ""Dầu gội & Sữa tắm"", ""Máy phát hiện khí CO"", ""Bể bơi"", ""Máy giặt"", ""Tủ lạnh"", ""Bếp đầy đủ tiện nghi"", ""Wi-fi tốc độ cao"", ""Tự nhận phòng với hộp khóa an toàn"", ""Thang máy"", ""Máy sấy tóc"", ""Chỗ đỗ xe miễn phí trong khuôn viên"", ""TV màn hình phẳng"", ""Bàn ủi / Bàn là""]","₫559,000",1,1125,1,2,1125,1125,1.0,1125.0,today,t,18,47,76,251,2026-09-26,5,2,5,2026-07-13,2026-09-13,5.0,4.96,4.97,5.0,5.0,4.97,4.92,,f,2,0,1,0,3.61,"[""https://a0.muscache.com/im/pictures/hosting/Hosting-U3RheVN1cHBseUxpc3Rpbmc6MTQ1ODU3Mjg3Mjc3NTYwODEzMQ==/original/a235405a-f21a-44c2-b570-d24d0b0f1f47.jpeg"", ""https://a0.muscache.com/im/pictures/miso/Hosting-1458572872775608131/original/ad11ec18-4995-4602-8053-a96d7b9c348d.jpeg"", ""https://a0.muscache.com/im/pictures/miso/Hosting-1458572872775608131/original/75a66942-277a-48b3-b86d-88208c62db4b.jpeg"", ""https://a0.muscache.com/im/pictures/miso/Hosting-1458572872775608131/original/e73d99c7-3fb5-4c93-af7d-a8505f58f5b0.jpeg"", ""https://a0.muscache.com/im/pictures/miso/Hosting-1458572872775608131/original/81943a2c-2eb1-4b53-ad1f-353661a4ae73.jpeg"", ""https://a0.muscache.com/im/pictures/hosting/Hosting-U3RheVN1cHBseUxpc3Rpbmc6MTQ1ODU3Mjg3Mjc3NTYwODEzMQ==/original/5d67bd6f-1a94-41be-9bb4-29d6714e8e0b.jpeg""]",t,"[{""name"": ""Cindy"", ""avatar"": ""https://a0.muscache.com/im/pictures/user/avatar_cindy.jpg""}]","[{""name"": ""DECOR"", ""localizedName"": ""Trang trí"", ""count"": 17}, {""name"": ""INTERIOR"", ""localizedName"": ""Không gian bên trong"", ""count"": 16}, {""name"": ""CLEANLINESS"", ""localizedName"": ""Mức độ sạch sẽ"", ""count"": 17}, {""name"": ""LOCATION"", ""localizedName"": ""Địa điểm"", ""count"": 8}, {""name"": ""HOSPITALITY"", ""localizedName"": ""Hiếu khách"", ""count"": 15}]","[{""title"": ""Trải nghiệm nhận phòng xuất sắc"", ""subtitle"": ""Những khách ở gần đây đã xếp hạng 5 sao cho quy trình nhận phòng.""}, {""title"": ""Tự nhận phòng"", ""subtitle"": ""Tự nhận phòng với hộp khóa an toàn.""}]"
1752034129142984845,https://www.airbnb.com.vn/rooms/1752034129142984845,20260926000000,2026-09-26,city search,Cape Ann * 10 phút đến hồ Hoàn Kiếm,"Chào mừng bạn đến với Cape Ann * 10 phút đến hồ Hoàn Kiếm — một không gian lưu trú ấm cúng, sang trọng tọa lạc tại Quận Cầu Giấy, Hà Nội.
Căn phòng tràn ngập ánh sáng tự nhiên với đầy đủ tiện nghi cao cấp, giường nệm êm ái, máy lạnh, TV và wifi tốc độ cao. Rất thuận tiện di chuyển tới các điểm tham quan, nhà hàng ẩm thực và quán cà phê nổi tiếng của Hà Nội.","Khu vực Quận Cầu Giấy an ninh, văn minh, gần nhiều địa điểm ăn uống, mua sắm và giải trí sầm uất tại Hà Nội.",https://a0.muscache.com/im/pictures/hosting/Hosting-1752034129142984845/original/4ebb9072-5350-40a0-94ac-67a59afcfffe.jpeg,47000104,https://www.airbnb.com.vn/users/show/47000104,Khoa,2025-04-22,"Hà Nội, Việt Nam","Xin chào, tôi là Khoa, đã có 1 năm kinh nghiệm làm host. Tôi yêu thích du lịch và luôn mong muốn đem lại trải nghiệm lưu trú thoải mái nhất cho khách.",trong vòng một giờ,100%,98%,t,https://a0.muscache.com/im/pictures/user/User-47000104/original/user_profile_4.jpeg,https://a0.muscache.com/im/pictures/user/User-47000104/original/user_profile_4.jpeg,Quận Cầu Giấy,2,2,"['email', 'phone', 'work_email']",t,t,Quận Cầu Giấy,Quận Cầu Giấy,Hà Nội,21.0174,105.8528,Toàn bộ căn hộ cho thuê,Entire home/apt,2,1.0,1 phòng tắm,1,1,"[""Bồn tắm thư giãn"", ""Tự nhận phòng với hộp khóa an toàn"", ""Không gian riêng để làm việc"", ""Chỗ đỗ xe miễn phí trong khuôn viên"", ""TV màn hình phẳng"", ""Bộ chăn ga gối cao cấp"", ""Bể bơi"", ""Tủ lạnh"", ""Máy giặt"", ""Wi-fi tốc độ cao"", ""Bàn ủi / Bàn là"", ""Ban công ngắm cảnh"", ""Bếp đầy đủ tiện nghi"", ""Lò vi sóng"", ""Máy sấy tóc"", ""Dầu gội & Sữa tắm"", ""Máy báo khói"", ""Điều hòa nhiệt độ"", ""Thang máy"", ""Máy phát hiện khí CO""]","₫929,600",1,1125,1,2,1125,1125,1.0,1125.0,today,t,28,50,62,268,2026-09-26,137,33,0,2023-06-14,2026-09-20,4.85,4.88,4.87,5.0,5.0,5.0,4.91,,t,2,2,0,0,2.28,"[""https://a0.muscache.com/im/pictures/hosting/Hosting-1752034129142984845/original/4ebb9072-5350-40a0-94ac-67a59afcfffe.jpeg"", ""https://a0.muscache.com/im/pictures/hosting/Hosting-1752034129142984845/original/2a0d122f-a86c-4f39-aa27-efc815c9ce16.jpeg"", ""https://a0.muscache.com/im/pictures/hosting/Hosting-1752034129142984845/original/01ba3e7d-1651-4998-8796-dc7761d35ff8.jpeg"", ""https://a0.muscache.com/im/pictures/hosting/Hosting-1752034129142984845/original/affc35a3-be3b-4cbd-bc52-65ca46c08f3e.jpeg"", ""https://a0.muscache.com/im/pictures/hosting/Hosting-1752034129142984845/original/8b7b29d8-e8bf-4513-aaf0-f28bc3ddc808.jpeg"", ""https://a0.muscache.com/im/pictures/hosting/Hosting-1752034129142984845/original/ae9f8e97-3f2a-4381-b7c4-81ba36b715b6.jpeg"", ""https://a0.muscache.com/im/pictures/hosting/Hosting-1752034129142984845/original/1f0e427c-522c-466f-9517-6a7328336770.jpeg"", ""https://a0.muscache.com/im/pictures/hosting/Hosting-1752034129142984845/original/5ae658d1-3cb9-4110-8b90-b08f1ce8d595.jpeg"", ""https://a0.muscache.com/im/pictures/hosting/Hosting-1752034129142984845/original/2980ba93-1932-4d97-8882-dfbd38a68d3a.jpeg"", ""https://a0.muscache.com/im/pictures/hosting/Hosting-1752034129142984845/original/acb344fb-7901-4e76-9119-6cfe5b3af65d.jpeg"", ""https://a0.muscache.com/im/pictures/hosting/Hosting-1752034129142984845/original/ce32a6a0-4533-4455-a664-8f0ff6987b03.jpeg"", ""https://a0.muscache.com/im/pictures/hosting/Hosting-1752034129142984845/original/1fa1cabd-d040-4995-9167-01c59c4f20a2.jpeg"", ""https://a0.muscache.com/im/pictures/hosting/Hosting-1752034129142984845/original/f3b23645-cf22-4b67-92c6-48f7dd7cef3a.jpeg"", ""https://a0.muscache.com/im/pictures/hosting/Hosting-1752034129142984845/original/84405991-c698-40d4-896a-626797dc8f81.jpeg"", ""https://a0.muscache.com/im/pictures/hosting/Hosting-1752034129142984845/original/3618e914-54e6-4c6e-869a-4fd0807c96b5.jpeg"", ""https://a0.muscache.com/im/pictures/hosting/Hosting-1752034129142984845/original/42dc0327-46e3-4ae5-a7c5-b187d6febdff.jpeg"", ""https://a0.muscache.com/im/pictures/hosting/Hosting-1752034129142984845/original/62ec99be-7f92-4a2c-86fe-fe19a763a0c8.jpeg"", ""https://a0.muscache.com/im/pictures/hosting/Hosting-1752034129142984845/original/1c9f0674-974f-423a-b12c-9f2c3aff2f71.jpeg""]",f,"[{""name"": ""Rùa"", ""avatar"": ""https://a0.muscache.com/im/pictures/user/avatar_rua.jpg""}, {""name"": ""Long"", ""avatar"": ""https://a0.muscache.com/im/pictures/user/avatar_long.jpg""}]","[{""name"": ""DECOR"", ""localizedName"": ""Trang trí"", ""count"": 12}, {""name"": ""INTERIOR"", ""localizedName"": ""Không gian bên trong"", ""count"": 18}, {""name"": ""CLEANLINESS"", ""localizedName"": ""Mức độ sạch sẽ"", ""count"": 23}, {""name"": ""LOCATION"", ""localizedName"": ""Địa điểm"", ""count"": 16}, {""name"": ""HOSPITALITY"", ""localizedName"": ""Hiếu khách"", ""count"": 11}]","[{""title"": ""Trải nghiệm nhận phòng xuất sắc"", ""subtitle"": ""Những khách ở gần đây đã xếp hạng 5 sao cho quy trình nhận phòng.""}, {""title"": ""Tự nhận phòng"", ""subtitle"": ""Tự nhận phòng với hộp khóa an toàn.""}]"
1454041992187961002,https://www.airbnb.com.vn/rooms/1454041992187961002,20260926000000,2026-09-26,city search,phòng nhÀN @trou.thisian airbnb,"Chào mừng bạn đến với phòng nhÀN @trou.thisian airbnb — một không gian lưu trú ấm cúng, sang trọng tọa lạc tại Quận Hai Bà Trưng, Hà Nội.
Căn phòng tràn ngập ánh sáng tự nhiên với đầy đủ tiện nghi cao cấp, giường nệm êm ái, máy lạnh, TV và wifi tốc độ cao. Rất thuận tiện di chuyển tới các điểm tham quan, nhà hàng ẩm thực và quán cà phê nổi tiếng của Hà Nội.","Khu vực Quận Hai Bà Trưng an ninh, văn minh, gần nhiều địa điểm ăn uống, mua sắm và giải trí sầm uất tại Hà Nội.",https://a0.muscache.com/im/pictures/hosting/Hosting-1454041992187961002/original/1168e4ea-71c4-48f1-be06-23ae5d645386.jpeg,47000105,https://www.airbnb.com.vn/users/show/47000105,Hoàng,2022-05-23,"Hà Nội, Việt Nam","Xin chào, tôi là Hoàng, đã có 4 năm kinh nghiệm làm host. Tôi yêu thích du lịch và luôn mong muốn đem lại trải nghiệm lưu trú thoải mái nhất cho khách.",trong vòng một giờ,100%,98%,f,https://a0.muscache.com/im/pictures/user/User-47000105/original/user_profile_5.jpeg,https://a0.muscache.com/im/pictures/user/User-47000105/original/user_profile_5.jpeg,Quận Hai Bà Trưng,6,2,"['email', 'phone', 'work_email']",t,t,Quận Hai Bà Trưng,Quận Hai Bà Trưng,Hà Nội,21.0175,105.8536,Phòng riêng trong nhà,Private room,4,1.0,1 phòng tắm,1,2,"[""Dầu gội & Sữa tắm"", ""Điều hòa nhiệt độ"", ""Máy giặt"", ""Máy báo khói"", ""Bộ chăn ga gối cao cấp"", ""Bể bơi"", ""Tự nhận phòng với hộp khóa an toàn"", ""Tủ lạnh"", ""Wi-fi tốc độ cao"", ""Bàn ủi / Bàn là"", ""Thang máy"", ""Máy phát hiện khí CO"", ""Ban công ngắm cảnh"", ""Bếp đầy đủ tiện nghi"", ""Không gian riêng để làm việc""]","₫1,403,820",1,1125,1,2,1125,1125,1.0,1125.0,today,t,20,35,70,243,2026-09-26,46,21,1,2024-11-05,2026-09-06,4.93,4.96,4.95,5.0,5.0,4.81,4.76,,f,2,0,1,0,4.62,"[""https://a0.muscache.com/im/pictures/hosting/Hosting-1454041992187961002/original/1168e4ea-71c4-48f1-be06-23ae5d645386.jpeg"", ""https://a0.muscache.com/im/pictures/hosting/Hosting-1454041992187961002/original/03ccb410-a9d0-4b3e-b612-f54cac93b28c.jpeg"", ""https://a0.muscache.com/im/pictures/hosting/Hosting-1454041992187961002/original/223179ac-ae98-4ce8-a843-b924215f1894.jpeg"", ""https://a0.muscache.com/im/pictures/hosting/Hosting-1454041992187961002/original/15582aba-b0c5-4c7d-9856-3a7158cc27f9.jpeg"", ""https://a0.muscache.com/im/pictures/hosting/Hosting-1454041992187961002/original/1ca67288-18fb-4cf2-801f-ccddd992c238.jpeg"", ""https://a0.muscache.com/im/pictures/hosting/Hosting-1454041992187961002/original/bdf30c08-7d4b-4cd7-83a9-60e0f25c8762.jpeg""]",t,"[{""name"": ""Cindy"", ""avatar"": ""https://a0.muscache.com/im/pictures/user/avatar_cindy.jpg""}]","[{""name"": ""DECOR"", ""localizedName"": ""Trang trí"", ""count"": 2}, {""name"": ""INTERIOR"", ""localizedName"": ""Không gian bên trong"", ""count"": 18}, {""name"": ""CLEANLINESS"", ""localizedName"": ""Mức độ sạch sẽ"", ""count"": 6}, {""name"": ""LOCATION"", ""localizedName"": ""Địa điểm"", ""count"": 11}, {""name"": ""HOSPITALITY"", ""localizedName"": ""Hiếu khách"", ""count"": 5}]","[{""title"": ""Trải nghiệm nhận phòng xuất sắc"", ""subtitle"": ""Những khách ở gần đây đã xếp hạng 5 sao cho quy trình nhận phòng.""}, {""title"": ""Tự nhận phòng"", ""subtitle"": ""Tự nhận phòng với hộp khóa an toàn.""}]"
1631819992639835956,https://www.airbnb.com.vn/rooms/1631819992639835956,20260926000000,2026-09-26,city search,Hướng phố ấm cúng/Khu phố cổ/Hồ Hoàn Kiếm,"Chào mừng bạn đến với Hướng phố ấm cúng/Khu phố cổ/Hồ Hoàn Kiếm — một không gian lưu trú ấm cúng, sang trọng tọa lạc tại Quận Hoàn Kiếm, Hà Nội.
Căn phòng tràn ngập ánh sáng tự nhiên với đầy đủ tiện nghi cao cấp, giường nệm êm ái, máy lạnh, TV và wifi tốc độ cao. Rất thuận tiện di chuyển tới các điểm tham quan, nhà hàng ẩm thực và quán cà phê nổi tiếng của Hà Nội.","Khu vực Quận Hoàn Kiếm an ninh, văn minh, gần nhiều địa điểm ăn uống, mua sắm và giải trí sầm uất tại Hà Nội.",https://a0.muscache.com/im/pictures/hosting/Hosting-1631819992639835956/original/e2e46a24-3144-4ca1-805f-54904e2ca9c6.jpeg,47000106,https://www.airbnb.com.vn/users/show/47000106,Việt,2024-07-14,"Hà Nội, Việt Nam","Xin chào, tôi là Việt, đã có 2 năm kinh nghiệm làm host. Tôi yêu thích du lịch và luôn mong muốn đem lại trải nghiệm lưu trú thoải mái nhất cho khách.",trong vòng một giờ,100%,98%,t,https://a0.muscache.com/im/pictures/user/User-47000106/original/user_profile_6.jpeg,https://a0.muscache.com/im/pictures/user/User-47000106/original/user_profile_6.jpeg,Quận Hoàn Kiếm,2,7,"['email', 'phone', 'work_email']",t,t,Quận Hoàn Kiếm,Quận Hoàn Kiếm,Hà Nội,21.0299,105.8568,Toàn bộ căn hộ cho thuê,Entire home/apt,2,1.0,1 phòng tắm,1,1,"[""Wi-fi tốc độ cao"", ""Bàn ủi / Bàn là"", ""Lò vi sóng"", ""Bồn tắm thư giãn"", ""Ban công ngắm cảnh"", ""TV màn hình phẳng"", ""Dầu gội & Sữa tắm"", ""Bếp đầy đủ tiện nghi"", ""Thang máy"", ""Không gian riêng để làm việc"", ""Bộ chăn ga gối cao cấp"", ""Chỗ đỗ xe miễn phí trong khuôn viên"", ""Tủ lạnh"", ""Bể bơi"", ""Máy báo khói"", ""Máy giặt"", ""Điều hòa nhiệt độ"", ""Tự nhận phòng với hộp khóa an toàn"", ""Máy sấy tóc""]","₫1,009,999",1,1125,1,2,1125,1125,1.0,1125.0,today,t,26,37,84,245,2026-09-26,20,4,3,2025-11-30,2026-09-18,4.95,4.81,4.88,5.0,5.0,4.82,4.83,,t,2,2,0,0,3.25,"[""https://a0.muscache.com/im/pictures/hosting/Hosting-1631819992639835956/original/e2e46a24-3144-4ca1-805f-54904e2ca9c6.jpeg"", ""https://a0.muscache.com/im/pictures/hosting/Hosting-1631819992639835956/original/e477010e-d0bf-4753-aaed-668abbbbbfa3.jpeg"", ""https://a0.muscache.com/im/pictures/hosting/Hosting-1631819992639835956/original/185c63a0-6bc9-4946-a93a-675dd8c9ece9.jpeg"", ""https://a0.muscache.com/im/pictures/hosting/Hosting-1631819992639835956/original/616122a7-1120-4d49-9426-103fc085fa94.jpeg"", ""https://a0.muscache.com/im/pictures/hosting/Hosting-1631819992639835956/original/e45f54fb-4b58-471a-8405-74f453bace7c.jpeg"", ""https://a0.muscache.com/im/pictures/hosting/Hosting-1631819992639835956/original/237e808e-f708-4b4c-8d44-87db9c316194.jpeg"", ""https://a0.muscache.com/im/pictures/hosting/Hosting-1631819992639835956/original/3fa563c4-5295-4dea-ab22-1e26e9f3d34f.jpeg"", ""https://a0.muscache.com/im/pictures/hosting/Hosting-1631819992639835956/original/110a6159-b100-403c-aace-bcdd6ea347c6.jpeg"", ""https://a0.muscache.com/im/pictures/hosting/Hosting-1631819992639835956/original/135433c4-59ed-460a-ad07-32eaf147fa3c.jpeg"", ""https://a0.muscache.com/im/pictures/hosting/Hosting-1631819992639835956/original/e84ee811-36c0-4c77-b8e0-8f4820104690.jpeg"", ""https://a0.muscache.com/im/pictures/hosting/Hosting-1631819992639835956/original/5f7b3222-6e6a-4750-8f5a-e87774b8c312.jpeg"", ""https://a0.muscache.com/im/pictures/hosting/Hosting-1631819992639835956/original/9fdda67b-92c4-45b2-b44c-9a5b047f03dc.jpeg"", ""https://a0.muscache.com/im/pictures/hosting/Hosting-1631819992639835956/original/e9cb227c-de4e-4c2e-8c5c-838e5bb707a5.jpeg"", ""https://a0.muscache.com/im/pictures/hosting/Hosting-1631819992639835956/original/bbc44e47-2fbd-4361-810b-a6825ee07d32.jpeg"", ""https://a0.muscache.com/im/pictures/hosting/Hosting-1631819992639835956/original/9b620eeb-f5f1-4a9d-821b-c4e477223ac2.jpeg"", ""https://a0.muscache.com/im/pictures/hosting/Hosting-1631819992639835956/original/154c4d19-722b-478b-8dfe-6b0152598492.jpeg"", ""https://a0.muscache.com/im/pictures/hosting/Hosting-1631819992639835956/original/6e0a7488-37c7-4bea-9137-feff41f45202.jpeg"", ""https://a0.muscache.com/im/pictures/hosting/Hosting-1631819992639835956/original/e84c7a81-896b-4a51-8fd0-301251e47959.jpeg"", ""https://a0.muscache.com/im/pictures/hosting/Hosting-1631819992639835956/original/0c024ca0-ae66-426b-ad24-a9e18613e342.jpeg"", ""https://a0.muscache.com/im/pictures/hosting/Hosting-1631819992639835956/original/08567748-4849-4b95-af89-40a7765c10ec.jpeg"", ""https://a0.muscache.com/im/pictures/hosting/Hosting-1631819992639835956/original/ec7fccfa-5afd-43f2-a1c9-b6f8234a6a62.jpeg"", ""https://a0.muscache.com/im/pictures/hosting/Hosting-1631819992639835956/original/5cb2d9ae-dbd3-4fec-a751-6120f2e502ba.jpeg"", ""https://a0.muscache.com/im/pictures/hosting/Hosting-1631819992639835956/original/a5337424-b02c-4c3d-84ee-91f8ace6a88e.jpeg"", ""https://a0.muscache.com/im/pictures/hosting/Hosting-1631819992639835956/original/91dd7391-4236-4c59-97c4-f2aed012c47e.jpeg"", ""https://a0.muscache.com/im/pictures/hosting/Hosting-1631819992639835956/original/b75a63ef-e20a-45a1-a9a3-abcb42eb17f9.jpeg"", ""https://a0.muscache.com/im/pictures/hosting/Hosting-1631819992639835956/original/601e1a21-9f89-4dc2-8770-0f8818306668.jpeg"", ""https://a0.muscache.com/im/pictures/hosting/Hosting-1631819992639835956/original/0e6132f8-e054-455c-8449-41c2763644d4.jpeg"", ""https://a0.muscache.com/im/pictures/hosting/Hosting-1631819992639835956/original/18fef2da-c267-4e0d-ba63-c711b68aaa71.jpeg"", ""https://a0.muscache.com/im/pictures/hosting/Hosting-1631819992639835956/original/ce72e856-85a4-42ad-82ee-c260d5128a1a.jpeg""]",t,"[{""name"": ""Rùa"", ""avatar"": ""https://a0.muscache.com/im/pictures/user/avatar_rua.jpg""}, {""name"": ""Cindy"", ""avatar"": ""https://a0.muscache.com/im/pictures/user/avatar_cindy.jpg""}, {""name"": ""Long"", ""avatar"": ""https://a0.muscache.com/im/pictures/user/avatar_long.jpg""}]","[{""name"": ""DECOR"", ""localizedName"": ""Trang trí"", ""count"": 9}, {""name"": ""INTERIOR"", ""localizedName"": ""Không gian bên trong"", ""count"": 2}, {""name"": ""CLEANLINESS"", ""localizedName"": ""Mức độ sạch sẽ"", ""count"": 12}, {""name"": ""LOCATION"", ""localizedName"": ""Địa điểm"", ""count"": 9}, {""name"": ""HOSPITALITY"", ""localizedName"": ""Hiếu khách"", ""count"": 14}]","[{""title"": ""Trải nghiệm nhận phòng xuất sắc"", ""subtitle"": ""Những khách ở gần đây đã xếp hạng 5 sao cho quy trình nhận phòng.""}, {""title"": ""Tự nhận phòng"", ""subtitle"": ""Tự nhận phòng với hộp khóa an toàn.""}]"
1348307996975028732,https://www.airbnb.com.vn/rooms/1348307996975028732,20260926000000,2026-09-26,city search,XOI Saka2 2BR60m²|Lakeside|Bếp|Giặt ủi @Centr,"Chào mừng bạn đến với XOI Saka2 2BR60m²|Lakeside|Bếp|Giặt ủi @Centr — một không gian lưu trú ấm cúng, sang trọng tọa lạc tại Quận Thanh Xuân, Hà Nội.
Căn phòng tràn ngập ánh sáng tự nhiên với đầy đủ tiện nghi cao cấp, giường nệm êm ái, máy lạnh, TV và wifi tốc độ cao. Rất thuận tiện di chuyển tới các điểm tham quan, nhà hàng ẩm thực và quán cà phê nổi tiếng của Hà Nội.","Khu vực Quận Thanh Xuân an ninh, văn minh, gần nhiều địa điểm ăn uống, mua sắm và giải trí sầm uất tại Hà Nội.",https://a0.muscache.com/im/pictures/hosting/Hosting-1348307996975028732/original/68474b7a-dbb8-4b0e-9264-6782a870ace9.jpeg,47000107,https://www.airbnb.com.vn/users/show/47000107,Phong,2023-09-07,"Hà Nội, Việt Nam","Xin chào, tôi là Phong, đã có 3 năm kinh nghiệm làm host. Tôi yêu thích du lịch và luôn mong muốn đem lại trải nghiệm lưu trú thoải mái nhất cho khách.",trong vòng một giờ,100%,98%,f,https://a0.muscache.com/im/pictures/user/User-47000107/original/user_profile_7.jpeg,https://a0.muscache.com/im/pictures/user/User-47000107/original/user_profile_7.jpeg,Quận Thanh Xuân,3,10,"['email', 'phone', 'work_email']",t,t,Quận Thanh Xuân,Quận Thanh Xuân,Hà Nội,21.029515348479915,105.80949634992092,Toàn bộ căn hộ cho thuê,Entire home/apt,4,1.0,1 phòng tắm,2,2,"[""Bếp đầy đủ tiện nghi"", ""Không gian riêng để làm việc"", ""Điều hòa nhiệt độ"", ""Dầu gội & Sữa tắm"", ""Bồn tắm thư giãn"", ""Ban công ngắm cảnh"", ""Tự nhận phòng với hộp khóa an toàn"", ""Thang máy"", ""Bàn ủi / Bàn là"", ""Wi-fi tốc độ cao"", ""Máy sấy tóc"", ""Lò vi sóng"", ""Tủ lạnh"", ""Chỗ đỗ xe miễn phí trong khuôn viên"", ""Máy phát hiện khí CO"", ""Bộ chăn ga gối cao cấp"", ""TV màn hình phẳng""]","₫1,139,487",1,1125,1,2,1125,1125,1.0,1125.0,today,t,13,40,78,332,2026-09-26,170,32,1,2023-06-14,2026-09-02,4.91,4.9,4.95,5.0,5.0,4.91,4.87,,f,2,2,0,0,3.5,"[""https://a0.muscache.com/im/pictures/hosting/Hosting-1348307996975028732/original/68474b7a-dbb8-4b0e-9264-6782a870ace9.jpeg"", ""https://a0.muscache.com/im/pictures/hosting/Hosting-1348307996975028732/original/0265f298-87b2-4073-8154-6f8638444628.jpeg"", ""https://a0.muscache.com/im/pictures/hosting/Hosting-1348307996975028732/original/0384ccc2-ef02-430c-ad41-1bddffa3efbb.jpeg"", ""https://a0.muscache.com/im/pictures/hosting/Hosting-1348307996975028732/original/e7cc0212-b80e-4a76-a9cd-720bba69074e.jpeg"", ""https://a0.muscache.com/im/pictures/hosting/Hosting-1348307996975028732/original/e8598d5b-67a8-4cd8-b47c-6dc55653fc9e.jpeg"", ""https://a0.muscache.com/im/pictures/hosting/Hosting-1348307996975028732/original/e669ba17-c202-4c6b-affb-ada1efb71dd6.jpeg"", ""https://a0.muscache.com/im/pictures/hosting/Hosting-1348307996975028732/original/adf83430-5e64-4db0-9db4-a27c624af849.jpeg"", ""https://a0.muscache.com/im/pictures/hosting/Hosting-1348307996975028732/original/69e8e1da-0315-469b-97f7-9ca1d95030f2.jpeg"", ""https://a0.muscache.com/im/pictures/hosting/Hosting-1348307996975028732/original/e681aa7d-9377-470f-8393-ec4e7da4438d.jpeg"", ""https://a0.muscache.com/im/pictures/hosting/Hosting-1348307996975028732/original/d6234b3e-8c9e-4e58-ad28-ccc8ffa06e3e.jpeg"", ""https://a0.muscache.com/im/pictures/hosting/Hosting-1348307996975028732/original/cf6bd86d-ac01-4c15-9057-5ae21e8ad21e.jpeg"", ""https://a0.muscache.com/im/pictures/hosting/Hosting-1348307996975028732/original/8e99cf84-2a8a-4972-b0a6-d392b94743de.jpeg"", ""https://a0.muscache.com/im/pictures/hosting/Hosting-1348307996975028732/original/66c00f25-303b-42e8-ab08-4626d7a9144e.jpeg"", ""https://a0.muscache.com/im/pictures/hosting/Hosting-1348307996975028732/original/376c4ca6-d6c7-4d34-94f0-d7bffa49da13.jpeg"", ""https://a0.muscache.com/im/pictures/hosting/Hosting-1348307996975028732/original/aedede73-62da-4fad-9fd5-2814fbcb9a1e.jpeg"", ""https://a0.muscache.com/im/pictures/hosting/Hosting-1348307996975028732/original/8e55dfd5-b86b-48e3-b55f-9e451b1ad3e4.jpeg"", ""https://a0.muscache.com/im/pictures/miso/Hosting-1348170174103086110/original/c766eefc-7bc7-4162-9035-f75ff0583898.jpeg"", ""https://a0.muscache.com/im/pictures/hosting/Hosting-1348307996975028732/original/821b6f93-379f-4030-95b2-e827a6561b8c.jpeg"", ""https://a0.muscache.com/im/pictures/hosting/Hosting-1348307996975028732/original/5bb40775-10bd-4f11-b23e-22d826d664b7.jpeg"", ""https://a0.muscache.com/im/pictures/hosting/Hosting-1348307996975028732/original/d5083ba4-1b17-424b-8974-f26242a58a15.jpeg"", ""https://a0.muscache.com/im/pictures/hosting/Hosting-1348307996975028732/original/800b8261-d414-4d7a-b002-a435476a1691.jpeg"", ""https://a0.muscache.com/im/pictures/hosting/Hosting-1348307996975028732/original/c0fe5406-ee23-451f-802b-39fa70142803.jpeg"", ""https://a0.muscache.com/im/pictures/hosting/Hosting-1348307996975028732/original/d93e0b60-36c9-4a29-8419-945ae2da9664.jpeg"", ""https://a0.muscache.com/im/pictures/hosting/Hosting-1348307996975028732/original/d55420ee-afde-4e2b-99bf-0b8d660701eb.jpeg"", ""https://a0.muscache.com/im/pictures/hosting/Hosting-1348307996975028732/original/bd7d714f-cd36-4965-ba34-3e30751c72d5.jpeg"", ""https://a0.muscache.com/im/pictures/hosting/Hosting-1348307996975028732/original/47e70963-6b5b-495c-bd82-4337c5b66d76.jpeg"", ""https://a0.muscache.com/im/pictures/hosting/Hosting-1348307996975028732/original/0dfdd4d5-6390-4563-9d70-a71f90a07570.jpeg"", ""https://a0.muscache.com/im/pictures/hosting/Hosting-1348307996975028732/original/073cc293-7042-492c-8863-46479c05944a.jpeg"", ""https://a0.muscache.com/im/pictures/hosting/Hosting-1348307996975028732/original/d9e035aa-ec67-4426-bf69-b4ee7b43b4c2.jpeg""]",t,"[{""name"": ""Rùa"", ""avatar"": ""https://a0.muscache.com/im/pictures/user/avatar_rua.jpg""}, {""name"": ""Cindy"", ""avatar"": ""https://a0.muscache.com/im/pictures/user/avatar_cindy.jpg""}, {""name"": ""Dang Nguyen"", ""avatar"": ""https://a0.muscache.com/im/pictures/user/avatar_dang.jpg""}]","[{""name"": ""DECOR"", ""localizedName"": ""Trang trí"", ""count"": 7}, {""name"": ""INTERIOR"", ""localizedName"": ""Không gian bên trong"", ""count"": 22}, {""name"": ""CLEANLINESS"", ""localizedName"": ""Mức độ sạch sẽ"", ""count"": 23}, {""name"": ""LOCATION"", ""localizedName"": ""Địa điểm"", ""count"": 16}, {""name"": ""HOSPITALITY"", ""localizedName"": ""Hiếu khách"", ""count"": 12}]","[{""title"": ""Trải nghiệm nhận phòng xuất sắc"", ""subtitle"": ""Những khách ở gần đây đã xếp hạng 5 sao cho quy trình nhận phòng.""}, {""title"": ""Tự nhận phòng"", ""subtitle"": ""Tự nhận phòng với hộp khóa an toàn.""}]"
1639654585476401634,https://www.airbnb.com.vn/rooms/1639654585476401634,20260926000000,2026-09-26,city search,Căn hộ 1 phòng ngủ thanh lịch có ban công/Hồ Hoàn Kiếm/Nhà hát Lớn,"Chào mừng bạn đến với Căn hộ 1 phòng ngủ thanh lịch có ban công/Hồ Hoàn Kiếm/Nhà hát Lớn — một không gian lưu trú ấm cúng, sang trọng tọa lạc tại Quận Hoàn Kiếm, Hà Nội.
Căn phòng tràn ngập ánh sáng tự nhiên với đầy đủ tiện nghi cao cấp, giường nệm êm ái, máy lạnh, TV và wifi tốc độ cao. Rất thuận tiện di chuyển tới các điểm tham quan, nhà hàng ẩm thực và quán cà phê nổi tiếng của Hà Nội.","Khu vực Quận Hoàn Kiếm an ninh, văn minh, gần nhiều địa điểm ăn uống, mua sắm và giải trí sầm uất tại Hà Nội.",https://a0.muscache.com/im/pictures/hosting/Hosting-1639654585476401634/original/318edf1b-a13c-4cf8-a9c3-ae32e2b3363a.jpeg,47000108,https://www.airbnb.com.vn/users/show/47000108,Tùng,2021-07-25,"Hà Nội, Việt Nam","Xin chào, tôi là Tùng, đã có 5 năm kinh nghiệm làm host. Tôi yêu thích du lịch và luôn mong muốn đem lại trải nghiệm lưu trú thoải mái nhất cho khách.",trong vòng một giờ,100%,98%,t,https://a0.muscache.com/im/pictures/user/User-47000108/original/user_profile_8.jpeg,https://a0.muscache.com/im/pictures/user/User-47000108/original/user_profile_8.jpeg,Quận Hoàn Kiếm,1,6,"['email', 'phone', 'work_email']",t,t,Quận Hoàn Kiếm,Quận Hoàn Kiếm,Hà Nội,21.02555,105.85498,Phòng riêng trong nhà,Private room,4,1.0,1 phòng tắm,1,2,"[""TV màn hình phẳng"", ""Bàn ủi / Bàn là"", ""Bếp đầy đủ tiện nghi"", ""Điều hòa nhiệt độ"", ""Ban công ngắm cảnh"", ""Tự nhận phòng với hộp khóa an toàn"", ""Chỗ đỗ xe miễn phí trong khuôn viên"", ""Thang máy"", ""Tủ lạnh"", ""Dầu gội & Sữa tắm"", ""Wi-fi tốc độ cao"", ""Máy giặt"", ""Bộ chăn ga gối cao cấp"", ""Máy sấy tóc"", ""Không gian riêng để làm việc"", ""Bồn tắm thư giãn"", ""Máy báo khói"", ""Máy phát hiện khí CO"", ""Bể bơi""]","₫950,000",1,1125,1,2,1125,1125,1.0,1125.0,today,t,24,55,51,333,2026-09-26,30,12,1,2025-07-03,2026-09-19,4.9,4.87,4.82,5.0,5.0,4.72,4.86,,t,2,0,1,0,2.73,"[""https://a0.muscache.com/im/pictures/hosting/Hosting-1639654585476401634/original/318edf1b-a13c-4cf8-a9c3-ae32e2b3363a.jpeg"", ""https://a0.muscache.com/im/pictures/hosting/Hosting-1639654585476401634/original/36f45ecd-36f8-4443-9dec-9eb4516ecc91.jpeg"", ""https://a0.muscache.com/im/pictures/hosting/Hosting-1639654585476401634/original/add32936-ae10-42a6-bfb1-80591a2de8c5.jpeg"", ""https://a0.muscache.com/im/pictures/hosting/Hosting-1639654585476401634/original/1eb43b70-ffd2-4ffd-bafb-eaf3ce582a19.jpeg"", ""https://a0.muscache.com/im/pictures/hosting/Hosting-1639654585476401634/original/65d840e1-6f89-44b3-9bc6-de2ef1b7fe72.jpeg"", ""https://a0.muscache.com/im/pictures/hosting/Hosting-1639654585476401634/original/94bfece8-79dc-440a-a803-f3d6102cbd22.jpeg""]",t,"[{""name"": ""Long"", ""avatar"": ""https://a0.muscache.com/im/pictures/user/avatar_long.jpg""}, {""name"": ""Dang Nguyen"", ""avatar"": ""https://a0.muscache.com/im/pictures/user/avatar_dang.jpg""}]","[{""name"": ""DECOR"", ""localizedName"": ""Trang trí"", ""count"": 4}, {""name"": ""INTERIOR"", ""localizedName"": ""Không gian bên trong"", ""count"": 17}, {""name"": ""CLEANLINESS"", ""localizedName"": ""Mức độ sạch sẽ"", ""count"": 25}, {""name"": ""LOCATION"", ""localizedName"": ""Địa điểm"", ""count"": 14}, {""name"": ""HOSPITALITY"", ""localizedName"": ""Hiếu khách"", ""count"": 6}]","[{""title"": ""Trải nghiệm nhận phòng xuất sắc"", ""subtitle"": ""Những khách ở gần đây đã xếp hạng 5 sao cho quy trình nhận phòng.""}, {""title"": ""Tự nhận phòng"", ""subtitle"": ""Tự nhận phòng với hộp khóa an toàn.""}]"
1671492068058763422,https://www.airbnb.com.vn/rooms/1671492068058763422,20260926000000,2026-09-26,city search,Đường Tấn Cũ 2 - Bồn tắm - Nhà ở thư giãn - Hướng nhìn ra thành phố,"Chào mừng bạn đến với Đường Tấn Cũ 2 - Bồn tắm - Nhà ở thư giãn - Hướng nhìn ra thành phố — một không gian lưu trú ấm cúng, sang trọng tọa lạc tại Quận Ba Đình, Hà Nội.
Căn phòng tràn ngập ánh sáng tự nhiên với đầy đủ tiện nghi cao cấp, giường nệm êm ái, máy lạnh, TV và wifi tốc độ cao. Rất thuận tiện di chuyển tới các điểm tham quan, nhà hàng ẩm thực và quán cà phê nổi tiếng của Hà Nội.","Khu vực Quận Ba Đình an ninh, văn minh, gần nhiều địa điểm ăn uống, mua sắm và giải trí sầm uất tại Hà Nội.",https://a0.muscache.com/im/pictures/hosting/Hosting-1671492068058763422/original/6bec54ac-1c41-421e-8a31-654c59bc28a7.jpeg,47000109,https://www.airbnb.com.vn/users/show/47000109,Quân,2022-12-09,"Hà Nội, Việt Nam","Xin chào, tôi là Quân, đã có 3 năm kinh nghiệm làm host. Tôi yêu thích du lịch và luôn mong muốn đem lại trải nghiệm lưu trú thoải mái nhất cho khách.",trong vòng một giờ,100%,98%,f,https://a0.muscache.com/im/pictures/user/User-47000109/original/user_profile_9.jpeg,https://a0.muscache.com/im/pictures/user/User-47000109/original/user_profile_9.jpeg,Quận Ba Đình,9,6,"['email', 'phone', 'work_email']",t,t,Quận Ba Đình,Quận Ba Đình,Hà Nội,21.03326905547564,105.80890753437477,Phòng riêng trong nhà,Private room,2,1.0,1 phòng tắm,1,1,"[""Chỗ đỗ xe miễn phí trong khuôn viên"", ""Máy báo khói"", ""Bếp đầy đủ tiện nghi"", ""Thang máy"", ""Tủ lạnh"", ""Lò vi sóng"", ""Điều hòa nhiệt độ"", ""Bồn tắm thư giãn"", ""Wi-fi tốc độ cao"", ""Máy phát hiện khí CO"", ""Bàn ủi / Bàn là"", ""TV màn hình phẳng"", ""Máy giặt"", ""Máy sấy tóc"", ""Ban công ngắm cảnh"", ""Bộ chăn ga gối cao cấp""]","₫728,000",1,1125,1,2,1125,1125,1.0,1125.0,today,t,15,55,55,277,2026-09-26,17,1,6,2026-01-14,2026-09-06,5.0,4.92,4.89,5.0,5.0,4.9,4.75,,f,2,0,1,0,2.22,"[""https://a0.muscache.com/im/pictures/hosting/Hosting-1671492068058763422/original/6bec54ac-1c41-421e-8a31-654c59bc28a7.jpeg"", ""https://a0.muscache.com/im/pictures/hosting/Hosting-1671492068058763422/original/a5bd2215-0268-4334-968a-7b8992c5b551.jpeg"", ""https://a0.muscache.com/im/pictures/hosting/Hosting-1671492068058763422/original/8c828fbe-18a0-4f48-a1cb-8f2b29f6fcef.jpeg"", ""https://a0.muscache.com/im/pictures/hosting/Hosting-1671492068058763422/original/d6a04069-aaa0-45de-9afb-49ff89d70580.jpeg"", ""https://a0.muscache.com/im/pictures/hosting/Hosting-1671492068058763422/original/9a06e097-315e-4445-9c77-5b2bd0930a39.jpeg"", ""https://a0.muscache.com/im/pictures/hosting/Hosting-1671492068058763422/original/e3ed6fb4-735a-45fa-b910-2203d639e10b.jpeg""]",t,"[{""name"": ""Dang Nguyen"", ""avatar"": ""https://a0.muscache.com/im/pictures/user/avatar_dang.jpg""}, {""name"": ""Cindy"", ""avatar"": ""https://a0.muscache.com/im/pictures/user/avatar_cindy.jpg""}, {""name"": ""Rùa"", ""avatar"": ""https://a0.muscache.com/im/pictures/user/avatar_rua.jpg""}]","[{""name"": ""DECOR"", ""localizedName"": ""Trang trí"", ""count"": 16}, {""name"": ""INTERIOR"", ""localizedName"": ""Không gian bên trong"", ""count"": 18}, {""name"": ""CLEANLINESS"", ""localizedName"": ""Mức độ sạch sẽ"", ""count"": 24}, {""name"": ""LOCATION"", ""localizedName"": ""Địa điểm"", ""count"": 19}, {""name"": ""HOSPITALITY"", ""localizedName"": ""Hiếu khách"", ""count"": 3}]","[{""title"": ""Trải nghiệm nhận phòng xuất sắc"", ""subtitle"": ""Những khách ở gần đây đã xếp hạng 5 sao cho quy trình nhận phòng.""}, {""title"": ""Tự nhận phòng"", ""subtitle"": ""Tự nhận phòng với hộp khóa an toàn.""}]"
1616332704328567151,https://www.airbnb.com.vn/rooms/1616332704328567151,20260926000000,2026-09-26,city search,Nơi nghỉ ngơi có tầm nhìn ra thành phố Hà Nội,"Chào mừng bạn đến với Nơi nghỉ ngơi có tầm nhìn ra thành phố Hà Nội — một không gian lưu trú ấm cúng, sang trọng tọa lạc tại Quận Tây Hồ, Hà Nội.
Căn phòng tràn ngập ánh sáng tự nhiên với đầy đủ tiện nghi cao cấp, giường nệm êm ái, máy lạnh, TV và wifi tốc độ cao. Rất thuận tiện di chuyển tới các điểm tham quan, nhà hàng ẩm thực và quán cà phê nổi tiếng của Hà Nội.","Khu vực Quận Tây Hồ an ninh, văn minh, gần nhiều địa điểm ăn uống, mua sắm và giải trí sầm uất tại Hà Nội.",https://a0.muscache.com/im/pictures/hosting/Hosting-1616332704328567151/original/0f80032d-b586-4c84-b5ea-d642c5bcc175.jpeg,47000110,https://www.airbnb.com.vn/users/show/47000110,Felix,2020-01-27,"Hà Nội, Việt Nam","Xin chào, tôi là Felix, đã có 6 năm kinh nghiệm làm host. Tôi yêu thích du lịch và luôn mong muốn đem lại trải nghiệm lưu trú thoải mái nhất cho khách.",trong vòng một giờ,100%,98%,t,https://a0.muscache.com/im/pictures/user/User-47000110/original/user_profile_0.jpeg,https://a0.muscache.com/im/pictures/user/User-47000110/original/user_profile_0.jpeg,Quận Tây Hồ,4,4,"['email', 'phone', 'work_email']",t,t,Quận Tây Hồ,Quận Tây Hồ,Hà Nội,21.00049,105.83705,Phòng riêng trong nhà,Private room,4,1.0,1 phòng tắm,1,2,"[""Bể bơi"", ""Tủ lạnh"", ""Bàn ủi / Bàn là"", ""Máy báo khói"", ""Tự nhận phòng với hộp khóa an toàn"", ""Máy sấy tóc"", ""Ban công ngắm cảnh"", ""Chỗ đỗ xe miễn phí trong khuôn viên"", ""Không gian riêng để làm việc"", ""Bộ chăn ga gối cao cấp"", ""Điều hòa nhiệt độ"", ""TV màn hình phẳng"", ""Thang máy"", ""Máy phát hiện khí CO"", ""Lò vi sóng"", ""Bồn tắm thư giãn"", ""Wi-fi tốc độ cao"", ""Bếp đầy đủ tiện nghi""]","₫492,051",1,1125,1,2,1125,1125,1.0,1125.0,today,t,19,45,79,275,2026-09-26,18,2,0,2025-12-30,2026-09-19,5.0,4.91,4.88,5.0,5.0,4.98,4.86,,t,2,0,1,0,4.08,"[""https://a0.muscache.com/im/pictures/hosting/Hosting-1616332704328567151/original/0f80032d-b586-4c84-b5ea-d642c5bcc175.jpeg"", ""https://a0.muscache.com/im/pictures/hosting/Hosting-1616332704328567151/original/00a0a77e-74f9-47df-bbe5-7059c3ab1a61.jpeg"", ""https://a0.muscache.com/im/pictures/hosting/Hosting-1616332704328567151/original/7a504b24-6f01-42dc-819d-c1c275fc23b7.jpeg"", ""https://a0.muscache.com/im/pictures/hosting/Hosting-1616332704328567151/original/3c767b39-6624-47c8-8be7-49be5782ce74.jpeg"", ""https://a0.muscache.com/im/pictures/hosting/Hosting-1616332704328567151/original/9bf66d93-f16b-4d36-a638-e6ab0daf7935.jpeg"", ""https://a0.muscache.com/im/pictures/hosting/Hosting-1616332704328567151/original/931dec67-b874-4507-9e31-ec12de46599b.jpeg""]",t,"[{""name"": ""Long"", ""avatar"": ""https://a0.muscache.com/im/pictures/user/avatar_long.jpg""}, {""name"": ""Cindy"", ""avatar"": ""https://a0.muscache.com/im/pictures/user/avatar_cindy.jpg""}]","[{""name"": ""DECOR"", ""localizedName"": ""Trang trí"", ""count"": 17}, {""name"": ""INTERIOR"", ""localizedName"": ""Không gian bên trong"", ""count"": 9}, {""name"": ""CLEANLINESS"", ""localizedName"": ""Mức độ sạch sẽ"", ""count"": 22}, {""name"": ""LOCATION"", ""localizedName"": ""Địa điểm"", ""count"": 12}, {""name"": ""HOSPITALITY"", ""localizedName"": ""Hiếu khách"", ""count"": 8}]","[{""title"": ""Trải nghiệm nhận phòng xuất sắc"", ""subtitle"": ""Những khách ở gần đây đã xếp hạng 5 sao cho quy trình nhận phòng.""}, {""title"": ""Tự nhận phòng"", ""subtitle"": ""Tự nhận phòng với hộp khóa an toàn.""}]"
1163529695434156300,https://www.airbnb.com.vn/rooms/1163529695434156300,20260926000000,2026-09-26,city search,Chỗ ở đô thị nhìn ra hồ Kim Mã * KM401,"Chào mừng bạn đến với Chỗ ở đô thị nhìn ra hồ Kim Mã * KM401 — một không gian lưu trú ấm cúng, sang trọng tọa lạc tại Quận Hai Bà Trưng, Hà Nội.
Căn phòng tràn ngập ánh sáng tự nhiên với đầy đủ tiện nghi cao cấp, giường nệm êm ái, máy lạnh, TV và wifi tốc độ cao. Rất thuận tiện di chuyển tới các điểm tham quan, nhà hàng ẩm thực và quán cà phê nổi tiếng của Hà Nội.","Khu vực Quận Hai Bà Trưng an ninh, văn minh, gần nhiều địa điểm ăn uống, mua sắm và giải trí sầm uất tại Hà Nội.",https://a0.muscache.com/im/pictures/hosting/Hosting-U3RheVN1cHBseUxpc3Rpbmc6MTE2MzUyOTY5NTQzNDE1NjMwMA%3D%3D/original/68987944-02e1-4442-a275-d02435b8f64a.jpeg,47000111,https://www.airbnb.com.vn/users/show/47000111,Cindy,2021-06-20,"Hà Nội, Việt Nam","Xin chào, tôi là Cindy, đã có 5 năm kinh nghiệm làm host. Tôi yêu thích du lịch và luôn mong muốn đem lại trải nghiệm lưu trú thoải mái nhất cho khách.",trong vòng một giờ,100%,98%,f,https://a0.muscache.com/im/pictures/user/User-47000111/original/user_profile_1.jpeg,https://a0.muscache.com/im/pictures/user/User-47000111/original/user_profile_1.jpeg,Quận Hai Bà Trưng,7,4,"['email', 'phone', 'work_email']",t,t,Quận Hai Bà Trưng,Quận Hai Bà Trưng,Hà Nội,21.0293,105.8087,Toàn bộ căn hộ cho thuê,Entire home/apt,2,1.0,1 phòng tắm,1,1,"[""Máy phát hiện khí CO"", ""Điều hòa nhiệt độ"", ""Máy báo khói"", ""Tủ lạnh"", ""Thang máy"", ""Bồn tắm thư giãn"", ""Lò vi sóng"", ""TV màn hình phẳng"", ""Wi-fi tốc độ cao"", ""Tự nhận phòng với hộp khóa an toàn"", ""Dầu gội & Sữa tắm"", ""Bàn ủi / Bàn là"", ""Bộ chăn ga gối cao cấp"", ""Bếp đầy đủ tiện nghi"", ""Máy giặt"", ""Bể bơi"", ""Máy sấy tóc"", ""Ban công ngắm cảnh""]","₫832,500",1,1125,1,2,1125,1125,1.0,1125.0,today,t,15,50,79,261,2026-09-26,40,3,1,2025-02-03,2026-09-08,4.88,4.85,4.93,5.0,5.0,4.95,4.91,,f,2,2,0,0,3.52,"[""https://a0.muscache.com/im/pictures/hosting/Hosting-U3RheVN1cHBseUxpc3Rpbmc6MTE2MzUyOTY5NTQzNDE1NjMwMA%3D%3D/original/68987944-02e1-4442-a275-d02435b8f64a.jpeg"", ""https://a0.muscache.com/im/pictures/hosting/Hosting-U3RheVN1cHBseUxpc3Rpbmc6MTE2MzUyOTY5NTQzNDE1NjMwMA%3D%3D/original/0760cbc2-7ae8-4eda-b432-66289aa28643.jpeg"", ""https://a0.muscache.com/im/pictures/hosting/Hosting-U3RheVN1cHBseUxpc3Rpbmc6MTE2MzUyOTY5NTQzNDE1NjMwMA%3D%3D/original/92758789-0a60-4ffc-a632-719b80bbfef9.jpeg"", ""https://a0.muscache.com/im/pictures/hosting/Hosting-U3RheVN1cHBseUxpc3Rpbmc6MTE2MzUyOTY5NTQzNDE1NjMwMA%3D%3D/original/670aa1d5-51c4-4b77-9949-f5d4b944a4ec.png"", ""https://a0.muscache.com/im/pictures/hosting/Hosting-U3RheVN1cHBseUxpc3Rpbmc6MTE2MzUyOTY5NTQzNDE1NjMwMA%3D%3D/original/41910f06-ed33-43fe-be13-72698cf9a038.jpeg"", ""https://a0.muscache.com/im/pictures/hosting/Hosting-U3RheVN1cHBseUxpc3Rpbmc6MTE2MzUyOTY5NTQzNDE1NjMwMA%3D%3D/original/50cf3093-0c08-448b-a5ac-b4b32ce67e04.jpeg"", ""https://a0.muscache.com/im/pictures/hosting/Hosting-U3RheVN1cHBseUxpc3Rpbmc6MTE2MzUyOTY5NTQzNDE1NjMwMA%3D%3D/original/5b14bb25-3d51-4260-a5ba-a36b6053ef60.jpeg"", ""https://a0.muscache.com/im/pictures/hosting/Hosting-U3RheVN1cHBseUxpc3Rpbmc6MTE2MzUyOTY5NTQzNDE1NjMwMA%3D%3D/original/1070bdb8-9aff-4e41-b86e-5eacd87f4e12.jpeg"", ""https://a0.muscache.com/im/pictures/hosting/Hosting-U3RheVN1cHBseUxpc3Rpbmc6MTE2MzUyOTY5NTQzNDE1NjMwMA%3D%3D/original/7849cc2a-6b09-4722-80cb-5d70b7eb33fa.jpeg"", ""https://a0.muscache.com/im/pictures/hosting/Hosting-U3RheVN1cHBseUxpc3Rpbmc6MTE2MzUyOTY5NTQzNDE1NjMwMA%3D%3D/original/c1e03b68-bbc2-48fa-b8d5-519b85c2d96e.jpeg"", ""https://a0.muscache.com/im/pictures/hosting/Hosting-U3RheVN1cHBseUxpc3Rpbmc6MTE2MzUyOTY5NTQzNDE1NjMwMA%3D%3D/original/8312975f-8afd-42d7-9660-4c76e96a8358.jpeg"", ""https://a0.muscache.com/im/pictures/hosting/Hosting-U3RheVN1cHBseUxpc3Rpbmc6MTE2MzUyOTY5NTQzNDE1NjMwMA%3D%3D/original/b4afb85d-4658-4d50-8428-2b241d5048ef.jpeg"", ""https://a0.muscache.com/im/pictures/hosting/Hosting-U3RheVN1cHBseUxpc3Rpbmc6MTE2MzUyOTY5NTQzNDE1NjMwMA%3D%3D/original/46be1101-5c7d-4a82-81da-de4084e67c9e.jpeg"", ""https://a0.muscache.com/im/pictures/hosting/Hosting-U3RheVN1cHBseUxpc3Rpbmc6MTE2MzUyOTY5NTQzNDE1NjMwMA%3D%3D/original/6154101f-b44e-43b3-aa2a-4c654d978a8c.jpeg"", ""https://a0.muscache.com/im/pictures/hosting/Hosting-U3RheVN1cHBseUxpc3Rpbmc6MTE2MzUyOTY5NTQzNDE1NjMwMA%3D%3D/original/78fa6c1b-a9ab-4b53-bd80-c7e920a767d3.jpeg"", ""https://a0.muscache.com/im/pictures/hosting/Hosting-U3RheVN1cHBseUxpc3Rpbmc6MTE2MzUyOTY5NTQzNDE1NjMwMA%3D%3D/original/a664d3f4-4417-43e3-92ed-62c7d9fc94aa.jpeg"", ""https://a0.muscache.com/im/pictures/hosting/Hosting-U3RheVN1cHBseUxpc3Rpbmc6MTE2MzUyOTY5NTQzNDE1NjMwMA%3D%3D/original/fbef5d27-3749-4507-a121-a1794479f0d7.jpeg"", ""https://a0.muscache.com/im/pictures/hosting/Hosting-U3RheVN1cHBseUxpc3Rpbmc6MTE2MzUyOTY5NTQzNDE1NjMwMA%3D%3D/original/2929cbd0-236e-49b7-839e-aebae3ee62ad.jpeg"", ""https://a0.muscache.com/im/pictures/hosting/Hosting-U3RheVN1cHBseUxpc3Rpbmc6MTE2MzUyOTY5NTQzNDE1NjMwMA%3D%3D/original/1732819f-954b-4467-b01b-957421728516.jpeg"", ""https://a0.muscache.com/im/pictures/hosting/Hosting-U3RheVN1cHBseUxpc3Rpbmc6MTE2MzUyOTY5NTQzNDE1NjMwMA%3D%3D/original/01caa30d-433a-427b-9756-e73787a6e4bd.jpeg"", ""https://a0.muscache.com/im/pictures/hosting/Hosting-U3RheVN1cHBseUxpc3Rpbmc6MTE2MzUyOTY5NTQzNDE1NjMwMA%3D%3D/original/b01afa57-f43b-4194-b105-bc4d0e4ab6ad.jpeg"", ""https://a0.muscache.com/im/pictures/hosting/Hosting-U3RheVN1cHBseUxpc3Rpbmc6MTE2MzUyOTY5NTQzNDE1NjMwMA%3D%3D/original/29224070-9a4c-4a55-9224-484260b9f202.jpeg"", ""https://a0.muscache.com/im/pictures/hosting/Hosting-U3RheVN1cHBseUxpc3Rpbmc6MTE2MzUyOTY5NTQzNDE1NjMwMA%3D%3D/original/552acbd5-15bc-490b-85e6-c85c302be6f0.jpeg"", ""https://a0.muscache.com/im/pictures/hosting/Hosting-U3RheVN1cHBseUxpc3Rpbmc6MTE2MzUyOTY5NTQzNDE1NjMwMA%3D%3D/original/354a351c-0f2a-44a3-86b1-5543083c70f4.jpeg"", ""https://a0.muscache.com/im/pictures/hosting/Hosting-U3RheVN1cHBseUxpc3Rpbmc6MTE2MzUyOTY5NTQzNDE1NjMwMA%3D%3D/original/a378a4f4-3f47-4f86-b7b4-81eab3c6fbd9.jpeg"", ""https://a0.muscache.com/im/pictures/hosting/Hosting-U3RheVN1cHBseUxpc3Rpbmc6MTE2MzUyOTY5NTQzNDE1NjMwMA%3D%3D/original/1a2bdd18-d2cb-40fc-9419-12e585817625.jpeg"", ""https://a0.muscache.com/im/pictures/hosting/Hosting-U3RheVN1cHBseUxpc3Rpbmc6MTE2MzUyOTY5NTQzNDE1NjMwMA%3D%3D/original/eaccee39-062f-4453-947f-4422a4ef2eaf.jpeg"", ""https://a0.muscache.com/im/pictures/hosting/Hosting-U3RheVN1cHBseUxpc3Rpbmc6MTE2MzUyOTY5NTQzNDE1NjMwMA%3D%3D/original/4ad5a391-4513-4f70-978d-0da15bfed639.jpeg"", ""https://a0.muscache.com/im/pictures/hosting/Hosting-U3RheVN1cHBseUxpc3Rpbmc6MTE2MzUyOTY5NTQzNDE1NjMwMA%3D%3D/original/85eeb62b-83e1-4532-a97c-4108af2111f7.jpeg""]",f,"[{""name"": ""Cindy"", ""avatar"": ""https://a0.muscache.com/im/pictures/user/avatar_cindy.jpg""}, {""name"": ""Long"", ""avatar"": ""https://a0.muscache.com/im/pictures/user/avatar_long.jpg""}]","[{""name"": ""DECOR"", ""localizedName"": ""Trang trí"", ""count"": 10}, {""name"": ""INTERIOR"", ""localizedName"": ""Không gian bên trong"", ""count"": 17}, {""name"": ""CLEANLINESS"", ""localizedName"": ""Mức độ sạch sẽ"", ""count"": 13}, {""name"": ""LOCATION"", ""localizedName"": ""Địa điểm"", ""count"": 13}, {""name"": ""HOSPITALITY"", ""localizedName"": ""Hiếu khách"", ""count"": 2}]","[{""title"": ""Trải nghiệm nhận phòng xuất sắc"", ""subtitle"": ""Những khách ở gần đây đã xếp hạng 5 sao cho quy trình nhận phòng.""}, {""title"": ""Tự nhận phòng"", ""subtitle"": ""Tự nhận phòng với hộp khóa an toàn.""}]"
1661665711491466794,https://www.airbnb.com.vn/rooms/1661665711491466794,20260926000000,2026-09-26,city search,Văn Miếu stu01/thang máy/Máy giặt và máy sấy,"Chào mừng bạn đến với Văn Miếu stu01/thang máy/Máy giặt và máy sấy — một không gian lưu trú ấm cúng, sang trọng tọa lạc tại Quận Đống Đa, Hà Nội.
Căn phòng tràn ngập ánh sáng tự nhiên với đầy đủ tiện nghi cao cấp, giường nệm êm ái, máy lạnh, TV và wifi tốc độ cao. Rất thuận tiện di chuyển tới các điểm tham quan, nhà hàng ẩm thực và quán cà phê nổi tiếng của Hà Nội.","Khu vực Quận Đống Đa an ninh, văn minh, gần nhiều địa điểm ăn uống, mua sắm và giải trí sầm uất tại Hà Nội.",https://a0.muscache.com/im/pictures/hosting/Hosting-1661665711491466794/original/9dbee155-18c5-4fb5-bb03-11769b9f617a.jpeg,47000112,https://www.airbnb.com.vn/users/show/47000112,Rose,2023-02-24,"Hà Nội, Việt Nam","Xin chào, tôi là Rose, đã có 3 năm kinh nghiệm làm host. Tôi yêu thích du lịch và luôn mong muốn đem lại trải nghiệm lưu trú thoải mái nhất cho khách.",trong vòng một giờ,100%,98%,t,https://a0.muscache.com/im/pictures/user/User-47000112/original/user_profile_2.jpeg,https://a0.muscache.com/im/pictures/user/User-47000112/original/user_profile_2.jpeg,Quận Đống Đa,7,5,"['email', 'phone', 'work_email']",t,t,Quận Đống Đa,Quận Đống Đa,Hà Nội,21.0261,105.8339,Phòng riêng trong nhà,Private room,2,1.0,1 phòng tắm,1,1,"[""Thang máy"", ""Bàn ủi / Bàn là"", ""Bộ chăn ga gối cao cấp"", ""Điều hòa nhiệt độ"", ""Ban công ngắm cảnh"", ""Dầu gội & Sữa tắm"", ""Bếp đầy đủ tiện nghi"", ""Chỗ đỗ xe miễn phí trong khuôn viên"", ""Máy giặt"", ""Tủ lạnh"", ""Máy phát hiện khí CO"", ""Tự nhận phòng với hộp khóa an toàn"", ""Máy sấy tóc"", ""Wi-fi tốc độ cao"", ""Không gian riêng để làm việc""]","₫473,800",1,1125,1,2,1125,1125,1.0,1125.0,today,t,25,54,60,271,2026-09-26,7,2,4,2026-06-13,2026-09-14,5.0,4.89,4.92,5.0,5.0,4.9,4.89,,t,2,0,1,0,1.24,"[""https://a0.muscache.com/im/pictures/hosting/Hosting-1661665711491466794/original/9dbee155-18c5-4fb5-bb03-11769b9f617a.jpeg"", ""https://a0.muscache.com/im/pictures/hosting/Hosting-1661665711491466794/original/7950ac88-00b9-48ce-a324-f41fc0a2ce44.jpeg"", ""https://a0.muscache.com/im/pictures/hosting/Hosting-1661665711491466794/original/15f3b867-6295-41ff-be55-e55784b9e1ae.jpeg"", ""https://a0.muscache.com/im/pictures/hosting/Hosting-1661665711491466794/original/eef54cc7-282e-4dc9-8e6f-fc5b75bdfa14.jpeg"", ""https://a0.muscache.com/im/pictures/hosting/Hosting-1661665711491466794/original/13d042da-2509-4cc0-93e5-0a10305708f0.jpeg"", ""https://a0.muscache.com/im/pictures/hosting/Hosting-1661665711491466794/original/366be5ac-2406-4b84-bad3-7387d5c7b124.jpeg""]",t,"[{""name"": ""Long"", ""avatar"": ""https://a0.muscache.com/im/pictures/user/avatar_long.jpg""}, {""name"": ""Dang Nguyen"", ""avatar"": ""https://a0.muscache.com/im/pictures/user/avatar_dang.jpg""}]","[{""name"": ""DECOR"", ""localizedName"": ""Trang trí"", ""count"": 14}, {""name"": ""INTERIOR"", ""localizedName"": ""Không gian bên trong"", ""count"": 9}, {""name"": ""CLEANLINESS"", ""localizedName"": ""Mức độ sạch sẽ"", ""count"": 9}, {""name"": ""LOCATION"", ""localizedName"": ""Địa điểm"", ""count"": 3}, {""name"": ""HOSPITALITY"", ""localizedName"": ""Hiếu khách"", ""count"": 15}]","[{""title"": ""Trải nghiệm nhận phòng xuất sắc"", ""subtitle"": ""Những khách ở gần đây đã xếp hạng 5 sao cho quy trình nhận phòng.""}, {""title"": ""Tự nhận phòng"", ""subtitle"": ""Tự nhận phòng với hộp khóa an toàn.""}]"
1738748585413813834,https://www.airbnb.com.vn/rooms/1738748585413813834,20260926000000,2026-09-26,city search,Studio hiện đại có không gian làm việc | Hà Đông,"Chào mừng bạn đến với Studio hiện đại có không gian làm việc | Hà Đông — một không gian lưu trú ấm cúng, sang trọng tọa lạc tại Quận Cầu Giấy, Hà Nội.
Căn phòng tràn ngập ánh sáng tự nhiên với đầy đủ tiện nghi cao cấp, giường nệm êm ái, máy lạnh, TV và wifi tốc độ cao. Rất thuận tiện di chuyển tới các điểm tham quan, nhà hàng ẩm thực và quán cà phê nổi tiếng của Hà Nội.","Khu vực Quận Cầu Giấy an ninh, văn minh, gần nhiều địa điểm ăn uống, mua sắm và giải trí sầm uất tại Hà Nội.",https://a0.muscache.com/im/pictures/hosting/Hosting-1738748585413813834/original/0f60c42a-10ce-4193-ac4b-726ab8e05cfa.jpeg,47000113,https://www.airbnb.com.vn/users/show/47000113,LangX,2022-12-29,"Hà Nội, Việt Nam","Xin chào, tôi là LangX, đã có 3 năm kinh nghiệm làm host. Tôi yêu thích du lịch và luôn mong muốn đem lại trải nghiệm lưu trú thoải mái nhất cho khách.",trong vòng một giờ,100%,98%,f,https://a0.muscache.com/im/pictures/user/User-47000113/original/user_profile_3.jpeg,https://a0.muscache.com/im/pictures/user/User-47000113/original/user_profile_3.jpeg,Quận Cầu Giấy,5,5,"['email', 'phone', 'work_email']",t,t,Quận Cầu Giấy,Quận Cầu Giấy,Hà Nội,20.9744,105.7796,Toàn bộ căn hộ cho thuê,Entire home/apt,2,1.0,1 phòng tắm,1,1,"[""Dầu gội & Sữa tắm"", ""Máy giặt"", ""Tự nhận phòng với hộp khóa an toàn"", ""Bồn tắm thư giãn"", ""Bể bơi"", ""Chỗ đỗ xe miễn phí trong khuôn viên"", ""Wi-fi tốc độ cao"", ""Tủ lạnh"", ""Máy báo khói"", ""Thang máy"", ""TV màn hình phẳng"", ""Máy phát hiện khí CO"", ""Máy sấy tóc"", ""Điều hòa nhiệt độ"", ""Bếp đầy đủ tiện nghi"", ""Không gian riêng để làm việc"", ""Bàn ủi / Bàn là"", ""Ban công ngắm cảnh"", ""Lò vi sóng"", ""Bộ chăn ga gối cao cấp""]","₫497,230",1,1125,1,2,1125,1125,1.0,1125.0,today,t,13,39,63,251,2026-09-26,10,7,0,2026-04-29,2026-09-08,5.0,4.9,4.87,5.0,5.0,4.78,4.77,,f,2,2,0,0,4.35,"[""https://a0.muscache.com/im/pictures/hosting/Hosting-1738748585413813834/original/0f60c42a-10ce-4193-ac4b-726ab8e05cfa.jpeg"", ""https://a0.muscache.com/im/pictures/hosting/Hosting-1738748585413813834/original/11bfd534-02a0-4d8b-ac2f-a44e60c5c3c4.jpeg"", ""https://a0.muscache.com/im/pictures/hosting/Hosting-1738748585413813834/original/6a748841-473d-4949-b14c-9884c618e16b.jpeg"", ""https://a0.muscache.com/im/pictures/hosting/Hosting-1738748585413813834/original/4f99314c-4ae4-4b06-b67d-89b7312afde1.jpeg"", ""https://a0.muscache.com/im/pictures/hosting/Hosting-1738748585413813834/original/f357e1b1-b80d-452d-b202-c301c4752241.jpeg"", ""https://a0.muscache.com/im/pictures/hosting/Hosting-1738748585413813834/original/1bd0d7bd-e967-4087-b2dd-d77473f03b91.jpeg"", ""https://a0.muscache.com/im/pictures/hosting/Hosting-1738748585413813834/original/d75eabe6-95c5-48df-8749-a1537651cada.jpeg"", ""https://a0.muscache.com/im/pictures/hosting/Hosting-1738748585413813834/original/44d8057c-075d-423b-b6cb-293c5e273999.jpeg"", ""https://a0.muscache.com/im/pictures/hosting/Hosting-1738748585413813834/original/d2973337-3fb4-48b1-b7f8-41c83532daa5.jpeg"", ""https://a0.muscache.com/im/pictures/hosting/Hosting-1738748585413813834/original/1f853112-0ed6-4d27-8826-3b8a80542151.jpeg"", ""https://a0.muscache.com/im/pictures/hosting/Hosting-1738748585413813834/original/ee019a50-8dd6-4627-a9b9-6a256a15a265.jpeg"", ""https://a0.muscache.com/im/pictures/hosting/Hosting-1738748585413813834/original/1089a750-67c9-42c8-9e3c-8bd5a9df8fb6.jpeg"", ""https://a0.muscache.com/im/pictures/hosting/Hosting-1738748585413813834/original/bd040ee2-70dc-44d0-b27b-e90aed019baa.jpeg"", ""https://a0.muscache.com/im/pictures/hosting/Hosting-1738748585413813834/original/034c339a-25fd-4eaa-a5f2-d1243fbd1c27.jpeg"", ""https://a0.muscache.com/im/pictures/hosting/Hosting-1738748585413813834/original/52fcad41-c1c2-47a2-b778-23105f312ec1.jpeg"", ""https://a0.muscache.com/im/pictures/hosting/Hosting-1738748585413813834/original/df57b041-2b2b-46ed-bec2-4b80939ad0ed.jpeg"", ""https://a0.muscache.com/im/pictures/hosting/Hosting-1738748585413813834/original/7aa99f70-4ccc-4dde-9a91-c22263bc4251.jpeg"", ""https://a0.muscache.com/im/pictures/hosting/Hosting-1738748585413813834/original/bd6541d2-b852-4f5d-943d-42bfca56c7ae.jpeg"", ""https://a0.muscache.com/im/pictures/hosting/Hosting-1738748585413813834/original/409bc9f7-0c7a-4df7-a65f-f964751f5863.jpeg"", ""https://a0.muscache.com/im/pictures/hosting/Hosting-1738748585413813834/original/122fe685-a952-4bba-9200-b5e574289ffa.jpeg"", ""https://a0.muscache.com/im/pictures/hosting/Hosting-1738748585413813834/original/2e77d111-40d3-4d43-bc60-726884f57e64.jpeg"", ""https://a0.muscache.com/im/pictures/hosting/Hosting-1738748585413813834/original/f3aa0701-f183-402f-b6aa-75f097dc8d0d.jpeg"", ""https://a0.muscache.com/im/pictures/hosting/Hosting-1738748585413813834/original/14993c48-bb52-4611-8c0d-6e4df17ad542.jpeg"", ""https://a0.muscache.com/im/pictures/hosting/Hosting-1738748585413813834/original/c80a101a-933e-45bd-8453-f595838d196e.jpeg""]",t,"[{""name"": ""Long"", ""avatar"": ""https://a0.muscache.com/im/pictures/user/avatar_long.jpg""}, {""name"": ""Cindy"", ""avatar"": ""https://a0.muscache.com/im/pictures/user/avatar_cindy.jpg""}, {""name"": ""Rùa"", ""avatar"": ""https://a0.muscache.com/im/pictures/user/avatar_rua.jpg""}]","[{""name"": ""DECOR"", ""localizedName"": ""Trang trí"", ""count"": 12}, {""name"": ""INTERIOR"", ""localizedName"": ""Không gian bên trong"", ""count"": 22}, {""name"": ""CLEANLINESS"", ""localizedName"": ""Mức độ sạch sẽ"", ""count"": 16}, {""name"": ""LOCATION"", ""localizedName"": ""Địa điểm"", ""count"": 13}, {""name"": ""HOSPITALITY"", ""localizedName"": ""Hiếu khách"", ""count"": 3}]","[{""title"": ""Trải nghiệm nhận phòng xuất sắc"", ""subtitle"": ""Những khách ở gần đây đã xếp hạng 5 sao cho quy trình nhận phòng.""}, {""title"": ""Tự nhận phòng"", ""subtitle"": ""Tự nhận phòng với hộp khóa an toàn.""}]"
1565254747533791557,https://www.airbnb.com.vn/rooms/1565254747533791557,20260926000000,2026-09-26,city search,Ecopark S3 Skyoasic Duplex - 3 Phòng ngủ,"Chào mừng bạn đến với Ecopark S3 Skyoasic Duplex - 3 Phòng ngủ — một không gian lưu trú ấm cúng, sang trọng tọa lạc tại Quận Nam Từ Liêm, Hà Nội.
Căn phòng tràn ngập ánh sáng tự nhiên với đầy đủ tiện nghi cao cấp, giường nệm êm ái, máy lạnh, TV và wifi tốc độ cao. Rất thuận tiện di chuyển tới các điểm tham quan, nhà hàng ẩm thực và quán cà phê nổi tiếng của Hà Nội.","Khu vực Quận Nam Từ Liêm an ninh, văn minh, gần nhiều địa điểm ăn uống, mua sắm và giải trí sầm uất tại Hà Nội.",https://a0.muscache.com/im/pictures/hosting/Hosting-1565254747533791557/original/095b50c9-dfcb-46de-a6d8-d2e481ccdf01.jpeg,47000114,https://www.airbnb.com.vn/users/show/47000114,Ken,2024-05-21,"Hà Nội, Việt Nam","Xin chào, tôi là Ken, đã có 2 năm kinh nghiệm làm host. Tôi yêu thích du lịch và luôn mong muốn đem lại trải nghiệm lưu trú thoải mái nhất cho khách.",trong vòng một giờ,100%,98%,t,https://a0.muscache.com/im/pictures/user/User-47000114/original/user_profile_4.jpeg,https://a0.muscache.com/im/pictures/user/User-47000114/original/user_profile_4.jpeg,Quận Nam Từ Liêm,6,10,"['email', 'phone', 'work_email']",t,t,Quận Nam Từ Liêm,Quận Nam Từ Liêm,Hà Nội,20.96487,105.80649,Toàn bộ căn hộ cho thuê,Entire home/apt,6,2.0,2 phòng tắm,3,3,"[""Tự nhận phòng với hộp khóa an toàn"", ""Bể bơi"", ""Bồn tắm thư giãn"", ""Chỗ đỗ xe miễn phí trong khuôn viên"", ""Không gian riêng để làm việc"", ""Lò vi sóng"", ""Thang máy"", ""Bàn ủi / Bàn là"", ""Máy báo khói"", ""Bộ chăn ga gối cao cấp"", ""Điều hòa nhiệt độ"", ""Máy phát hiện khí CO"", ""Dầu gội & Sữa tắm"", ""Bếp đầy đủ tiện nghi"", ""Tủ lạnh"", ""Máy sấy tóc"", ""Wi-fi tốc độ cao"", ""TV màn hình phẳng"", ""Máy giặt"", ""Ban công ngắm cảnh""]","₫1,770,000",1,1125,1,2,1125,1125,1.0,1125.0,today,t,26,47,75,252,2026-09-26,7,6,3,2026-06-13,2026-09-07,5.0,4.9,4.98,5.0,5.0,4.75,4.95,,t,2,2,0,0,3.93,"[""https://a0.muscache.com/im/pictures/hosting/Hosting-1565254747533791557/original/095b50c9-dfcb-46de-a6d8-d2e481ccdf01.jpeg"", ""https://a0.muscache.com/im/pictures/hosting/Hosting-1565254747533791557/original/9ff31bb3-7958-438c-9a39-9bfaab454ded.jpeg"", ""https://a0.muscache.com/im/pictures/hosting/Hosting-1565254747533791557/original/357aae47-820f-4ce1-ad7b-693f3ea390d0.jpeg"", ""https://a0.muscache.com/im/pictures/hosting/Hosting-1565254747533791557/original/5b1ad201-d251-43f7-bd65-7092256bd2c0.jpeg"", ""https://a0.muscache.com/im/pictures/hosting/Hosting-1565254747533791557/original/25374a94-eb3c-48d6-b2b6-6aaf5640c91d.jpeg"", ""https://a0.muscache.com/im/pictures/hosting/Hosting-1565254747533791557/original/d0845cb6-eecc-4741-b0b5-cce87002613a.jpeg"", ""https://a0.muscache.com/im/pictures/hosting/Hosting-1565254747533791557/original/91a20f5d-7416-4683-a91b-b18daff66751.jpeg"", ""https://a0.muscache.com/im/pictures/hosting/Hosting-1565254747533791557/original/dc5f3ce3-bab7-4e85-b21d-2b41e2357c58.jpeg"", ""https://a0.muscache.com/im/pictures/hosting/Hosting-1565254747533791557/original/6544f771-7a93-4993-8b77-49a00077c473.jpeg"", ""https://a0.muscache.com/im/pictures/hosting/Hosting-1565254747533791557/original/fc2553b7-dd8e-4477-8366-d7d1f6be872e.jpeg"", ""https://a0.muscache.com/im/pictures/hosting/Hosting-1565254747533791557/original/55f395d4-d345-448e-bb3d-fb5f84b7319a.jpeg"", ""https://a0.muscache.com/im/pictures/hosting/Hosting-1565254747533791557/original/c1f00a63-7016-446f-be61-661d9142ba5d.jpeg"", ""https://a0.muscache.com/im/pictures/hosting/Hosting-1565254747533791557/original/0e975834-6ade-4df2-9ea3-934f178d556e.jpeg""]",t,"[{""name"": ""Dang Nguyen"", ""avatar"": ""https://a0.muscache.com/im/pictures/user/avatar_dang.jpg""}, {""name"": ""Long"", ""avatar"": ""https://a0.muscache.com/im/pictures/user/avatar_long.jpg""}]","[{""name"": ""DECOR"", ""localizedName"": ""Trang trí"", ""count"": 2}, {""name"": ""INTERIOR"", ""localizedName"": ""Không gian bên trong"", ""count"": 8}, {""name"": ""CLEANLINESS"", ""localizedName"": ""Mức độ sạch sẽ"", ""count"": 25}, {""name"": ""LOCATION"", ""localizedName"": ""Địa điểm"", ""count"": 10}, {""name"": ""HOSPITALITY"", ""localizedName"": ""Hiếu khách"", ""count"": 12}]","[{""title"": ""Trải nghiệm nhận phòng xuất sắc"", ""subtitle"": ""Những khách ở gần đây đã xếp hạng 5 sao cho quy trình nhận phòng.""}, {""title"": ""Tự nhận phòng"", ""subtitle"": ""Tự nhận phòng với hộp khóa an toàn.""}]"
1735536158917761687,https://www.airbnb.com.vn/rooms/1735536158917761687,20260926000000,2026-09-26,city search,Studio sáng sủa có ban công | Khuat Duy Tien,"Chào mừng bạn đến với Studio sáng sủa có ban công | Khuat Duy Tien — một không gian lưu trú ấm cúng, sang trọng tọa lạc tại Quận Thanh Xuân, Hà Nội.
Căn phòng tràn ngập ánh sáng tự nhiên với đầy đủ tiện nghi cao cấp, giường nệm êm ái, máy lạnh, TV và wifi tốc độ cao. Rất thuận tiện di chuyển tới các điểm tham quan, nhà hàng ẩm thực và quán cà phê nổi tiếng của Hà Nội.","Khu vực Quận Thanh Xuân an ninh, văn minh, gần nhiều địa điểm ăn uống, mua sắm và giải trí sầm uất tại Hà Nội.",https://a0.muscache.com/im/pictures/hosting/Hosting-1735536158917761687/original/59f61183-46d0-4c61-8045-80939c99e7f1.jpeg,47000115,https://www.airbnb.com.vn/users/show/47000115,Bella,2022-12-20,"Hà Nội, Việt Nam","Xin chào, tôi là Bella, đã có 3 năm kinh nghiệm làm host. Tôi yêu thích du lịch và luôn mong muốn đem lại trải nghiệm lưu trú thoải mái nhất cho khách.",trong vòng một giờ,100%,98%,f,https://a0.muscache.com/im/pictures/user/User-47000115/original/user_profile_5.jpeg,https://a0.muscache.com/im/pictures/user/User-47000115/original/user_profile_5.jpeg,Quận Thanh Xuân,3,9,"['email', 'phone', 'work_email']",t,t,Quận Thanh Xuân,Quận Thanh Xuân,Hà Nội,20.9928,105.8024,Toàn bộ căn hộ cho thuê,Entire home/apt,2,1.0,1 phòng tắm,1,1,"[""Bếp đầy đủ tiện nghi"", ""Ban công ngắm cảnh"", ""Bộ chăn ga gối cao cấp"", ""Bồn tắm thư giãn"", ""Không gian riêng để làm việc"", ""TV màn hình phẳng"", ""Thang máy"", ""Wi-fi tốc độ cao"", ""Điều hòa nhiệt độ"", ""Bàn ủi / Bàn là"", ""Máy phát hiện khí CO"", ""Chỗ đỗ xe miễn phí trong khuôn viên"", ""Dầu gội & Sữa tắm"", ""Máy giặt"", ""Lò vi sóng""]","₫814,606",1,1125,1,2,1125,1125,1.0,1125.0,today,t,15,45,65,316,2026-09-26,93,35,4,2023-06-14,2026-09-01,4.85,4.93,4.91,5.0,5.0,4.93,4.83,,f,2,2,0,0,2.7,"[""https://a0.muscache.com/im/pictures/hosting/Hosting-1735536158917761687/original/59f61183-46d0-4c61-8045-80939c99e7f1.jpeg"", ""https://a0.muscache.com/im/pictures/hosting/Hosting-1735536158917761687/original/72cb3e1c-4c0d-42a8-9c8e-dd7b6f18abd1.jpeg"", ""https://a0.muscache.com/im/pictures/hosting/Hosting-1735536158917761687/original/d8b93a70-ed9b-4653-9cd1-3155ddaa5747.jpeg"", ""https://a0.muscache.com/im/pictures/hosting/Hosting-1735536158917761687/original/941fa134-eac6-418f-8c32-1e49f072d479.jpeg"", ""https://a0.muscache.com/im/pictures/hosting/Hosting-1735536158917761687/original/7ec6f63c-b087-40d8-8f40-90610b09d0fb.jpeg"", ""https://a0.muscache.com/im/pictures/hosting/Hosting-1735536158917761687/original/ebb79271-6ef8-403a-9628-b54d2060ff5b.jpeg"", ""https://a0.muscache.com/im/pictures/hosting/Hosting-1735536158917761687/original/e02a81d1-f27f-4376-9782-8f4c63ca4bf8.jpeg"", ""https://a0.muscache.com/im/pictures/hosting/Hosting-1735536158917761687/original/c7422f9f-0477-4203-9875-cd39a6013258.jpeg"", ""https://a0.muscache.com/im/pictures/hosting/Hosting-1735536158917761687/original/8ec8fc5f-99e4-4222-9319-0d3675b0f82b.jpeg"", ""https://a0.muscache.com/im/pictures/hosting/Hosting-1735536158917761687/original/c8e7ea54-a2d3-43c4-beb1-9425a1d11d7c.jpeg"", ""https://a0.muscache.com/im/pictures/hosting/Hosting-1735536158917761687/original/5a8871d1-0fef-40e6-9ec3-32c8a2975d63.jpeg"", ""https://a0.muscache.com/im/pictures/hosting/Hosting-1735536158917761687/original/ddeb63e5-03e0-49cc-954e-da6afe00d5bf.jpeg"", ""https://a0.muscache.com/im/pictures/hosting/Hosting-1735536158917761687/original/2b986ec4-aa10-4c86-84e8-2eeba9c5cb22.jpeg"", ""https://a0.muscache.com/im/pictures/hosting/Hosting-1735536158917761687/original/e32cdc51-d673-4c10-b479-030ea7fb64ed.jpeg"", ""https://a0.muscache.com/im/pictures/hosting/Hosting-1735536158917761687/original/32d4ec09-91a3-46fb-a2cb-998087abc04e.jpeg"", ""https://a0.muscache.com/im/pictures/hosting/Hosting-1735536158917761687/original/cfbb688c-2bb8-488e-9f6e-129db95b1f82.jpeg"", ""https://a0.muscache.com/im/pictures/hosting/Hosting-1735536158917761687/original/76594f9e-fd47-4ef3-a49f-1386d6d6cf58.jpeg"", ""https://a0.muscache.com/im/pictures/hosting/Hosting-1735536158917761687/original/032f3f54-540c-4a79-ab26-44c2e39998f6.jpeg"", ""https://a0.muscache.com/im/pictures/hosting/Hosting-1735536158917761687/original/4fd18ecf-cbdc-4815-8cc8-13ab9be97db6.jpeg"", ""https://a0.muscache.com/im/pictures/hosting/Hosting-1735536158917761687/original/bd7c7aef-6fff-4182-8cb8-ea367b22b316.jpeg"", ""https://a0.muscache.com/im/pictures/hosting/Hosting-1735536158917761687/original/5b7c8a85-30c2-4d43-ba41-59e0a07a0139.jpeg"", ""https://a0.muscache.com/im/pictures/hosting/Hosting-1735536158917761687/original/358b701c-6865-4288-bb6f-bbc245ba0e80.jpeg"", ""https://a0.muscache.com/im/pictures/hosting/Hosting-1735536158917761687/original/139d9827-9b02-4080-92d4-1ec7bfc45cd1.jpeg"", ""https://a0.muscache.com/im/pictures/hosting/Hosting-1735536158917761687/original/d0eb00a3-f7c8-44b0-945c-368100b9f8eb.jpeg"", ""https://a0.muscache.com/im/pictures/hosting/Hosting-1735536158917761687/original/322b3972-6fc1-4e36-97fa-9fe543e0b99b.jpeg"", ""https://a0.muscache.com/im/pictures/hosting/Hosting-1735536158917761687/original/927795cc-4ed3-4c3c-ba48-a8d453890534.jpeg"", ""https://a0.muscache.com/im/pictures/hosting/Hosting-1735536158917761687/original/d2563811-93bc-4570-ba1a-4b6a6942ff60.jpeg"", ""https://a0.muscache.com/im/pictures/hosting/Hosting-1735536158917761687/original/31da02fe-1071-4840-85ee-807e42bb3375.jpeg"", ""https://a0.muscache.com/im/pictures/hosting/Hosting-1735536158917761687/original/317fa82e-0357-4426-b87b-2165e3ef8ea5.jpeg""]",f,"[{""name"": ""Long"", ""avatar"": ""https://a0.muscache.com/im/pictures/user/avatar_long.jpg""}, {""name"": ""Rùa"", ""avatar"": ""https://a0.muscache.com/im/pictures/user/avatar_rua.jpg""}, {""name"": ""Dang Nguyen"", ""avatar"": ""https://a0.muscache.com/im/pictures/user/avatar_dang.jpg""}]","[{""name"": ""DECOR"", ""localizedName"": ""Trang trí"", ""count"": 16}, {""name"": ""INTERIOR"", ""localizedName"": ""Không gian bên trong"", ""count"": 11}, {""name"": ""CLEANLINESS"", ""localizedName"": ""Mức độ sạch sẽ"", ""count"": 18}, {""name"": ""LOCATION"", ""localizedName"": ""Địa điểm"", ""count"": 20}, {""name"": ""HOSPITALITY"", ""localizedName"": ""Hiếu khách"", ""count"": 5}]","[{""title"": ""Trải nghiệm nhận phòng xuất sắc"", ""subtitle"": ""Những khách ở gần đây đã xếp hạng 5 sao cho quy trình nhận phòng.""}, {""title"": ""Tự nhận phòng"", ""subtitle"": ""Tự nhận phòng với hộp khóa an toàn.""}]"
1754900409959613132,https://www.airbnb.com.vn/rooms/1754900409959613132,20260926000000,2026-09-26,city search,Villa 3 phòng ngủ hồ bơi - Venus Flamingo Đại Lải,"Chào mừng bạn đến với Villa 3 phòng ngủ hồ bơi - Venus Flamingo Đại Lải — một không gian lưu trú ấm cúng, sang trọng tọa lạc tại Quận Thanh Xuân, Hà Nội.
Căn phòng tràn ngập ánh sáng tự nhiên với đầy đủ tiện nghi cao cấp, giường nệm êm ái, máy lạnh, TV và wifi tốc độ cao. Rất thuận tiện di chuyển tới các điểm tham quan, nhà hàng ẩm thực và quán cà phê nổi tiếng của Hà Nội.","Khu vực Quận Thanh Xuân an ninh, văn minh, gần nhiều địa điểm ăn uống, mua sắm và giải trí sầm uất tại Hà Nội.",https://a0.muscache.com/im/pictures/hosting/Hosting-1754900409959613132/original/e04a5b61-1e22-4f71-bde3-6c68d74dad10.jpeg,47000116,https://www.airbnb.com.vn/users/show/47000116,Tony,2020-09-13,"Hà Nội, Việt Nam","Xin chào, tôi là Tony, đã có 6 năm kinh nghiệm làm host. Tôi yêu thích du lịch và luôn mong muốn đem lại trải nghiệm lưu trú thoải mái nhất cho khách.",trong vòng một giờ,100%,98%,t,https://a0.muscache.com/im/pictures/user/User-47000116/original/user_profile_6.jpeg,https://a0.muscache.com/im/pictures/user/User-47000116/original/user_profile_6.jpeg,Quận Thanh Xuân,1,5,"['email', 'phone', 'work_email']",t,t,Quận Thanh Xuân,Quận Thanh Xuân,Hà Nội,21.01407,105.81204,Toàn bộ nhà,Entire home/apt,10,3.0,3 phòng tắm,3,5,"[""Lò vi sóng"", ""Máy giặt"", ""Bếp đầy đủ tiện nghi"", ""Ban công ngắm cảnh"", ""Wi-fi tốc độ cao"", ""Điều hòa nhiệt độ"", ""Máy phát hiện khí CO"", ""Bể bơi"", ""Bộ chăn ga gối cao cấp"", ""Không gian riêng để làm việc"", ""Dầu gội & Sữa tắm"", ""TV màn hình phẳng"", ""Thang máy"", ""Chỗ đỗ xe miễn phí trong khuôn viên""]","₫5,110,000",1,1125,1,2,1125,1125,1.0,1125.0,today,t,14,53,73,306,2026-09-26,3,1,2,2026-08-12,2026-09-02,5.0,4.82,4.82,5.0,5.0,4.73,4.82,,t,2,2,0,0,3.67,"[""https://a0.muscache.com/im/pictures/hosting/Hosting-1754900409959613132/original/e04a5b61-1e22-4f71-bde3-6c68d74dad10.jpeg"", ""https://a0.muscache.com/im/pictures/hosting/Hosting-1754900409959613132/original/68e7ac44-b7d8-43fa-ac62-0d26c6db6a70.jpeg"", ""https://a0.muscache.com/im/pictures/hosting/Hosting-1754900409959613132/original/5223ef8b-a8f0-4dde-81de-35b729a07c39.jpeg"", ""https://a0.muscache.com/im/pictures/hosting/Hosting-1754900409959613132/original/4b5aea1b-05bc-48c3-8634-b0abbc24b11a.jpeg"", ""https://a0.muscache.com/im/pictures/hosting/Hosting-1754900409959613132/original/142e4ec4-d43e-4503-a54e-8d584acfbf98.jpeg"", ""https://a0.muscache.com/im/pictures/hosting/Hosting-1754900409959613132/original/8837c36a-9875-48e4-aab8-d74702c6b31e.jpeg"", ""https://a0.muscache.com/im/pictures/hosting/Hosting-1754900409959613132/original/bf8ca748-7b1e-4c95-ab7e-e2c5ed53430c.jpeg"", ""https://a0.muscache.com/im/pictures/hosting/Hosting-1754900409959613132/original/c4505ee4-c5e0-414c-b67d-5f2a81f096bd.jpeg"", ""https://a0.muscache.com/im/pictures/hosting/Hosting-1754900409959613132/original/410311d3-0004-471b-853b-742297582b9e.jpeg"", ""https://a0.muscache.com/im/pictures/hosting/Hosting-1754900409959613132/original/ea475069-83f9-4d38-b0b7-300c5cb2766c.jpeg"", ""https://a0.muscache.com/im/pictures/hosting/Hosting-1754900409959613132/original/af2cf5f9-6344-4144-9214-1e0096239327.jpeg"", ""https://a0.muscache.com/im/pictures/hosting/Hosting-1754900409959613132/original/3e1ea186-d5b8-463c-bb04-14c0187e1d9e.jpeg"", ""https://a0.muscache.com/im/pictures/hosting/Hosting-1754900409959613132/original/37872603-9512-493b-af36-6748e57b2231.jpeg"", ""https://a0.muscache.com/im/pictures/hosting/Hosting-1754900409959613132/original/ad24769f-8193-414d-addf-aec21517f8c7.jpeg"", ""https://a0.muscache.com/im/pictures/hosting/Hosting-1754900409959613132/original/88d00c73-6899-4c39-92bf-0d66cf741397.jpeg"", ""https://a0.muscache.com/im/pictures/hosting/Hosting-1754900409959613132/original/5f41a386-4e47-491b-81cb-7b6fc20704af.jpeg"", ""https://a0.muscache.com/im/pictures/hosting/Hosting-1754900409959613132/original/79611677-b3e3-46af-b535-784b9b190095.jpeg"", ""https://a0.muscache.com/im/pictures/hosting/Hosting-1754900409959613132/original/80f37dfc-a651-406a-9287-dca452cb13e5.jpeg"", ""https://a0.muscache.com/im/pictures/hosting/Hosting-1754900409959613132/original/6fa6b4fc-9ddc-428e-b8a2-b04acc310861.jpeg"", ""https://a0.muscache.com/im/pictures/hosting/Hosting-1754900409959613132/original/4b8648f4-5dc3-4dbe-aaf5-f6a0278a9a61.jpeg"", ""https://a0.muscache.com/im/pictures/hosting/Hosting-1754900409959613132/original/8d7353e9-65e7-4936-a77e-3e038d4f3662.jpeg"", ""https://a0.muscache.com/im/pictures/hosting/Hosting-1754900409959613132/original/b7a056b1-14a8-41a0-8784-7f67978c9494.jpeg"", ""https://a0.muscache.com/im/pictures/hosting/Hosting-1754900409959613132/original/1cec478d-179e-403f-bcd7-7f888f0d76a9.jpeg"", ""https://a0.muscache.com/im/pictures/hosting/Hosting-1754900409959613132/original/fb0acef6-afb0-4f0f-ab4e-a143d64bc225.jpeg"", ""https://a0.muscache.com/im/pictures/hosting/Hosting-1754900409959613132/original/436764b8-8405-4102-bec3-2d5b3af7bd6c.jpeg"", ""https://a0.muscache.com/im/pictures/hosting/Hosting-1754900409959613132/original/ac175f19-6495-458a-8045-f659f0239ef4.jpeg"", ""https://a0.muscache.com/im/pictures/hosting/Hosting-1754900409959613132/original/d25427be-75df-466c-a117-28168f22c6f5.jpeg"", ""https://a0.muscache.com/im/pictures/hosting/Hosting-1754900409959613132/original/fdeaab6b-6482-471c-b84b-35b3c496a669.jpeg"", ""https://a0.muscache.com/im/pictures/hosting/Hosting-1754900409959613132/original/af2045f5-4407-4abd-8f8c-5af8f61d9e71.jpeg""]",f,"[{""name"": ""Dang Nguyen"", ""avatar"": ""https://a0.muscache.com/im/pictures/user/avatar_dang.jpg""}, {""name"": ""Long"", ""avatar"": ""https://a0.muscache.com/im/pictures/user/avatar_long.jpg""}]","[{""name"": ""DECOR"", ""localizedName"": ""Trang trí"", ""count"": 4}, {""name"": ""INTERIOR"", ""localizedName"": ""Không gian bên trong"", ""count"": 14}, {""name"": ""CLEANLINESS"", ""localizedName"": ""Mức độ sạch sẽ"", ""count"": 7}, {""name"": ""LOCATION"", ""localizedName"": ""Địa điểm"", ""count"": 3}, {""name"": ""HOSPITALITY"", ""localizedName"": ""Hiếu khách"", ""count"": 10}]","[{""title"": ""Trải nghiệm nhận phòng xuất sắc"", ""subtitle"": ""Những khách ở gần đây đã xếp hạng 5 sao cho quy trình nhận phòng.""}, {""title"": ""Tự nhận phòng"", ""subtitle"": ""Tự nhận phòng với hộp khóa an toàn.""}]"
1490340292094048526,https://www.airbnb.com.vn/rooms/1490340292094048526,20260926000000,2026-09-26,city search,Siren Rum Rum * 10 phút đến hồ Hoàn Kiếm,"Chào mừng bạn đến với Siren Rum Rum * 10 phút đến hồ Hoàn Kiếm — một không gian lưu trú ấm cúng, sang trọng tọa lạc tại Quận Hai Bà Trưng, Hà Nội.
Căn phòng tràn ngập ánh sáng tự nhiên với đầy đủ tiện nghi cao cấp, giường nệm êm ái, máy lạnh, TV và wifi tốc độ cao. Rất thuận tiện di chuyển tới các điểm tham quan, nhà hàng ẩm thực và quán cà phê nổi tiếng của Hà Nội.","Khu vực Quận Hai Bà Trưng an ninh, văn minh, gần nhiều địa điểm ăn uống, mua sắm và giải trí sầm uất tại Hà Nội.",https://a0.muscache.com/im/pictures/hosting/Hosting-U3RheVN1cHBseUxpc3Rpbmc6MTQ5MDM0MDI5MjA5NDA0ODUyNg==/original/6cbd56a8-d0b0-4560-938e-f65fc4ef891c.jpeg,47000117,https://www.airbnb.com.vn/users/show/47000117,Anna,2021-08-18,"Hà Nội, Việt Nam","Xin chào, tôi là Anna, đã có 5 năm kinh nghiệm làm host. Tôi yêu thích du lịch và luôn mong muốn đem lại trải nghiệm lưu trú thoải mái nhất cho khách.",trong vòng một giờ,100%,98%,f,https://a0.muscache.com/im/pictures/user/User-47000117/original/user_profile_7.jpeg,https://a0.muscache.com/im/pictures/user/User-47000117/original/user_profile_7.jpeg,Quận Hai Bà Trưng,8,7,"['email', 'phone', 'work_email']",t,t,Quận Hai Bà Trưng,Quận Hai Bà Trưng,Hà Nội,21.0174,105.8528,Toàn bộ căn hộ cho thuê,Entire home/apt,4,1.0,1 phòng tắm,1,2,"[""Thang máy"", ""Bể bơi"", ""Không gian riêng để làm việc"", ""Dầu gội & Sữa tắm"", ""Wi-fi tốc độ cao"", ""Tủ lạnh"", ""Máy báo khói"", ""Ban công ngắm cảnh"", ""TV màn hình phẳng"", ""Tự nhận phòng với hộp khóa an toàn"", ""Lò vi sóng"", ""Bếp đầy đủ tiện nghi"", ""Chỗ đỗ xe miễn phí trong khuôn viên"", ""Bồn tắm thư giãn"", ""Máy sấy tóc"", ""Bàn ủi / Bàn là"", ""Máy phát hiện khí CO"", ""Máy giặt"", ""Điều hòa nhiệt độ"", ""Bộ chăn ga gối cao cấp""]","₫1,520,000",1,1125,1,2,1125,1125,1.0,1125.0,today,t,28,30,66,248,2026-09-26,46,2,4,2024-11-05,2026-09-15,4.8,4.9,4.87,5.0,5.0,4.87,4.83,,f,2,2,0,0,2.76,"[""https://a0.muscache.com/im/pictures/hosting/Hosting-U3RheVN1cHBseUxpc3Rpbmc6MTQ5MDM0MDI5MjA5NDA0ODUyNg==/original/6cbd56a8-d0b0-4560-938e-f65fc4ef891c.jpeg"", ""https://a0.muscache.com/im/pictures/hosting/Hosting-U3RheVN1cHBseUxpc3Rpbmc6MTQ5MDM0MDI5MjA5NDA0ODUyNg==/original/c510f09c-e87c-44fd-9ea7-5d5f261ad9ec.jpeg"", ""https://a0.muscache.com/im/pictures/hosting/Hosting-U3RheVN1cHBseUxpc3Rpbmc6MTQ5MDM0MDI5MjA5NDA0ODUyNg==/original/dcddbb5e-12ba-4eec-8dd6-3f2999f7e21f.jpeg"", ""https://a0.muscache.com/im/pictures/hosting/Hosting-U3RheVN1cHBseUxpc3Rpbmc6MTQ5MDM0MDI5MjA5NDA0ODUyNg==/original/81e92262-3ebf-49ec-b6d5-cf7654802c9a.jpeg"", ""https://a0.muscache.com/im/pictures/hosting/Hosting-U3RheVN1cHBseUxpc3Rpbmc6MTQ5MDM0MDI5MjA5NDA0ODUyNg==/original/364f7f31-5365-4025-be9f-e75d01ecf501.jpeg"", ""https://a0.muscache.com/im/pictures/hosting/Hosting-U3RheVN1cHBseUxpc3Rpbmc6MTQ5MDM0MDI5MjA5NDA0ODUyNg==/original/185e2bd2-cd14-4f19-b1b6-0bb38a01c18c.jpeg"", ""https://a0.muscache.com/im/pictures/hosting/Hosting-U3RheVN1cHBseUxpc3Rpbmc6MTQ5MDM0MDI5MjA5NDA0ODUyNg==/original/73d34370-bd95-46bb-ab9f-9be87007b205.jpeg"", ""https://a0.muscache.com/im/pictures/hosting/Hosting-U3RheVN1cHBseUxpc3Rpbmc6MTQ5MDM0MDI5MjA5NDA0ODUyNg==/original/12552b82-317d-407a-af9f-16023c98cb7a.jpeg"", ""https://a0.muscache.com/im/pictures/hosting/Hosting-U3RheVN1cHBseUxpc3Rpbmc6MTQ5MDM0MDI5MjA5NDA0ODUyNg==/original/6f702299-6bf6-4c96-811c-d0c8805ebeb2.jpeg"", ""https://a0.muscache.com/im/pictures/hosting/Hosting-U3RheVN1cHBseUxpc3Rpbmc6MTQ5MDM0MDI5MjA5NDA0ODUyNg==/original/a3efd484-8d74-467d-8d4c-dcc72b7c1f1d.jpeg"", ""https://a0.muscache.com/im/pictures/hosting/Hosting-U3RheVN1cHBseUxpc3Rpbmc6MTQ5MDM0MDI5MjA5NDA0ODUyNg==/original/8e94f654-8020-470b-870f-9cd19a052c06.jpeg"", ""https://a0.muscache.com/im/pictures/hosting/Hosting-U3RheVN1cHBseUxpc3Rpbmc6MTQ5MDM0MDI5MjA5NDA0ODUyNg==/original/e73d53ee-c7ad-4b70-996d-2306c7038fbd.jpeg"", ""https://a0.muscache.com/im/pictures/hosting/Hosting-U3RheVN1cHBseUxpc3Rpbmc6MTQ5MDM0MDI5MjA5NDA0ODUyNg==/original/eacb9164-d991-4971-a4c4-d9116e5a41f8.jpeg"", ""https://a0.muscache.com/im/pictures/hosting/Hosting-U3RheVN1cHBseUxpc3Rpbmc6MTQ5MDM0MDI5MjA5NDA0ODUyNg==/original/c92cf50d-b377-42e3-9874-768a99241cfb.jpeg"", ""https://a0.muscache.com/im/pictures/hosting/Hosting-U3RheVN1cHBseUxpc3Rpbmc6MTQ5MDM0MDI5MjA5NDA0ODUyNg==/original/574aa9b0-edd6-4325-ae5c-e9e6be7e53f4.jpeg"", ""https://a0.muscache.com/im/pictures/hosting/Hosting-U3RheVN1cHBseUxpc3Rpbmc6MTQ5MDM0MDI5MjA5NDA0ODUyNg==/original/962788ed-812f-4620-ba5a-1a38d542bc7b.jpeg"", ""https://a0.muscache.com/im/pictures/hosting/Hosting-U3RheVN1cHBseUxpc3Rpbmc6MTQ5MDM0MDI5MjA5NDA0ODUyNg==/original/03bf2de3-dbd5-4fb5-a490-ac333875d89f.jpeg"", ""https://a0.muscache.com/im/pictures/hosting/Hosting-U3RheVN1cHBseUxpc3Rpbmc6MTQ5MDM0MDI5MjA5NDA0ODUyNg==/original/f5053d33-7b09-4355-a8fc-f84f21c5e35a.jpeg"", ""https://a0.muscache.com/im/pictures/hosting/Hosting-1490340292094048526/original/e52d1722-07e4-471b-83cb-472b501c862e.jpeg"", ""https://a0.muscache.com/im/pictures/hosting/Hosting-1490340292094048526/original/e9573439-c762-4db5-9df9-9bdf46156f84.jpeg"", ""https://a0.muscache.com/im/pictures/hosting/Hosting-1490340292094048526/original/d83b7a93-7531-4da8-8876-69ee1dc420e0.jpeg""]",f,"[{""name"": ""Cindy"", ""avatar"": ""https://a0.muscache.com/im/pictures/user/avatar_cindy.jpg""}, {""name"": ""Dang Nguyen"", ""avatar"": ""https://a0.muscache.com/im/pictures/user/avatar_dang.jpg""}, {""name"": ""Rùa"", ""avatar"": ""https://a0.muscache.com/im/pictures/user/avatar_rua.jpg""}]","[{""name"": ""DECOR"", ""localizedName"": ""Trang trí"", ""count"": 17}, {""name"": ""INTERIOR"", ""localizedName"": ""Không gian bên trong"", ""count"": 9}, {""name"": ""CLEANLINESS"", ""localizedName"": ""Mức độ sạch sẽ"", ""count"": 3}, {""name"": ""LOCATION"", ""localizedName"": ""Địa điểm"", ""count"": 8}, {""name"": ""HOSPITALITY"", ""localizedName"": ""Hiếu khách"", ""count"": 13}]","[{""title"": ""Trải nghiệm nhận phòng xuất sắc"", ""subtitle"": ""Những khách ở gần đây đã xếp hạng 5 sao cho quy trình nhận phòng.""}, {""title"": ""Tự nhận phòng"", ""subtitle"": ""Tự nhận phòng với hộp khóa an toàn.""}]"
1541850337861003228,https://www.airbnb.com.vn/rooms/1541850337861003228,20260926000000,2026-09-26,city search,Bao House Lạc Long Quân Tầng 3 - Ban công 1 phòng ngủ ấm cúng,"Chào mừng bạn đến với Bao House Lạc Long Quân Tầng 3 - Ban công 1 phòng ngủ ấm cúng — một không gian lưu trú ấm cúng, sang trọng tọa lạc tại Quận Tây Hồ, Hà Nội.
Căn phòng tràn ngập ánh sáng tự nhiên với đầy đủ tiện nghi cao cấp, giường nệm êm ái, máy lạnh, TV và wifi tốc độ cao. Rất thuận tiện di chuyển tới các điểm tham quan, nhà hàng ẩm thực và quán cà phê nổi tiếng của Hà Nội.","Khu vực Quận Tây Hồ an ninh, văn minh, gần nhiều địa điểm ăn uống, mua sắm và giải trí sầm uất tại Hà Nội.",https://a0.muscache.com/im/pictures/hosting/Hosting-1541850337861003228/original/3ba2c3bc-4476-40fc-b1df-572820f16c85.jpeg,47000118,https://www.airbnb.com.vn/users/show/47000118,David,2019-12-27,"Hà Nội, Việt Nam","Xin chào, tôi là David, đã có 6 năm kinh nghiệm làm host. Tôi yêu thích du lịch và luôn mong muốn đem lại trải nghiệm lưu trú thoải mái nhất cho khách.",trong vòng một giờ,100%,98%,t,https://a0.muscache.com/im/pictures/user/User-47000118/original/user_profile_8.jpeg,https://a0.muscache.com/im/pictures/user/User-47000118/original/user_profile_8.jpeg,Quận Tây Hồ,2,5,"['email', 'phone', 'work_email']",t,t,Quận Tây Hồ,Quận Tây Hồ,Hà Nội,21.0696,105.812,Phòng riêng trong nhà,Private room,2,1.0,1 phòng tắm,1,1,"[""Wi-fi tốc độ cao"", ""TV màn hình phẳng"", ""Máy sấy tóc"", ""Tủ lạnh"", ""Máy giặt"", ""Thang máy"", ""Dầu gội & Sữa tắm"", ""Điều hòa nhiệt độ"", ""Tự nhận phòng với hộp khóa an toàn"", ""Bộ chăn ga gối cao cấp"", ""Máy phát hiện khí CO"", ""Chỗ đỗ xe miễn phí trong khuôn viên"", ""Không gian riêng để làm việc"", ""Lò vi sóng"", ""Bể bơi"", ""Máy báo khói"", ""Bàn ủi / Bàn là"", ""Bếp đầy đủ tiện nghi"", ""Bồn tắm thư giãn"", ""Ban công ngắm cảnh""]","₫621,031",1,1125,1,2,1125,1125,1.0,1125.0,today,t,15,38,78,242,2026-09-26,11,9,5,2026-04-14,2026-09-16,4.91,4.95,4.96,5.0,5.0,4.84,4.88,,t,2,0,1,0,2.07,"[""https://a0.muscache.com/im/pictures/hosting/Hosting-1541850337861003228/original/3ba2c3bc-4476-40fc-b1df-572820f16c85.jpeg"", ""https://a0.muscache.com/im/pictures/hosting/Hosting-1541850337861003228/original/7a5c9430-7d61-4839-9dc3-df7ae5238758.jpeg"", ""https://a0.muscache.com/im/pictures/hosting/Hosting-1541850337861003228/original/a3c75ddd-d628-4f5b-abbd-6b54af8739f0.jpeg"", ""https://a0.muscache.com/im/pictures/hosting/Hosting-1541850337861003228/original/67cee6ce-ea78-4ff2-aef7-8df68bb41127.jpeg"", ""https://a0.muscache.com/im/pictures/hosting/Hosting-1541850337861003228/original/8a0780ed-aa64-403e-9360-c3ca42b27ac7.jpeg"", ""https://a0.muscache.com/im/pictures/hosting/Hosting-1541850337861003228/original/11f6f9e0-3d08-42b9-bbd6-ed1d0c00fcd5.jpeg""]",t,"[{""name"": ""Cindy"", ""avatar"": ""https://a0.muscache.com/im/pictures/user/avatar_cindy.jpg""}, {""name"": ""Long"", ""avatar"": ""https://a0.muscache.com/im/pictures/user/avatar_long.jpg""}, {""name"": ""Rùa"", ""avatar"": ""https://a0.muscache.com/im/pictures/user/avatar_rua.jpg""}]","[{""name"": ""DECOR"", ""localizedName"": ""Trang trí"", ""count"": 14}, {""name"": ""INTERIOR"", ""localizedName"": ""Không gian bên trong"", ""count"": 6}, {""name"": ""CLEANLINESS"", ""localizedName"": ""Mức độ sạch sẽ"", ""count"": 7}, {""name"": ""LOCATION"", ""localizedName"": ""Địa điểm"", ""count"": 19}, {""name"": ""HOSPITALITY"", ""localizedName"": ""Hiếu khách"", ""count"": 8}]","[{""title"": ""Trải nghiệm nhận phòng xuất sắc"", ""subtitle"": ""Những khách ở gần đây đã xếp hạng 5 sao cho quy trình nhận phòng.""}, {""title"": ""Tự nhận phòng"", ""subtitle"": ""Tự nhận phòng với hộp khóa an toàn.""}]"
1182689694966338050,https://www.airbnb.com.vn/rooms/1182689694966338050,20260926000000,2026-09-26,city search,Giường ngủ đô thị trong phòng ngủ tập thể hỗn hợp 12 giường,"Chào mừng bạn đến với Giường ngủ đô thị trong phòng ngủ tập thể hỗn hợp 12 giường — một không gian lưu trú ấm cúng, sang trọng tọa lạc tại Quận Hoàn Kiếm, Hà Nội.
Căn phòng tràn ngập ánh sáng tự nhiên với đầy đủ tiện nghi cao cấp, giường nệm êm ái, máy lạnh, TV và wifi tốc độ cao. Rất thuận tiện di chuyển tới các điểm tham quan, nhà hàng ẩm thực và quán cà phê nổi tiếng của Hà Nội.","Khu vực Quận Hoàn Kiếm an ninh, văn minh, gần nhiều địa điểm ăn uống, mua sắm và giải trí sầm uất tại Hà Nội.",https://a0.muscache.com/im/pictures/miso/Hosting-1182663790113505771/original/4f9d52e8-56c8-4ce4-8301-c01bc16860ff.jpeg,47000119,https://www.airbnb.com.vn/users/show/47000119,Mia,2022-01-16,"Hà Nội, Việt Nam","Xin chào, tôi là Mia, đã có 4 năm kinh nghiệm làm host. Tôi yêu thích du lịch và luôn mong muốn đem lại trải nghiệm lưu trú thoải mái nhất cho khách.",trong vòng một giờ,100%,98%,f,https://a0.muscache.com/im/pictures/user/User-47000119/original/user_profile_9.jpeg,https://a0.muscache.com/im/pictures/user/User-47000119/original/user_profile_9.jpeg,Quận Hoàn Kiếm,8,4,"['email', 'phone', 'work_email']",t,t,Quận Hoàn Kiếm,Quận Hoàn Kiếm,Hà Nội,21.03348,105.84493,Phòng riêng trong nhà,Private room,12,1.0,1 phòng tắm chung,1,6,"[""Máy sấy tóc"", ""Wi-fi tốc độ cao"", ""Tự nhận phòng với hộp khóa an toàn"", ""TV màn hình phẳng"", ""Dầu gội & Sữa tắm"", ""Không gian riêng để làm việc"", ""Bàn ủi / Bàn là"", ""Máy báo khói"", ""Điều hòa nhiệt độ"", ""Bể bơi"", ""Thang máy"", ""Lò vi sóng"", ""Chỗ đỗ xe miễn phí trong khuôn viên"", ""Máy phát hiện khí CO"", ""Ban công ngắm cảnh"", ""Bộ chăn ga gối cao cấp"", ""Máy giặt""]","₫158,004",1,1125,1,2,1125,1125,1.0,1125.0,today,t,13,43,78,252,2026-09-26,168,3,4,2023-06-14,2026-09-12,4.61,4.81,4.93,5.0,5.0,4.86,4.92,,f,2,0,1,0,1.53,"[""https://a0.muscache.com/im/pictures/miso/Hosting-1182663790113505771/original/4f9d52e8-56c8-4ce4-8301-c01bc16860ff.jpeg"", ""https://a0.muscache.com/im/pictures/miso/Hosting-1182663790113505771/original/c830334f-2166-465f-be92-f52053fd1fa2.jpeg"", ""https://a0.muscache.com/im/pictures/miso/Hosting-1182663790113505771/original/954d7ef9-557f-420a-9008-063bceccedb5.jpeg"", ""https://a0.muscache.com/im/pictures/miso/Hosting-1182663790113505771/original/27c83aa5-82e5-49b3-9f83-a5fd96d6c367.jpeg"", ""https://a0.muscache.com/im/pictures/miso/Hosting-1182663790113505771/original/ffdff57d-f047-4ce3-8860-75a11a68b6d1.jpeg"", ""https://a0.muscache.com/im/pictures/hosting/Hosting-U3RheVN1cHBseUxpc3Rpbmc6MTE4MjY4OTY5NDk2NjMzODA1MA%3D%3D/original/eb596af9-5dcc-4717-b9a5-7ece70cd8f7f.jpeg"", ""https://a0.muscache.com/im/pictures/hosting/Hosting-U3RheVN1cHBseUxpc3Rpbmc6MTE4MjY4OTY5NDk2NjMzODA1MA%3D%3D/original/3be8078b-f011-4f2e-ba58-343e690a3107.jpeg"", ""https://a0.muscache.com/im/pictures/hosting/Hosting-U3RheVN1cHBseUxpc3Rpbmc6MTE4MjY4OTY5NDk2NjMzODA1MA%3D%3D/original/806e652d-1c53-41dc-9070-e44c202d43d4.jpeg"", ""https://a0.muscache.com/im/pictures/hosting/Hosting-U3RheVN1cHBseUxpc3Rpbmc6MTE4MjY4OTY5NDk2NjMzODA1MA%3D%3D/original/abb05720-07b1-4175-9bfa-2d8701051e8e.jpeg"", ""https://a0.muscache.com/im/pictures/hosting/Hosting-U3RheVN1cHBseUxpc3Rpbmc6MTE4MjY4OTY5NDk2NjMzODA1MA%3D%3D/original/99edfe80-acc4-4cc7-82ee-e8db984dafea.jpeg"", ""https://a0.muscache.com/im/pictures/hosting/Hosting-U3RheVN1cHBseUxpc3Rpbmc6MTE4MjY4OTY5NDk2NjMzODA1MA%3D%3D/original/352f09bd-1803-4484-8fd1-47d8a8ade3ca.jpeg"", ""https://a0.muscache.com/im/pictures/hosting/Hosting-U3RheVN1cHBseUxpc3Rpbmc6MTE4MjY4OTY5NDk2NjMzODA1MA%3D%3D/original/d7f2f2e1-e8a9-4d73-ad1a-74d25ca6615e.jpeg"", ""https://a0.muscache.com/im/pictures/hosting/Hosting-U3RheVN1cHBseUxpc3Rpbmc6MTE4MjY4OTY5NDk2NjMzODA1MA%3D%3D/original/b8db2fb5-f7df-4245-8add-bc5c0083aea1.jpeg"", ""https://a0.muscache.com/im/pictures/hosting/Hosting-U3RheVN1cHBseUxpc3Rpbmc6MTE4MjY4OTY5NDk2NjMzODA1MA%3D%3D/original/8f796a36-f211-4bee-aa77-4b67e452c976.jpeg"", ""https://a0.muscache.com/im/pictures/hosting/Hosting-U3RheVN1cHBseUxpc3Rpbmc6MTE4MjY4OTY5NDk2NjMzODA1MA%3D%3D/original/a291388c-c5f7-4d81-9a77-97e87d808c91.jpeg"", ""https://a0.muscache.com/im/pictures/hosting/Hosting-U3RheVN1cHBseUxpc3Rpbmc6MTE4MjY4OTY5NDk2NjMzODA1MA%3D%3D/original/4a944996-e1cb-4ae6-bc49-c35b72a2135c.jpeg"", ""https://a0.muscache.com/im/pictures/hosting/Hosting-U3RheVN1cHBseUxpc3Rpbmc6MTE4MjY4OTY5NDk2NjMzODA1MA%3D%3D/original/44d7ce14-d18d-4167-9cb8-5d621b4c12eb.jpeg"", ""https://a0.muscache.com/im/pictures/hosting/Hosting-U3RheVN1cHBseUxpc3Rpbmc6MTE4MjY4OTY5NDk2NjMzODA1MA%3D%3D/original/addfcd14-6fc6-4122-a5e1-c3434d4ef94c.jpeg"", ""https://a0.muscache.com/im/pictures/hosting/Hosting-U3RheVN1cHBseUxpc3Rpbmc6MTE4MjY4OTY5NDk2NjMzODA1MA%3D%3D/original/10703be0-0f0e-47bc-bc71-8c1f01ebdf58.jpeg""]",f,"[{""name"": ""Cindy"", ""avatar"": ""https://a0.muscache.com/im/pictures/user/avatar_cindy.jpg""}, {""name"": ""Long"", ""avatar"": ""https://a0.muscache.com/im/pictures/user/avatar_long.jpg""}, {""name"": ""Dang Nguyen"", ""avatar"": ""https://a0.muscache.com/im/pictures/user/avatar_dang.jpg""}]","[{""name"": ""DECOR"", ""localizedName"": ""Trang trí"", ""count"": 7}, {""name"": ""INTERIOR"", ""localizedName"": ""Không gian bên trong"", ""count"": 13}, {""name"": ""CLEANLINESS"", ""localizedName"": ""Mức độ sạch sẽ"", ""count"": 21}, {""name"": ""LOCATION"", ""localizedName"": ""Địa điểm"", ""count"": 3}, {""name"": ""HOSPITALITY"", ""localizedName"": ""Hiếu khách"", ""count"": 2}]","[{""title"": ""Trải nghiệm nhận phòng xuất sắc"", ""subtitle"": ""Những khách ở gần đây đã xếp hạng 5 sao cho quy trình nhận phòng.""}, {""title"": ""Tự nhận phòng"", ""subtitle"": ""Tự nhận phòng với hộp khóa an toàn.""}]"
1631964040560854886,https://www.airbnb.com.vn/rooms/1631964040560854886,20260926000000,2026-09-26,city search,Phòng sáng và thoáng khí / Hồ Hoàn Kiếm / Nhà hát Lớn,"Chào mừng bạn đến với Phòng sáng và thoáng khí / Hồ Hoàn Kiếm / Nhà hát Lớn — một không gian lưu trú ấm cúng, sang trọng tọa lạc tại Quận Hoàn Kiếm, Hà Nội.
Căn phòng tràn ngập ánh sáng tự nhiên với đầy đủ tiện nghi cao cấp, giường nệm êm ái, máy lạnh, TV và wifi tốc độ cao. Rất thuận tiện di chuyển tới các điểm tham quan, nhà hàng ẩm thực và quán cà phê nổi tiếng của Hà Nội.","Khu vực Quận Hoàn Kiếm an ninh, văn minh, gần nhiều địa điểm ăn uống, mua sắm và giải trí sầm uất tại Hà Nội.",https://a0.muscache.com/im/pictures/hosting/Hosting-1631964040560854886/original/2acab336-c699-49d5-869d-7173b2adc981.jpeg,47000120,https://www.airbnb.com.vn/users/show/47000120,Minh,2023-01-16,"Hà Nội, Việt Nam","Xin chào, tôi là Minh, đã có 3 năm kinh nghiệm làm host. Tôi yêu thích du lịch và luôn mong muốn đem lại trải nghiệm lưu trú thoải mái nhất cho khách.",trong vòng một giờ,100%,98%,t,https://a0.muscache.com/im/pictures/user/User-47000120/original/user_profile_0.jpeg,https://a0.muscache.com/im/pictures/user/User-47000120/original/user_profile_0.jpeg,Quận Hoàn Kiếm,1,5,"['email', 'phone', 'work_email']",t,t,Quận Hoàn Kiếm,Quận Hoàn Kiếm,Hà Nội,21.0245,105.8543,Phòng riêng trong nhà,Private room,4,1.0,1 phòng tắm,1,2,"[""Wi-fi tốc độ cao"", ""Máy phát hiện khí CO"", ""Thang máy"", ""Chỗ đỗ xe miễn phí trong khuôn viên"", ""Bộ chăn ga gối cao cấp"", ""Máy sấy tóc"", ""Bếp đầy đủ tiện nghi"", ""Lò vi sóng"", ""Máy giặt"", ""Tự nhận phòng với hộp khóa an toàn"", ""Ban công ngắm cảnh"", ""Máy báo khói"", ""Bồn tắm thư giãn"", ""Tủ lạnh"", ""Không gian riêng để làm việc"", ""Bàn ủi / Bàn là"", ""TV màn hình phẳng"", ""Điều hòa nhiệt độ"", ""Bể bơi""]","₫560,000",1,1125,1,2,1125,1125,1.0,1125.0,today,t,27,41,83,242,2026-09-26,21,15,5,2025-11-15,2026-09-12,4.81,4.87,4.9,5.0,5.0,4.83,4.91,,t,2,0,1,0,2.9,"[""https://a0.muscache.com/im/pictures/hosting/Hosting-1631964040560854886/original/2acab336-c699-49d5-869d-7173b2adc981.jpeg"", ""https://a0.muscache.com/im/pictures/hosting/Hosting-1631964040560854886/original/d8ac77f0-ac30-401a-98c7-749aa3fd1f2d.jpeg"", ""https://a0.muscache.com/im/pictures/hosting/Hosting-1631964040560854886/original/ec7a7077-b13e-40c6-a559-529d7fdac56c.jpeg"", ""https://a0.muscache.com/im/pictures/hosting/Hosting-1631964040560854886/original/2bb64ab0-39a2-4b3b-90ab-8f9b27c467f1.jpeg"", ""https://a0.muscache.com/im/pictures/hosting/Hosting-1631964040560854886/original/98a74867-1258-460c-8ede-c0b7cf559403.jpeg"", ""https://a0.muscache.com/im/pictures/hosting/Hosting-1631964040560854886/original/3407b3ee-2c54-4afc-bfdb-3e20695646ab.jpeg""]",t,"[{""name"": ""Rùa"", ""avatar"": ""https://a0.muscache.com/im/pictures/user/avatar_rua.jpg""}, {""name"": ""Dang Nguyen"", ""avatar"": ""https://a0.muscache.com/im/pictures/user/avatar_dang.jpg""}]","[{""name"": ""DECOR"", ""localizedName"": ""Trang trí"", ""count"": 12}, {""name"": ""INTERIOR"", ""localizedName"": ""Không gian bên trong"", ""count"": 13}, {""name"": ""CLEANLINESS"", ""localizedName"": ""Mức độ sạch sẽ"", ""count"": 22}, {""name"": ""LOCATION"", ""localizedName"": ""Địa điểm"", ""count"": 17}, {""name"": ""HOSPITALITY"", ""localizedName"": ""Hiếu khách"", ""count"": 3}]","[{""title"": ""Trải nghiệm nhận phòng xuất sắc"", ""subtitle"": ""Những khách ở gần đây đã xếp hạng 5 sao cho quy trình nhận phòng.""}, {""title"": ""Tự nhận phòng"", ""subtitle"": ""Tự nhận phòng với hộp khóa an toàn.""}]"
1704914959419297464,https://www.airbnb.com.vn/rooms/1704914959419297464,20260926000000,2026-09-26,city search,Bông Hoa Homestay T2 - Ngọc Hà - Hà Nội,"Chào mừng bạn đến với Bông Hoa Homestay T2 - Ngọc Hà - Hà Nội — một không gian lưu trú ấm cúng, sang trọng tọa lạc tại Quận Đống Đa, Hà Nội.
Căn phòng tràn ngập ánh sáng tự nhiên với đầy đủ tiện nghi cao cấp, giường nệm êm ái, máy lạnh, TV và wifi tốc độ cao. Rất thuận tiện di chuyển tới các điểm tham quan, nhà hàng ẩm thực và quán cà phê nổi tiếng của Hà Nội.","Khu vực Quận Đống Đa an ninh, văn minh, gần nhiều địa điểm ăn uống, mua sắm và giải trí sầm uất tại Hà Nội.",https://a0.muscache.com/im/pictures/hosting/Hosting-1704914959419297464/original/456346ab-6b45-4a57-8208-e7b655a18ac1.jpeg,47000121,https://www.airbnb.com.vn/users/show/47000121,Anh,2024-12-13,"Hà Nội, Việt Nam","Xin chào, tôi là Anh, đã có 1 năm kinh nghiệm làm host. Tôi yêu thích du lịch và luôn mong muốn đem lại trải nghiệm lưu trú thoải mái nhất cho khách.",trong vòng một giờ,100%,98%,f,https://a0.muscache.com/im/pictures/user/User-47000121/original/user_profile_1.jpeg,https://a0.muscache.com/im/pictures/user/User-47000121/original/user_profile_1.jpeg,Quận Đống Đa,6,4,"['email', 'phone', 'work_email']",t,t,Quận Đống Đa,Quận Đống Đa,Hà Nội,21.03706136761425,105.82188620938642,Phòng riêng trong nhà,Private room,2,1.0,1 phòng tắm,1,1,"[""Tủ lạnh"", ""TV màn hình phẳng"", ""Bàn ủi / Bàn là"", ""Máy báo khói"", ""Điều hòa nhiệt độ"", ""Bếp đầy đủ tiện nghi"", ""Tự nhận phòng với hộp khóa an toàn"", ""Máy phát hiện khí CO"", ""Máy sấy tóc"", ""Máy giặt"", ""Bể bơi"", ""Bộ chăn ga gối cao cấp"", ""Thang máy"", ""Không gian riêng để làm việc"", ""Dầu gội & Sữa tắm"", ""Ban công ngắm cảnh"", ""Wi-fi tốc độ cao"", ""Lò vi sóng"", ""Chỗ đỗ xe miễn phí trong khuôn viên""]","₫482,400",1,1125,1,2,1125,1125,1.0,1125.0,today,t,26,33,51,316,2026-09-26,7,2,4,2026-06-13,2026-09-15,4.43,4.99,4.92,5.0,5.0,4.96,4.78,,f,2,0,1,0,3.97,"[""https://a0.muscache.com/im/pictures/hosting/Hosting-1704914959419297464/original/456346ab-6b45-4a57-8208-e7b655a18ac1.jpeg"", ""https://a0.muscache.com/im/pictures/hosting/Hosting-1704914959419297464/original/48a181da-92e2-497f-a9d4-5e2da6e921c5.jpeg"", ""https://a0.muscache.com/im/pictures/hosting/Hosting-1704914959419297464/original/f5fe4eb7-4866-4154-91c2-86a969cda5d0.jpeg"", ""https://a0.muscache.com/im/pictures/hosting/Hosting-1698981730642528640/original/76efe23a-2c7d-46f2-adba-5ecb28fa1400.jpeg"", ""https://a0.muscache.com/im/pictures/hosting/Hosting-1698981730642528640/original/8b23180a-4bdc-4e0f-9d64-4e3f9bd61f30.jpeg"", ""https://a0.muscache.com/im/pictures/hosting/Hosting-1698981730642528640/original/36c53ca4-8a37-444b-9bad-2379fdc89545.jpeg""]",f,"[{""name"": ""Cindy"", ""avatar"": ""https://a0.muscache.com/im/pictures/user/avatar_cindy.jpg""}, {""name"": ""Dang Nguyen"", ""avatar"": ""https://a0.muscache.com/im/pictures/user/avatar_dang.jpg""}, {""name"": ""Rùa"", ""avatar"": ""https://a0.muscache.com/im/pictures/user/avatar_rua.jpg""}]","[{""name"": ""DECOR"", ""localizedName"": ""Trang trí"", ""count"": 9}, {""name"": ""INTERIOR"", ""localizedName"": ""Không gian bên trong"", ""count"": 10}, {""name"": ""CLEANLINESS"", ""localizedName"": ""Mức độ sạch sẽ"", ""count"": 13}, {""name"": ""LOCATION"", ""localizedName"": ""Địa điểm"", ""count"": 19}, {""name"": ""HOSPITALITY"", ""localizedName"": ""Hiếu khách"", ""count"": 3}]","[{""title"": ""Trải nghiệm nhận phòng xuất sắc"", ""subtitle"": ""Những khách ở gần đây đã xếp hạng 5 sao cho quy trình nhận phòng.""}, {""title"": ""Tự nhận phòng"", ""subtitle"": ""Tự nhận phòng với hộp khóa an toàn.""}]"
1182923479408852444,https://www.airbnb.com.vn/rooms/1182923479408852444,20260926000000,2026-09-26,city search,Trung tâm thành phố * Quận Hoàn Kiếm *Phòng tiết kiệm,"Chào mừng bạn đến với Trung tâm thành phố * Quận Hoàn Kiếm *Phòng tiết kiệm — một không gian lưu trú ấm cúng, sang trọng tọa lạc tại Quận Hoàn Kiếm, Hà Nội.
Căn phòng tràn ngập ánh sáng tự nhiên với đầy đủ tiện nghi cao cấp, giường nệm êm ái, máy lạnh, TV và wifi tốc độ cao. Rất thuận tiện di chuyển tới các điểm tham quan, nhà hàng ẩm thực và quán cà phê nổi tiếng của Hà Nội.","Khu vực Quận Hoàn Kiếm an ninh, văn minh, gần nhiều địa điểm ăn uống, mua sắm và giải trí sầm uất tại Hà Nội.",https://a0.muscache.com/im/pictures/miso/Hosting-1182923479408852444/original/39225275-57ab-4244-92d2-bca0fe769d99.jpeg,47000122,https://www.airbnb.com.vn/users/show/47000122,Linh,2021-03-10,"Hà Nội, Việt Nam","Xin chào, tôi là Linh, đã có 5 năm kinh nghiệm làm host. Tôi yêu thích du lịch và luôn mong muốn đem lại trải nghiệm lưu trú thoải mái nhất cho khách.",trong vòng một giờ,100%,98%,f,https://a0.muscache.com/im/pictures/user/User-47000122/original/user_profile_2.jpeg,https://a0.muscache.com/im/pictures/user/User-47000122/original/user_profile_2.jpeg,Quận Hoàn Kiếm,7,6,"['email', 'phone', 'work_email']",t,t,Quận Hoàn Kiếm,Quận Hoàn Kiếm,Hà Nội,21.0207,105.8544,Phòng riêng trong nhà,Private room,2,1.0,1 phòng tắm,1,1,"[""Tủ lạnh"", ""Wi-fi tốc độ cao"", ""Không gian riêng để làm việc"", ""Dầu gội & Sữa tắm"", ""Máy báo khói"", ""Bộ chăn ga gối cao cấp"", ""TV màn hình phẳng"", ""Bể bơi"", ""Máy phát hiện khí CO"", ""Ban công ngắm cảnh"", ""Máy sấy tóc"", ""Chỗ đỗ xe miễn phí trong khuôn viên"", ""Thang máy"", ""Điều hòa nhiệt độ"", ""Lò vi sóng"", ""Máy giặt""]","₫300,000",1,1125,1,2,1125,1125,1.0,1125.0,today,t,22,31,72,228,2026-09-26,69,10,0,2023-11-26,2026-09-03,4.71,5.0,4.9,5.0,5.0,4.85,4.76,,t,2,0,1,0,3.14,"[""https://a0.muscache.com/im/pictures/miso/Hosting-1182923479408852444/original/39225275-57ab-4244-92d2-bca0fe769d99.jpeg"", ""https://a0.muscache.com/im/pictures/miso/Hosting-1182923479408852444/original/6e783be4-1567-46f0-bb2f-1187917becef.jpeg"", ""https://a0.muscache.com/im/pictures/miso/Hosting-1182923479408852444/original/e8fb14d0-8c05-4059-8604-843baa8ebace.jpeg"", ""https://a0.muscache.com/im/pictures/miso/Hosting-1182923479408852444/original/03dcb8b5-145a-4328-98ce-11271e65170f.jpeg"", ""https://a0.muscache.com/im/pictures/miso/Hosting-1182923479408852444/original/c2daf486-b94c-4458-a69f-045fc722e69d.jpeg"", ""https://a0.muscache.com/im/pictures/miso/Hosting-1182923479408852444/original/dd532c36-e100-4681-a74d-ddb7d2b64447.jpeg""]",f,"[{""name"": ""Dang Nguyen"", ""avatar"": ""https://a0.muscache.com/im/pictures/user/avatar_dang.jpg""}, {""name"": ""Rùa"", ""avatar"": ""https://a0.muscache.com/im/pictures/user/avatar_rua.jpg""}, {""name"": ""Cindy"", ""avatar"": ""https://a0.muscache.com/im/pictures/user/avatar_cindy.jpg""}]","[{""name"": ""DECOR"", ""localizedName"": ""Trang trí"", ""count"": 10}, {""name"": ""INTERIOR"", ""localizedName"": ""Không gian bên trong"", ""count"": 15}, {""name"": ""CLEANLINESS"", ""localizedName"": ""Mức độ sạch sẽ"", ""count"": 11}, {""name"": ""LOCATION"", ""localizedName"": ""Địa điểm"", ""count"": 15}, {""name"": ""HOSPITALITY"", ""localizedName"": ""Hiếu khách"", ""count"": 9}]","[{""title"": ""Trải nghiệm nhận phòng xuất sắc"", ""subtitle"": ""Những khách ở gần đây đã xếp hạng 5 sao cho quy trình nhận phòng.""}, {""title"": ""Tự nhận phòng"", ""subtitle"": ""Tự nhận phòng với hộp khóa an toàn.""}]"
1774371006156201295,https://www.airbnb.com.vn/rooms/1774371006156201295,20260926000000,2026-09-26,city search,Dom's Residence | Phòng Deluxe Suite tối giản,"Chào mừng bạn đến với Dom's Residence | Phòng Deluxe Suite tối giản — một không gian lưu trú ấm cúng, sang trọng tọa lạc tại Quận Nam Từ Liêm, Hà Nội.
Căn phòng tràn ngập ánh sáng tự nhiên với đầy đủ tiện nghi cao cấp, giường nệm êm ái, máy lạnh, TV và wifi tốc độ cao. Rất thuận tiện di chuyển tới các điểm tham quan, nhà hàng ẩm thực và quán cà phê nổi tiếng của Hà Nội.","Khu vực Quận Nam Từ Liêm an ninh, văn minh, gần nhiều địa điểm ăn uống, mua sắm và giải trí sầm uất tại Hà Nội.",https://a0.muscache.com/im/pictures/hosting/Hosting-1774371006156201295/original/d4f61d65-4601-4c95-88ad-03fff7f77d6d.png,47000123,https://www.airbnb.com.vn/users/show/47000123,Hương,2025-05-31,"Hà Nội, Việt Nam","Xin chào, tôi là Hương, đã có 1 năm kinh nghiệm làm host. Tôi yêu thích du lịch và luôn mong muốn đem lại trải nghiệm lưu trú thoải mái nhất cho khách.",trong vòng một giờ,100%,98%,f,https://a0.muscache.com/im/pictures/user/User-47000123/original/user_profile_3.jpeg,https://a0.muscache.com/im/pictures/user/User-47000123/original/user_profile_3.jpeg,Quận Nam Từ Liêm,10,4,"['email', 'phone', 'work_email']",t,t,Quận Nam Từ Liêm,Quận Nam Từ Liêm,Hà Nội,21.0389,105.8077,Toàn bộ căn hộ cho thuê,Entire home/apt,2,1.0,1 phòng tắm,1,1,"[""Wi-fi tốc độ cao"", ""Máy báo khói"", ""Máy giặt"", ""TV màn hình phẳng"", ""Tủ lạnh"", ""Dầu gội & Sữa tắm"", ""Bồn tắm thư giãn"", ""Không gian riêng để làm việc"", ""Thang máy"", ""Lò vi sóng"", ""Tự nhận phòng với hộp khóa an toàn"", ""Ban công ngắm cảnh"", ""Bể bơi"", ""Bếp đầy đủ tiện nghi"", ""Điều hòa nhiệt độ""]","₫585,000",1,1125,1,2,1125,1125,1.0,1125.0,today,t,26,46,76,294,2026-09-26,59,31,6,2024-04-24,2026-09-01,4.85,4.93,4.98,5.0,5.0,4.98,4.72,,f,2,2,0,0,1.89,"[""https://a0.muscache.com/im/pictures/hosting/Hosting-1774371006156201295/original/d4f61d65-4601-4c95-88ad-03fff7f77d6d.png"", ""https://a0.muscache.com/im/pictures/hosting/Hosting-1774371006156201295/original/9fbd421a-8d7b-463b-902e-ffa7d3c65f27.png"", ""https://a0.muscache.com/im/pictures/hosting/Hosting-1774371006156201295/original/d9f75397-6129-4c09-b4a1-7be23473e0c5.png"", ""https://a0.muscache.com/im/pictures/hosting/Hosting-1774371006156201295/original/7b1f6b35-6680-4476-9bdf-65f42a40806e.png"", ""https://a0.muscache.com/im/pictures/hosting/Hosting-1774371006156201295/original/ea3e5b15-26fb-4e0d-b049-b2f98b3cdf0d.png"", ""https://a0.muscache.com/im/pictures/hosting/Hosting-1774371006156201295/original/a97cd6d0-3a0c-4dc7-83ef-52f4ab014474.png"", ""https://a0.muscache.com/im/pictures/hosting/Hosting-1774371006156201295/original/687ab90f-1af0-456a-9b85-0c10556d7dba.png"", ""https://a0.muscache.com/im/pictures/hosting/Hosting-1774371006156201295/original/63a88de6-bcee-45ef-9284-074cd25013f6.png"", ""https://a0.muscache.com/im/pictures/hosting/Hosting-1774371006156201295/original/8d1f080b-af70-4b57-bdd0-5c0f7e4110db.png"", ""https://a0.muscache.com/im/pictures/hosting/Hosting-1774371006156201295/original/1ec78484-9fb8-4a3f-83b6-d65d5a79f07e.png"", ""https://a0.muscache.com/im/pictures/hosting/Hosting-1774371006156201295/original/57efb636-53fc-40c8-ad02-f77d00f4a2b8.png"", ""https://a0.muscache.com/im/pictures/hosting/Hosting-1774371006156201295/original/3929bdc2-ba09-4e23-83a1-5db36a165003.png"", ""https://a0.muscache.com/im/pictures/hosting/Hosting-1774371006156201295/original/e0deb293-aec8-45d3-9966-fa979e1b4a0a.png"", ""https://a0.muscache.com/im/pictures/hosting/Hosting-1774371006156201295/original/06828fb8-4a0a-40c4-812f-b63e6f434b59.png"", ""https://a0.muscache.com/im/pictures/hosting/Hosting-1774371006156201295/original/6361fcdb-b78b-4018-b2a8-137ee40f3371.png"", ""https://a0.muscache.com/im/pictures/hosting/Hosting-1774371006156201295/original/25bd9762-6ac5-474d-9e45-1a9e73c1d563.png"", ""https://a0.muscache.com/im/pictures/hosting/Hosting-1774371006156201295/original/d03f2d4b-844d-4b7b-836f-bdf70a1de8df.png"", ""https://a0.muscache.com/im/pictures/hosting/Hosting-1774371006156201295/original/42f16343-9d6c-4b32-93e1-03cb831f7c4b.jpeg""]",f,"[{""name"": ""Long"", ""avatar"": ""https://a0.muscache.com/im/pictures/user/avatar_long.jpg""}, {""name"": ""Rùa"", ""avatar"": ""https://a0.muscache.com/im/pictures/user/avatar_rua.jpg""}, {""name"": ""Dang Nguyen"", ""avatar"": ""https://a0.muscache.com/im/pictures/user/avatar_dang.jpg""}]","[{""name"": ""DECOR"", ""localizedName"": ""Trang trí"", ""count"": 3}, {""name"": ""INTERIOR"", ""localizedName"": ""Không gian bên trong"", ""count"": 9}, {""name"": ""CLEANLINESS"", ""localizedName"": ""Mức độ sạch sẽ"", ""count"": 24}, {""name"": ""LOCATION"", ""localizedName"": ""Địa điểm"", ""count"": 19}, {""name"": ""HOSPITALITY"", ""localizedName"": ""Hiếu khách"", ""count"": 3}]","[{""title"": ""Trải nghiệm nhận phòng xuất sắc"", ""subtitle"": ""Những khách ở gần đây đã xếp hạng 5 sao cho quy trình nhận phòng.""}, {""title"": ""Tự nhận phòng"", ""subtitle"": ""Tự nhận phòng với hộp khóa an toàn.""}]"
1758667000595221898,https://www.airbnb.com.vn/rooms/1758667000595221898,20260926000000,2026-09-26,city search,601. Arcade - toàn bộ tầng với 2 giường. Monmen Home,"Chào mừng bạn đến với 601. Arcade - toàn bộ tầng với 2 giường. Monmen Home — một không gian lưu trú ấm cúng, sang trọng tọa lạc tại Quận Bắc Từ Liêm, Hà Nội.
Căn phòng tràn ngập ánh sáng tự nhiên với đầy đủ tiện nghi cao cấp, giường nệm êm ái, máy lạnh, TV và wifi tốc độ cao. Rất thuận tiện di chuyển tới các điểm tham quan, nhà hàng ẩm thực và quán cà phê nổi tiếng của Hà Nội.","Khu vực Quận Bắc Từ Liêm an ninh, văn minh, gần nhiều địa điểm ăn uống, mua sắm và giải trí sầm uất tại Hà Nội.",https://a0.muscache.com/im/pictures/hosting/Hosting-1758667000595221898/original/d73f720a-61c8-4646-8d7f-1bbab1dfd944.jpeg,47000124,https://www.airbnb.com.vn/users/show/47000124,Phương,2025-08-18,"Hà Nội, Việt Nam","Xin chào, tôi là Phương, đã có 1 năm kinh nghiệm làm host. Tôi yêu thích du lịch và luôn mong muốn đem lại trải nghiệm lưu trú thoải mái nhất cho khách.",trong vòng một giờ,100%,98%,t,https://a0.muscache.com/im/pictures/user/User-47000124/original/user_profile_4.jpeg,https://a0.muscache.com/im/pictures/user/User-47000124/original/user_profile_4.jpeg,Quận Bắc Từ Liêm,7,10,"['email', 'phone', 'work_email']",t,t,Quận Bắc Từ Liêm,Quận Bắc Từ Liêm,Hà Nội,21.0403,105.7789,Phòng riêng trong nhà,Private room,6,1.0,1 phòng tắm,2,3,"[""Dầu gội & Sữa tắm"", ""Ban công ngắm cảnh"", ""Bể bơi"", ""Thang máy"", ""Bộ chăn ga gối cao cấp"", ""Bếp đầy đủ tiện nghi"", ""Bồn tắm thư giãn"", ""TV màn hình phẳng"", ""Bàn ủi / Bàn là"", ""Lò vi sóng"", ""Wi-fi tốc độ cao"", ""Máy sấy tóc"", ""Máy báo khói"", ""Tự nhận phòng với hộp khóa an toàn"", ""Không gian riêng để làm việc"", ""Máy phát hiện khí CO"", ""Tủ lạnh"", ""Máy giặt"", ""Điều hòa nhiệt độ""]","₫1,500,000",1,1125,1,2,1125,1125,1.0,1125.0,today,t,27,41,83,271,2026-09-26,131,9,1,2023-06-14,2026-09-04,4.85,4.83,4.98,5.0,5.0,4.91,4.79,,t,2,0,1,0,2.63,"[""https://a0.muscache.com/im/pictures/hosting/Hosting-1758667000595221898/original/d73f720a-61c8-4646-8d7f-1bbab1dfd944.jpeg"", ""https://a0.muscache.com/im/pictures/hosting/Hosting-1758667000595221898/original/3293d8c9-990d-434a-92bc-303d0e91ea76.jpeg"", ""https://a0.muscache.com/im/pictures/hosting/Hosting-1758667000595221898/original/cab6ff6c-1ab6-4ac1-b9f5-5852595bc068.jpeg"", ""https://a0.muscache.com/im/pictures/hosting/Hosting-1758667000595221898/original/f1384cb5-49de-408c-86e9-520d07da9cdf.jpeg"", ""https://a0.muscache.com/im/pictures/hosting/Hosting-1758667000595221898/original/3c6533b8-7de0-452b-9e32-e06280624096.jpeg"", ""https://a0.muscache.com/im/pictures/hosting/Hosting-1758667000595221898/original/61790b33-3682-41d2-b7e0-79d670a7d1dd.jpeg""]",f,"[{""name"": ""Long"", ""avatar"": ""https://a0.muscache.com/im/pictures/user/avatar_long.jpg""}]","[{""name"": ""DECOR"", ""localizedName"": ""Trang trí"", ""count"": 16}, {""name"": ""INTERIOR"", ""localizedName"": ""Không gian bên trong"", ""count"": 11}, {""name"": ""CLEANLINESS"", ""localizedName"": ""Mức độ sạch sẽ"", ""count"": 11}, {""name"": ""LOCATION"", ""localizedName"": ""Địa điểm"", ""count"": 15}, {""name"": ""HOSPITALITY"", ""localizedName"": ""Hiếu khách"", ""count"": 5}]","[{""title"": ""Trải nghiệm nhận phòng xuất sắc"", ""subtitle"": ""Những khách ở gần đây đã xếp hạng 5 sao cho quy trình nhận phòng.""}, {""title"": ""Tự nhận phòng"", ""subtitle"": ""Tự nhận phòng với hộp khóa an toàn.""}]"
668963745990563646,https://www.airbnb.com.vn/rooms/668963745990563646,20260926000000,2026-09-26,city search,"PHÒNG TRÀ@cạnh Nhà thờ HỆ THỐNG SƯỞI ẤM, máy lọc không khí & TV thông minh","Chào mừng bạn đến với PHÒNG TRÀ@cạnh Nhà thờ HỆ THỐNG SƯỞI ẤM, máy lọc không khí & TV thông minh — một không gian lưu trú ấm cúng, sang trọng tọa lạc tại Quận Hoàn Kiếm, Hà Nội.
Căn phòng tràn ngập ánh sáng tự nhiên với đầy đủ tiện nghi cao cấp, giường nệm êm ái, máy lạnh, TV và wifi tốc độ cao. Rất thuận tiện di chuyển tới các điểm tham quan, nhà hàng ẩm thực và quán cà phê nổi tiếng của Hà Nội.","Khu vực Quận Hoàn Kiếm an ninh, văn minh, gần nhiều địa điểm ăn uống, mua sắm và giải trí sầm uất tại Hà Nội.",https://a0.muscache.com/im/pictures/miso/Hosting-664765132001328343/original/da99e919-2eaa-4df1-abc2-fc57f7cf0ed7.jpeg,47000125,https://www.airbnb.com.vn/users/show/47000125,Hà,2025-05-28,"Hà Nội, Việt Nam","Xin chào, tôi là Hà, đã có 1 năm kinh nghiệm làm host. Tôi yêu thích du lịch và luôn mong muốn đem lại trải nghiệm lưu trú thoải mái nhất cho khách.",trong vòng một giờ,100%,98%,f,https://a0.muscache.com/im/pictures/user/User-47000125/original/user_profile_5.jpeg,https://a0.muscache.com/im/pictures/user/User-47000125/original/user_profile_5.jpeg,Quận Hoàn Kiếm,2,4,"['email', 'phone', 'work_email']",t,t,Quận Hoàn Kiếm,Quận Hoàn Kiếm,Hà Nội,21.0286,105.8493,Phòng riêng trong nhà,Private room,2,1.0,1 phòng tắm,1,1,"[""Bếp đầy đủ tiện nghi"", ""Bể bơi"", ""Thang máy"", ""TV màn hình phẳng"", ""Dầu gội & Sữa tắm"", ""Máy sấy tóc"", ""Bộ chăn ga gối cao cấp"", ""Wi-fi tốc độ cao"", ""Chỗ đỗ xe miễn phí trong khuôn viên"", ""Tự nhận phòng với hộp khóa an toàn"", ""Máy phát hiện khí CO"", ""Không gian riêng để làm việc"", ""Điều hòa nhiệt độ"", ""Lò vi sóng""]","₫581,800",1,1125,1,2,1125,1125,1.0,1125.0,today,t,28,34,76,291,2026-09-26,78,11,5,2023-07-14,2026-09-08,4.64,4.99,4.9,5.0,5.0,4.75,4.74,,f,2,0,1,0,2.13,"[""https://a0.muscache.com/im/pictures/miso/Hosting-664765132001328343/original/da99e919-2eaa-4df1-abc2-fc57f7cf0ed7.jpeg"", ""https://a0.muscache.com/im/pictures/miso/Hosting-664765132001328343/original/883c2ee5-d2d5-43f0-b11a-52d8a5d9e38a.jpeg"", ""https://a0.muscache.com/im/pictures/miso/Hosting-664765132001328343/original/fd60c206-c8eb-4424-8830-8f52c558ef4d.jpeg"", ""https://a0.muscache.com/im/pictures/miso/Hosting-664765132001328343/original/685f2018-540e-4d35-b4a3-24b768dd52ae.jpeg"", ""https://a0.muscache.com/im/pictures/miso/Hosting-664765132001328343/original/901fa905-8482-46b8-829e-7f68594855a0.jpeg"", ""https://a0.muscache.com/im/pictures/miso/Hosting-664765132001328343/original/1103c7db-d0e5-4beb-b078-a47334c8f2ad.jpeg""]",f,"[{""name"": ""Dang Nguyen"", ""avatar"": ""https://a0.muscache.com/im/pictures/user/avatar_dang.jpg""}, {""name"": ""Cindy"", ""avatar"": ""https://a0.muscache.com/im/pictures/user/avatar_cindy.jpg""}, {""name"": ""Long"", ""avatar"": ""https://a0.muscache.com/im/pictures/user/avatar_long.jpg""}]","[{""name"": ""DECOR"", ""localizedName"": ""Trang trí"", ""count"": 18}, {""name"": ""INTERIOR"", ""localizedName"": ""Không gian bên trong"", ""count"": 11}, {""name"": ""CLEANLINESS"", ""localizedName"": ""Mức độ sạch sẽ"", ""count"": 7}, {""name"": ""LOCATION"", ""localizedName"": ""Địa điểm"", ""count"": 10}, {""name"": ""HOSPITALITY"", ""localizedName"": ""Hiếu khách"", ""count"": 9}]","[{""title"": ""Trải nghiệm nhận phòng xuất sắc"", ""subtitle"": ""Những khách ở gần đây đã xếp hạng 5 sao cho quy trình nhận phòng.""}, {""title"": ""Tự nhận phòng"", ""subtitle"": ""Tự nhận phòng với hộp khóa an toàn.""}]"
1641353519032045579,https://www.airbnb.com.vn/rooms/1641353519032045579,20260926000000,2026-09-26,city search,Căn hộ studio tối giản dưới ánh trăng,"Chào mừng bạn đến với Căn hộ studio tối giản dưới ánh trăng — một không gian lưu trú ấm cúng, sang trọng tọa lạc tại Quận Tây Hồ, Hà Nội.
Căn phòng tràn ngập ánh sáng tự nhiên với đầy đủ tiện nghi cao cấp, giường nệm êm ái, máy lạnh, TV và wifi tốc độ cao. Rất thuận tiện di chuyển tới các điểm tham quan, nhà hàng ẩm thực và quán cà phê nổi tiếng của Hà Nội.","Khu vực Quận Tây Hồ an ninh, văn minh, gần nhiều địa điểm ăn uống, mua sắm và giải trí sầm uất tại Hà Nội.",https://a0.muscache.com/im/pictures/hosting/Hosting-1641353519032045579/original/30608cdf-1bac-4c7b-982c-beeb52e238b4.jpeg,47000126,https://www.airbnb.com.vn/users/show/47000126,Trang,2024-12-18,"Hà Nội, Việt Nam","Xin chào, tôi là Trang, đã có 1 năm kinh nghiệm làm host. Tôi yêu thích du lịch và luôn mong muốn đem lại trải nghiệm lưu trú thoải mái nhất cho khách.",trong vòng một giờ,100%,98%,t,https://a0.muscache.com/im/pictures/user/User-47000126/original/user_profile_6.jpeg,https://a0.muscache.com/im/pictures/user/User-47000126/original/user_profile_6.jpeg,Quận Tây Hồ,10,10,"['email', 'phone', 'work_email']",t,t,Quận Tây Hồ,Quận Tây Hồ,Hà Nội,21.043933075950203,105.81663328402833,Toàn bộ căn hộ cho thuê,Entire home/apt,2,1.0,1 phòng tắm,1,1,"[""Tủ lạnh"", ""Ban công ngắm cảnh"", ""Thang máy"", ""Máy sấy tóc"", ""Tự nhận phòng với hộp khóa an toàn"", ""Máy phát hiện khí CO"", ""Bể bơi"", ""Bộ chăn ga gối cao cấp"", ""Wi-fi tốc độ cao"", ""Chỗ đỗ xe miễn phí trong khuôn viên"", ""Máy báo khói"", ""Bếp đầy đủ tiện nghi"", ""Điều hòa nhiệt độ"", ""Bàn ủi / Bàn là"", ""TV màn hình phẳng"", ""Dầu gội & Sữa tắm"", ""Lò vi sóng"", ""Bồn tắm thư giãn""]","₫756,205",1,1125,1,2,1125,1125,1.0,1125.0,today,t,25,53,77,309,2026-09-26,21,15,5,2025-11-15,2026-09-13,4.95,4.87,4.99,5.0,5.0,4.91,4.8,,t,2,2,0,0,4.79,"[""https://a0.muscache.com/im/pictures/hosting/Hosting-1641353519032045579/original/30608cdf-1bac-4c7b-982c-beeb52e238b4.jpeg"", ""https://a0.muscache.com/im/pictures/hosting/Hosting-1641353519032045579/original/6deb7229-1c8d-4758-a81b-5e8477f37337.jpeg"", ""https://a0.muscache.com/im/pictures/hosting/Hosting-1641353519032045579/original/a9a3288a-066f-4565-89e1-7c166804ddb5.jpeg"", ""https://a0.muscache.com/im/pictures/hosting/Hosting-1641353519032045579/original/540b3c3f-f93c-4a17-ba51-1575d624fb46.jpeg"", ""https://a0.muscache.com/im/pictures/hosting/Hosting-1641353519032045579/original/f9c04e1c-1c7d-42d4-a044-3d7ed7e369ec.jpeg"", ""https://a0.muscache.com/im/pictures/hosting/Hosting-1641353519032045579/original/29e38cd6-eded-45fb-b515-f234a456a37f.jpeg"", ""https://a0.muscache.com/im/pictures/hosting/Hosting-1641353519032045579/original/27ad2430-6928-4e4c-9320-2432e72a115f.jpeg"", ""https://a0.muscache.com/im/pictures/hosting/Hosting-1641353519032045579/original/28f0165c-2623-4e4b-82ce-b50757311b0b.jpeg"", ""https://a0.muscache.com/im/pictures/hosting/Hosting-1641353519032045579/original/514f9038-4e19-463f-a324-9ea3c1bcfe74.jpeg"", ""https://a0.muscache.com/im/pictures/hosting/Hosting-1641353519032045579/original/3da066dc-eb09-4f10-bb24-2c00e0e36882.jpeg"", ""https://a0.muscache.com/im/pictures/hosting/Hosting-1641353519032045579/original/37e3ec04-ecf7-4fa2-817d-f7ab31bd80d4.jpeg"", ""https://a0.muscache.com/im/pictures/hosting/Hosting-1641353519032045579/original/21283044-e4b5-498a-a6e7-60ee52e97afc.jpeg"", ""https://a0.muscache.com/im/pictures/hosting/Hosting-1641353519032045579/original/f00cfce4-090f-4547-850a-8489ed9a32e7.jpeg"", ""https://a0.muscache.com/im/pictures/hosting/Hosting-1641353519032045579/original/ae98cf35-39d4-4fcb-86d9-4aba8a481cb1.jpeg"", ""https://a0.muscache.com/im/pictures/hosting/Hosting-1641353519032045579/original/22f602fa-07dc-4e28-8e9c-143a9fdfb64b.jpeg"", ""https://a0.muscache.com/im/pictures/hosting/Hosting-1641353519032045579/original/accf1fdf-869c-4d3c-93c7-d4833a09851d.jpeg"", ""https://a0.muscache.com/im/pictures/hosting/Hosting-1641353519032045579/original/951e95ad-4bd5-4e72-9847-944187d4085d.jpeg"", ""https://a0.muscache.com/im/pictures/hosting/Hosting-1641353519032045579/original/aac73b68-cc1a-486f-9e50-834dbbb80c41.jpeg"", ""https://a0.muscache.com/im/pictures/hosting/Hosting-1641353519032045579/original/c12dc3ac-3f3e-402b-b8ed-dfdc8f32e4fc.jpeg"", ""https://a0.muscache.com/im/pictures/hosting/Hosting-1641353519032045579/original/5635c519-c8f5-41e5-af5d-6be57d5c5cbe.jpeg"", ""https://a0.muscache.com/im/pictures/hosting/Hosting-1641353519032045579/original/313338e4-8835-4292-b179-4931d4e2c15d.jpeg"", ""https://a0.muscache.com/im/pictures/hosting/Hosting-1641353519032045579/original/cb101fde-a8d2-45f3-9b28-f3851724b352.jpeg""]",t,"[{""name"": ""Dang Nguyen"", ""avatar"": ""https://a0.muscache.com/im/pictures/user/avatar_dang.jpg""}, {""name"": ""Rùa"", ""avatar"": ""https://a0.muscache.com/im/pictures/user/avatar_rua.jpg""}, {""name"": ""Cindy"", ""avatar"": ""https://a0.muscache.com/im/pictures/user/avatar_cindy.jpg""}]","[{""name"": ""DECOR"", ""localizedName"": ""Trang trí"", ""count"": 2}, {""name"": ""INTERIOR"", ""localizedName"": ""Không gian bên trong"", ""count"": 11}, {""name"": ""CLEANLINESS"", ""localizedName"": ""Mức độ sạch sẽ"", ""count"": 11}, {""name"": ""LOCATION"", ""localizedName"": ""Địa điểm"", ""count"": 10}, {""name"": ""HOSPITALITY"", ""localizedName"": ""Hiếu khách"", ""count"": 9}]","[{""title"": ""Trải nghiệm nhận phòng xuất sắc"", ""subtitle"": ""Những khách ở gần đây đã xếp hạng 5 sao cho quy trình nhận phòng.""}, {""title"": ""Tự nhận phòng"", ""subtitle"": ""Tự nhận phòng với hộp khóa an toàn.""}]"
1385460587558572689,https://www.airbnb.com.vn/rooms/1385460587558572689,20260926000000,2026-09-26,city search,Căn hộ tràn ngập ánh sáng gần Hồ Tây,"Chào mừng bạn đến với Căn hộ tràn ngập ánh sáng gần Hồ Tây — một không gian lưu trú ấm cúng, sang trọng tọa lạc tại Quận Tây Hồ, Hà Nội.
Căn phòng tràn ngập ánh sáng tự nhiên với đầy đủ tiện nghi cao cấp, giường nệm êm ái, máy lạnh, TV và wifi tốc độ cao. Rất thuận tiện di chuyển tới các điểm tham quan, nhà hàng ẩm thực và quán cà phê nổi tiếng của Hà Nội.","Khu vực Quận Tây Hồ an ninh, văn minh, gần nhiều địa điểm ăn uống, mua sắm và giải trí sầm uất tại Hà Nội.",https://a0.muscache.com/im/pictures/miso/Hosting-1385460587558572689/original/f98c25fe-c333-40c5-a206-1a33e50efeee.png,47000127,https://www.airbnb.com.vn/users/show/47000127,Dương,2020-02-02,"Hà Nội, Việt Nam","Xin chào, tôi là Dương, đã có 6 năm kinh nghiệm làm host. Tôi yêu thích du lịch và luôn mong muốn đem lại trải nghiệm lưu trú thoải mái nhất cho khách.",trong vòng một giờ,100%,98%,f,https://a0.muscache.com/im/pictures/user/User-47000127/original/user_profile_7.jpeg,https://a0.muscache.com/im/pictures/user/User-47000127/original/user_profile_7.jpeg,Quận Tây Hồ,8,6,"['email', 'phone', 'work_email']",t,t,Quận Tây Hồ,Quận Tây Hồ,Hà Nội,21.078447089693956,105.82244839034364,Phòng riêng trong nhà,Private room,2,1.0,1 phòng tắm,1,1,"[""Bể bơi"", ""Điều hòa nhiệt độ"", ""Bồn tắm thư giãn"", ""Chỗ đỗ xe miễn phí trong khuôn viên"", ""Wi-fi tốc độ cao"", ""Thang máy"", ""Máy phát hiện khí CO"", ""Bộ chăn ga gối cao cấp"", ""Lò vi sóng"", ""Tủ lạnh"", ""TV màn hình phẳng"", ""Máy sấy tóc"", ""Máy giặt"", ""Máy báo khói"", ""Dầu gội & Sữa tắm"", ""Bàn ủi / Bàn là"", ""Tự nhận phòng với hộp khóa an toàn""]","₫595,641",1,1125,1,2,1125,1125,1.0,1125.0,today,t,28,44,63,301,2026-09-26,27,13,6,2025-08-17,2026-09-06,4.89,4.88,4.93,5.0,5.0,4.72,4.78,,f,2,0,1,0,2.88,"[""https://a0.muscache.com/im/pictures/miso/Hosting-1385460587558572689/original/f98c25fe-c333-40c5-a206-1a33e50efeee.png"", ""https://a0.muscache.com/im/pictures/miso/Hosting-1385460587558572689/original/5507c75f-7be3-4814-820c-67694505cf8d.png"", ""https://a0.muscache.com/im/pictures/miso/Hosting-1385460587558572689/original/663ebe36-1e63-489f-87ba-588f71f83523.png"", ""https://a0.muscache.com/im/pictures/miso/Hosting-1385460587558572689/original/b70a4a2d-9191-4bea-84da-3a8c9f192713.png"", ""https://a0.muscache.com/im/pictures/hosting/Hosting-U3RheVN1cHBseUxpc3Rpbmc6MTM4NTQ2MDU4NzU1ODU3MjY4OQ==/original/18e305fe-1a33-48a9-ac4b-643f0ec42e1e.png"", ""https://a0.muscache.com/im/pictures/miso/Hosting-1385460587558572689/original/0b492234-66b6-45ae-b9d6-7b6a3ec5b90d.png""]",f,"[{""name"": ""Dang Nguyen"", ""avatar"": ""https://a0.muscache.com/im/pictures/user/avatar_dang.jpg""}, {""name"": ""Rùa"", ""avatar"": ""https://a0.muscache.com/im/pictures/user/avatar_rua.jpg""}]","[{""name"": ""DECOR"", ""localizedName"": ""Trang trí"", ""count"": 10}, {""name"": ""INTERIOR"", ""localizedName"": ""Không gian bên trong"", ""count"": 21}, {""name"": ""CLEANLINESS"", ""localizedName"": ""Mức độ sạch sẽ"", ""count"": 11}, {""name"": ""LOCATION"", ""localizedName"": ""Địa điểm"", ""count"": 11}, {""name"": ""HOSPITALITY"", ""localizedName"": ""Hiếu khách"", ""count"": 3}]","[{""title"": ""Trải nghiệm nhận phòng xuất sắc"", ""subtitle"": ""Những khách ở gần đây đã xếp hạng 5 sao cho quy trình nhận phòng.""}, {""title"": ""Tự nhận phòng"", ""subtitle"": ""Tự nhận phòng với hộp khóa an toàn.""}]"
1524449626636834799,https://www.airbnb.com.vn/rooms/1524449626636834799,20260926000000,2026-09-26,city search,Phòng Sakura | Ở Space Ecopark,"Chào mừng bạn đến với Phòng Sakura | Ở Space Ecopark — một không gian lưu trú ấm cúng, sang trọng tọa lạc tại Quận Tây Hồ, Hà Nội.
Căn phòng tràn ngập ánh sáng tự nhiên với đầy đủ tiện nghi cao cấp, giường nệm êm ái, máy lạnh, TV và wifi tốc độ cao. Rất thuận tiện di chuyển tới các điểm tham quan, nhà hàng ẩm thực và quán cà phê nổi tiếng của Hà Nội.","Khu vực Quận Tây Hồ an ninh, văn minh, gần nhiều địa điểm ăn uống, mua sắm và giải trí sầm uất tại Hà Nội.",https://a0.muscache.com/im/pictures/hosting/Hosting-1524449626636834799/original/7227e1ff-2111-4e05-a0cd-4c23f028c787.jpeg,47000128,https://www.airbnb.com.vn/users/show/47000128,Thảo,2021-09-16,"Hà Nội, Việt Nam","Xin chào, tôi là Thảo, đã có 5 năm kinh nghiệm làm host. Tôi yêu thích du lịch và luôn mong muốn đem lại trải nghiệm lưu trú thoải mái nhất cho khách.",trong vòng một giờ,100%,98%,t,https://a0.muscache.com/im/pictures/user/User-47000128/original/user_profile_8.jpeg,https://a0.muscache.com/im/pictures/user/User-47000128/original/user_profile_8.jpeg,Quận Tây Hồ,6,7,"['email', 'phone', 'work_email']",t,t,Quận Tây Hồ,Quận Tây Hồ,Hà Nội,20.9553,105.83436,Toàn bộ căn hộ cho thuê,Entire home/apt,2,1.0,1 phòng tắm,1,1,"[""Bộ chăn ga gối cao cấp"", ""Điều hòa nhiệt độ"", ""TV màn hình phẳng"", ""Thang máy"", ""Tự nhận phòng với hộp khóa an toàn"", ""Máy báo khói"", ""Bếp đầy đủ tiện nghi"", ""Wi-fi tốc độ cao"", ""Chỗ đỗ xe miễn phí trong khuôn viên"", ""Dầu gội & Sữa tắm"", ""Bàn ủi / Bàn là"", ""Máy giặt"", ""Bể bơi"", ""Ban công ngắm cảnh"", ""Không gian riêng để làm việc"", ""Máy phát hiện khí CO""]","₫987,000",1,1125,1,2,1125,1125,1.0,1125.0,today,t,27,37,70,258,2026-09-26,103,9,4,2023-06-14,2026-09-10,4.85,4.96,4.98,5.0,5.0,4.89,4.81,,t,2,2,0,0,4.1,"[""https://a0.muscache.com/im/pictures/hosting/Hosting-1524449626636834799/original/7227e1ff-2111-4e05-a0cd-4c23f028c787.jpeg"", ""https://a0.muscache.com/im/pictures/hosting/Hosting-1524449626636834799/original/588ab922-d217-4aa0-84b1-8860d52474f3.jpeg"", ""https://a0.muscache.com/im/pictures/hosting/Hosting-1524449626636834799/original/2f1f1a82-ce9f-42c1-9faf-592e1f0d445d.jpeg"", ""https://a0.muscache.com/im/pictures/hosting/Hosting-1524449626636834799/original/890a0aca-27cc-47cc-85fa-7e76d3e9d0dd.jpeg"", ""https://a0.muscache.com/im/pictures/hosting/Hosting-1524449626636834799/original/ef22f594-6b74-452b-8ede-74922f459a20.jpeg"", ""https://a0.muscache.com/im/pictures/hosting/Hosting-1524449626636834799/original/85572b70-7072-4691-a0f8-0fb7976d6711.jpeg"", ""https://a0.muscache.com/im/pictures/hosting/Hosting-1524449626636834799/original/0551a4dc-c0be-4b09-9dc1-5a4493d99153.jpeg"", ""https://a0.muscache.com/im/pictures/hosting/Hosting-1524449626636834799/original/45f44849-ce6a-40dc-ba51-ce28d3103c40.jpeg"", ""https://a0.muscache.com/im/pictures/hosting/Hosting-1524449626636834799/original/e9da33b8-4c27-48ee-a929-5e3fed203675.jpeg"", ""https://a0.muscache.com/im/pictures/hosting/Hosting-1524449626636834799/original/eab0b860-f149-43a6-8f87-81866d0df1af.jpeg"", ""https://a0.muscache.com/im/pictures/hosting/Hosting-1524449626636834799/original/07090407-64bc-40ef-9cbe-afcb9f292bb8.jpeg"", ""https://a0.muscache.com/im/pictures/hosting/Hosting-1524449626636834799/original/393f328a-50ae-46dc-97dd-e3fc71db81e8.jpeg"", ""https://a0.muscache.com/im/pictures/hosting/Hosting-1524449626636834799/original/dc282f51-cc20-435d-81d9-177886fb6b7d.jpeg"", ""https://a0.muscache.com/im/pictures/hosting/Hosting-1524449626636834799/original/ef7dde34-8212-4560-9cd4-8e04d24ce78f.jpeg"", ""https://a0.muscache.com/im/pictures/hosting/Hosting-1524449626636834799/original/71854435-b5a9-4da9-9ef3-368e5e28ae99.jpeg"", ""https://a0.muscache.com/im/pictures/hosting/Hosting-1524449626636834799/original/c02d5d5c-9abd-4374-a4d4-f49931a75a7d.jpeg"", ""https://a0.muscache.com/im/pictures/hosting/Hosting-1524449626636834799/original/8c9877a9-d020-4a8e-9712-8ba75d77d60b.jpeg"", ""https://a0.muscache.com/im/pictures/hosting/Hosting-1524449626636834799/original/decd1958-51df-4796-8112-0627704c9480.jpeg"", ""https://a0.muscache.com/im/pictures/hosting/Hosting-1524449626636834799/original/cfe7095e-e480-424b-ad55-2815e135f1c9.jpeg"", ""https://a0.muscache.com/im/pictures/hosting/Hosting-1524449626636834799/original/4075f8cf-be78-4df4-a17c-779432a4fa4b.jpeg"", ""https://a0.muscache.com/im/pictures/hosting/Hosting-1524449626636834799/original/5af001cd-afdc-4ded-9d50-353ef0cb2bbf.jpeg"", ""https://a0.muscache.com/im/pictures/hosting/Hosting-1524449626636834799/original/2d881db5-d1ca-4caf-bccc-7e9d11422a02.jpeg"", ""https://a0.muscache.com/im/pictures/hosting/Hosting-1524449626636834799/original/32a0f86b-540d-4708-a0da-de1ec4ea2cc1.jpeg"", ""https://a0.muscache.com/im/pictures/hosting/Hosting-1524449626636834799/original/d1a5b5b3-3b80-4686-ab10-c4202e2b8ca4.jpeg"", ""https://a0.muscache.com/im/pictures/hosting/Hosting-1524449626636834799/original/45a24d43-62ee-4a13-9580-53e167fbf5b8.jpeg"", ""https://a0.muscache.com/im/pictures/hosting/Hosting-1524449626636834799/original/e8c047c0-ed58-4191-9631-0f834e535fbe.jpeg"", ""https://a0.muscache.com/im/pictures/hosting/Hosting-1524449626636834799/original/d77e1c6e-319d-46be-8683-3df9b59f6b98.jpeg"", ""https://a0.muscache.com/im/pictures/hosting/Hosting-1524449626636834799/original/c30cd391-2505-40fb-8f7f-616ce6108ff5.jpeg"", ""https://a0.muscache.com/im/pictures/hosting/Hosting-1524449626636834799/original/1d699bf4-0ba0-483b-bdf4-e8f620bc35ff.jpeg""]",f,"[{""name"": ""Rùa"", ""avatar"": ""https://a0.muscache.com/im/pictures/user/avatar_rua.jpg""}, {""name"": ""Long"", ""avatar"": ""https://a0.muscache.com/im/pictures/user/avatar_long.jpg""}, {""name"": ""Dang Nguyen"", ""avatar"": ""https://a0.muscache.com/im/pictures/user/avatar_dang.jpg""}]","[{""name"": ""DECOR"", ""localizedName"": ""Trang trí"", ""count"": 2}, {""name"": ""INTERIOR"", ""localizedName"": ""Không gian bên trong"", ""count"": 13}, {""name"": ""CLEANLINESS"", ""localizedName"": ""Mức độ sạch sẽ"", ""count"": 9}, {""name"": ""LOCATION"", ""localizedName"": ""Địa điểm"", ""count"": 9}, {""name"": ""HOSPITALITY"", ""localizedName"": ""Hiếu khách"", ""count"": 15}]","[{""title"": ""Trải nghiệm nhận phòng xuất sắc"", ""subtitle"": ""Những khách ở gần đây đã xếp hạng 5 sao cho quy trình nhận phòng.""}, {""title"": ""Tự nhận phòng"", ""subtitle"": ""Tự nhận phòng với hộp khóa an toàn.""}]"
1738762473550641129,https://www.airbnb.com.vn/rooms/1738762473550641129,20260926000000,2026-09-26,city search,Vinyl Studio | Sành điệu phong cách Retro | Hà Đông,"Chào mừng bạn đến với Vinyl Studio | Sành điệu phong cách Retro | Hà Đông — một không gian lưu trú ấm cúng, sang trọng tọa lạc tại Quận Hai Bà Trưng, Hà Nội.
Căn phòng tràn ngập ánh sáng tự nhiên với đầy đủ tiện nghi cao cấp, giường nệm êm ái, máy lạnh, TV và wifi tốc độ cao. Rất thuận tiện di chuyển tới các điểm tham quan, nhà hàng ẩm thực và quán cà phê nổi tiếng của Hà Nội.","Khu vực Quận Hai Bà Trưng an ninh, văn minh, gần nhiều địa điểm ăn uống, mua sắm và giải trí sầm uất tại Hà Nội.",https://a0.muscache.com/im/pictures/hosting/Hosting-1738762473550641129/original/c4a4c5b5-678c-4fc6-b500-33df8d522fe5.jpeg,47000129,https://www.airbnb.com.vn/users/show/47000129,Hải,2021-05-22,"Hà Nội, Việt Nam","Xin chào, tôi là Hải, đã có 5 năm kinh nghiệm làm host. Tôi yêu thích du lịch và luôn mong muốn đem lại trải nghiệm lưu trú thoải mái nhất cho khách.",trong vòng một giờ,100%,98%,f,https://a0.muscache.com/im/pictures/user/User-47000129/original/user_profile_9.jpeg,https://a0.muscache.com/im/pictures/user/User-47000129/original/user_profile_9.jpeg,Quận Hai Bà Trưng,2,2,"['email', 'phone', 'work_email']",t,t,Quận Hai Bà Trưng,Quận Hai Bà Trưng,Hà Nội,20.9744,105.7796,Toàn bộ căn hộ cho thuê,Entire home/apt,2,1.0,1 phòng tắm,1,1,"[""Máy phát hiện khí CO"", ""Điều hòa nhiệt độ"", ""Bể bơi"", ""Máy sấy tóc"", ""Ban công ngắm cảnh"", ""Máy giặt"", ""Lò vi sóng"", ""Bàn ủi / Bàn là"", ""Bộ chăn ga gối cao cấp"", ""Máy báo khói"", ""Bếp đầy đủ tiện nghi"", ""Không gian riêng để làm việc"", ""Thang máy"", ""Tự nhận phòng với hộp khóa an toàn"", ""Chỗ đỗ xe miễn phí trong khuôn viên"", ""Wi-fi tốc độ cao""]","₫466,153",1,1125,1,2,1125,1125,1.0,1125.0,today,t,26,47,76,291,2026-09-26,6,3,5,2026-06-28,2026-09-15,5.0,4.97,4.87,5.0,5.0,4.94,4.94,,f,2,2,0,0,3.73,"[""https://a0.muscache.com/im/pictures/hosting/Hosting-1738762473550641129/original/c4a4c5b5-678c-4fc6-b500-33df8d522fe5.jpeg"", ""https://a0.muscache.com/im/pictures/hosting/Hosting-1738762473550641129/original/f64ff562-fc32-427e-96bb-adbb8ca16a7f.jpeg"", ""https://a0.muscache.com/im/pictures/hosting/Hosting-1738762473550641129/original/237c4849-52c5-4e7f-bf58-2f2f0c5066fc.jpeg"", ""https://a0.muscache.com/im/pictures/hosting/Hosting-1738762473550641129/original/391387e2-26bb-45e3-acc2-236569c44347.jpeg"", ""https://a0.muscache.com/im/pictures/hosting/Hosting-1738762473550641129/original/d6a39886-7dd0-46f0-85b1-4d2baed9b74c.jpeg"", ""https://a0.muscache.com/im/pictures/hosting/Hosting-1738762473550641129/original/f7ef37b1-2c53-4b2d-bd6a-998dec79a56b.jpeg"", ""https://a0.muscache.com/im/pictures/hosting/Hosting-1738762473550641129/original/4c559d23-3f21-4d2b-99d0-9b2750f8ead0.jpeg"", ""https://a0.muscache.com/im/pictures/hosting/Hosting-1738762473550641129/original/a49c4c3e-19fb-4896-adbb-32c467283953.jpeg"", ""https://a0.muscache.com/im/pictures/hosting/Hosting-1738762473550641129/original/90c4ddd3-1f68-40d8-afdb-e905a5b03823.jpeg"", ""https://a0.muscache.com/im/pictures/hosting/Hosting-1738762473550641129/original/89f02c8b-1c8f-4049-9620-23fee85195ae.jpeg"", ""https://a0.muscache.com/im/pictures/hosting/Hosting-1738762473550641129/original/53116b08-287d-4d81-946f-1eb26d7dbc46.jpeg"", ""https://a0.muscache.com/im/pictures/hosting/Hosting-1738762473550641129/original/2ee430e5-aa00-4205-8815-65dcc0fa40d6.jpeg"", ""https://a0.muscache.com/im/pictures/hosting/Hosting-1738762473550641129/original/0f63428c-bb93-4c7c-8ad5-283436dd7aff.jpeg"", ""https://a0.muscache.com/im/pictures/hosting/Hosting-1738762473550641129/original/08faf796-a85d-46a5-9d70-1f5da8bfbe93.jpeg"", ""https://a0.muscache.com/im/pictures/hosting/Hosting-1738762473550641129/original/6515e213-a66f-47d7-a1a3-77f9d1c26927.jpeg""]",t,"[{""name"": ""Cindy"", ""avatar"": ""https://a0.muscache.com/im/pictures/user/avatar_cindy.jpg""}, {""name"": ""Dang Nguyen"", ""avatar"": ""https://a0.muscache.com/im/pictures/user/avatar_dang.jpg""}, {""name"": ""Long"", ""avatar"": ""https://a0.muscache.com/im/pictures/user/avatar_long.jpg""}]","[{""name"": ""DECOR"", ""localizedName"": ""Trang trí"", ""count"": 12}, {""name"": ""INTERIOR"", ""localizedName"": ""Không gian bên trong"", ""count"": 8}, {""name"": ""CLEANLINESS"", ""localizedName"": ""Mức độ sạch sẽ"", ""count"": 13}, {""name"": ""LOCATION"", ""localizedName"": ""Địa điểm"", ""count"": 14}, {""name"": ""HOSPITALITY"", ""localizedName"": ""Hiếu khách"", ""count"": 3}]","[{""title"": ""Trải nghiệm nhận phòng xuất sắc"", ""subtitle"": ""Những khách ở gần đây đã xếp hạng 5 sao cho quy trình nhận phòng.""}, {""title"": ""Tự nhận phòng"", ""subtitle"": ""Tự nhận phòng với hộp khóa an toàn.""}]"
1639938043034069269,https://www.airbnb.com.vn/rooms/1639938043034069269,20260926000000,2026-09-26,city search,Studio tiết kiệm gần Bệnh viện 354 và Khu vực Nhật Bản 31,"Chào mừng bạn đến với Studio tiết kiệm gần Bệnh viện 354 và Khu vực Nhật Bản 31 — một không gian lưu trú ấm cúng, sang trọng tọa lạc tại Quận Đống Đa, Hà Nội.
Căn phòng tràn ngập ánh sáng tự nhiên với đầy đủ tiện nghi cao cấp, giường nệm êm ái, máy lạnh, TV và wifi tốc độ cao. Rất thuận tiện di chuyển tới các điểm tham quan, nhà hàng ẩm thực và quán cà phê nổi tiếng của Hà Nội.","Khu vực Quận Đống Đa an ninh, văn minh, gần nhiều địa điểm ăn uống, mua sắm và giải trí sầm uất tại Hà Nội.",https://a0.muscache.com/im/pictures/hosting/Hosting-1639938043034069269/original/d11ba1c7-d648-4b46-adb2-2c1a24586373.jpeg,47000130,https://www.airbnb.com.vn/users/show/47000130,Nam,2024-03-05,"Hà Nội, Việt Nam","Xin chào, tôi là Nam, đã có 2 năm kinh nghiệm làm host. Tôi yêu thích du lịch và luôn mong muốn đem lại trải nghiệm lưu trú thoải mái nhất cho khách.",trong vòng một giờ,100%,98%,t,https://a0.muscache.com/im/pictures/user/User-47000130/original/user_profile_0.jpeg,https://a0.muscache.com/im/pictures/user/User-47000130/original/user_profile_0.jpeg,Quận Đống Đa,3,4,"['email', 'phone', 'work_email']",t,t,Quận Đống Đa,Quận Đống Đa,Hà Nội,21.0376,105.8131,Phòng riêng trong nhà,Private room,2,1.0,1 phòng tắm,1,1,"[""Dầu gội & Sữa tắm"", ""Tủ lạnh"", ""TV màn hình phẳng"", ""Điều hòa nhiệt độ"", ""Máy sấy tóc"", ""Máy giặt"", ""Lò vi sóng"", ""Bộ chăn ga gối cao cấp"", ""Bàn ủi / Bàn là"", ""Wi-fi tốc độ cao"", ""Không gian riêng để làm việc"", ""Máy phát hiện khí CO"", ""Máy báo khói"", ""Tự nhận phòng với hộp khóa an toàn"", ""Bồn tắm thư giãn"", ""Bể bơi""]","₫291,000",1,1125,1,2,1125,1125,1.0,1125.0,today,t,20,41,56,248,2026-09-26,14,7,2,2026-02-28,2026-09-11,4.86,4.89,4.84,5.0,5.0,4.73,4.84,,t,2,0,1,0,4.3,"[""https://a0.muscache.com/im/pictures/hosting/Hosting-1639938043034069269/original/d11ba1c7-d648-4b46-adb2-2c1a24586373.jpeg"", ""https://a0.muscache.com/im/pictures/hosting/Hosting-1639938043034069269/original/7fc66d8c-3488-40c4-9376-2cae80ee1142.jpeg"", ""https://a0.muscache.com/im/pictures/hosting/Hosting-1639938043034069269/original/abbebd5a-c403-40c5-93a4-6b1bef3d003b.jpeg"", ""https://a0.muscache.com/im/pictures/hosting/Hosting-1639938043034069269/original/d7baaa90-24b5-4d8b-9aaf-014cf7170f5b.jpeg"", ""https://a0.muscache.com/im/pictures/hosting/Hosting-1639938043034069269/original/4809d7ad-ae22-46cb-8fba-57eece325e97.jpeg"", ""https://a0.muscache.com/im/pictures/hosting/Hosting-1639938043034069269/original/2826e4b2-c95b-415d-9f97-18eb38c77119.jpeg""]",t,"[{""name"": ""Long"", ""avatar"": ""https://a0.muscache.com/im/pictures/user/avatar_long.jpg""}, {""name"": ""Dang Nguyen"", ""avatar"": ""https://a0.muscache.com/im/pictures/user/avatar_dang.jpg""}, {""name"": ""Cindy"", ""avatar"": ""https://a0.muscache.com/im/pictures/user/avatar_cindy.jpg""}]","[{""name"": ""DECOR"", ""localizedName"": ""Trang trí"", ""count"": 8}, {""name"": ""INTERIOR"", ""localizedName"": ""Không gian bên trong"", ""count"": 11}, {""name"": ""CLEANLINESS"", ""localizedName"": ""Mức độ sạch sẽ"", ""count"": 8}, {""name"": ""LOCATION"", ""localizedName"": ""Địa điểm"", ""count"": 7}, {""name"": ""HOSPITALITY"", ""localizedName"": ""Hiếu khách"", ""count"": 14}]","[{""title"": ""Trải nghiệm nhận phòng xuất sắc"", ""subtitle"": ""Những khách ở gần đây đã xếp hạng 5 sao cho quy trình nhận phòng.""}, {""title"": ""Tự nhận phòng"", ""subtitle"": ""Tự nhận phòng với hộp khóa an toàn.""}]"
1567456346756627149,https://www.airbnb.com.vn/rooms/1567456346756627149,20260926000000,2026-09-26,city search,Elara Apt - 2 phút đến Hồ Tây,"Chào mừng bạn đến với Elara Apt - 2 phút đến Hồ Tây — một không gian lưu trú ấm cúng, sang trọng tọa lạc tại Quận Tây Hồ, Hà Nội.
Căn phòng tràn ngập ánh sáng tự nhiên với đầy đủ tiện nghi cao cấp, giường nệm êm ái, máy lạnh, TV và wifi tốc độ cao. Rất thuận tiện di chuyển tới các điểm tham quan, nhà hàng ẩm thực và quán cà phê nổi tiếng của Hà Nội.","Khu vực Quận Tây Hồ an ninh, văn minh, gần nhiều địa điểm ăn uống, mua sắm và giải trí sầm uất tại Hà Nội.",https://a0.muscache.com/im/pictures/hosting/Hosting-1567456346756627149/original/503b1e05-90a9-4e6f-8359-df6b246617be.jpeg,47000131,https://www.airbnb.com.vn/users/show/47000131,Tuấn,2025-01-29,"Hà Nội, Việt Nam","Xin chào, tôi là Tuấn, đã có 1 năm kinh nghiệm làm host. Tôi yêu thích du lịch và luôn mong muốn đem lại trải nghiệm lưu trú thoải mái nhất cho khách.",trong vòng một giờ,100%,98%,f,https://a0.muscache.com/im/pictures/user/User-47000131/original/user_profile_1.jpeg,https://a0.muscache.com/im/pictures/user/User-47000131/original/user_profile_1.jpeg,Quận Tây Hồ,9,7,"['email', 'phone', 'work_email']",t,t,Quận Tây Hồ,Quận Tây Hồ,Hà Nội,21.05027,105.81022,Phòng riêng trong nhà,Private room,2,1.0,1 phòng tắm,1,1,"[""Bồn tắm thư giãn"", ""Bếp đầy đủ tiện nghi"", ""Máy sấy tóc"", ""Dầu gội & Sữa tắm"", ""Chỗ đỗ xe miễn phí trong khuôn viên"", ""Bàn ủi / Bàn là"", ""Ban công ngắm cảnh"", ""Máy giặt"", ""Bể bơi"", ""Không gian riêng để làm việc"", ""Điều hòa nhiệt độ"", ""Máy phát hiện khí CO"", ""Lò vi sóng"", ""Tủ lạnh"", ""Máy báo khói"", ""Thang máy"", ""TV màn hình phẳng"", ""Wi-fi tốc độ cao""]","₫699,000",1,1125,1,2,1125,1125,1.0,1125.0,today,t,20,45,79,311,2026-09-26,44,6,1,2024-12-05,2026-09-07,4.95,4.82,4.88,5.0,5.0,4.89,4.94,,f,2,0,1,0,3.8,"[""https://a0.muscache.com/im/pictures/hosting/Hosting-1567456346756627149/original/503b1e05-90a9-4e6f-8359-df6b246617be.jpeg"", ""https://a0.muscache.com/im/pictures/hosting/Hosting-1567456346756627149/original/1c461fdc-285c-49fd-9b31-db8a7b8aac45.jpeg"", ""https://a0.muscache.com/im/pictures/hosting/Hosting-1567456346756627149/original/d5847d22-35b2-428f-88b6-f86d847bdb5e.jpeg"", ""https://a0.muscache.com/im/pictures/hosting/Hosting-1567456346756627149/original/392eb021-f170-487c-9942-6aa607926a09.jpeg"", ""https://a0.muscache.com/im/pictures/hosting/Hosting-1567456346756627149/original/59d2160b-6d89-416d-8df9-7b66537344c4.jpeg"", ""https://a0.muscache.com/im/pictures/hosting/Hosting-1567456346756627149/original/032cfd2d-883c-42ec-bfa6-8e6da88b119a.jpeg""]",t,"[{""name"": ""Dang Nguyen"", ""avatar"": ""https://a0.muscache.com/im/pictures/user/avatar_dang.jpg""}, {""name"": ""Long"", ""avatar"": ""https://a0.muscache.com/im/pictures/user/avatar_long.jpg""}, {""name"": ""Rùa"", ""avatar"": ""https://a0.muscache.com/im/pictures/user/avatar_rua.jpg""}]","[{""name"": ""DECOR"", ""localizedName"": ""Trang trí"", ""count"": 17}, {""name"": ""INTERIOR"", ""localizedName"": ""Không gian bên trong"", ""count"": 5}, {""name"": ""CLEANLINESS"", ""localizedName"": ""Mức độ sạch sẽ"", ""count"": 20}, {""name"": ""LOCATION"", ""localizedName"": ""Địa điểm"", ""count"": 13}, {""name"": ""HOSPITALITY"", ""localizedName"": ""Hiếu khách"", ""count"": 6}]","[{""title"": ""Trải nghiệm nhận phòng xuất sắc"", ""subtitle"": ""Những khách ở gần đây đã xếp hạng 5 sao cho quy trình nhận phòng.""}, {""title"": ""Tự nhận phòng"", ""subtitle"": ""Tự nhận phòng với hộp khóa an toàn.""}]"
1759929157624463744,https://www.airbnb.com.vn/rooms/1759929157624463744,20260926000000,2026-09-26,city search,Màu đất nung với tầm nhìn ban đêm từ ban công ,"Chào mừng bạn đến với Màu đất nung với tầm nhìn ban đêm từ ban công  — một không gian lưu trú ấm cúng, sang trọng tọa lạc tại Quận Nam Từ Liêm, Hà Nội.
Căn phòng tràn ngập ánh sáng tự nhiên với đầy đủ tiện nghi cao cấp, giường nệm êm ái, máy lạnh, TV và wifi tốc độ cao. Rất thuận tiện di chuyển tới các điểm tham quan, nhà hàng ẩm thực và quán cà phê nổi tiếng của Hà Nội.","Khu vực Quận Nam Từ Liêm an ninh, văn minh, gần nhiều địa điểm ăn uống, mua sắm và giải trí sầm uất tại Hà Nội.",https://a0.muscache.com/im/pictures/hosting/Hosting-1759929157624463744/original/8f261802-bfe7-4626-9e7d-7af2ed9331a6.jpeg,47000132,https://www.airbnb.com.vn/users/show/47000132,Long,2020-01-27,"Hà Nội, Việt Nam","Xin chào, tôi là Long, đã có 6 năm kinh nghiệm làm host. Tôi yêu thích du lịch và luôn mong muốn đem lại trải nghiệm lưu trú thoải mái nhất cho khách.",trong vòng một giờ,100%,98%,t,https://a0.muscache.com/im/pictures/user/User-47000132/original/user_profile_2.jpeg,https://a0.muscache.com/im/pictures/user/User-47000132/original/user_profile_2.jpeg,Quận Nam Từ Liêm,1,4,"['email', 'phone', 'work_email']",t,t,Quận Nam Từ Liêm,Quận Nam Từ Liêm,Hà Nội,21.0189,105.8007,Toàn bộ căn hộ cho thuê,Entire home/apt,2,1.0,1 phòng tắm,1,1,"[""Wi-fi tốc độ cao"", ""Tự nhận phòng với hộp khóa an toàn"", ""Máy phát hiện khí CO"", ""TV màn hình phẳng"", ""Điều hòa nhiệt độ"", ""Bể bơi"", ""Bộ chăn ga gối cao cấp"", ""Máy giặt"", ""Máy sấy tóc"", ""Ban công ngắm cảnh"", ""Bồn tắm thư giãn"", ""Dầu gội & Sữa tắm"", ""Thang máy"", ""Không gian riêng để làm việc"", ""Bàn ủi / Bàn là"", ""Máy báo khói"", ""Chỗ đỗ xe miễn phí trong khuôn viên"", ""Lò vi sóng""]","₫600,820",1,1125,1,2,1125,1125,1.0,1125.0,today,t,21,35,60,266,2026-09-26,5,5,1,2026-07-13,2026-09-16,5.0,4.94,4.84,5.0,5.0,4.74,4.89,,t,2,2,0,0,3.12,"[""https://a0.muscache.com/im/pictures/hosting/Hosting-1759929157624463744/original/8f261802-bfe7-4626-9e7d-7af2ed9331a6.jpeg"", ""https://a0.muscache.com/im/pictures/hosting/Hosting-1759929157624463744/original/de7c04e4-2219-4530-bc2d-781bbee1c03d.jpeg"", ""https://a0.muscache.com/im/pictures/hosting/Hosting-1759929157624463744/original/a690b7a8-b687-4c72-b5df-03f33eaa7741.jpeg"", ""https://a0.muscache.com/im/pictures/hosting/Hosting-1759929157624463744/original/3313f4d5-2166-4a02-9e4b-9781ae92e659.jpeg"", ""https://a0.muscache.com/im/pictures/hosting/Hosting-1759929157624463744/original/a42b5f94-7c7f-4b50-ac5d-762fccd84923.jpeg"", ""https://a0.muscache.com/im/pictures/hosting/Hosting-1759929157624463744/original/2643a3af-3f01-4c43-963b-2c1a77b94c95.jpeg"", ""https://a0.muscache.com/im/pictures/hosting/Hosting-1759929157624463744/original/e3e1083e-c801-4bc7-8d50-a080c8773d6b.jpeg"", ""https://a0.muscache.com/im/pictures/hosting/Hosting-1759929157624463744/original/557516da-807d-4e84-ae72-ffa2b4f46e15.jpeg"", ""https://a0.muscache.com/im/pictures/hosting/Hosting-1759929157624463744/original/93dd3819-ce4e-4bfa-807e-f72ff0b5f438.jpeg"", ""https://a0.muscache.com/im/pictures/hosting/Hosting-1759929157624463744/original/b0581623-f4fa-481a-8e07-ab5606955830.jpeg"", ""https://a0.muscache.com/im/pictures/hosting/Hosting-1759929157624463744/original/3d776c48-5ba3-4080-927e-544ec31ac2d7.jpeg"", ""https://a0.muscache.com/im/pictures/hosting/Hosting-1759929157624463744/original/cb052b4e-b2cd-424c-8f5c-8a5fe5b4b1cc.jpeg"", ""https://a0.muscache.com/im/pictures/hosting/Hosting-1759929157624463744/original/967662d1-47f7-450c-af27-78d8ba22c322.jpeg"", ""https://a0.muscache.com/im/pictures/hosting/Hosting-1759929157624463744/original/bde341de-6ef4-4e51-a6ec-109a205fcb13.jpeg"", ""https://a0.muscache.com/im/pictures/hosting/Hosting-1759929157624463744/original/f49d4e55-87d0-4c2f-b836-e6b3a38187d6.jpeg"", ""https://a0.muscache.com/im/pictures/hosting/Hosting-1759929157624463744/original/156425fc-82f9-4ca1-b3f9-7da28e561385.jpeg""]",t,"[{""name"": ""Cindy"", ""avatar"": ""https://a0.muscache.com/im/pictures/user/avatar_cindy.jpg""}, {""name"": ""Dang Nguyen"", ""avatar"": ""https://a0.muscache.com/im/pictures/user/avatar_dang.jpg""}, {""name"": ""Rùa"", ""avatar"": ""https://a0.muscache.com/im/pictures/user/avatar_rua.jpg""}]","[{""name"": ""DECOR"", ""localizedName"": ""Trang trí"", ""count"": 11}, {""name"": ""INTERIOR"", ""localizedName"": ""Không gian bên trong"", ""count"": 14}, {""name"": ""CLEANLINESS"", ""localizedName"": ""Mức độ sạch sẽ"", ""count"": 21}, {""name"": ""LOCATION"", ""localizedName"": ""Địa điểm"", ""count"": 9}, {""name"": ""HOSPITALITY"", ""localizedName"": ""Hiếu khách"", ""count"": 9}]","[{""title"": ""Trải nghiệm nhận phòng xuất sắc"", ""subtitle"": ""Những khách ở gần đây đã xếp hạng 5 sao cho quy trình nhận phòng.""}, {""title"": ""Tự nhận phòng"", ""subtitle"": ""Tự nhận phòng với hộp khóa an toàn.""}]"
1633750155400113510,https://www.airbnb.com.vn/rooms/1633750155400113510,20260926000000,2026-09-26,city search,"Annam West Lake Luxe - Riêng tư, Lối vào hồ - 202","Chào mừng bạn đến với Annam West Lake Luxe - Riêng tư, Lối vào hồ - 202 — một không gian lưu trú ấm cúng, sang trọng tọa lạc tại Quận Bắc Từ Liêm, Hà Nội.
Căn phòng tràn ngập ánh sáng tự nhiên với đầy đủ tiện nghi cao cấp, giường nệm êm ái, máy lạnh, TV và wifi tốc độ cao. Rất thuận tiện di chuyển tới các điểm tham quan, nhà hàng ẩm thực và quán cà phê nổi tiếng của Hà Nội.","Khu vực Quận Bắc Từ Liêm an ninh, văn minh, gần nhiều địa điểm ăn uống, mua sắm và giải trí sầm uất tại Hà Nội.",https://a0.muscache.com/im/pictures/hosting/Hosting-1633750155400113510/original/98cc7f25-0364-4687-aa1f-902989369f58.jpeg,47000133,https://www.airbnb.com.vn/users/show/47000133,Đức,2024-08-05,"Hà Nội, Việt Nam","Xin chào, tôi là Đức, đã có 2 năm kinh nghiệm làm host. Tôi yêu thích du lịch và luôn mong muốn đem lại trải nghiệm lưu trú thoải mái nhất cho khách.",trong vòng một giờ,100%,98%,f,https://a0.muscache.com/im/pictures/user/User-47000133/original/user_profile_3.jpeg,https://a0.muscache.com/im/pictures/user/User-47000133/original/user_profile_3.jpeg,Quận Bắc Từ Liêm,7,7,"['email', 'phone', 'work_email']",t,t,Quận Bắc Từ Liêm,Quận Bắc Từ Liêm,Hà Nội,21.051245574023593,105.80924841920849,Phòng riêng trong nhà,Private room,2,1.0,1 phòng tắm,1,1,"[""Máy phát hiện khí CO"", ""Máy báo khói"", ""Tủ lạnh"", ""Máy sấy tóc"", ""TV màn hình phẳng"", ""Điều hòa nhiệt độ"", ""Wi-fi tốc độ cao"", ""Bếp đầy đủ tiện nghi"", ""Bàn ủi / Bàn là"", ""Bể bơi"", ""Dầu gội & Sữa tắm"", ""Bộ chăn ga gối cao cấp"", ""Bồn tắm thư giãn"", ""Thang máy"", ""Lò vi sóng"", ""Ban công ngắm cảnh"", ""Chỗ đỗ xe miễn phí trong khuôn viên""]","₫800,600",1,1125,1,2,1125,1125,1.0,1125.0,today,t,12,40,74,271,2026-09-26,30,10,5,2025-07-03,2026-09-07,4.85,4.84,4.83,5.0,5.0,4.95,4.73,,f,2,0,1,0,3.49,"[""https://a0.muscache.com/im/pictures/hosting/Hosting-1633750155400113510/original/98cc7f25-0364-4687-aa1f-902989369f58.jpeg"", ""https://a0.muscache.com/im/pictures/hosting/Hosting-1633750155400113510/original/3ea87347-563c-411b-8e91-8e57e1a6e8c7.jpeg"", ""https://a0.muscache.com/im/pictures/hosting/Hosting-1633750155400113510/original/f7a8c2cd-a5b4-406d-8662-0d8f7e8c80e3.jpeg"", ""https://a0.muscache.com/im/pictures/hosting/Hosting-1633750155400113510/original/701f9b7c-0581-4ec9-8d59-89395d2d8689.jpeg"", ""https://a0.muscache.com/im/pictures/hosting/Hosting-1633750155400113510/original/4238a791-f95d-4927-b8d5-b99f7350d799.jpeg"", ""https://a0.muscache.com/im/pictures/hosting/Hosting-1633750155400113510/original/fdcf5da5-2b9e-4ee7-b4e5-fe9a662ab986.jpeg""]",f,"[{""name"": ""Rùa"", ""avatar"": ""https://a0.muscache.com/im/pictures/user/avatar_rua.jpg""}]","[{""name"": ""DECOR"", ""localizedName"": ""Trang trí"", ""count"": 4}, {""name"": ""INTERIOR"", ""localizedName"": ""Không gian bên trong"", ""count"": 8}, {""name"": ""CLEANLINESS"", ""localizedName"": ""Mức độ sạch sẽ"", ""count"": 18}, {""name"": ""LOCATION"", ""localizedName"": ""Địa điểm"", ""count"": 2}, {""name"": ""HOSPITALITY"", ""localizedName"": ""Hiếu khách"", ""count"": 14}]","[{""title"": ""Trải nghiệm nhận phòng xuất sắc"", ""subtitle"": ""Những khách ở gần đây đã xếp hạng 5 sao cho quy trình nhận phòng.""}, {""title"": ""Tự nhận phòng"", ""subtitle"": ""Tự nhận phòng với hộp khóa an toàn.""}]"
1770753497215030797,https://www.airbnb.com.vn/rooms/1770753497215030797,20260926000000,2026-09-26,city search,Hanoi Drift House |5 phòng ngủ| Ban công gần Khu phố cổ,"Chào mừng bạn đến với Hanoi Drift House |5 phòng ngủ| Ban công gần Khu phố cổ — một không gian lưu trú ấm cúng, sang trọng tọa lạc tại Quận Thanh Xuân, Hà Nội.
Căn phòng tràn ngập ánh sáng tự nhiên với đầy đủ tiện nghi cao cấp, giường nệm êm ái, máy lạnh, TV và wifi tốc độ cao. Rất thuận tiện di chuyển tới các điểm tham quan, nhà hàng ẩm thực và quán cà phê nổi tiếng của Hà Nội.","Khu vực Quận Thanh Xuân an ninh, văn minh, gần nhiều địa điểm ăn uống, mua sắm và giải trí sầm uất tại Hà Nội.",https://a0.muscache.com/im/pictures/hosting/Hosting-1770753497215030797/original/9e4429d0-ba53-417e-8a71-4f834438a690.jpeg,47000134,https://www.airbnb.com.vn/users/show/47000134,Khoa,2025-09-15,"Hà Nội, Việt Nam","Xin chào, tôi là Khoa, đã có 1 năm kinh nghiệm làm host. Tôi yêu thích du lịch và luôn mong muốn đem lại trải nghiệm lưu trú thoải mái nhất cho khách.",trong vòng một giờ,100%,98%,t,https://a0.muscache.com/im/pictures/user/User-47000134/original/user_profile_4.jpeg,https://a0.muscache.com/im/pictures/user/User-47000134/original/user_profile_4.jpeg,Quận Thanh Xuân,7,10,"['email', 'phone', 'work_email']",t,t,Quận Thanh Xuân,Quận Thanh Xuân,Hà Nội,21.0291,105.841,Toàn bộ nhà,Entire home/apt,12,4.0,4 phòng tắm,5,6,"[""Wi-fi tốc độ cao"", ""Lò vi sóng"", ""Bàn ủi / Bàn là"", ""Bể bơi"", ""Bộ chăn ga gối cao cấp"", ""Máy phát hiện khí CO"", ""Ban công ngắm cảnh"", ""Dầu gội & Sữa tắm"", ""Bồn tắm thư giãn"", ""Chỗ đỗ xe miễn phí trong khuôn viên"", ""Không gian riêng để làm việc"", ""Tủ lạnh"", ""Bếp đầy đủ tiện nghi"", ""Điều hòa nhiệt độ"", ""Máy báo khói"", ""Tự nhận phòng với hộp khóa an toàn"", ""TV màn hình phẳng""]","₫3,159,486",1,1125,1,2,1125,1125,1.0,1125.0,today,t,13,52,74,246,2026-09-26,3,3,1,2026-08-12,2026-09-12,5.0,4.91,4.92,5.0,5.0,4.94,4.79,,t,2,2,0,0,3.8,"[""https://a0.muscache.com/im/pictures/hosting/Hosting-1770753497215030797/original/9e4429d0-ba53-417e-8a71-4f834438a690.jpeg"", ""https://a0.muscache.com/im/pictures/hosting/Hosting-1770753497215030797/original/82eb3c9e-3173-43e2-baa3-52386bede761.jpeg"", ""https://a0.muscache.com/im/pictures/hosting/Hosting-1770753497215030797/original/0fbbb09a-7f9b-495c-94e4-442f85b0f79a.jpeg"", ""https://a0.muscache.com/im/pictures/hosting/Hosting-1770753497215030797/original/5b6d3cc2-c79a-4e31-b001-b6b43b19b206.jpeg"", ""https://a0.muscache.com/im/pictures/hosting/Hosting-1770753497215030797/original/2875bdfa-c582-41fc-801c-0bfa7501b109.jpeg"", ""https://a0.muscache.com/im/pictures/hosting/Hosting-1770753497215030797/original/2ac4de9f-1b95-4e7e-a01a-ac3533c1ab7b.jpeg"", ""https://a0.muscache.com/im/pictures/hosting/Hosting-1770753497215030797/original/95b5b69e-42d6-4ce5-9543-a3b81b9c533e.jpeg"", ""https://a0.muscache.com/im/pictures/hosting/Hosting-1770753497215030797/original/dc3f59fb-e35e-4e2e-a5a2-e388745eab6f.jpeg"", ""https://a0.muscache.com/im/pictures/hosting/Hosting-1770753497215030797/original/55b63575-9355-43ea-a1a4-438d37478ab0.jpeg"", ""https://a0.muscache.com/im/pictures/hosting/Hosting-1770753497215030797/original/02dd69fa-caf7-4b53-9fd3-f665bfd05613.jpeg"", ""https://a0.muscache.com/im/pictures/hosting/Hosting-1770753497215030797/original/609f49b6-2ac1-4ac7-ba0e-cce3f5b91815.jpeg"", ""https://a0.muscache.com/im/pictures/hosting/Hosting-1770753497215030797/original/de8c15d7-48e6-4144-826c-779c27fd4b94.jpeg"", ""https://a0.muscache.com/im/pictures/hosting/Hosting-1770753497215030797/original/6634fd5e-8472-4680-9905-e89e41b9fb2f.jpeg"", ""https://a0.muscache.com/im/pictures/hosting/Hosting-1770753497215030797/original/a26711a0-f874-4f9f-9acf-72a5539f883e.jpeg"", ""https://a0.muscache.com/im/pictures/hosting/Hosting-1770753497215030797/original/1c2aca32-e458-4b1c-9339-451dcf254911.jpeg"", ""https://a0.muscache.com/im/pictures/hosting/Hosting-1770753497215030797/original/2c75008f-785c-4695-9200-593423f120d9.jpeg"", ""https://a0.muscache.com/im/pictures/hosting/Hosting-1770753497215030797/original/181df916-8c22-48e5-8792-c0c85926dfa8.jpeg"", ""https://a0.muscache.com/im/pictures/hosting/Hosting-1770753497215030797/original/86efbf30-6592-4e9f-8566-f2133b844d27.jpeg"", ""https://a0.muscache.com/im/pictures/hosting/Hosting-1770753497215030797/original/7cbc91e9-2b46-4396-94c7-c56df6e4b79e.jpeg"", ""https://a0.muscache.com/im/pictures/hosting/Hosting-1770753497215030797/original/4752b340-9691-4317-84a3-38a770cffddc.jpeg"", ""https://a0.muscache.com/im/pictures/hosting/Hosting-1770753497215030797/original/2edf5be6-c2c7-45f7-8fe0-b66fa0f432f8.jpeg"", ""https://a0.muscache.com/im/pictures/hosting/Hosting-1770753497215030797/original/6238383f-c93e-4e21-af4b-f5cec1898ee3.jpeg"", ""https://a0.muscache.com/im/pictures/hosting/Hosting-1770753497215030797/original/1de36547-0e40-4c6a-809d-6462f7ccdc77.jpeg"", ""https://a0.muscache.com/im/pictures/hosting/Hosting-1770753497215030797/original/2265bfa2-83ba-4a92-8cde-305428df6072.jpeg"", ""https://a0.muscache.com/im/pictures/hosting/Hosting-1770753497215030797/original/466d4cd3-6f26-4689-aa47-37b9b231ecca.jpeg"", ""https://a0.muscache.com/im/pictures/hosting/Hosting-1770753497215030797/original/eea60a7e-5479-4963-9ae5-c694bd07c9fe.jpeg"", ""https://a0.muscache.com/im/pictures/hosting/Hosting-1770753497215030797/original/fe37d4e5-3ba6-471f-ace9-ce9c9dd68de9.jpeg"", ""https://a0.muscache.com/im/pictures/hosting/Hosting-1770753497215030797/original/54886a2f-ffbc-4082-aafe-df4f66af273d.jpeg"", ""https://a0.muscache.com/im/pictures/hosting/Hosting-1770753497215030797/original/1c0ec11a-616c-49d0-9d36-29998db219d5.jpeg""]",f,"[{""name"": ""Cindy"", ""avatar"": ""https://a0.muscache.com/im/pictures/user/avatar_cindy.jpg""}, {""name"": ""Rùa"", ""avatar"": ""https://a0.muscache.com/im/pictures/user/avatar_rua.jpg""}]","[{""name"": ""DECOR"", ""localizedName"": ""Trang trí"", ""count"": 16}, {""name"": ""INTERIOR"", ""localizedName"": ""Không gian bên trong"", ""count"": 13}, {""name"": ""CLEANLINESS"", ""localizedName"": ""Mức độ sạch sẽ"", ""count"": 15}, {""name"": ""LOCATION"", ""localizedName"": ""Địa điểm"", ""count"": 15}, {""name"": ""HOSPITALITY"", ""localizedName"": ""Hiếu khách"", ""count"": 7}]","[{""title"": ""Trải nghiệm nhận phòng xuất sắc"", ""subtitle"": ""Những khách ở gần đây đã xếp hạng 5 sao cho quy trình nhận phòng.""}, {""title"": ""Tự nhận phòng"", ""subtitle"": ""Tự nhận phòng với hộp khóa an toàn.""}]"
1467808943464546716,https://www.airbnb.com.vn/rooms/1467808943464546716,20260926000000,2026-09-26,city search,Studio tràn ngập ánh sáng• Đầy đủ tiện nghi•,"Chào mừng bạn đến với Studio tràn ngập ánh sáng• Đầy đủ tiện nghi• — một không gian lưu trú ấm cúng, sang trọng tọa lạc tại Quận Tây Hồ, Hà Nội.
Căn phòng tràn ngập ánh sáng tự nhiên với đầy đủ tiện nghi cao cấp, giường nệm êm ái, máy lạnh, TV và wifi tốc độ cao. Rất thuận tiện di chuyển tới các điểm tham quan, nhà hàng ẩm thực và quán cà phê nổi tiếng của Hà Nội.","Khu vực Quận Tây Hồ an ninh, văn minh, gần nhiều địa điểm ăn uống, mua sắm và giải trí sầm uất tại Hà Nội.",https://a0.muscache.com/im/pictures/hosting/Hosting-1467808943464546716/original/89fca7f3-3012-49a5-a9ad-6f79758ce800.jpeg,47000135,https://www.airbnb.com.vn/users/show/47000135,Hoàng,2022-12-18,"Hà Nội, Việt Nam","Xin chào, tôi là Hoàng, đã có 3 năm kinh nghiệm làm host. Tôi yêu thích du lịch và luôn mong muốn đem lại trải nghiệm lưu trú thoải mái nhất cho khách.",trong vòng một giờ,100%,98%,f,https://a0.muscache.com/im/pictures/user/User-47000135/original/user_profile_5.jpeg,https://a0.muscache.com/im/pictures/user/User-47000135/original/user_profile_5.jpeg,Quận Tây Hồ,6,4,"['email', 'phone', 'work_email']",t,t,Quận Tây Hồ,Quận Tây Hồ,Hà Nội,21.074298383381358,105.81438821940115,Toàn bộ căn hộ cho thuê,Entire home/apt,2,1.0,1 phòng tắm,1,1,"[""Điều hòa nhiệt độ"", ""Không gian riêng để làm việc"", ""TV màn hình phẳng"", ""Bể bơi"", ""Máy báo khói"", ""Thang máy"", ""Dầu gội & Sữa tắm"", ""Máy giặt"", ""Máy phát hiện khí CO"", ""Bồn tắm thư giãn"", ""Wi-fi tốc độ cao"", ""Bếp đầy đủ tiện nghi"", ""Tủ lạnh"", ""Bộ chăn ga gối cao cấp"", ""Bàn ủi / Bàn là""]","₫622,000",1,1125,1,2,1125,1125,1.0,1125.0,today,t,23,53,85,232,2026-09-26,35,2,3,2025-04-19,2026-09-24,4.91,4.98,4.86,5.0,5.0,4.76,4.79,,f,2,2,0,0,1.59,"[""https://a0.muscache.com/im/pictures/hosting/Hosting-1467808943464546716/original/89fca7f3-3012-49a5-a9ad-6f79758ce800.jpeg"", ""https://a0.muscache.com/im/pictures/hosting/Hosting-1467808943464546716/original/9099cda9-78ea-4415-88be-fe23648c62fb.jpeg"", ""https://a0.muscache.com/im/pictures/hosting/Hosting-1467808943464546716/original/6cbbd946-2e0b-47cb-a234-39bc9afa11a5.jpeg"", ""https://a0.muscache.com/im/pictures/hosting/Hosting-1467808943464546716/original/b0d6f33b-833a-4b90-93f7-cef59808a07e.jpeg"", ""https://a0.muscache.com/im/pictures/hosting/Hosting-1467808943464546716/original/4ef81b92-7cb2-4403-8194-2a93c4874086.jpeg"", ""https://a0.muscache.com/im/pictures/hosting/Hosting-1467808943464546716/original/13ae3d5a-055f-4964-ae8e-e7ac7e9a9cd0.jpeg"", ""https://a0.muscache.com/im/pictures/hosting/Hosting-1467808943464546716/original/b04b1143-ff41-41b8-ad5f-bb569efdb7a5.jpeg"", ""https://a0.muscache.com/im/pictures/hosting/Hosting-1467808943464546716/original/f5e6341b-1cf2-4dee-9792-a07d09d84085.jpeg"", ""https://a0.muscache.com/im/pictures/hosting/Hosting-1467808943464546716/original/152cc749-fe93-47b3-9a90-f0a00d324789.jpeg"", ""https://a0.muscache.com/im/pictures/hosting/Hosting-1467808943464546716/original/ec8db9c1-026a-4d08-bc4a-3791b9440bb9.jpeg"", ""https://a0.muscache.com/im/pictures/hosting/Hosting-1467808943464546716/original/b01f4859-99ad-4d68-980c-8eff07a5b799.jpeg"", ""https://a0.muscache.com/im/pictures/hosting/Hosting-1467808943464546716/original/abc5c28c-d914-465d-ab5c-6103401b4250.jpeg"", ""https://a0.muscache.com/im/pictures/hosting/Hosting-1467808943464546716/original/3e19f765-7303-4056-a38e-5494240168ff.jpeg"", ""https://a0.muscache.com/im/pictures/hosting/Hosting-1467808943464546716/original/2d21a229-4fc9-4e3d-81cc-6a1f533f04ef.jpeg"", ""https://a0.muscache.com/im/pictures/hosting/Hosting-1467808943464546716/original/9bb04959-058d-4b96-9948-56019cd24c8b.jpeg"", ""https://a0.muscache.com/im/pictures/hosting/Hosting-1467808943464546716/original/f2a9b623-251c-4195-8837-8a498b5147a3.jpeg"", ""https://a0.muscache.com/im/pictures/hosting/Hosting-1467808943464546716/original/800555b0-b718-47cc-8bdc-363ba4bb5ec0.jpeg"", ""https://a0.muscache.com/im/pictures/hosting/Hosting-1467808943464546716/original/9db0243d-4b6d-4188-9f0f-ea9f2024f992.jpeg"", ""https://a0.muscache.com/im/pictures/hosting/Hosting-1467808943464546716/original/7bf9659b-5c3c-4e23-bd62-c3111422ad3b.jpeg"", ""https://a0.muscache.com/im/pictures/hosting/Hosting-1467808943464546716/original/3f4ece44-f139-466c-b857-8c5a1090c31c.jpeg"", ""https://a0.muscache.com/im/pictures/hosting/Hosting-1467808943464546716/original/17cf1118-41a5-4997-8e60-e20cbe5c1d79.jpeg"", ""https://a0.muscache.com/im/pictures/hosting/Hosting-1467808943464546716/original/f147fbc0-152f-4c6c-a851-4e37706a55c4.jpeg"", ""https://a0.muscache.com/im/pictures/hosting/Hosting-1467808943464546716/original/f1453a5a-013b-4906-b98e-c7631d450317.jpeg"", ""https://a0.muscache.com/im/pictures/hosting/Hosting-1467808943464546716/original/f79117a7-0342-4ee0-a899-b59c8cfb9efb.jpeg"", ""https://a0.muscache.com/im/pictures/hosting/Hosting-1467808943464546716/original/d1b13651-3279-4338-ae0a-bfd378b2a2c6.jpeg"", ""https://a0.muscache.com/im/pictures/hosting/Hosting-1467808943464546716/original/a9b5eb57-b980-48e6-a4cd-d7fa288c7deb.jpeg"", ""https://a0.muscache.com/im/pictures/hosting/Hosting-1467808943464546716/original/dba9aee5-2f76-462c-818d-a6bb67cf4b8f.jpeg"", ""https://a0.muscache.com/im/pictures/hosting/Hosting-1467808943464546716/original/9e70eea4-3e6d-4c4e-8f30-25afbcc07f7b.jpeg"", ""https://a0.muscache.com/im/pictures/hosting/Hosting-1467808943464546716/original/7fb83598-0f8e-4e02-84e3-b3d1b71cc2af.jpeg""]",t,"[{""name"": ""Cindy"", ""avatar"": ""https://a0.muscache.com/im/pictures/user/avatar_cindy.jpg""}, {""name"": ""Rùa"", ""avatar"": ""https://a0.muscache.com/im/pictures/user/avatar_rua.jpg""}]","[{""name"": ""DECOR"", ""localizedName"": ""Trang trí"", ""count"": 8}, {""name"": ""INTERIOR"", ""localizedName"": ""Không gian bên trong"", ""count"": 9}, {""name"": ""CLEANLINESS"", ""localizedName"": ""Mức độ sạch sẽ"", ""count"": 20}, {""name"": ""LOCATION"", ""localizedName"": ""Địa điểm"", ""count"": 2}, {""name"": ""HOSPITALITY"", ""localizedName"": ""Hiếu khách"", ""count"": 14}]","[{""title"": ""Trải nghiệm nhận phòng xuất sắc"", ""subtitle"": ""Những khách ở gần đây đã xếp hạng 5 sao cho quy trình nhận phòng.""}, {""title"": ""Tự nhận phòng"", ""subtitle"": ""Tự nhận phòng với hộp khóa an toàn.""}]"
1573205276570417124,https://www.airbnb.com.vn/rooms/1573205276570417124,20260926000000,2026-09-26,city search,(602)Phòng cửa sổ|Netflix|Bếp|Bảo tàng Dân tộc học,"Chào mừng bạn đến với (602)Phòng cửa sổ|Netflix|Bếp|Bảo tàng Dân tộc học — một không gian lưu trú ấm cúng, sang trọng tọa lạc tại Quận Cầu Giấy, Hà Nội.
Căn phòng tràn ngập ánh sáng tự nhiên với đầy đủ tiện nghi cao cấp, giường nệm êm ái, máy lạnh, TV và wifi tốc độ cao. Rất thuận tiện di chuyển tới các điểm tham quan, nhà hàng ẩm thực và quán cà phê nổi tiếng của Hà Nội.","Khu vực Quận Cầu Giấy an ninh, văn minh, gần nhiều địa điểm ăn uống, mua sắm và giải trí sầm uất tại Hà Nội.",https://a0.muscache.com/im/pictures/hosting/Hosting-1573202347803522147/original/55752b8b-f9bd-48f8-bb63-9f0023671ef2.jpeg,47000136,https://www.airbnb.com.vn/users/show/47000136,Việt,2024-02-04,"Hà Nội, Việt Nam","Xin chào, tôi là Việt, đã có 2 năm kinh nghiệm làm host. Tôi yêu thích du lịch và luôn mong muốn đem lại trải nghiệm lưu trú thoải mái nhất cho khách.",trong vòng một giờ,100%,98%,t,https://a0.muscache.com/im/pictures/user/User-47000136/original/user_profile_6.jpeg,https://a0.muscache.com/im/pictures/user/User-47000136/original/user_profile_6.jpeg,Quận Cầu Giấy,3,4,"['email', 'phone', 'work_email']",t,t,Quận Cầu Giấy,Quận Cầu Giấy,Hà Nội,21.037943366298308,105.80041882623858,Phòng riêng trong nhà,Private room,2,1.0,1 phòng tắm,1,1,"[""Bàn ủi / Bàn là"", ""Tự nhận phòng với hộp khóa an toàn"", ""TV màn hình phẳng"", ""Máy giặt"", ""Dầu gội & Sữa tắm"", ""Tủ lạnh"", ""Thang máy"", ""Bồn tắm thư giãn"", ""Lò vi sóng"", ""Điều hòa nhiệt độ"", ""Máy sấy tóc"", ""Wi-fi tốc độ cao"", ""Máy báo khói"", ""Ban công ngắm cảnh"", ""Bếp đầy đủ tiện nghi"", ""Máy phát hiện khí CO"", ""Bộ chăn ga gối cao cấp"", ""Chỗ đỗ xe miễn phí trong khuôn viên"", ""Bể bơi"", ""Không gian riêng để làm việc""]","₫809,000",1,1125,1,2,1125,1125,1.0,1125.0,today,t,17,52,54,240,2026-09-26,162,38,0,2023-06-14,2026-09-02,4.85,5.0,4.84,5.0,5.0,4.77,4.8,,t,2,0,1,0,2.83,"[""https://a0.muscache.com/im/pictures/hosting/Hosting-1573202347803522147/original/55752b8b-f9bd-48f8-bb63-9f0023671ef2.jpeg"", ""https://a0.muscache.com/im/pictures/hosting/Hosting-1573202347803522147/original/ccda6ba0-79b1-4a33-8cf0-24a406708d02.jpeg"", ""https://a0.muscache.com/im/pictures/hosting/Hosting-1573205276570417124/original/090b22bf-01ea-4f36-b350-a9a9807dc7a0.jpeg"", ""https://a0.muscache.com/im/pictures/hosting/Hosting-1573205276570417124/original/b4ea20a8-e82d-43b2-a415-3d1e73cca73a.jpeg"", ""https://a0.muscache.com/im/pictures/hosting/Hosting-1573205276570417124/original/8c364c5d-ccc7-4bae-b9a2-124099298bf9.jpeg"", ""https://a0.muscache.com/im/pictures/hosting/Hosting-1573202347803522147/original/79bd8f02-7592-4110-979b-31a9166c8777.jpeg""]",f,"[{""name"": ""Cindy"", ""avatar"": ""https://a0.muscache.com/im/pictures/user/avatar_cindy.jpg""}, {""name"": ""Dang Nguyen"", ""avatar"": ""https://a0.muscache.com/im/pictures/user/avatar_dang.jpg""}, {""name"": ""Rùa"", ""avatar"": ""https://a0.muscache.com/im/pictures/user/avatar_rua.jpg""}]","[{""name"": ""DECOR"", ""localizedName"": ""Trang trí"", ""count"": 13}, {""name"": ""INTERIOR"", ""localizedName"": ""Không gian bên trong"", ""count"": 10}, {""name"": ""CLEANLINESS"", ""localizedName"": ""Mức độ sạch sẽ"", ""count"": 4}, {""name"": ""LOCATION"", ""localizedName"": ""Địa điểm"", ""count"": 7}, {""name"": ""HOSPITALITY"", ""localizedName"": ""Hiếu khách"", ""count"": 5}]","[{""title"": ""Trải nghiệm nhận phòng xuất sắc"", ""subtitle"": ""Những khách ở gần đây đã xếp hạng 5 sao cho quy trình nhận phòng.""}, {""title"": ""Tự nhận phòng"", ""subtitle"": ""Tự nhận phòng với hộp khóa an toàn.""}]"
1214262434521031135,https://www.airbnb.com.vn/rooms/1214262434521031135,20260926000000,2026-09-26,city search,Phòng tiết kiệm * Chỗ ở sáng sủa và yên tĩnh,"Chào mừng bạn đến với Phòng tiết kiệm * Chỗ ở sáng sủa và yên tĩnh — một không gian lưu trú ấm cúng, sang trọng tọa lạc tại Quận Tây Hồ, Hà Nội.
Căn phòng tràn ngập ánh sáng tự nhiên với đầy đủ tiện nghi cao cấp, giường nệm êm ái, máy lạnh, TV và wifi tốc độ cao. Rất thuận tiện di chuyển tới các điểm tham quan, nhà hàng ẩm thực và quán cà phê nổi tiếng của Hà Nội.","Khu vực Quận Tây Hồ an ninh, văn minh, gần nhiều địa điểm ăn uống, mua sắm và giải trí sầm uất tại Hà Nội.",https://a0.muscache.com/im/pictures/miso/Hosting-1214262434521031135/original/30c620cc-fd39-487a-86d7-82ca51e586b3.jpeg,47000137,https://www.airbnb.com.vn/users/show/47000137,Phong,2021-01-08,"Hà Nội, Việt Nam","Xin chào, tôi là Phong, đã có 5 năm kinh nghiệm làm host. Tôi yêu thích du lịch và luôn mong muốn đem lại trải nghiệm lưu trú thoải mái nhất cho khách.",trong vòng một giờ,100%,98%,f,https://a0.muscache.com/im/pictures/user/User-47000137/original/user_profile_7.jpeg,https://a0.muscache.com/im/pictures/user/User-47000137/original/user_profile_7.jpeg,Quận Tây Hồ,1,5,"['email', 'phone', 'work_email']",t,t,Quận Tây Hồ,Quận Tây Hồ,Hà Nội,21.0174,105.8633,Toàn bộ căn hộ cho thuê,Entire home/apt,2,1.0,1 phòng tắm,1,1,"[""Bếp đầy đủ tiện nghi"", ""Tủ lạnh"", ""Bộ chăn ga gối cao cấp"", ""Bàn ủi / Bàn là"", ""Dầu gội & Sữa tắm"", ""Ban công ngắm cảnh"", ""Tự nhận phòng với hộp khóa an toàn"", ""Thang máy"", ""Wi-fi tốc độ cao"", ""TV màn hình phẳng"", ""Máy báo khói"", ""Chỗ đỗ xe miễn phí trong khuôn viên"", ""Máy giặt"", ""Không gian riêng để làm việc"", ""Điều hòa nhiệt độ"", ""Lò vi sóng"", ""Bể bơi"", ""Máy phát hiện khí CO"", ""Máy sấy tóc""]","₫260,000",1,1125,1,2,1125,1125,1.0,1125.0,today,t,23,54,58,229,2026-09-26,57,3,6,2024-05-24,2026-09-07,4.77,4.99,4.98,5.0,5.0,4.7,4.95,,f,2,2,0,0,2.75,"[""https://a0.muscache.com/im/pictures/miso/Hosting-1214262434521031135/original/30c620cc-fd39-487a-86d7-82ca51e586b3.jpeg"", ""https://a0.muscache.com/im/pictures/miso/Hosting-1214262434521031135/original/a21d2b8a-bcc6-4c9a-af70-4101cfc50802.jpeg"", ""https://a0.muscache.com/im/pictures/miso/Hosting-1214262434521031135/original/b78eb0bd-82c9-404a-aa9f-b818ba6321de.jpeg"", ""https://a0.muscache.com/im/pictures/miso/Hosting-1214262434521031135/original/194abbb6-9a21-4bc5-80e5-4e238081d3ed.jpeg"", ""https://a0.muscache.com/im/pictures/miso/Hosting-1214262434521031135/original/7791913b-57b3-4f11-b780-fcf03fa1e662.jpeg"", ""https://a0.muscache.com/im/pictures/miso/Hosting-1214262434521031135/original/c4d3c798-8e3f-445e-b509-4c4df2035fde.jpeg"", ""https://a0.muscache.com/im/pictures/miso/Hosting-1214262434521031135/original/8a92a728-8eb7-4d14-a231-5e5af0c2618c.jpeg""]",f,"[{""name"": ""Cindy"", ""avatar"": ""https://a0.muscache.com/im/pictures/user/avatar_cindy.jpg""}, {""name"": ""Dang Nguyen"", ""avatar"": ""https://a0.muscache.com/im/pictures/user/avatar_dang.jpg""}, {""name"": ""Rùa"", ""avatar"": ""https://a0.muscache.com/im/pictures/user/avatar_rua.jpg""}]","[{""name"": ""DECOR"", ""localizedName"": ""Trang trí"", ""count"": 10}, {""name"": ""INTERIOR"", ""localizedName"": ""Không gian bên trong"", ""count"": 12}, {""name"": ""CLEANLINESS"", ""localizedName"": ""Mức độ sạch sẽ"", ""count"": 6}, {""name"": ""LOCATION"", ""localizedName"": ""Địa điểm"", ""count"": 4}, {""name"": ""HOSPITALITY"", ""localizedName"": ""Hiếu khách"", ""count"": 10}]","[{""title"": ""Trải nghiệm nhận phòng xuất sắc"", ""subtitle"": ""Những khách ở gần đây đã xếp hạng 5 sao cho quy trình nhận phòng.""}, {""title"": ""Tự nhận phòng"", ""subtitle"": ""Tự nhận phòng với hộp khóa an toàn.""}]"
1672354431536894859,https://www.airbnb.com.vn/rooms/1672354431536894859,20260926000000,2026-09-26,city search,Studio View 22 m2 Máy chiếu/Phòng bếp/Phòng tắm riêng có cửa ra ngoài/Thang máy HM1,"Chào mừng bạn đến với Studio View 22 m2 Máy chiếu/Phòng bếp/Phòng tắm riêng có cửa ra ngoài/Thang máy HM1 — một không gian lưu trú ấm cúng, sang trọng tọa lạc tại Quận Hai Bà Trưng, Hà Nội.
Căn phòng tràn ngập ánh sáng tự nhiên với đầy đủ tiện nghi cao cấp, giường nệm êm ái, máy lạnh, TV và wifi tốc độ cao. Rất thuận tiện di chuyển tới các điểm tham quan, nhà hàng ẩm thực và quán cà phê nổi tiếng của Hà Nội.","Khu vực Quận Hai Bà Trưng an ninh, văn minh, gần nhiều địa điểm ăn uống, mua sắm và giải trí sầm uất tại Hà Nội.",https://a0.muscache.com/im/pictures/hosting/Hosting-1672354431536894859/original/3db6fb05-5979-4fca-8b45-cc0b51c5800c.jpeg,47000138,https://www.airbnb.com.vn/users/show/47000138,Tùng,2023-02-12,"Hà Nội, Việt Nam","Xin chào, tôi là Tùng, đã có 3 năm kinh nghiệm làm host. Tôi yêu thích du lịch và luôn mong muốn đem lại trải nghiệm lưu trú thoải mái nhất cho khách.",trong vòng một giờ,100%,98%,t,https://a0.muscache.com/im/pictures/user/User-47000138/original/user_profile_8.jpeg,https://a0.muscache.com/im/pictures/user/User-47000138/original/user_profile_8.jpeg,Quận Hai Bà Trưng,8,2,"['email', 'phone', 'work_email']",t,t,Quận Hai Bà Trưng,Quận Hai Bà Trưng,Hà Nội,20.997729081151906,105.85659217268397,Phòng riêng trong nhà,Private room,2,1.0,1 phòng tắm,1,1,"[""Điều hòa nhiệt độ"", ""Bể bơi"", ""TV màn hình phẳng"", ""Thang máy"", ""Bồn tắm thư giãn"", ""Bếp đầy đủ tiện nghi"", ""Chỗ đỗ xe miễn phí trong khuôn viên"", ""Tủ lạnh"", ""Tự nhận phòng với hộp khóa an toàn"", ""Wi-fi tốc độ cao"", ""Máy báo khói"", ""Dầu gội & Sữa tắm"", ""Máy phát hiện khí CO"", ""Máy giặt"", ""Bàn ủi / Bàn là"", ""Ban công ngắm cảnh""]","₫339,000",1,1125,1,2,1125,1125,1.0,1125.0,today,t,14,51,78,256,2026-09-26,105,31,6,2023-06-14,2026-09-22,4.85,4.84,4.92,5.0,5.0,4.89,4.83,,t,2,0,1,0,3.11,"[""https://a0.muscache.com/im/pictures/hosting/Hosting-1672354431536894859/original/3db6fb05-5979-4fca-8b45-cc0b51c5800c.jpeg"", ""https://a0.muscache.com/im/pictures/hosting/Hosting-1672354431536894859/original/4221fbc7-f1a2-4e05-9ca8-381823b36428.jpeg"", ""https://a0.muscache.com/im/pictures/hosting/Hosting-1672354431536894859/original/7bf8f04c-d2a0-4b58-8241-be512e8d5bfa.jpeg"", ""https://a0.muscache.com/im/pictures/hosting/Hosting-1672354431536894859/original/dff55091-34c8-4656-8ec5-54af9ef06a03.jpeg"", ""https://a0.muscache.com/im/pictures/hosting/Hosting-1672354431536894859/original/e1ac14a4-4420-4dda-b857-498f79082975.jpeg"", ""https://a0.muscache.com/im/pictures/hosting/Hosting-1672354431536894859/original/54f0ebb4-815b-48c6-b350-fdc4907c8976.jpeg""]",f,"[{""name"": ""Rùa"", ""avatar"": ""https://a0.muscache.com/im/pictures/user/avatar_rua.jpg""}, {""name"": ""Long"", ""avatar"": ""https://a0.muscache.com/im/pictures/user/avatar_long.jpg""}, {""name"": ""Cindy"", ""avatar"": ""https://a0.muscache.com/im/pictures/user/avatar_cindy.jpg""}]","[{""name"": ""DECOR"", ""localizedName"": ""Trang trí"", ""count"": 11}, {""name"": ""INTERIOR"", ""localizedName"": ""Không gian bên trong"", ""count"": 16}, {""name"": ""CLEANLINESS"", ""localizedName"": ""Mức độ sạch sẽ"", ""count"": 25}, {""name"": ""LOCATION"", ""localizedName"": ""Địa điểm"", ""count"": 17}, {""name"": ""HOSPITALITY"", ""localizedName"": ""Hiếu khách"", ""count"": 3}]","[{""title"": ""Trải nghiệm nhận phòng xuất sắc"", ""subtitle"": ""Những khách ở gần đây đã xếp hạng 5 sao cho quy trình nhận phòng.""}, {""title"": ""Tự nhận phòng"", ""subtitle"": ""Tự nhận phòng với hộp khóa an toàn.""}]"
1596070868372196208,https://www.airbnb.com.vn/rooms/1596070868372196208,20260926000000,2026-09-26,city search,"3 phòng ngủ, 2 phòng tắm. Tòa nhà C6, Dcap, tầm nhìn ra hồ.","Chào mừng bạn đến với 3 phòng ngủ, 2 phòng tắm. Tòa nhà C6, Dcap, tầm nhìn ra hồ. — một không gian lưu trú ấm cúng, sang trọng tọa lạc tại Quận Đống Đa, Hà Nội.
Căn phòng tràn ngập ánh sáng tự nhiên với đầy đủ tiện nghi cao cấp, giường nệm êm ái, máy lạnh, TV và wifi tốc độ cao. Rất thuận tiện di chuyển tới các điểm tham quan, nhà hàng ẩm thực và quán cà phê nổi tiếng của Hà Nội.","Khu vực Quận Đống Đa an ninh, văn minh, gần nhiều địa điểm ăn uống, mua sắm và giải trí sầm uất tại Hà Nội.",https://a0.muscache.com/im/pictures/hosting/Hosting-1596070868372196208/original/20d929d8-56f1-48a0-acad-9622274b7c8c.jpeg,47000139,https://www.airbnb.com.vn/users/show/47000139,Quân,2020-06-20,"Hà Nội, Việt Nam","Xin chào, tôi là Quân, đã có 6 năm kinh nghiệm làm host. Tôi yêu thích du lịch và luôn mong muốn đem lại trải nghiệm lưu trú thoải mái nhất cho khách.",trong vòng một giờ,100%,98%,f,https://a0.muscache.com/im/pictures/user/User-47000139/original/user_profile_9.jpeg,https://a0.muscache.com/im/pictures/user/User-47000139/original/user_profile_9.jpeg,Quận Đống Đa,8,10,"['email', 'phone', 'work_email']",t,t,Quận Đống Đa,Quận Đống Đa,Hà Nội,21.01551,105.80539,Phòng riêng trong nhà,Private room,6,2.0,2 phòng tắm,3,3,"[""Wi-fi tốc độ cao"", ""TV màn hình phẳng"", ""Bàn ủi / Bàn là"", ""Bếp đầy đủ tiện nghi"", ""Tủ lạnh"", ""Bộ chăn ga gối cao cấp"", ""Dầu gội & Sữa tắm"", ""Máy báo khói"", ""Máy sấy tóc"", ""Thang máy"", ""Ban công ngắm cảnh"", ""Máy giặt"", ""Bể bơi"", ""Không gian riêng để làm việc"", ""Tự nhận phòng với hộp khóa an toàn"", ""Điều hòa nhiệt độ"", ""Bồn tắm thư giãn"", ""Lò vi sóng"", ""Chỗ đỗ xe miễn phí trong khuôn viên""]","₫2,000,000",1,1125,1,2,1125,1125,1.0,1125.0,today,t,25,35,52,340,2026-09-26,41,2,5,2025-01-19,2026-09-20,4.85,4.97,4.95,5.0,5.0,4.85,4.78,,f,2,0,1,0,3.96,"[""https://a0.muscache.com/im/pictures/hosting/Hosting-1596070868372196208/original/20d929d8-56f1-48a0-acad-9622274b7c8c.jpeg"", ""https://a0.muscache.com/im/pictures/hosting/Hosting-1596070868372196208/original/b7506a8b-8523-4346-a1d9-679be04e375e.jpeg"", ""https://a0.muscache.com/im/pictures/hosting/Hosting-1596070868372196208/original/f1f807ad-45c2-43af-85eb-a807a7090a9c.jpeg"", ""https://a0.muscache.com/im/pictures/hosting/Hosting-1596070868372196208/original/810a8e25-e9ad-496d-b6f8-72a73aacdcc3.jpeg"", ""https://a0.muscache.com/im/pictures/hosting/Hosting-1596070868372196208/original/fc7345f9-3583-4926-867f-7cebcf91ac49.jpeg"", ""https://a0.muscache.com/im/pictures/hosting/Hosting-1596070868372196208/original/acd6f7e7-8433-48a6-87f6-e623169b3a71.jpeg""]",f,"[{""name"": ""Rùa"", ""avatar"": ""https://a0.muscache.com/im/pictures/user/avatar_rua.jpg""}, {""name"": ""Cindy"", ""avatar"": ""https://a0.muscache.com/im/pictures/user/avatar_cindy.jpg""}, {""name"": ""Long"", ""avatar"": ""https://a0.muscache.com/im/pictures/user/avatar_long.jpg""}]","[{""name"": ""DECOR"", ""localizedName"": ""Trang trí"", ""count"": 17}, {""name"": ""INTERIOR"", ""localizedName"": ""Không gian bên trong"", ""count"": 5}, {""name"": ""CLEANLINESS"", ""localizedName"": ""Mức độ sạch sẽ"", ""count"": 9}, {""name"": ""LOCATION"", ""localizedName"": ""Địa điểm"", ""count"": 7}, {""name"": ""HOSPITALITY"", ""localizedName"": ""Hiếu khách"", ""count"": 15}]","[{""title"": ""Trải nghiệm nhận phòng xuất sắc"", ""subtitle"": ""Những khách ở gần đây đã xếp hạng 5 sao cho quy trình nhận phòng.""}, {""title"": ""Tự nhận phòng"", ""subtitle"": ""Tự nhận phòng với hộp khóa an toàn.""}]"
1640393770158091627,https://www.airbnb.com.vn/rooms/1640393770158091627,20260926000000,2026-09-26,city search,West Lake View 2 | Cách Khu phố cổ Hà Nội 5 phút,"Chào mừng bạn đến với West Lake View 2 | Cách Khu phố cổ Hà Nội 5 phút — một không gian lưu trú ấm cúng, sang trọng tọa lạc tại Quận Tây Hồ, Hà Nội.
Căn phòng tràn ngập ánh sáng tự nhiên với đầy đủ tiện nghi cao cấp, giường nệm êm ái, máy lạnh, TV và wifi tốc độ cao. Rất thuận tiện di chuyển tới các điểm tham quan, nhà hàng ẩm thực và quán cà phê nổi tiếng của Hà Nội.","Khu vực Quận Tây Hồ an ninh, văn minh, gần nhiều địa điểm ăn uống, mua sắm và giải trí sầm uất tại Hà Nội.",https://a0.muscache.com/im/pictures/hosting/Hosting-1640393770158091627/original/35f9b7df-0b2b-4ed8-bb13-8a3c098a48f0.jpeg,47000140,https://www.airbnb.com.vn/users/show/47000140,Felix,2022-03-29,"Hà Nội, Việt Nam","Xin chào, tôi là Felix, đã có 4 năm kinh nghiệm làm host. Tôi yêu thích du lịch và luôn mong muốn đem lại trải nghiệm lưu trú thoải mái nhất cho khách.",trong vòng một giờ,100%,98%,f,https://a0.muscache.com/im/pictures/user/User-47000140/original/user_profile_0.jpeg,https://a0.muscache.com/im/pictures/user/User-47000140/original/user_profile_0.jpeg,Quận Tây Hồ,5,1,"['email', 'phone', 'work_email']",t,t,Quận Tây Hồ,Quận Tây Hồ,Hà Nội,21.0418,105.8256,Toàn bộ căn hộ cho thuê,Entire home/apt,2,1.0,1 phòng tắm,1,1,"[""Bộ chăn ga gối cao cấp"", ""Điều hòa nhiệt độ"", ""Máy giặt"", ""Wi-fi tốc độ cao"", ""Tự nhận phòng với hộp khóa an toàn"", ""TV màn hình phẳng"", ""Bể bơi"", ""Tủ lạnh"", ""Không gian riêng để làm việc"", ""Máy báo khói"", ""Lò vi sóng"", ""Bếp đầy đủ tiện nghi"", ""Máy phát hiện khí CO"", ""Dầu gội & Sữa tắm"", ""Bồn tắm thư giãn""]","₫768,611",1,1125,1,2,1125,1125,1.0,1125.0,today,t,26,46,82,251,2026-09-26,14,6,5,2026-02-28,2026-09-12,4.64,4.86,5.0,5.0,5.0,4.99,4.76,,t,2,2,0,0,3.84,"[""https://a0.muscache.com/im/pictures/hosting/Hosting-1640393770158091627/original/35f9b7df-0b2b-4ed8-bb13-8a3c098a48f0.jpeg"", ""https://a0.muscache.com/im/pictures/hosting/Hosting-1640393770158091627/original/7f002ad1-68c3-4fa6-8f24-da041fa5817a.jpeg"", ""https://a0.muscache.com/im/pictures/hosting/Hosting-1640393770158091627/original/9cfc8af4-bfc9-45d0-aa3a-ae90b13346b9.jpeg"", ""https://a0.muscache.com/im/pictures/hosting/Hosting-1640393770158091627/original/2f0762cf-5203-4d02-8ada-64535d9054b3.jpeg"", ""https://a0.muscache.com/im/pictures/hosting/Hosting-1640393770158091627/original/4d163324-e845-44e5-8cc6-9f09bb66d404.jpeg"", ""https://a0.muscache.com/im/pictures/hosting/Hosting-1640393770158091627/original/6ec0e76a-e175-408b-b5af-818c98c4381a.jpeg"", ""https://a0.muscache.com/im/pictures/hosting/Hosting-1640393770158091627/original/3979d08b-3d9f-4a81-9625-bab3ab48787f.jpeg"", ""https://a0.muscache.com/im/pictures/hosting/Hosting-1640393770158091627/original/ef383505-3ac5-49cb-923f-9f1c157ab2c7.jpeg"", ""https://a0.muscache.com/im/pictures/hosting/Hosting-1640393770158091627/original/67bd7aca-191c-4e1b-8e51-d7334ed7f5b9.jpeg"", ""https://a0.muscache.com/im/pictures/hosting/Hosting-1640393770158091627/original/25e415e6-a2d7-4937-bb40-45a814c79093.jpeg"", ""https://a0.muscache.com/im/pictures/hosting/Hosting-1640393770158091627/original/b240fd78-f963-4db0-9378-fb294e2c1f3b.jpeg"", ""https://a0.muscache.com/im/pictures/hosting/Hosting-1640393770158091627/original/5a6689e6-8541-4519-92ec-294db15c1407.jpeg"", ""https://a0.muscache.com/im/pictures/hosting/Hosting-1640393770158091627/original/b8a9cd0e-ca19-4450-8373-53ca881d1185.jpeg"", ""https://a0.muscache.com/im/pictures/hosting/Hosting-1640393770158091627/original/ed94a1c8-49d5-4794-9aaf-809829ebf98e.jpeg""]",f,"[{""name"": ""Dang Nguyen"", ""avatar"": ""https://a0.muscache.com/im/pictures/user/avatar_dang.jpg""}]","[{""name"": ""DECOR"", ""localizedName"": ""Trang trí"", ""count"": 15}, {""name"": ""INTERIOR"", ""localizedName"": ""Không gian bên trong"", ""count"": 8}, {""name"": ""CLEANLINESS"", ""localizedName"": ""Mức độ sạch sẽ"", ""count"": 3}, {""name"": ""LOCATION"", ""localizedName"": ""Địa điểm"", ""count"": 20}, {""name"": ""HOSPITALITY"", ""localizedName"": ""Hiếu khách"", ""count"": 2}]","[{""title"": ""Trải nghiệm nhận phòng xuất sắc"", ""subtitle"": ""Những khách ở gần đây đã xếp hạng 5 sao cho quy trình nhận phòng.""}, {""title"": ""Tự nhận phòng"", ""subtitle"": ""Tự nhận phòng với hộp khóa an toàn.""}]"
1683897441594839927,https://www.airbnb.com.vn/rooms/1683897441594839927,20260926000000,2026-09-26,city search,E301 50m2 | Ban công & máy chiếu | 1' đến Hồ Tây,"Chào mừng bạn đến với E301 50m2 | Ban công & máy chiếu | 1' đến Hồ Tây — một không gian lưu trú ấm cúng, sang trọng tọa lạc tại Quận Tây Hồ, Hà Nội.
Căn phòng tràn ngập ánh sáng tự nhiên với đầy đủ tiện nghi cao cấp, giường nệm êm ái, máy lạnh, TV và wifi tốc độ cao. Rất thuận tiện di chuyển tới các điểm tham quan, nhà hàng ẩm thực và quán cà phê nổi tiếng của Hà Nội.","Khu vực Quận Tây Hồ an ninh, văn minh, gần nhiều địa điểm ăn uống, mua sắm và giải trí sầm uất tại Hà Nội.",https://a0.muscache.com/im/pictures/hosting/Hosting-1683897441594839927/original/ec0c4343-2809-4421-8993-74bfff02d998.jpeg,47000141,https://www.airbnb.com.vn/users/show/47000141,Cindy,2025-04-12,"Hà Nội, Việt Nam","Xin chào, tôi là Cindy, đã có 1 năm kinh nghiệm làm host. Tôi yêu thích du lịch và luôn mong muốn đem lại trải nghiệm lưu trú thoải mái nhất cho khách.",trong vòng một giờ,100%,98%,f,https://a0.muscache.com/im/pictures/user/User-47000141/original/user_profile_1.jpeg,https://a0.muscache.com/im/pictures/user/User-47000141/original/user_profile_1.jpeg,Quận Tây Hồ,8,10,"['email', 'phone', 'work_email']",t,t,Quận Tây Hồ,Quận Tây Hồ,Hà Nội,21.053937604480957,105.8091161622125,Phòng riêng trong nhà,Private room,2,1.0,1 phòng tắm,1,1,"[""Dầu gội & Sữa tắm"", ""Bộ chăn ga gối cao cấp"", ""Bồn tắm thư giãn"", ""Máy sấy tóc"", ""Ban công ngắm cảnh"", ""Bếp đầy đủ tiện nghi"", ""Tủ lạnh"", ""Bàn ủi / Bàn là"", ""Tự nhận phòng với hộp khóa an toàn"", ""Điều hòa nhiệt độ"", ""Máy phát hiện khí CO"", ""Không gian riêng để làm việc"", ""Máy giặt"", ""Máy báo khói"", ""Chỗ đỗ xe miễn phí trong khuôn viên"", ""Thang máy"", ""Wi-fi tốc độ cao"", ""Lò vi sóng"", ""TV màn hình phẳng"", ""Bể bơi""]","₫559,000",1,1125,1,2,1125,1125,1.0,1125.0,today,t,17,39,52,266,2026-09-26,14,4,3,2026-02-28,2026-09-14,4.93,4.88,4.97,5.0,5.0,4.97,4.77,,f,2,0,1,0,4.36,"[""https://a0.muscache.com/im/pictures/hosting/Hosting-1683897441594839927/original/ec0c4343-2809-4421-8993-74bfff02d998.jpeg"", ""https://a0.muscache.com/im/pictures/hosting/Hosting-1683897441594839927/original/d70606fd-9708-4484-97d2-b2da2b359666.jpeg"", ""https://a0.muscache.com/im/pictures/hosting/Hosting-1683897441594839927/original/bdc620c7-4ee6-4842-aaa7-aba9f6d0aeb1.jpeg"", ""https://a0.muscache.com/im/pictures/hosting/Hosting-1683897441594839927/original/44703c61-e1d4-4361-9a5c-126e7df0b5b7.jpeg"", ""https://a0.muscache.com/im/pictures/hosting/Hosting-1683897441594839927/original/bf66f563-49d1-4c3d-a71d-da422ce46c20.jpeg"", ""https://a0.muscache.com/im/pictures/hosting/Hosting-1683897441594839927/original/9063caf3-a7de-4e90-89aa-d988b3284ce3.jpeg""]",t,"[{""name"": ""Dang Nguyen"", ""avatar"": ""https://a0.muscache.com/im/pictures/user/avatar_dang.jpg""}, {""name"": ""Cindy"", ""avatar"": ""https://a0.muscache.com/im/pictures/user/avatar_cindy.jpg""}]","[{""name"": ""DECOR"", ""localizedName"": ""Trang trí"", ""count"": 5}, {""name"": ""INTERIOR"", ""localizedName"": ""Không gian bên trong"", ""count"": 6}, {""name"": ""CLEANLINESS"", ""localizedName"": ""Mức độ sạch sẽ"", ""count"": 16}, {""name"": ""LOCATION"", ""localizedName"": ""Địa điểm"", ""count"": 4}, {""name"": ""HOSPITALITY"", ""localizedName"": ""Hiếu khách"", ""count"": 15}]","[{""title"": ""Trải nghiệm nhận phòng xuất sắc"", ""subtitle"": ""Những khách ở gần đây đã xếp hạng 5 sao cho quy trình nhận phòng.""}, {""title"": ""Tự nhận phòng"", ""subtitle"": ""Tự nhận phòng với hộp khóa an toàn.""}]"
1775313430059513848,https://www.airbnb.com.vn/rooms/1775313430059513848,20260926000000,2026-09-26,city search,"3 phòng ngủ, nhìn ra hồ • Tầng cao • Căn hộ sang trọng","Chào mừng bạn đến với 3 phòng ngủ, nhìn ra hồ • Tầng cao • Căn hộ sang trọng — một không gian lưu trú ấm cúng, sang trọng tọa lạc tại Quận Bắc Từ Liêm, Hà Nội.
Căn phòng tràn ngập ánh sáng tự nhiên với đầy đủ tiện nghi cao cấp, giường nệm êm ái, máy lạnh, TV và wifi tốc độ cao. Rất thuận tiện di chuyển tới các điểm tham quan, nhà hàng ẩm thực và quán cà phê nổi tiếng của Hà Nội.","Khu vực Quận Bắc Từ Liêm an ninh, văn minh, gần nhiều địa điểm ăn uống, mua sắm và giải trí sầm uất tại Hà Nội.",https://a0.muscache.com/im/pictures/hosting/Hosting-1775313430059513848/original/2549e886-5c8f-44bf-a763-7e1dac992037.png,47000142,https://www.airbnb.com.vn/users/show/47000142,Rose,2022-02-17,"Hà Nội, Việt Nam","Xin chào, tôi là Rose, đã có 4 năm kinh nghiệm làm host. Tôi yêu thích du lịch và luôn mong muốn đem lại trải nghiệm lưu trú thoải mái nhất cho khách.",trong vòng một giờ,100%,98%,t,https://a0.muscache.com/im/pictures/user/User-47000142/original/user_profile_2.jpeg,https://a0.muscache.com/im/pictures/user/User-47000142/original/user_profile_2.jpeg,Quận Bắc Từ Liêm,7,9,"['email', 'phone', 'work_email']",t,t,Quận Bắc Từ Liêm,Quận Bắc Từ Liêm,Hà Nội,21.00574,105.79662,Toàn bộ căn hộ cho thuê,Entire home/apt,6,2.0,2 phòng tắm,3,3,"[""Điều hòa nhiệt độ"", ""Bộ chăn ga gối cao cấp"", ""Chỗ đỗ xe miễn phí trong khuôn viên"", ""Máy sấy tóc"", ""TV màn hình phẳng"", ""Máy phát hiện khí CO"", ""Bếp đầy đủ tiện nghi"", ""Tự nhận phòng với hộp khóa an toàn"", ""Thang máy"", ""Bồn tắm thư giãn"", ""Dầu gội & Sữa tắm"", ""Wi-fi tốc độ cao"", ""Máy báo khói"", ""Tủ lạnh"", ""Bàn ủi / Bàn là"", ""Bể bơi"", ""Ban công ngắm cảnh"", ""Không gian riêng để làm việc"", ""Máy giặt"", ""Lò vi sóng""]","₫2,323,000",1,1125,1,2,1125,1125,1.0,1125.0,today,t,16,47,81,249,2026-09-26,44,26,5,2024-12-05,2026-09-14,4.85,4.92,4.99,5.0,5.0,4.89,4.89,,t,2,2,0,0,1.32,"[""https://a0.muscache.com/im/pictures/hosting/Hosting-1775313430059513848/original/2549e886-5c8f-44bf-a763-7e1dac992037.png"", ""https://a0.muscache.com/im/pictures/hosting/Hosting-1775313430059513848/original/64c0102d-ca79-4506-adef-32a7212c88d8.jpeg"", ""https://a0.muscache.com/im/pictures/hosting/Hosting-1775313430059513848/original/e8204720-214e-4a19-9b9e-17ad7d1aa6d9.jpeg"", ""https://a0.muscache.com/im/pictures/hosting/Hosting-1775313430059513848/original/05448ea7-56fe-4c83-b4d3-62e4ad5d9322.jpeg"", ""https://a0.muscache.com/im/pictures/hosting/Hosting-1775313430059513848/original/15f32e60-f07b-441f-ab35-7e591c8f9d43.jpeg"", ""https://a0.muscache.com/im/pictures/hosting/Hosting-1775313430059513848/original/d65c80ec-e91f-4e05-a2f7-62e9a46e3461.jpeg"", ""https://a0.muscache.com/im/pictures/hosting/Hosting-1775313430059513848/original/f1fba90c-aee1-4688-a82b-fdf6841751d3.jpeg"", ""https://a0.muscache.com/im/pictures/hosting/Hosting-1775313430059513848/original/b04831fc-2b66-4d0f-82e4-e989c3433a59.jpeg"", ""https://a0.muscache.com/im/pictures/hosting/Hosting-1775313430059513848/original/2992245b-116a-4282-a9f5-c02488030fdf.jpeg"", ""https://a0.muscache.com/im/pictures/hosting/Hosting-1775313430059513848/original/6f3f6da5-be54-4492-85c2-a4aca1675c34.jpeg"", ""https://a0.muscache.com/im/pictures/hosting/Hosting-1775313430059513848/original/2ba95288-4575-4550-9e63-22f9c4d8787a.jpeg"", ""https://a0.muscache.com/im/pictures/hosting/Hosting-1775313430059513848/original/1426a86c-d159-45bf-900b-8dd22b5f38ec.jpeg"", ""https://a0.muscache.com/im/pictures/hosting/Hosting-1775313430059513848/original/f514bef5-3f7d-4e8d-83a0-4d65e686839e.jpeg"", ""https://a0.muscache.com/im/pictures/hosting/Hosting-1775313430059513848/original/8263319a-862f-4628-a820-21c224aa3180.jpeg"", ""https://a0.muscache.com/im/pictures/hosting/Hosting-1775313430059513848/original/6d6ec6db-2357-4569-ae5b-9dfc96716ec9.jpeg"", ""https://a0.muscache.com/im/pictures/hosting/Hosting-1775313430059513848/original/a80d8fe4-67a7-4596-b0ad-f3b6e9f02624.jpeg"", ""https://a0.muscache.com/im/pictures/hosting/Hosting-1775313430059513848/original/4912e59d-ebac-42f6-b7da-d60ee9796691.jpeg"", ""https://a0.muscache.com/im/pictures/hosting/Hosting-1775313430059513848/original/e4915dd7-a590-4c55-b52b-4c8ccb65fb3f.jpeg""]",f,"[{""name"": ""Cindy"", ""avatar"": ""https://a0.muscache.com/im/pictures/user/avatar_cindy.jpg""}, {""name"": ""Rùa"", ""avatar"": ""https://a0.muscache.com/im/pictures/user/avatar_rua.jpg""}]","[{""name"": ""DECOR"", ""localizedName"": ""Trang trí"", ""count"": 15}, {""name"": ""INTERIOR"", ""localizedName"": ""Không gian bên trong"", ""count"": 22}, {""name"": ""CLEANLINESS"", ""localizedName"": ""Mức độ sạch sẽ"", ""count"": 13}, {""name"": ""LOCATION"", ""localizedName"": ""Địa điểm"", ""count"": 4}, {""name"": ""HOSPITALITY"", ""localizedName"": ""Hiếu khách"", ""count"": 9}]","[{""title"": ""Trải nghiệm nhận phòng xuất sắc"", ""subtitle"": ""Những khách ở gần đây đã xếp hạng 5 sao cho quy trình nhận phòng.""}, {""title"": ""Tự nhận phòng"", ""subtitle"": ""Tự nhận phòng với hộp khóa an toàn.""}]"
1775852736171229978,https://www.airbnb.com.vn/rooms/1775852736171229978,20260926000000,2026-09-26,city search,The Sol Duplex của Ở Space,"Chào mừng bạn đến với The Sol Duplex của Ở Space — một không gian lưu trú ấm cúng, sang trọng tọa lạc tại Quận Thanh Xuân, Hà Nội.
Căn phòng tràn ngập ánh sáng tự nhiên với đầy đủ tiện nghi cao cấp, giường nệm êm ái, máy lạnh, TV và wifi tốc độ cao. Rất thuận tiện di chuyển tới các điểm tham quan, nhà hàng ẩm thực và quán cà phê nổi tiếng của Hà Nội.","Khu vực Quận Thanh Xuân an ninh, văn minh, gần nhiều địa điểm ăn uống, mua sắm và giải trí sầm uất tại Hà Nội.",https://a0.muscache.com/im/pictures/hosting/Hosting-1775852736171229978/original/772a4fc9-4e9a-4aa4-ae44-1d3647506db9.jpeg,47000143,https://www.airbnb.com.vn/users/show/47000143,LangX,2022-05-08,"Hà Nội, Việt Nam","Xin chào, tôi là LangX, đã có 4 năm kinh nghiệm làm host. Tôi yêu thích du lịch và luôn mong muốn đem lại trải nghiệm lưu trú thoải mái nhất cho khách.",trong vòng một giờ,100%,98%,f,https://a0.muscache.com/im/pictures/user/User-47000143/original/user_profile_3.jpeg,https://a0.muscache.com/im/pictures/user/User-47000143/original/user_profile_3.jpeg,Quận Thanh Xuân,1,5,"['email', 'phone', 'work_email']",t,t,Quận Thanh Xuân,Quận Thanh Xuân,Hà Nội,20.9607,105.85664,Toàn bộ căn hộ cho thuê,Entire home/apt,4,2.0,2 phòng tắm,2,2,"[""Lò vi sóng"", ""Bàn ủi / Bàn là"", ""Bếp đầy đủ tiện nghi"", ""Thang máy"", ""Máy phát hiện khí CO"", ""Dầu gội & Sữa tắm"", ""Chỗ đỗ xe miễn phí trong khuôn viên"", ""Bể bơi"", ""Wi-fi tốc độ cao"", ""Ban công ngắm cảnh"", ""Không gian riêng để làm việc"", ""Tủ lạnh"", ""Máy sấy tóc"", ""Tự nhận phòng với hộp khóa an toàn"", ""Bồn tắm thư giãn"", ""TV màn hình phẳng"", ""Bộ chăn ga gối cao cấp"", ""Máy giặt"", ""Điều hòa nhiệt độ""]","₫680,150",1,1125,1,2,1125,1125,1.0,1125.0,today,t,22,45,82,295,2026-09-26,169,40,5,2023-06-14,2026-09-05,4.85,4.83,4.92,5.0,5.0,4.89,4.77,,f,2,2,0,0,3.08,"[""https://a0.muscache.com/im/pictures/hosting/Hosting-1775852736171229978/original/772a4fc9-4e9a-4aa4-ae44-1d3647506db9.jpeg"", ""https://a0.muscache.com/im/pictures/hosting/Hosting-1775852736171229978/original/4238d0af-9365-4234-972d-1a58aec83b96.jpeg"", ""https://a0.muscache.com/im/pictures/hosting/Hosting-1775852736171229978/original/ce6c97ec-b066-4ba0-98bb-896fb20ae79f.jpeg"", ""https://a0.muscache.com/im/pictures/hosting/Hosting-1775852736171229978/original/cd518b63-e9a9-4b4e-a597-414877597fad.jpeg"", ""https://a0.muscache.com/im/pictures/hosting/Hosting-1775852736171229978/original/58616318-ce7c-497b-85fa-c944ac9f8cae.jpeg"", ""https://a0.muscache.com/im/pictures/hosting/Hosting-1775852736171229978/original/b1a5c810-4c43-4251-a2c9-0d927186e7a3.jpeg"", ""https://a0.muscache.com/im/pictures/hosting/Hosting-1775852736171229978/original/055e9da4-088c-450e-ac8c-9857e27c5bc1.jpeg"", ""https://a0.muscache.com/im/pictures/hosting/Hosting-1775852736171229978/original/59e38d74-d33c-4479-93b1-656a511493f3.jpeg"", ""https://a0.muscache.com/im/pictures/hosting/Hosting-1775852736171229978/original/0b957521-801c-4d32-b72d-5bda1a1e0971.jpeg"", ""https://a0.muscache.com/im/pictures/hosting/Hosting-1775852736171229978/original/a3f2a67f-21e2-4c78-9eaa-f5fd2dd6e890.jpeg"", ""https://a0.muscache.com/im/pictures/hosting/Hosting-1775852736171229978/original/742a7491-301d-46bf-902c-ae3406242f46.jpeg"", ""https://a0.muscache.com/im/pictures/hosting/Hosting-1775852736171229978/original/8a03d311-d495-4523-ab23-68b9562c9873.jpeg"", ""https://a0.muscache.com/im/pictures/hosting/Hosting-1775852736171229978/original/16bcb2f1-260b-44d3-979d-c12f20a57a1c.jpeg"", ""https://a0.muscache.com/im/pictures/hosting/Hosting-1775852736171229978/original/e5ec1684-77cd-4aaa-b120-8f32e3db5a65.jpeg"", ""https://a0.muscache.com/im/pictures/hosting/Hosting-1775852736171229978/original/bc9a3b2a-2d24-46a2-b14e-004acb4a63a9.jpeg"", ""https://a0.muscache.com/im/pictures/hosting/Hosting-1775852736171229978/original/91c4a55f-c77d-40b2-a6b3-f2e3f3805ebd.jpeg"", ""https://a0.muscache.com/im/pictures/hosting/Hosting-1775852736171229978/original/1439ddf5-8710-492c-829b-d0dbeef2a82e.jpeg"", ""https://a0.muscache.com/im/pictures/hosting/Hosting-1775852736171229978/original/a04e4181-ecb3-4154-8040-9e7ca6f5e596.jpeg"", ""https://a0.muscache.com/im/pictures/hosting/Hosting-1775852736171229978/original/34463c27-3a45-453a-9d55-c3d7b47de120.jpeg"", ""https://a0.muscache.com/im/pictures/hosting/Hosting-1775852736171229978/original/ce8fcc09-f749-4809-b2e2-2ba231d3e554.jpeg"", ""https://a0.muscache.com/im/pictures/hosting/Hosting-1775852736171229978/original/b3a1f3f8-b218-44b8-8b3b-5eeaf86c3faa.jpeg"", ""https://a0.muscache.com/im/pictures/hosting/Hosting-1775852736171229978/original/77346593-fd03-4169-88ba-9057004b723f.jpeg"", ""https://a0.muscache.com/im/pictures/hosting/Hosting-1775852736171229978/original/15952b15-08d0-4be6-b02b-bed7170160c5.jpeg"", ""https://a0.muscache.com/im/pictures/hosting/Hosting-1775852736171229978/original/69a6d4af-fae2-466f-8a4a-7929951aa455.jpeg"", ""https://a0.muscache.com/im/pictures/hosting/Hosting-1775852736171229978/original/f016c12b-5c6f-4733-828e-a4d4f99ea28c.jpeg"", ""https://a0.muscache.com/im/pictures/hosting/Hosting-1775852736171229978/original/0e2ddfaf-85fc-4e2e-a9f0-543948ad859c.jpeg"", ""https://a0.muscache.com/im/pictures/hosting/Hosting-1775852736171229978/original/51e5360a-9747-4404-bf1b-d338145a0618.jpeg"", ""https://a0.muscache.com/im/pictures/hosting/Hosting-1775852736171229978/original/55e84e94-77e8-4e05-b698-584533c6a33c.jpeg""]",f,"[{""name"": ""Cindy"", ""avatar"": ""https://a0.muscache.com/im/pictures/user/avatar_cindy.jpg""}, {""name"": ""Dang Nguyen"", ""avatar"": ""https://a0.muscache.com/im/pictures/user/avatar_dang.jpg""}, {""name"": ""Rùa"", ""avatar"": ""https://a0.muscache.com/im/pictures/user/avatar_rua.jpg""}]","[{""name"": ""DECOR"", ""localizedName"": ""Trang trí"", ""count"": 3}, {""name"": ""INTERIOR"", ""localizedName"": ""Không gian bên trong"", ""count"": 2}, {""name"": ""CLEANLINESS"", ""localizedName"": ""Mức độ sạch sẽ"", ""count"": 8}, {""name"": ""LOCATION"", ""localizedName"": ""Địa điểm"", ""count"": 10}, {""name"": ""HOSPITALITY"", ""localizedName"": ""Hiếu khách"", ""count"": 13}]","[{""title"": ""Trải nghiệm nhận phòng xuất sắc"", ""subtitle"": ""Những khách ở gần đây đã xếp hạng 5 sao cho quy trình nhận phòng.""}, {""title"": ""Tự nhận phòng"", ""subtitle"": ""Tự nhận phòng với hộp khóa an toàn.""}]"
1539256680758617895,https://www.airbnb.com.vn/rooms/1539256680758617895,20260926000000,2026-09-26,city search,Căn hộ Calyra - 2 phút đến Hồ Tây,"Chào mừng bạn đến với Căn hộ Calyra - 2 phút đến Hồ Tây — một không gian lưu trú ấm cúng, sang trọng tọa lạc tại Quận Tây Hồ, Hà Nội.
Căn phòng tràn ngập ánh sáng tự nhiên với đầy đủ tiện nghi cao cấp, giường nệm êm ái, máy lạnh, TV và wifi tốc độ cao. Rất thuận tiện di chuyển tới các điểm tham quan, nhà hàng ẩm thực và quán cà phê nổi tiếng của Hà Nội.","Khu vực Quận Tây Hồ an ninh, văn minh, gần nhiều địa điểm ăn uống, mua sắm và giải trí sầm uất tại Hà Nội.",https://a0.muscache.com/im/pictures/hosting/Hosting-1539256680758617895/original/30ab48a6-a014-4d4e-aa23-8eba21a24eca.jpeg,47000144,https://www.airbnb.com.vn/users/show/47000144,Ken,2021-05-03,"Hà Nội, Việt Nam","Xin chào, tôi là Ken, đã có 5 năm kinh nghiệm làm host. Tôi yêu thích du lịch và luôn mong muốn đem lại trải nghiệm lưu trú thoải mái nhất cho khách.",trong vòng một giờ,100%,98%,t,https://a0.muscache.com/im/pictures/user/User-47000144/original/user_profile_4.jpeg,https://a0.muscache.com/im/pictures/user/User-47000144/original/user_profile_4.jpeg,Quận Tây Hồ,3,1,"['email', 'phone', 'work_email']",t,t,Quận Tây Hồ,Quận Tây Hồ,Hà Nội,21.051536822572356,105.81009837929976,Phòng riêng trong nhà,Private room,4,1.0,1 phòng tắm,1,2,"[""Bể bơi"", ""Tự nhận phòng với hộp khóa an toàn"", ""Lò vi sóng"", ""Dầu gội & Sữa tắm"", ""Máy sấy tóc"", ""Điều hòa nhiệt độ"", ""Máy báo khói"", ""Wi-fi tốc độ cao"", ""Máy giặt"", ""Tủ lạnh"", ""TV màn hình phẳng"", ""Không gian riêng để làm việc"", ""Bộ chăn ga gối cao cấp"", ""Thang máy"", ""Bồn tắm thư giãn"", ""Ban công ngắm cảnh""]","₫630,000",1,1125,1,2,1125,1125,1.0,1125.0,today,t,17,36,56,290,2026-09-26,47,26,4,2024-10-21,2026-09-08,4.85,4.98,4.97,5.0,5.0,4.75,4.74,,t,2,0,1,0,4.03,"[""https://a0.muscache.com/im/pictures/hosting/Hosting-1539256680758617895/original/30ab48a6-a014-4d4e-aa23-8eba21a24eca.jpeg"", ""https://a0.muscache.com/im/pictures/hosting/Hosting-1539256680758617895/original/6cfc3cb0-5374-47df-9dd6-b211accabf20.jpeg"", ""https://a0.muscache.com/im/pictures/hosting/Hosting-1539256680758617895/original/eb6710a3-07fa-4e6f-af3d-feca4cb89fc1.jpeg"", ""https://a0.muscache.com/im/pictures/hosting/Hosting-1539256680758617895/original/c7ed057b-df98-4d13-b22c-dbc817464af0.jpeg"", ""https://a0.muscache.com/im/pictures/hosting/Hosting-1539256680758617895/original/0065b35d-df5d-4e06-a419-8f6afac86250.jpeg"", ""https://a0.muscache.com/im/pictures/hosting/Hosting-1539256680758617895/original/158240e9-71fc-4cb5-a239-e334f9f8052f.jpeg""]",f,"[{""name"": ""Cindy"", ""avatar"": ""https://a0.muscache.com/im/pictures/user/avatar_cindy.jpg""}]","[{""name"": ""DECOR"", ""localizedName"": ""Trang trí"", ""count"": 13}, {""name"": ""INTERIOR"", ""localizedName"": ""Không gian bên trong"", ""count"": 10}, {""name"": ""CLEANLINESS"", ""localizedName"": ""Mức độ sạch sẽ"", ""count"": 13}, {""name"": ""LOCATION"", ""localizedName"": ""Địa điểm"", ""count"": 16}, {""name"": ""HOSPITALITY"", ""localizedName"": ""Hiếu khách"", ""count"": 11}]","[{""title"": ""Trải nghiệm nhận phòng xuất sắc"", ""subtitle"": ""Những khách ở gần đây đã xếp hạng 5 sao cho quy trình nhận phòng.""}, {""title"": ""Tự nhận phòng"", ""subtitle"": ""Tự nhận phòng với hộp khóa an toàn.""}]"
1333942610231002782,https://www.airbnb.com.vn/rooms/1333942610231002782,20260926000000,2026-09-26,city search,Phòng 40m²/Hoàn Kiếm/ Nhà Hát Lớn/Tiện nghi đầy đủ,"Chào mừng bạn đến với Phòng 40m²/Hoàn Kiếm/ Nhà Hát Lớn/Tiện nghi đầy đủ — một không gian lưu trú ấm cúng, sang trọng tọa lạc tại Quận Hoàn Kiếm, Hà Nội.
Căn phòng tràn ngập ánh sáng tự nhiên với đầy đủ tiện nghi cao cấp, giường nệm êm ái, máy lạnh, TV và wifi tốc độ cao. Rất thuận tiện di chuyển tới các điểm tham quan, nhà hàng ẩm thực và quán cà phê nổi tiếng của Hà Nội.","Khu vực Quận Hoàn Kiếm an ninh, văn minh, gần nhiều địa điểm ăn uống, mua sắm và giải trí sầm uất tại Hà Nội.",https://a0.muscache.com/im/pictures/hosting/Hosting-U3RheVN1cHBseUxpc3Rpbmc6MTMzMzk0MjYxMDIzMTAwMjc4Mg%3D%3D/original/a48127d9-d4f3-4b15-ba72-97533c99bb6c.png,47000145,https://www.airbnb.com.vn/users/show/47000145,Bella,2021-04-16,"Hà Nội, Việt Nam","Xin chào, tôi là Bella, đã có 5 năm kinh nghiệm làm host. Tôi yêu thích du lịch và luôn mong muốn đem lại trải nghiệm lưu trú thoải mái nhất cho khách.",trong vòng một giờ,100%,98%,f,https://a0.muscache.com/im/pictures/user/User-47000145/original/user_profile_5.jpeg,https://a0.muscache.com/im/pictures/user/User-47000145/original/user_profile_5.jpeg,Quận Hoàn Kiếm,4,2,"['email', 'phone', 'work_email']",t,t,Quận Hoàn Kiếm,Quận Hoàn Kiếm,Hà Nội,21.0224,105.8609,Phòng riêng trong nhà,Private room,2,1.0,1 phòng tắm,1,1,"[""Thang máy"", ""Điều hòa nhiệt độ"", ""Ban công ngắm cảnh"", ""Không gian riêng để làm việc"", ""Lò vi sóng"", ""Chỗ đỗ xe miễn phí trong khuôn viên"", ""Dầu gội & Sữa tắm"", ""Bồn tắm thư giãn"", ""Bàn ủi / Bàn là"", ""Wi-fi tốc độ cao"", ""Máy giặt"", ""Tự nhận phòng với hộp khóa an toàn"", ""Bộ chăn ga gối cao cấp"", ""TV màn hình phẳng"", ""Tủ lạnh""]","₫510,000",1,1125,1,2,1125,1125,1.0,1125.0,today,t,26,30,78,276,2026-09-26,13,12,4,2026-03-15,2026-09-22,4.92,4.99,4.88,5.0,5.0,4.89,4.91,,f,2,0,1,0,3.23,"[""https://a0.muscache.com/im/pictures/hosting/Hosting-U3RheVN1cHBseUxpc3Rpbmc6MTMzMzk0MjYxMDIzMTAwMjc4Mg%3D%3D/original/a48127d9-d4f3-4b15-ba72-97533c99bb6c.png"", ""https://a0.muscache.com/im/pictures/hosting/Hosting-U3RheVN1cHBseUxpc3Rpbmc6MTMzMzk0MjYxMDIzMTAwMjc4Mg%3D%3D/original/d46a5642-f131-4a3b-aa89-1d2c915a6efe.jpeg"", ""https://a0.muscache.com/im/pictures/hosting/Hosting-U3RheVN1cHBseUxpc3Rpbmc6MTMzMzk0MjYxMDIzMTAwMjc4Mg%3D%3D/original/981dd5f1-ca23-4509-8ac3-ceeb56e23760.jpeg"", ""https://a0.muscache.com/im/pictures/hosting/Hosting-U3RheVN1cHBseUxpc3Rpbmc6MTMzMzk0MjYxMDIzMTAwMjc4Mg%3D%3D/original/99c725c6-5d3e-4a7c-bebb-ac61a31e902e.png"", ""https://a0.muscache.com/im/pictures/hosting/Hosting-U3RheVN1cHBseUxpc3Rpbmc6MTMzMzk0MjYxMDIzMTAwMjc4Mg%3D%3D/original/334957fd-94e2-4b86-a988-a5e8d584a0b7.jpeg"", ""https://a0.muscache.com/im/pictures/miso/Hosting-1333942610231002782/original/256fc5ca-76b5-4444-ba5f-1bcd7dc558ac.jpeg""]",t,"[{""name"": ""Rùa"", ""avatar"": ""https://a0.muscache.com/im/pictures/user/avatar_rua.jpg""}, {""name"": ""Dang Nguyen"", ""avatar"": ""https://a0.muscache.com/im/pictures/user/avatar_dang.jpg""}, {""name"": ""Cindy"", ""avatar"": ""https://a0.muscache.com/im/pictures/user/avatar_cindy.jpg""}]","[{""name"": ""DECOR"", ""localizedName"": ""Trang trí"", ""count"": 5}, {""name"": ""INTERIOR"", ""localizedName"": ""Không gian bên trong"", ""count"": 22}, {""name"": ""CLEANLINESS"", ""localizedName"": ""Mức độ sạch sẽ"", ""count"": 11}, {""name"": ""LOCATION"", ""localizedName"": ""Địa điểm"", ""count"": 7}, {""name"": ""HOSPITALITY"", ""localizedName"": ""Hiếu khách"", ""count"": 5}]","[{""title"": ""Trải nghiệm nhận phòng xuất sắc"", ""subtitle"": ""Những khách ở gần đây đã xếp hạng 5 sao cho quy trình nhận phòng.""}, {""title"": ""Tự nhận phòng"", ""subtitle"": ""Tự nhận phòng với hộp khóa an toàn.""}]"
1539199121080077966,https://www.airbnb.com.vn/rooms/1539199121080077966,20260926000000,2026-09-26,city search,Căn hộ Venus - 2 phút đến Hồ Tây,"Chào mừng bạn đến với Căn hộ Venus - 2 phút đến Hồ Tây — một không gian lưu trú ấm cúng, sang trọng tọa lạc tại Quận Tây Hồ, Hà Nội.
Căn phòng tràn ngập ánh sáng tự nhiên với đầy đủ tiện nghi cao cấp, giường nệm êm ái, máy lạnh, TV và wifi tốc độ cao. Rất thuận tiện di chuyển tới các điểm tham quan, nhà hàng ẩm thực và quán cà phê nổi tiếng của Hà Nội.","Khu vực Quận Tây Hồ an ninh, văn minh, gần nhiều địa điểm ăn uống, mua sắm và giải trí sầm uất tại Hà Nội.",https://a0.muscache.com/im/pictures/hosting/Hosting-1539199121080077966/original/0e800757-fe43-4056-9d8e-85233de7f2ca.jpeg,47000146,https://www.airbnb.com.vn/users/show/47000146,Tony,2020-09-12,"Hà Nội, Việt Nam","Xin chào, tôi là Tony, đã có 6 năm kinh nghiệm làm host. Tôi yêu thích du lịch và luôn mong muốn đem lại trải nghiệm lưu trú thoải mái nhất cho khách.",trong vòng một giờ,100%,98%,t,https://a0.muscache.com/im/pictures/user/User-47000146/original/user_profile_6.jpeg,https://a0.muscache.com/im/pictures/user/User-47000146/original/user_profile_6.jpeg,Quận Tây Hồ,10,4,"['email', 'phone', 'work_email']",t,t,Quận Tây Hồ,Quận Tây Hồ,Hà Nội,21.050438551683964,105.81168368672763,Phòng riêng trong nhà,Private room,2,1.0,1 phòng tắm,1,1,"[""Tự nhận phòng với hộp khóa an toàn"", ""Dầu gội & Sữa tắm"", ""Không gian riêng để làm việc"", ""Máy sấy tóc"", ""Chỗ đỗ xe miễn phí trong khuôn viên"", ""Điều hòa nhiệt độ"", ""Bồn tắm thư giãn"", ""Bếp đầy đủ tiện nghi"", ""Máy giặt"", ""Thang máy"", ""Tủ lạnh"", ""Bể bơi"", ""Máy phát hiện khí CO"", ""Wi-fi tốc độ cao"", ""Ban công ngắm cảnh"", ""Bộ chăn ga gối cao cấp"", ""Lò vi sóng"", ""Máy báo khói"", ""Bàn ủi / Bàn là"", ""TV màn hình phẳng""]","₫540,000",1,1125,1,2,1125,1125,1.0,1125.0,today,t,21,51,80,288,2026-09-26,20,15,4,2025-11-30,2026-09-23,4.9,4.99,4.95,5.0,5.0,4.98,4.82,,t,2,0,1,0,2.17,"[""https://a0.muscache.com/im/pictures/hosting/Hosting-1539199121080077966/original/0e800757-fe43-4056-9d8e-85233de7f2ca.jpeg"", ""https://a0.muscache.com/im/pictures/hosting/Hosting-1539199121080077966/original/8a6d6b15-c1bf-4aee-b25f-ce8c62a7a577.jpeg"", ""https://a0.muscache.com/im/pictures/hosting/Hosting-1539199121080077966/original/161bc33a-20b7-4aab-93bc-47539b3a79b5.jpeg"", ""https://a0.muscache.com/im/pictures/hosting/Hosting-1539199121080077966/original/bfd551f8-c348-4478-b3dc-2183c6be3e41.jpeg"", ""https://a0.muscache.com/im/pictures/hosting/Hosting-1539199121080077966/original/cd9096ee-dc14-4af2-a430-2827babf6d4c.jpeg"", ""https://a0.muscache.com/im/pictures/hosting/Hosting-1539199121080077966/original/4f686776-f9ce-40b3-9d81-c08319d8a705.jpeg""]",t,"[{""name"": ""Dang Nguyen"", ""avatar"": ""https://a0.muscache.com/im/pictures/user/avatar_dang.jpg""}]","[{""name"": ""DECOR"", ""localizedName"": ""Trang trí"", ""count"": 5}, {""name"": ""INTERIOR"", ""localizedName"": ""Không gian bên trong"", ""count"": 9}, {""name"": ""CLEANLINESS"", ""localizedName"": ""Mức độ sạch sẽ"", ""count"": 10}, {""name"": ""LOCATION"", ""localizedName"": ""Địa điểm"", ""count"": 3}, {""name"": ""HOSPITALITY"", ""localizedName"": ""Hiếu khách"", ""count"": 7}]","[{""title"": ""Trải nghiệm nhận phòng xuất sắc"", ""subtitle"": ""Những khách ở gần đây đã xếp hạng 5 sao cho quy trình nhận phòng.""}, {""title"": ""Tự nhận phòng"", ""subtitle"": ""Tự nhận phòng với hộp khóa an toàn.""}]"
1355558634799350782,https://www.airbnb.com.vn/rooms/1355558634799350782,20260926000000,2026-09-26,city search,"Khu phố cổ LH Homestay, Trung tâm Hà Nội","Chào mừng bạn đến với Khu phố cổ LH Homestay, Trung tâm Hà Nội — một không gian lưu trú ấm cúng, sang trọng tọa lạc tại Quận Hoàn Kiếm, Hà Nội.
Căn phòng tràn ngập ánh sáng tự nhiên với đầy đủ tiện nghi cao cấp, giường nệm êm ái, máy lạnh, TV và wifi tốc độ cao. Rất thuận tiện di chuyển tới các điểm tham quan, nhà hàng ẩm thực và quán cà phê nổi tiếng của Hà Nội.","Khu vực Quận Hoàn Kiếm an ninh, văn minh, gần nhiều địa điểm ăn uống, mua sắm và giải trí sầm uất tại Hà Nội.",https://a0.muscache.com/im/pictures/hosting/Hosting-1355558634799350782/original/f8246715-e416-4f5b-aab4-20d4ae92707b.jpeg,47000147,https://www.airbnb.com.vn/users/show/47000147,Anna,2023-07-20,"Hà Nội, Việt Nam","Xin chào, tôi là Anna, đã có 3 năm kinh nghiệm làm host. Tôi yêu thích du lịch và luôn mong muốn đem lại trải nghiệm lưu trú thoải mái nhất cho khách.",trong vòng một giờ,100%,98%,f,https://a0.muscache.com/im/pictures/user/User-47000147/original/user_profile_7.jpeg,https://a0.muscache.com/im/pictures/user/User-47000147/original/user_profile_7.jpeg,Quận Hoàn Kiếm,7,7,"['email', 'phone', 'work_email']",t,t,Quận Hoàn Kiếm,Quận Hoàn Kiếm,Hà Nội,21.0372,105.8516,Phòng riêng trong nhà,Private room,2,1.0,1 phòng tắm,1,1,"[""Bộ chăn ga gối cao cấp"", ""Bồn tắm thư giãn"", ""Không gian riêng để làm việc"", ""Điều hòa nhiệt độ"", ""Bếp đầy đủ tiện nghi"", ""Thang máy"", ""Máy phát hiện khí CO"", ""Ban công ngắm cảnh"", ""Máy giặt"", ""Tủ lạnh"", ""Lò vi sóng"", ""Tự nhận phòng với hộp khóa an toàn"", ""Chỗ đỗ xe miễn phí trong khuôn viên"", ""Wi-fi tốc độ cao"", ""TV màn hình phẳng"", ""Máy báo khói"", ""Dầu gội & Sữa tắm"", ""Máy sấy tóc"", ""Bể bơi"", ""Bàn ủi / Bàn là""]","₫600,000",1,1125,1,2,1125,1125,1.0,1125.0,today,t,25,32,67,283,2026-09-26,50,14,0,2024-09-06,2026-09-16,4.88,4.94,4.95,5.0,5.0,4.79,4.84,,f,2,0,1,0,2.76,"[""https://a0.muscache.com/im/pictures/hosting/Hosting-1355558634799350782/original/f8246715-e416-4f5b-aab4-20d4ae92707b.jpeg"", ""https://a0.muscache.com/im/pictures/hosting/Hosting-1355558634799350782/original/a1a0aa8b-2564-4ee2-a9f5-0849fec02b75.jpeg"", ""https://a0.muscache.com/im/pictures/hosting/Hosting-1355558634799350782/original/350c8c29-837d-4c2c-b197-40faa52949c9.jpeg"", ""https://a0.muscache.com/im/pictures/hosting/Hosting-1355558634799350782/original/87a99a45-34ad-4e49-b6c9-44f480b2b5ec.jpeg"", ""https://a0.muscache.com/im/pictures/hosting/Hosting-1355558634799350782/original/b95824cc-b034-49c8-93d5-426352ec4573.jpeg"", ""https://a0.muscache.com/im/pictures/hosting/Hosting-1355558634799350782/original/e71a2438-eb46-4a67-a76b-1514df86d2bb.jpeg""]",t,"[{""name"": ""Dang Nguyen"", ""avatar"": ""https://a0.muscache.com/im/pictures/user/avatar_dang.jpg""}]","[{""name"": ""DECOR"", ""localizedName"": ""Trang trí"", ""count"": 2}, {""name"": ""INTERIOR"", ""localizedName"": ""Không gian bên trong"", ""count"": 3}, {""name"": ""CLEANLINESS"", ""localizedName"": ""Mức độ sạch sẽ"", ""count"": 22}, {""name"": ""LOCATION"", ""localizedName"": ""Địa điểm"", ""count"": 20}, {""name"": ""HOSPITALITY"", ""localizedName"": ""Hiếu khách"", ""count"": 14}]","[{""title"": ""Trải nghiệm nhận phòng xuất sắc"", ""subtitle"": ""Những khách ở gần đây đã xếp hạng 5 sao cho quy trình nhận phòng.""}, {""title"": ""Tự nhận phòng"", ""subtitle"": ""Tự nhận phòng với hộp khóa an toàn.""}]"
1745487052212472929,https://www.airbnb.com.vn/rooms/1745487052212472929,20260926000000,2026-09-26,city search,Kho báu ẩn giấu trong Khu phố cổ | 2 phòng ngủ | Bồn tắm | Điều hòa không khí toàn bộ,"Chào mừng bạn đến với Kho báu ẩn giấu trong Khu phố cổ | 2 phòng ngủ | Bồn tắm | Điều hòa không khí toàn bộ — một không gian lưu trú ấm cúng, sang trọng tọa lạc tại Quận Hoàn Kiếm, Hà Nội.
Căn phòng tràn ngập ánh sáng tự nhiên với đầy đủ tiện nghi cao cấp, giường nệm êm ái, máy lạnh, TV và wifi tốc độ cao. Rất thuận tiện di chuyển tới các điểm tham quan, nhà hàng ẩm thực và quán cà phê nổi tiếng của Hà Nội.","Khu vực Quận Hoàn Kiếm an ninh, văn minh, gần nhiều địa điểm ăn uống, mua sắm và giải trí sầm uất tại Hà Nội.",https://a0.muscache.com/im/pictures/hosting/Hosting-1745487052212472929/original/9d8f0e17-b53c-483e-bc3b-6eddca833caf.jpeg,47000148,https://www.airbnb.com.vn/users/show/47000148,David,2022-12-26,"Hà Nội, Việt Nam","Xin chào, tôi là David, đã có 3 năm kinh nghiệm làm host. Tôi yêu thích du lịch và luôn mong muốn đem lại trải nghiệm lưu trú thoải mái nhất cho khách.",trong vòng một giờ,100%,98%,t,https://a0.muscache.com/im/pictures/user/User-47000148/original/user_profile_8.jpeg,https://a0.muscache.com/im/pictures/user/User-47000148/original/user_profile_8.jpeg,Quận Hoàn Kiếm,3,7,"['email', 'phone', 'work_email']",t,t,Quận Hoàn Kiếm,Quận Hoàn Kiếm,Hà Nội,21.0324,105.8557,Toàn bộ căn hộ cho thuê,Entire home/apt,8,1.0,1 phòng tắm,2,4,"[""TV màn hình phẳng"", ""Bộ chăn ga gối cao cấp"", ""Bếp đầy đủ tiện nghi"", ""Wi-fi tốc độ cao"", ""Máy báo khói"", ""Tủ lạnh"", ""Dầu gội & Sữa tắm"", ""Bể bơi"", ""Máy giặt"", ""Máy sấy tóc"", ""Điều hòa nhiệt độ"", ""Không gian riêng để làm việc"", ""Bồn tắm thư giãn"", ""Lò vi sóng""]","₫1,834,000",1,1125,1,2,1125,1125,1.0,1125.0,today,t,20,45,62,323,2026-09-26,6,2,0,2026-06-28,2026-09-03,5.0,4.98,4.96,5.0,5.0,4.94,4.86,,t,2,2,0,0,3.33,"[""https://a0.muscache.com/im/pictures/hosting/Hosting-1745487052212472929/original/9d8f0e17-b53c-483e-bc3b-6eddca833caf.jpeg"", ""https://a0.muscache.com/im/pictures/hosting/Hosting-1745487052212472929/original/7686354b-fc53-4d3b-bb49-f772d39227b8.jpeg"", ""https://a0.muscache.com/im/pictures/hosting/Hosting-1745487052212472929/original/24023b58-9ead-42b3-a28b-2d1b1c8a3f5f.jpeg"", ""https://a0.muscache.com/im/pictures/hosting/Hosting-1745487052212472929/original/ed2f801f-2d82-4cd3-ae4a-fe9a7ebbe3da.jpeg"", ""https://a0.muscache.com/im/pictures/hosting/Hosting-1745487052212472929/original/2263e9a3-1809-4a54-89dd-37ce1bc22928.jpeg"", ""https://a0.muscache.com/im/pictures/hosting/Hosting-1745487052212472929/original/d767fc38-98ca-4662-a439-4ae7ac77a829.png"", ""https://a0.muscache.com/im/pictures/hosting/Hosting-1745487052212472929/original/9253cc71-e470-4cfb-96a4-b78b7a976f5a.jpeg"", ""https://a0.muscache.com/im/pictures/hosting/Hosting-1745487052212472929/original/cd70a196-ff09-4634-a1ed-3d2f1f0101ad.jpeg"", ""https://a0.muscache.com/im/pictures/hosting/Hosting-1745487052212472929/original/f28c5f45-2432-439f-83b7-cbe9b2c697cf.jpeg"", ""https://a0.muscache.com/im/pictures/hosting/Hosting-1745487052212472929/original/171da479-bcb1-4211-a3a5-f668a574d440.jpeg"", ""https://a0.muscache.com/im/pictures/hosting/Hosting-1745487052212472929/original/0fe10bc3-ab84-4730-8129-b3b581238a52.jpeg"", ""https://a0.muscache.com/im/pictures/hosting/Hosting-1745487052212472929/original/133816c6-a8b9-47a2-aa06-781d71d38df3.jpeg"", ""https://a0.muscache.com/im/pictures/hosting/Hosting-1745487052212472929/original/7f357854-a127-4daf-a44c-1acd84958487.jpeg"", ""https://a0.muscache.com/im/pictures/hosting/Hosting-1745487052212472929/original/fdd26b72-ecfe-4152-9a43-fd287704e978.jpeg"", ""https://a0.muscache.com/im/pictures/hosting/Hosting-1745487052212472929/original/91a222ff-fbc2-40e1-aaa8-2bf59d8380f9.jpeg"", ""https://a0.muscache.com/im/pictures/hosting/Hosting-1745487052212472929/original/4b50e7fb-ee9f-41e1-b092-cbac06346e58.jpeg"", ""https://a0.muscache.com/im/pictures/hosting/Hosting-1745487052212472929/original/6b0b6986-5e83-47aa-8d0b-703ab9f9a393.jpeg"", ""https://a0.muscache.com/im/pictures/hosting/Hosting-1745487052212472929/original/2b397e33-1371-4706-b017-e63782fc08d9.jpeg"", ""https://a0.muscache.com/im/pictures/hosting/Hosting-1745487052212472929/original/3637d0c1-ccb3-427f-98f7-2518186507ba.jpeg"", ""https://a0.muscache.com/im/pictures/hosting/Hosting-1745487052212472929/original/69ad1e76-8fb2-4ace-9ecb-e83db74ec3e3.jpeg"", ""https://a0.muscache.com/im/pictures/hosting/Hosting-1745487052212472929/original/ed9bc163-5081-4a0c-927b-715e09dcc464.jpeg"", ""https://a0.muscache.com/im/pictures/hosting/Hosting-1745487052212472929/original/cb8c184c-8785-41d6-88d6-8cf31e6fb0f7.jpeg"", ""https://a0.muscache.com/im/pictures/hosting/Hosting-1745487052212472929/original/ae2542da-b1dc-4ab9-aa80-b1c2ff6c7ca3.jpeg"", ""https://a0.muscache.com/im/pictures/hosting/Hosting-1745487052212472929/original/a3089e52-4f72-467a-9a3b-c5463efb15be.jpeg"", ""https://a0.muscache.com/im/pictures/hosting/Hosting-1745487052212472929/original/44af5010-046a-4f83-9dd2-09a508d1c643.jpeg"", ""https://a0.muscache.com/im/pictures/hosting/Hosting-1745487052212472929/original/61970e13-abb1-420c-a14b-7ae84ae5dcef.jpeg"", ""https://a0.muscache.com/im/pictures/hosting/Hosting-1745487052212472929/original/17beac2e-95f7-484d-acf1-ba513b8b98b4.jpeg"", ""https://a0.muscache.com/im/pictures/hosting/Hosting-1745487052212472929/original/ec45c2cd-5883-4767-a29c-72f5c7248456.jpeg"", ""https://a0.muscache.com/im/pictures/hosting/Hosting-1745487052212472929/original/aabaa08b-d976-48a6-8cb6-b0ce25bda999.jpeg""]",t,"[{""name"": ""Rùa"", ""avatar"": ""https://a0.muscache.com/im/pictures/user/avatar_rua.jpg""}, {""name"": ""Dang Nguyen"", ""avatar"": ""https://a0.muscache.com/im/pictures/user/avatar_dang.jpg""}]","[{""name"": ""DECOR"", ""localizedName"": ""Trang trí"", ""count"": 17}, {""name"": ""INTERIOR"", ""localizedName"": ""Không gian bên trong"", ""count"": 18}, {""name"": ""CLEANLINESS"", ""localizedName"": ""Mức độ sạch sẽ"", ""count"": 7}, {""name"": ""LOCATION"", ""localizedName"": ""Địa điểm"", ""count"": 10}, {""name"": ""HOSPITALITY"", ""localizedName"": ""Hiếu khách"", ""count"": 3}]","[{""title"": ""Trải nghiệm nhận phòng xuất sắc"", ""subtitle"": ""Những khách ở gần đây đã xếp hạng 5 sao cho quy trình nhận phòng.""}, {""title"": ""Tự nhận phòng"", ""subtitle"": ""Tự nhận phòng với hộp khóa an toàn.""}]"
1641877057884164908,https://www.airbnb.com.vn/rooms/1641877057884164908,20260926000000,2026-09-26,city search,Studio tiết kiệm gần Bệnh viện 354 & Khu vực Nhật Bản 21,"Chào mừng bạn đến với Studio tiết kiệm gần Bệnh viện 354 & Khu vực Nhật Bản 21 — một không gian lưu trú ấm cúng, sang trọng tọa lạc tại Quận Cầu Giấy, Hà Nội.
Căn phòng tràn ngập ánh sáng tự nhiên với đầy đủ tiện nghi cao cấp, giường nệm êm ái, máy lạnh, TV và wifi tốc độ cao. Rất thuận tiện di chuyển tới các điểm tham quan, nhà hàng ẩm thực và quán cà phê nổi tiếng của Hà Nội.","Khu vực Quận Cầu Giấy an ninh, văn minh, gần nhiều địa điểm ăn uống, mua sắm và giải trí sầm uất tại Hà Nội.",https://a0.muscache.com/im/pictures/hosting/Hosting-1641874273472775990/original/fa661058-7d3c-415c-9adc-36c5a140e76f.jpeg,47000149,https://www.airbnb.com.vn/users/show/47000149,Mia,2025-05-23,"Hà Nội, Việt Nam","Xin chào, tôi là Mia, đã có 1 năm kinh nghiệm làm host. Tôi yêu thích du lịch và luôn mong muốn đem lại trải nghiệm lưu trú thoải mái nhất cho khách.",trong vòng một giờ,100%,98%,f,https://a0.muscache.com/im/pictures/user/User-47000149/original/user_profile_9.jpeg,https://a0.muscache.com/im/pictures/user/User-47000149/original/user_profile_9.jpeg,Quận Cầu Giấy,3,3,"['email', 'phone', 'work_email']",t,t,Quận Cầu Giấy,Quận Cầu Giấy,Hà Nội,21.037024898170905,105.81417534488753,Phòng riêng trong nhà,Private room,2,1.0,1 phòng tắm,1,1,"[""Điều hòa nhiệt độ"", ""Không gian riêng để làm việc"", ""Ban công ngắm cảnh"", ""Bàn ủi / Bàn là"", ""Máy báo khói"", ""Tủ lạnh"", ""Dầu gội & Sữa tắm"", ""Bồn tắm thư giãn"", ""Bếp đầy đủ tiện nghi"", ""Bộ chăn ga gối cao cấp"", ""Máy sấy tóc"", ""Tự nhận phòng với hộp khóa an toàn"", ""Thang máy"", ""Wi-fi tốc độ cao""]","₫278,000",1,1125,1,2,1125,1125,1.0,1125.0,today,t,19,47,69,304,2026-09-26,9,6,5,2026-05-14,2026-09-01,5.0,4.92,4.95,5.0,5.0,4.7,4.77,,f,2,0,1,0,3.86,"[""https://a0.muscache.com/im/pictures/hosting/Hosting-1641874273472775990/original/fa661058-7d3c-415c-9adc-36c5a140e76f.jpeg"", ""https://a0.muscache.com/im/pictures/hosting/Hosting-1641874273472775990/original/bd52f7ce-339b-49b2-8344-f7421576a9d7.jpeg"", ""https://a0.muscache.com/im/pictures/hosting/Hosting-1641874273472775990/original/4f530d85-407f-4af6-8a25-9b2fb584f603.jpeg"", ""https://a0.muscache.com/im/pictures/hosting/Hosting-1641874273472775990/original/67987e38-7052-470e-aef0-0424fb35eca0.jpeg"", ""https://a0.muscache.com/im/pictures/hosting/Hosting-1641874273472775990/original/675b28e9-c101-4f05-8957-c0b8a49a71bb.jpeg"", ""https://a0.muscache.com/im/pictures/hosting/Hosting-1641874273472775990/original/0f36f358-ee57-4fc3-b0ed-da64e5dd4e04.jpeg""]",t,"[{""name"": ""Cindy"", ""avatar"": ""https://a0.muscache.com/im/pictures/user/avatar_cindy.jpg""}]","[{""name"": ""DECOR"", ""localizedName"": ""Trang trí"", ""count"": 6}, {""name"": ""INTERIOR"", ""localizedName"": ""Không gian bên trong"", ""count"": 2}, {""name"": ""CLEANLINESS"", ""localizedName"": ""Mức độ sạch sẽ"", ""count"": 23}, {""name"": ""LOCATION"", ""localizedName"": ""Địa điểm"", ""count"": 11}, {""name"": ""HOSPITALITY"", ""localizedName"": ""Hiếu khách"", ""count"": 10}]","[{""title"": ""Trải nghiệm nhận phòng xuất sắc"", ""subtitle"": ""Những khách ở gần đây đã xếp hạng 5 sao cho quy trình nhận phòng.""}, {""title"": ""Tự nhận phòng"", ""subtitle"": ""Tự nhận phòng với hộp khóa an toàn.""}]"
1760644344363975745,https://www.airbnb.com.vn/rooms/1760644344363975745,20260926000000,2026-09-26,city search,Hà Nội cổ • Garden House • 5 phòng ngủ • 300 m2 • 15 người,"Chào mừng bạn đến với Hà Nội cổ • Garden House • 5 phòng ngủ • 300 m2 • 15 người — một không gian lưu trú ấm cúng, sang trọng tọa lạc tại Quận Nam Từ Liêm, Hà Nội.
Căn phòng tràn ngập ánh sáng tự nhiên với đầy đủ tiện nghi cao cấp, giường nệm êm ái, máy lạnh, TV và wifi tốc độ cao. Rất thuận tiện di chuyển tới các điểm tham quan, nhà hàng ẩm thực và quán cà phê nổi tiếng của Hà Nội.","Khu vực Quận Nam Từ Liêm an ninh, văn minh, gần nhiều địa điểm ăn uống, mua sắm và giải trí sầm uất tại Hà Nội.",https://a0.muscache.com/im/pictures/hosting/Hosting-1760644344363975745/original/a4c9abfe-dd5d-480c-bd52-3598e8dcb5ca.jpeg,47000150,https://www.airbnb.com.vn/users/show/47000150,Minh,2023-12-25,"Hà Nội, Việt Nam","Xin chào, tôi là Minh, đã có 2 năm kinh nghiệm làm host. Tôi yêu thích du lịch và luôn mong muốn đem lại trải nghiệm lưu trú thoải mái nhất cho khách.",trong vòng một giờ,100%,98%,t,https://a0.muscache.com/im/pictures/user/User-47000150/original/user_profile_0.jpeg,https://a0.muscache.com/im/pictures/user/User-47000150/original/user_profile_0.jpeg,Quận Nam Từ Liêm,5,3,"['email', 'phone', 'work_email']",t,t,Quận Nam Từ Liêm,Quận Nam Từ Liêm,Hà Nội,21.0157,105.8334,Toàn bộ biệt thự,Entire home/apt,14,4.0,4 phòng tắm đầy đủ và 1 phòng vệ sinh cơ bản,5,7,"[""Bồn tắm thư giãn"", ""Điều hòa nhiệt độ"", ""Bếp đầy đủ tiện nghi"", ""Wi-fi tốc độ cao"", ""Tự nhận phòng với hộp khóa an toàn"", ""Máy giặt"", ""Máy báo khói"", ""Lò vi sóng"", ""Thang máy"", ""Dầu gội & Sữa tắm"", ""Tủ lạnh"", ""TV màn hình phẳng"", ""Không gian riêng để làm việc"", ""Bàn ủi / Bàn là"", ""Bể bơi""]","₫3,602,533",1,1125,1,2,1125,1125,1.0,1125.0,today,t,16,53,70,250,2026-09-26,4,4,4,2026-07-28,2026-09-06,5.0,4.92,4.98,5.0,5.0,4.93,4.95,,t,2,2,0,0,4.11,"[""https://a0.muscache.com/im/pictures/hosting/Hosting-1760644344363975745/original/a4c9abfe-dd5d-480c-bd52-3598e8dcb5ca.jpeg"", ""https://a0.muscache.com/im/pictures/hosting/Hosting-1760644344363975745/original/4723d85d-19e6-4ebb-bcde-ff367744a173.jpeg"", ""https://a0.muscache.com/im/pictures/hosting/Hosting-1760644344363975745/original/a020c93e-4738-4c71-98c7-6f36f6c801fc.jpeg"", ""https://a0.muscache.com/im/pictures/hosting/Hosting-1760644344363975745/original/ca1a6d50-44db-4402-9199-355a11748bfb.jpeg"", ""https://a0.muscache.com/im/pictures/hosting/Hosting-1760644344363975745/original/8f15758b-b22f-4c4a-9662-1fd260993553.jpeg"", ""https://a0.muscache.com/im/pictures/hosting/Hosting-1760644344363975745/original/2df4e9c5-59ad-4e39-9768-c571ed415ff5.jpeg"", ""https://a0.muscache.com/im/pictures/hosting/Hosting-1760644344363975745/original/f38cb4e0-17e9-4635-b991-083eb2022d59.jpeg"", ""https://a0.muscache.com/im/pictures/hosting/Hosting-1760644344363975745/original/8c4a6e9b-42d5-4969-b275-a3e4cc8ce3c7.jpeg"", ""https://a0.muscache.com/im/pictures/hosting/Hosting-1760644344363975745/original/057a8426-e0c9-4592-a56a-6c8bab585232.jpeg"", ""https://a0.muscache.com/im/pictures/hosting/Hosting-1760644344363975745/original/25a69d11-83b4-4fbb-b624-6b4268a35c23.jpeg"", ""https://a0.muscache.com/im/pictures/hosting/Hosting-1760644344363975745/original/4c1abc0d-ecb6-4ec3-88d8-8259d7b40bb9.png"", ""https://a0.muscache.com/im/pictures/hosting/Hosting-1760644344363975745/original/6f763ee1-74db-405f-a017-76fa2901773b.jpeg"", ""https://a0.muscache.com/im/pictures/hosting/Hosting-1760644344363975745/original/b03780fa-65e5-4674-8b97-8672180c62e2.jpeg"", ""https://a0.muscache.com/im/pictures/hosting/Hosting-1760644344363975745/original/377976a3-f9ce-4ef5-9a02-7675dd564b15.jpeg"", ""https://a0.muscache.com/im/pictures/hosting/Hosting-1760644344363975745/original/78cce778-48cb-4136-ba78-834be7069fad.jpeg"", ""https://a0.muscache.com/im/pictures/hosting/Hosting-1760644344363975745/original/012ec45b-7047-47ed-ba15-77249ab8669e.jpeg"", ""https://a0.muscache.com/im/pictures/hosting/Hosting-1760644344363975745/original/565dfd9d-a733-43a1-9459-3616587bda23.jpeg"", ""https://a0.muscache.com/im/pictures/hosting/Hosting-1760644344363975745/original/90acb76d-db15-4b02-bc7d-e8118e57e1f1.jpeg"", ""https://a0.muscache.com/im/pictures/hosting/Hosting-1760644344363975745/original/a2ddc328-8f8d-49dd-910f-4f08a7df0ee2.jpeg"", ""https://a0.muscache.com/im/pictures/hosting/Hosting-1760644344363975745/original/be49ad4a-edf5-408f-bb8c-bba2ab88e972.jpeg"", ""https://a0.muscache.com/im/pictures/hosting/Hosting-1760644344363975745/original/f2809237-22b9-4d80-b8a6-3f1f84e2419e.jpeg"", ""https://a0.muscache.com/im/pictures/hosting/Hosting-1760644344363975745/original/a6fee054-4463-4238-93bc-40bac8851505.jpeg"", ""https://a0.muscache.com/im/pictures/hosting/Hosting-1760644344363975745/original/3998371e-c489-4c17-8a0f-4f4daaf452d7.jpeg"", ""https://a0.muscache.com/im/pictures/hosting/Hosting-1760644344363975745/original/e253e5ef-d4b6-4e67-9ebb-85e7ca646cd6.jpeg"", ""https://a0.muscache.com/im/pictures/hosting/Hosting-1760644344363975745/original/a722519f-5467-49c3-9e1e-82c9fa8cb534.jpeg"", ""https://a0.muscache.com/im/pictures/hosting/Hosting-1760644344363975745/original/053a3f72-aff2-48f4-9315-d87a8d00b2a0.jpeg"", ""https://a0.muscache.com/im/pictures/hosting/Hosting-1760644344363975745/original/83c755a3-71cb-40ab-931d-8bee1c20fdc6.jpeg"", ""https://a0.muscache.com/im/pictures/hosting/Hosting-1760644344363975745/original/69d900fd-0129-405c-9427-fe3db438a80b.jpeg"", ""https://a0.muscache.com/im/pictures/hosting/Hosting-1760644344363975745/original/4f715300-70c1-4085-a2df-487391cbd0c6.jpeg""]",f,"[{""name"": ""Long"", ""avatar"": ""https://a0.muscache.com/im/pictures/user/avatar_long.jpg""}, {""name"": ""Dang Nguyen"", ""avatar"": ""https://a0.muscache.com/im/pictures/user/avatar_dang.jpg""}]","[{""name"": ""DECOR"", ""localizedName"": ""Trang trí"", ""count"": 15}, {""name"": ""INTERIOR"", ""localizedName"": ""Không gian bên trong"", ""count"": 5}, {""name"": ""CLEANLINESS"", ""localizedName"": ""Mức độ sạch sẽ"", ""count"": 4}, {""name"": ""LOCATION"", ""localizedName"": ""Địa điểm"", ""count"": 7}, {""name"": ""HOSPITALITY"", ""localizedName"": ""Hiếu khách"", ""count"": 2}]","[{""title"": ""Trải nghiệm nhận phòng xuất sắc"", ""subtitle"": ""Những khách ở gần đây đã xếp hạng 5 sao cho quy trình nhận phòng.""}, {""title"": ""Tự nhận phòng"", ""subtitle"": ""Tự nhận phòng với hộp khóa an toàn.""}]"
1738862453030284618,https://www.airbnb.com.vn/rooms/1738862453030284618,20260926000000,2026-09-26,city search,"Căn hộ 3 phòng ngủ 120 mét vuông, gần sân vận động","Chào mừng bạn đến với Căn hộ 3 phòng ngủ 120 mét vuông, gần sân vận động — một không gian lưu trú ấm cúng, sang trọng tọa lạc tại Quận Bắc Từ Liêm, Hà Nội.
Căn phòng tràn ngập ánh sáng tự nhiên với đầy đủ tiện nghi cao cấp, giường nệm êm ái, máy lạnh, TV và wifi tốc độ cao. Rất thuận tiện di chuyển tới các điểm tham quan, nhà hàng ẩm thực và quán cà phê nổi tiếng của Hà Nội.","Khu vực Quận Bắc Từ Liêm an ninh, văn minh, gần nhiều địa điểm ăn uống, mua sắm và giải trí sầm uất tại Hà Nội.",https://a0.muscache.com/im/pictures/hosting/Hosting-1738862453030284618/original/d30e841b-dbd2-423b-871b-9779f92858ff.png,47000151,https://www.airbnb.com.vn/users/show/47000151,Anh,2021-08-28,"Hà Nội, Việt Nam","Xin chào, tôi là Anh, đã có 5 năm kinh nghiệm làm host. Tôi yêu thích du lịch và luôn mong muốn đem lại trải nghiệm lưu trú thoải mái nhất cho khách.",trong vòng một giờ,100%,98%,f,https://a0.muscache.com/im/pictures/user/User-47000151/original/user_profile_1.jpeg,https://a0.muscache.com/im/pictures/user/User-47000151/original/user_profile_1.jpeg,Quận Bắc Từ Liêm,8,9,"['email', 'phone', 'work_email']",t,t,Quận Bắc Từ Liêm,Quận Bắc Từ Liêm,Hà Nội,21.0305,105.7791,Toàn bộ căn hộ cho thuê,Entire home/apt,6,2.0,2 phòng tắm,3,3,"[""Máy sấy tóc"", ""Máy giặt"", ""Bộ chăn ga gối cao cấp"", ""Máy phát hiện khí CO"", ""Điều hòa nhiệt độ"", ""Thang máy"", ""Bếp đầy đủ tiện nghi"", ""Bể bơi"", ""TV màn hình phẳng"", ""Tự nhận phòng với hộp khóa an toàn"", ""Bàn ủi / Bàn là"", ""Lò vi sóng"", ""Ban công ngắm cảnh"", ""Chỗ đỗ xe miễn phí trong khuôn viên"", ""Wi-fi tốc độ cao""]","₫2,100,000",1,1125,1,2,1125,1125,1.0,1125.0,today,t,25,47,56,289,2026-09-26,4,1,1,2026-07-28,2026-09-17,5.0,4.89,4.94,5.0,5.0,4.77,4.77,,f,2,2,0,0,1.25,"[""https://a0.muscache.com/im/pictures/hosting/Hosting-1738862453030284618/original/d30e841b-dbd2-423b-871b-9779f92858ff.png"", ""https://a0.muscache.com/im/pictures/hosting/Hosting-1738862453030284618/original/da1b2c82-67b7-4b11-9500-a6df141b2e1f.png"", ""https://a0.muscache.com/im/pictures/hosting/Hosting-1738862453030284618/original/523d378a-03df-4e3d-8544-aa5fcd175968.png"", ""https://a0.muscache.com/im/pictures/hosting/Hosting-1738862453030284618/original/ab7d276f-d3c3-4ca7-b586-ff149f6e9279.png"", ""https://a0.muscache.com/im/pictures/hosting/Hosting-1738862453030284618/original/e38d9683-f280-4720-8b24-bd86f0e1b52c.png"", ""https://a0.muscache.com/im/pictures/hosting/Hosting-1738862453030284618/original/a9bf6359-4d7e-4241-a366-52b72422024e.png"", ""https://a0.muscache.com/im/pictures/hosting/Hosting-1738862453030284618/original/b8c2ce49-22b7-4b87-bf58-a6cec59fa4f9.png"", ""https://a0.muscache.com/im/pictures/hosting/Hosting-1738862453030284618/original/0e3c23fa-54c0-4520-8ff8-1dbab7223e2f.png"", ""https://a0.muscache.com/im/pictures/hosting/Hosting-1738862453030284618/original/255ba034-bdb2-4688-b35c-589ff28f1165.png"", ""https://a0.muscache.com/im/pictures/hosting/Hosting-1738862453030284618/original/a3d54c08-3668-42bc-999a-7e248d92c308.png"", ""https://a0.muscache.com/im/pictures/hosting/Hosting-1738862453030284618/original/4bde7e7d-87f8-4371-92d7-bd62cd4ad448.png"", ""https://a0.muscache.com/im/pictures/hosting/Hosting-1738862453030284618/original/743ba5fe-e6f6-422f-8263-8f99795b6d13.png"", ""https://a0.muscache.com/im/pictures/hosting/Hosting-1738862453030284618/original/ea34962e-4daa-4271-84d9-2147fb37f6a9.png"", ""https://a0.muscache.com/im/pictures/hosting/Hosting-1738862453030284618/original/60a0406f-40a1-4a60-b67a-69e3b00d8b40.jpeg"", ""https://a0.muscache.com/im/pictures/hosting/Hosting-1738862453030284618/original/505823f6-dafc-491a-84a2-666fe84db12a.jpeg"", ""https://a0.muscache.com/im/pictures/hosting/Hosting-1738862453030284618/original/4e9b88da-2a39-4e71-8ba1-e4a47f3e3da5.png"", ""https://a0.muscache.com/im/pictures/hosting/Hosting-1738862453030284618/original/dfb0bf37-65fb-4b0c-a811-84c15b3ed0e9.png"", ""https://a0.muscache.com/im/pictures/hosting/Hosting-1738862453030284618/original/2d1467f8-db60-43fd-bef4-4ad30f54147f.jpeg"", ""https://a0.muscache.com/im/pictures/hosting/Hosting-1738862453030284618/original/1036f9a5-62e5-46d9-943a-444f1c15d95a.jpeg"", ""https://a0.muscache.com/im/pictures/hosting/Hosting-1738862453030284618/original/ae3a3987-52bf-40e9-b5e9-65ed3a113f06.jpeg"", ""https://a0.muscache.com/im/pictures/hosting/Hosting-1738862453030284618/original/ff0c5b18-c5c2-483b-96b6-f3b27f28f9b6.jpeg"", ""https://a0.muscache.com/im/pictures/hosting/Hosting-1738862453030284618/original/23420bd7-b935-4819-9b5b-01bc28e25aa9.jpeg"", ""https://a0.muscache.com/im/pictures/hosting/Hosting-1738862453030284618/original/70a35eb9-8da9-44ca-978c-a8e11a91cf74.jpeg"", ""https://a0.muscache.com/im/pictures/hosting/Hosting-1738862453030284618/original/be5f01dd-fba4-469b-8e4c-bc3c9df86f25.jpeg"", ""https://a0.muscache.com/im/pictures/hosting/Hosting-1738862453030284618/original/5a366ec4-8a2a-4ce4-b5b0-4c59f983c726.jpeg"", ""https://a0.muscache.com/im/pictures/hosting/Hosting-1738862453030284618/original/1673f84a-e54a-4696-8e80-71b90c4c390c.jpeg"", ""https://a0.muscache.com/im/pictures/hosting/Hosting-1738862453030284618/original/f3d68f3f-a7db-42fd-a20f-d3230320de18.jpeg"", ""https://a0.muscache.com/im/pictures/hosting/Hosting-1738862453030284618/original/4a97af78-37a1-439c-90cd-09ecd5db3df1.jpeg"", ""https://a0.muscache.com/im/pictures/hosting/Hosting-1738862453030284618/original/54c16c3b-c386-444a-9914-43eb8f26360b.jpeg""]",f,"[{""name"": ""Dang Nguyen"", ""avatar"": ""https://a0.muscache.com/im/pictures/user/avatar_dang.jpg""}, {""name"": ""Rùa"", ""avatar"": ""https://a0.muscache.com/im/pictures/user/avatar_rua.jpg""}, {""name"": ""Long"", ""avatar"": ""https://a0.muscache.com/im/pictures/user/avatar_long.jpg""}]","[{""name"": ""DECOR"", ""localizedName"": ""Trang trí"", ""count"": 8}, {""name"": ""INTERIOR"", ""localizedName"": ""Không gian bên trong"", ""count"": 9}, {""name"": ""CLEANLINESS"", ""localizedName"": ""Mức độ sạch sẽ"", ""count"": 25}, {""name"": ""LOCATION"", ""localizedName"": ""Địa điểm"", ""count"": 9}, {""name"": ""HOSPITALITY"", ""localizedName"": ""Hiếu khách"", ""count"": 9}]","[{""title"": ""Trải nghiệm nhận phòng xuất sắc"", ""subtitle"": ""Những khách ở gần đây đã xếp hạng 5 sao cho quy trình nhận phòng.""}, {""title"": ""Tự nhận phòng"", ""subtitle"": ""Tự nhận phòng với hộp khóa an toàn.""}]"
1584603610544938792,https://www.airbnb.com.vn/rooms/1584603610544938792,20260926000000,2026-09-26,city search,Ngôi nhà ấm cúng dễ thương | Căn hộ cao cấp | Netflix,"Chào mừng bạn đến với Ngôi nhà ấm cúng dễ thương | Căn hộ cao cấp | Netflix — một không gian lưu trú ấm cúng, sang trọng tọa lạc tại Quận Thanh Xuân, Hà Nội.
Căn phòng tràn ngập ánh sáng tự nhiên với đầy đủ tiện nghi cao cấp, giường nệm êm ái, máy lạnh, TV và wifi tốc độ cao. Rất thuận tiện di chuyển tới các điểm tham quan, nhà hàng ẩm thực và quán cà phê nổi tiếng của Hà Nội.","Khu vực Quận Thanh Xuân an ninh, văn minh, gần nhiều địa điểm ăn uống, mua sắm và giải trí sầm uất tại Hà Nội.",https://a0.muscache.com/im/pictures/hosting/Hosting-1584603610544938792/original/8df01682-54a8-48c5-96d9-d0e3e96c2680.jpeg,47000152,https://www.airbnb.com.vn/users/show/47000152,Linh,2023-05-19,"Hà Nội, Việt Nam","Xin chào, tôi là Linh, đã có 3 năm kinh nghiệm làm host. Tôi yêu thích du lịch và luôn mong muốn đem lại trải nghiệm lưu trú thoải mái nhất cho khách.",trong vòng một giờ,100%,98%,t,https://a0.muscache.com/im/pictures/user/User-47000152/original/user_profile_2.jpeg,https://a0.muscache.com/im/pictures/user/User-47000152/original/user_profile_2.jpeg,Quận Thanh Xuân,10,7,"['email', 'phone', 'work_email']",t,t,Quận Thanh Xuân,Quận Thanh Xuân,Hà Nội,21.0447,105.8998,Toàn bộ căn hộ cho thuê,Entire home/apt,4,1.0,1 phòng tắm,1,2,"[""Điều hòa nhiệt độ"", ""Tự nhận phòng với hộp khóa an toàn"", ""Bể bơi"", ""Ban công ngắm cảnh"", ""Bồn tắm thư giãn"", ""Tủ lạnh"", ""Máy giặt"", ""Bộ chăn ga gối cao cấp"", ""Lò vi sóng"", ""Máy phát hiện khí CO"", ""Không gian riêng để làm việc"", ""Chỗ đỗ xe miễn phí trong khuôn viên"", ""Wi-fi tốc độ cao"", ""Dầu gội & Sữa tắm"", ""Bàn ủi / Bàn là"", ""Máy sấy tóc""]","₫820,000",1,1125,1,2,1125,1125,1.0,1125.0,today,t,13,43,74,288,2026-09-26,19,6,1,2025-12-15,2026-09-19,5.0,4.81,4.96,5.0,5.0,4.87,4.86,,t,2,2,0,0,4.36,"[""https://a0.muscache.com/im/pictures/hosting/Hosting-1584603610544938792/original/8df01682-54a8-48c5-96d9-d0e3e96c2680.jpeg"", ""https://a0.muscache.com/im/pictures/hosting/Hosting-1584603610544938792/original/5b7cc3ac-1414-42b4-ad5f-5b952594239d.jpeg"", ""https://a0.muscache.com/im/pictures/hosting/Hosting-1584603610544938792/original/62195d40-12a1-45e1-8880-17fd21aaa556.jpeg"", ""https://a0.muscache.com/im/pictures/hosting/Hosting-1584603610544938792/original/550f64c8-b144-4934-b212-aeb8095a29f7.jpeg"", ""https://a0.muscache.com/im/pictures/hosting/Hosting-1584603610544938792/original/779bf173-0991-4f7e-adce-b32d46d4df21.jpeg"", ""https://a0.muscache.com/im/pictures/hosting/Hosting-1584603610544938792/original/2912bc5d-4088-456e-bef3-64a3b649fc31.jpeg"", ""https://a0.muscache.com/im/pictures/hosting/Hosting-1584603610544938792/original/184c7cc0-f63e-4482-93a7-cae4917807d0.jpeg"", ""https://a0.muscache.com/im/pictures/hosting/Hosting-1584603610544938792/original/4fefe88b-bf86-4750-a893-d8abfd86919b.jpeg"", ""https://a0.muscache.com/im/pictures/hosting/Hosting-1584603610544938792/original/2ebbcbfc-e027-4192-abda-58fe30077f64.jpeg"", ""https://a0.muscache.com/im/pictures/hosting/Hosting-1584603610544938792/original/4ee5f79a-3423-4d68-b2fa-09283eb1817c.jpeg"", ""https://a0.muscache.com/im/pictures/hosting/Hosting-1584603610544938792/original/63eb5591-f13b-47fa-bae6-cfbe1294bcf4.jpeg"", ""https://a0.muscache.com/im/pictures/hosting/Hosting-1584603610544938792/original/ea08074a-4f66-4814-ba38-4402204ce046.jpeg"", ""https://a0.muscache.com/im/pictures/hosting/Hosting-1584603610544938792/original/ffbc271c-ab4c-4f6e-8e8a-548299b3ab63.jpeg"", ""https://a0.muscache.com/im/pictures/hosting/Hosting-1584603610544938792/original/4b3b1a8a-0bab-4849-bb65-cd0c0e00e44e.jpeg"", ""https://a0.muscache.com/im/pictures/hosting/Hosting-1584603610544938792/original/f477d241-f57a-47aa-a59a-a6744f0cfd0a.jpeg"", ""https://a0.muscache.com/im/pictures/hosting/Hosting-1584603610544938792/original/f14ffa28-5cec-4eab-82cf-9accbde346aa.jpeg"", ""https://a0.muscache.com/im/pictures/hosting/Hosting-1584603610544938792/original/550c1b0a-0c3b-4633-ada9-5f65a3b8be60.jpeg"", ""https://a0.muscache.com/im/pictures/hosting/Hosting-1584603610544938792/original/a3c7baaf-c732-4457-8d05-c3eae8ddd17b.jpeg""]",t,"[{""name"": ""Rùa"", ""avatar"": ""https://a0.muscache.com/im/pictures/user/avatar_rua.jpg""}, {""name"": ""Cindy"", ""avatar"": ""https://a0.muscache.com/im/pictures/user/avatar_cindy.jpg""}, {""name"": ""Dang Nguyen"", ""avatar"": ""https://a0.muscache.com/im/pictures/user/avatar_dang.jpg""}]","[{""name"": ""DECOR"", ""localizedName"": ""Trang trí"", ""count"": 5}, {""name"": ""INTERIOR"", ""localizedName"": ""Không gian bên trong"", ""count"": 14}, {""name"": ""CLEANLINESS"", ""localizedName"": ""Mức độ sạch sẽ"", ""count"": 16}, {""name"": ""LOCATION"", ""localizedName"": ""Địa điểm"", ""count"": 5}, {""name"": ""HOSPITALITY"", ""localizedName"": ""Hiếu khách"", ""count"": 5}]","[{""title"": ""Trải nghiệm nhận phòng xuất sắc"", ""subtitle"": ""Những khách ở gần đây đã xếp hạng 5 sao cho quy trình nhận phòng.""}, {""title"": ""Tự nhận phòng"", ""subtitle"": ""Tự nhận phòng với hộp khóa an toàn.""}]"
1751179607047333272,https://www.airbnb.com.vn/rooms/1751179607047333272,20260926000000,2026-09-26,city search,The Nelson Luxury Residence 2 phòng ngủ 87 m² ,"Chào mừng bạn đến với The Nelson Luxury Residence 2 phòng ngủ 87 m²  — một không gian lưu trú ấm cúng, sang trọng tọa lạc tại Quận Hoàn Kiếm, Hà Nội.
Căn phòng tràn ngập ánh sáng tự nhiên với đầy đủ tiện nghi cao cấp, giường nệm êm ái, máy lạnh, TV và wifi tốc độ cao. Rất thuận tiện di chuyển tới các điểm tham quan, nhà hàng ẩm thực và quán cà phê nổi tiếng của Hà Nội.","Khu vực Quận Hoàn Kiếm an ninh, văn minh, gần nhiều địa điểm ăn uống, mua sắm và giải trí sầm uất tại Hà Nội.",https://a0.muscache.com/im/pictures/hosting/Hosting-1751179607047333272/original/8ec0126f-42cf-47cd-aa1d-40f91c07b3e1.png,47000153,https://www.airbnb.com.vn/users/show/47000153,Hương,2021-08-13,"Hà Nội, Việt Nam","Xin chào, tôi là Hương, đã có 5 năm kinh nghiệm làm host. Tôi yêu thích du lịch và luôn mong muốn đem lại trải nghiệm lưu trú thoải mái nhất cho khách.",trong vòng một giờ,100%,98%,f,https://a0.muscache.com/im/pictures/user/User-47000153/original/user_profile_3.jpeg,https://a0.muscache.com/im/pictures/user/User-47000153/original/user_profile_3.jpeg,Quận Hoàn Kiếm,5,2,"['email', 'phone', 'work_email']",t,t,Quận Hoàn Kiếm,Quận Hoàn Kiếm,Hà Nội,21.0207,105.819,Toàn bộ căn hộ cho thuê,Entire home/apt,4,2.0,2 phòng tắm,2,2,"[""Bồn tắm thư giãn"", ""Bể bơi"", ""Máy sấy tóc"", ""Bộ chăn ga gối cao cấp"", ""Máy giặt"", ""Máy phát hiện khí CO"", ""Chỗ đỗ xe miễn phí trong khuôn viên"", ""Tủ lạnh"", ""Tự nhận phòng với hộp khóa an toàn"", ""Điều hòa nhiệt độ"", ""Ban công ngắm cảnh"", ""Bếp đầy đủ tiện nghi"", ""Bàn ủi / Bàn là"", ""Dầu gội & Sữa tắm"", ""Thang máy"", ""Máy báo khói"", ""TV màn hình phẳng"", ""Wi-fi tốc độ cao"", ""Lò vi sóng"", ""Không gian riêng để làm việc""]","₫2,412,000",1,1125,1,2,1125,1125,1.0,1125.0,today,t,12,31,62,233,2026-09-26,4,3,4,2026-07-28,2026-09-06,5.0,4.82,4.92,5.0,5.0,5.0,4.71,,f,2,2,0,0,4.3,"[""https://a0.muscache.com/im/pictures/hosting/Hosting-1751179607047333272/original/8ec0126f-42cf-47cd-aa1d-40f91c07b3e1.png"", ""https://a0.muscache.com/im/pictures/hosting/Hosting-1751179607047333272/original/43fe2b8d-670b-4188-9a0c-5100ef535399.jpeg"", ""https://a0.muscache.com/im/pictures/hosting/Hosting-1751179607047333272/original/d3a69b9a-4a1c-4c44-910a-7a3c9c4d8719.png"", ""https://a0.muscache.com/im/pictures/hosting/Hosting-1751179607047333272/original/84cea264-9af8-49e7-9945-23a31136fae1.jpeg"", ""https://a0.muscache.com/im/pictures/hosting/Hosting-1751179607047333272/original/9fdbba74-036b-48f4-974f-17084bce6ae0.jpeg"", ""https://a0.muscache.com/im/pictures/hosting/Hosting-1751179607047333272/original/76285f5b-e00f-4813-9020-e404979acee4.jpeg"", ""https://a0.muscache.com/im/pictures/hosting/Hosting-1751179607047333272/original/3e89437e-a912-4750-b57b-672f7f8d82ff.png"", ""https://a0.muscache.com/im/pictures/hosting/Hosting-1751179607047333272/original/0a232776-42a1-459a-8ed4-f83cffb95358.png"", ""https://a0.muscache.com/im/pictures/hosting/Hosting-1751179607047333272/original/72ef2d38-58af-46f3-aa11-de901ecd9f0b.png"", ""https://a0.muscache.com/im/pictures/hosting/Hosting-1751179607047333272/original/d1f0be5f-093f-421c-b026-3ab72fd3392f.png"", ""https://a0.muscache.com/im/pictures/hosting/Hosting-1751179607047333272/original/de6f3e4d-3db2-4963-8589-c8d861b25661.png"", ""https://a0.muscache.com/im/pictures/hosting/Hosting-1751179607047333272/original/c59df735-ee3b-4957-878a-894e48abb809.png"", ""https://a0.muscache.com/im/pictures/hosting/Hosting-1751179607047333272/original/470691e1-8148-4fab-8bd3-c53d37e82117.png"", ""https://a0.muscache.com/im/pictures/hosting/Hosting-1751179607047333272/original/b615d691-89c7-412a-972b-8d57b809aa2f.jpeg"", ""https://a0.muscache.com/im/pictures/hosting/Hosting-1751179607047333272/original/ce44043e-d2f9-4be6-b863-bd48f39a6954.png"", ""https://a0.muscache.com/im/pictures/hosting/Hosting-1751179607047333272/original/82233eb2-7e5a-4223-ba64-56e8bf7641fb.jpeg"", ""https://a0.muscache.com/im/pictures/hosting/Hosting-1751179607047333272/original/e6108fcf-3103-46b2-b83c-7c28c5ac409f.jpeg"", ""https://a0.muscache.com/im/pictures/hosting/Hosting-1751179607047333272/original/d0e7f5cd-a7c6-4428-b4f9-03961fb0a8a3.jpeg"", ""https://a0.muscache.com/im/pictures/hosting/Hosting-1751179607047333272/original/fd4773ba-304d-41c5-8659-ed035527fd65.jpeg"", ""https://a0.muscache.com/im/pictures/hosting/Hosting-1751179607047333272/original/4b68402e-d402-4dbe-acf0-89e0af8843c8.png"", ""https://a0.muscache.com/im/pictures/hosting/Hosting-1751179607047333272/original/c7fd4439-d8c8-4d66-a514-df38124111b7.png"", ""https://a0.muscache.com/im/pictures/hosting/Hosting-1751179607047333272/original/8f2719b7-cb69-4ae9-8142-7ed714db75ef.png"", ""https://a0.muscache.com/im/pictures/hosting/Hosting-1751179607047333272/original/bd609f04-2150-4d8c-985c-6b1f13d8a701.jpeg"", ""https://a0.muscache.com/im/pictures/hosting/Hosting-1751179607047333272/original/72e6fa7d-4d59-4e8d-8665-6f1d12a9e6a2.jpeg"", ""https://a0.muscache.com/im/pictures/hosting/Hosting-1751179607047333272/original/f41df56e-817c-473a-a84a-c57aee967332.png"", ""https://a0.muscache.com/im/pictures/hosting/Hosting-1751179607047333272/original/1eeb4ebd-805f-4357-a54a-38dc09c5becb.png"", ""https://a0.muscache.com/im/pictures/hosting/Hosting-1751179607047333272/original/c46e76f6-4f83-4b85-8cba-232c21e80be1.jpeg"", ""https://a0.muscache.com/im/pictures/hosting/Hosting-1751179607047333272/original/8a1541d8-c368-495c-be4a-34920c5f1e6a.png"", ""https://a0.muscache.com/im/pictures/hosting/Hosting-1751179607047333272/original/95a2bed2-e014-4909-bf5e-358ca0f374bf.jpeg""]",f,"[{""name"": ""Long"", ""avatar"": ""https://a0.muscache.com/im/pictures/user/avatar_long.jpg""}, {""name"": ""Dang Nguyen"", ""avatar"": ""https://a0.muscache.com/im/pictures/user/avatar_dang.jpg""}]","[{""name"": ""DECOR"", ""localizedName"": ""Trang trí"", ""count"": 15}, {""name"": ""INTERIOR"", ""localizedName"": ""Không gian bên trong"", ""count"": 12}, {""name"": ""CLEANLINESS"", ""localizedName"": ""Mức độ sạch sẽ"", ""count"": 15}, {""name"": ""LOCATION"", ""localizedName"": ""Địa điểm"", ""count"": 10}, {""name"": ""HOSPITALITY"", ""localizedName"": ""Hiếu khách"", ""count"": 10}]","[{""title"": ""Trải nghiệm nhận phòng xuất sắc"", ""subtitle"": ""Những khách ở gần đây đã xếp hạng 5 sao cho quy trình nhận phòng.""}, {""title"": ""Tự nhận phòng"", ""subtitle"": ""Tự nhận phòng với hộp khóa an toàn.""}]"
1736115902862592916,https://www.airbnb.com.vn/rooms/1736115902862592916,20260926000000,2026-09-26,city search,Gomstay/gần WestLake/Airyview/Phòng_Cottage,"Chào mừng bạn đến với Gomstay/gần WestLake/Airyview/Phòng_Cottage — một không gian lưu trú ấm cúng, sang trọng tọa lạc tại Quận Tây Hồ, Hà Nội.
Căn phòng tràn ngập ánh sáng tự nhiên với đầy đủ tiện nghi cao cấp, giường nệm êm ái, máy lạnh, TV và wifi tốc độ cao. Rất thuận tiện di chuyển tới các điểm tham quan, nhà hàng ẩm thực và quán cà phê nổi tiếng của Hà Nội.","Khu vực Quận Tây Hồ an ninh, văn minh, gần nhiều địa điểm ăn uống, mua sắm và giải trí sầm uất tại Hà Nội.",https://a0.muscache.com/im/pictures/hosting/Hosting-1736115902862592916/original/fe70bfbc-c718-40d8-a62a-34dfd061ae27.png,47000154,https://www.airbnb.com.vn/users/show/47000154,Phương,2024-09-10,"Hà Nội, Việt Nam","Xin chào, tôi là Phương, đã có 2 năm kinh nghiệm làm host. Tôi yêu thích du lịch và luôn mong muốn đem lại trải nghiệm lưu trú thoải mái nhất cho khách.",trong vòng một giờ,100%,98%,t,https://a0.muscache.com/im/pictures/user/User-47000154/original/user_profile_4.jpeg,https://a0.muscache.com/im/pictures/user/User-47000154/original/user_profile_4.jpeg,Quận Tây Hồ,7,5,"['email', 'phone', 'work_email']",t,t,Quận Tây Hồ,Quận Tây Hồ,Hà Nội,21.0428,105.8186,Phòng riêng trong nhà,Private room,4,1.0,1 phòng tắm,1,2,"[""Wi-fi tốc độ cao"", ""Điều hòa nhiệt độ"", ""Bể bơi"", ""Bộ chăn ga gối cao cấp"", ""Tự nhận phòng với hộp khóa an toàn"", ""Không gian riêng để làm việc"", ""Tủ lạnh"", ""Bàn ủi / Bàn là"", ""Dầu gội & Sữa tắm"", ""Bồn tắm thư giãn"", ""Thang máy"", ""Máy phát hiện khí CO"", ""Máy giặt"", ""Máy sấy tóc"", ""Bếp đầy đủ tiện nghi"", ""Máy báo khói""]","₫780,000",1,1125,1,2,1125,1125,1.0,1125.0,today,t,17,32,51,238,2026-09-26,8,7,5,2026-05-29,2026-09-14,5.0,4.97,4.91,5.0,5.0,4.97,4.93,,t,2,0,1,0,2.22,"[""https://a0.muscache.com/im/pictures/hosting/Hosting-1736115902862592916/original/fe70bfbc-c718-40d8-a62a-34dfd061ae27.png"", ""https://a0.muscache.com/im/pictures/hosting/Hosting-1736115902862592916/original/d9657f5f-956f-4f3e-a35a-1dad0e91544d.png"", ""https://a0.muscache.com/im/pictures/hosting/Hosting-1736115902862592916/original/6c08b840-cc7c-4648-b8de-d13993754cb2.png"", ""https://a0.muscache.com/im/pictures/hosting/Hosting-1736115902862592916/original/348e73a9-9894-4283-83f3-ae5b1eac527d.jpeg"", ""https://a0.muscache.com/im/pictures/hosting/Hosting-1736115902862592916/original/0cfa9bd2-dfb7-49df-a7b6-20fc3999d43b.png"", ""https://a0.muscache.com/im/pictures/hosting/Hosting-1736115902862592916/original/340c7e29-736c-44ed-b253-75aacc0b1305.jpeg""]",t,"[{""name"": ""Cindy"", ""avatar"": ""https://a0.muscache.com/im/pictures/user/avatar_cindy.jpg""}]","[{""name"": ""DECOR"", ""localizedName"": ""Trang trí"", ""count"": 7}, {""name"": ""INTERIOR"", ""localizedName"": ""Không gian bên trong"", ""count"": 11}, {""name"": ""CLEANLINESS"", ""localizedName"": ""Mức độ sạch sẽ"", ""count"": 11}, {""name"": ""LOCATION"", ""localizedName"": ""Địa điểm"", ""count"": 9}, {""name"": ""HOSPITALITY"", ""localizedName"": ""Hiếu khách"", ""count"": 12}]","[{""title"": ""Trải nghiệm nhận phòng xuất sắc"", ""subtitle"": ""Những khách ở gần đây đã xếp hạng 5 sao cho quy trình nhận phòng.""}, {""title"": ""Tự nhận phòng"", ""subtitle"": ""Tự nhận phòng với hộp khóa an toàn.""}]"
1060805635857333364,https://www.airbnb.com.vn/rooms/1060805635857333364,20260926000000,2026-09-26,city search,A Flower 's House tại Vinhomes Greenbay Hà Nội,"Chào mừng bạn đến với A Flower 's House tại Vinhomes Greenbay Hà Nội — một không gian lưu trú ấm cúng, sang trọng tọa lạc tại Quận Tây Hồ, Hà Nội.
Căn phòng tràn ngập ánh sáng tự nhiên với đầy đủ tiện nghi cao cấp, giường nệm êm ái, máy lạnh, TV và wifi tốc độ cao. Rất thuận tiện di chuyển tới các điểm tham quan, nhà hàng ẩm thực và quán cà phê nổi tiếng của Hà Nội.","Khu vực Quận Tây Hồ an ninh, văn minh, gần nhiều địa điểm ăn uống, mua sắm và giải trí sầm uất tại Hà Nội.",https://a0.muscache.com/im/pictures/hosting/Hosting-1060805635857333364/original/cfdd3848-8af0-4053-bf4a-c6dd1d8fd74e.jpeg,47000155,https://www.airbnb.com.vn/users/show/47000155,Hà,2023-08-08,"Hà Nội, Việt Nam","Xin chào, tôi là Hà, đã có 3 năm kinh nghiệm làm host. Tôi yêu thích du lịch và luôn mong muốn đem lại trải nghiệm lưu trú thoải mái nhất cho khách.",trong vòng một giờ,100%,98%,f,https://a0.muscache.com/im/pictures/user/User-47000155/original/user_profile_5.jpeg,https://a0.muscache.com/im/pictures/user/User-47000155/original/user_profile_5.jpeg,Quận Tây Hồ,4,9,"['email', 'phone', 'work_email']",t,t,Quận Tây Hồ,Quận Tây Hồ,Hà Nội,21,105.7844,Toàn bộ căn hộ cho thuê,Entire home/apt,2,1.0,1 phòng tắm,1,1,"[""Bể bơi"", ""Wi-fi tốc độ cao"", ""Ban công ngắm cảnh"", ""Dầu gội & Sữa tắm"", ""Điều hòa nhiệt độ"", ""Bồn tắm thư giãn"", ""Bàn ủi / Bàn là"", ""Lò vi sóng"", ""Chỗ đỗ xe miễn phí trong khuôn viên"", ""Bếp đầy đủ tiện nghi"", ""Máy sấy tóc"", ""Tủ lạnh"", ""Máy báo khói"", ""Tự nhận phòng với hộp khóa an toàn"", ""Máy giặt"", ""Thang máy"", ""TV màn hình phẳng""]","₫768,000",1,1125,1,2,1125,1125,1.0,1125.0,today,t,20,31,55,334,2026-09-26,28,10,3,2025-08-02,2026-09-19,4.93,4.94,4.83,5.0,5.0,4.88,4.72,,f,2,2,0,0,3.46,"[""https://a0.muscache.com/im/pictures/hosting/Hosting-1060805635857333364/original/cfdd3848-8af0-4053-bf4a-c6dd1d8fd74e.jpeg"", ""https://a0.muscache.com/im/pictures/hosting/Hosting-1060805635857333364/original/2ec02e53-d301-45ac-9814-7a67b022285c.jpeg"", ""https://a0.muscache.com/im/pictures/hosting/Hosting-1060805635857333364/original/ea8400ce-15bc-4cee-b513-a6987da419cb.jpeg"", ""https://a0.muscache.com/im/pictures/hosting/Hosting-1060805635857333364/original/9060d187-7bcc-40ef-8f9b-ba80364b04e0.jpeg"", ""https://a0.muscache.com/im/pictures/hosting/Hosting-1060805635857333364/original/a60ca0f4-a511-432e-8830-516e84f13339.jpeg"", ""https://a0.muscache.com/im/pictures/hosting/Hosting-1060805635857333364/original/480a62c6-e935-447f-b5d8-f6053b1f25b5.jpeg"", ""https://a0.muscache.com/im/pictures/hosting/Hosting-1060805635857333364/original/4f28511f-a9ed-402a-9700-b9df69cd4542.jpeg"", ""https://a0.muscache.com/im/pictures/hosting/Hosting-1060805635857333364/original/f32ad8f6-e6c1-4561-a067-ec77b2231e09.jpeg"", ""https://a0.muscache.com/im/pictures/hosting/Hosting-1060805635857333364/original/51c2dd2b-225c-43b7-9b07-73aaf24b4b2a.jpeg"", ""https://a0.muscache.com/im/pictures/hosting/Hosting-1060805635857333364/original/18810d67-cae2-48d2-860c-e16726517a62.jpeg"", ""https://a0.muscache.com/im/pictures/hosting/Hosting-1060805635857333364/original/149e896e-38fd-471b-a533-9f9f4885dece.jpeg"", ""https://a0.muscache.com/im/pictures/hosting/Hosting-1060805635857333364/original/73d32eb7-e452-4071-90bb-c4daf34db590.jpeg"", ""https://a0.muscache.com/im/pictures/hosting/Hosting-1060805635857333364/original/1fd98d5c-8ef6-4bef-a050-f11afdddf8f0.jpeg"", ""https://a0.muscache.com/im/pictures/hosting/Hosting-1060805635857333364/original/f7d3c284-397b-4f83-a4ee-97a6b5c0e69a.jpeg"", ""https://a0.muscache.com/im/pictures/hosting/Hosting-1060805635857333364/original/2a35aea9-2621-48f2-8854-953bd453c389.jpeg"", ""https://a0.muscache.com/im/pictures/hosting/Hosting-1060805635857333364/original/7e00aa33-dc49-4704-b486-e76df8c03443.jpeg"", ""https://a0.muscache.com/im/pictures/hosting/Hosting-1060805635857333364/original/2630d715-63aa-44f7-9716-17cd3dece1a3.jpeg"", ""https://a0.muscache.com/im/pictures/hosting/Hosting-1060805635857333364/original/c8799d1a-ac63-4997-a865-c49810f22a1f.jpeg"", ""https://a0.muscache.com/im/pictures/hosting/Hosting-1060805635857333364/original/fbc06d98-4f84-4b7c-a092-eada881bdce7.jpeg"", ""https://a0.muscache.com/im/pictures/hosting/Hosting-1060805635857333364/original/d900964f-3e43-4f5d-83ad-ba2426439152.jpeg"", ""https://a0.muscache.com/im/pictures/hosting/Hosting-1060805635857333364/original/22b5df66-65c7-4406-863c-a714944e0d71.jpeg"", ""https://a0.muscache.com/im/pictures/hosting/Hosting-1060805635857333364/original/b808d331-a584-4634-a74c-33f3508c2b6c.jpeg"", ""https://a0.muscache.com/im/pictures/hosting/Hosting-1060805635857333364/original/ab51559f-f2e0-4efa-9144-a0ea69302d27.jpeg"", ""https://a0.muscache.com/im/pictures/hosting/Hosting-1060805635857333364/original/c3152e33-8856-4dfc-8150-1dc0e1178228.jpeg"", ""https://a0.muscache.com/im/pictures/hosting/Hosting-1060805635857333364/original/f7cd3bde-370a-4ccf-837a-c21ba19b144e.jpeg"", ""https://a0.muscache.com/im/pictures/hosting/Hosting-1060805635857333364/original/5f42458a-81ab-48d2-a1de-a70cc73639b6.jpeg"", ""https://a0.muscache.com/im/pictures/hosting/Hosting-1060805635857333364/original/a03ed36c-fe15-4623-8c69-916043d10033.jpeg""]",t,"[{""name"": ""Long"", ""avatar"": ""https://a0.muscache.com/im/pictures/user/avatar_long.jpg""}, {""name"": ""Rùa"", ""avatar"": ""https://a0.muscache.com/im/pictures/user/avatar_rua.jpg""}, {""name"": ""Cindy"", ""avatar"": ""https://a0.muscache.com/im/pictures/user/avatar_cindy.jpg""}]","[{""name"": ""DECOR"", ""localizedName"": ""Trang trí"", ""count"": 2}, {""name"": ""INTERIOR"", ""localizedName"": ""Không gian bên trong"", ""count"": 20}, {""name"": ""CLEANLINESS"", ""localizedName"": ""Mức độ sạch sẽ"", ""count"": 8}, {""name"": ""LOCATION"", ""localizedName"": ""Địa điểm"", ""count"": 5}, {""name"": ""HOSPITALITY"", ""localizedName"": ""Hiếu khách"", ""count"": 8}]","[{""title"": ""Trải nghiệm nhận phòng xuất sắc"", ""subtitle"": ""Những khách ở gần đây đã xếp hạng 5 sao cho quy trình nhận phòng.""}, {""title"": ""Tự nhận phòng"", ""subtitle"": ""Tự nhận phòng với hộp khóa an toàn.""}]"
1638964624315323375,https://www.airbnb.com.vn/rooms/1638964624315323375,20260926000000,2026-09-26,city search,Studio tối giản ấm áp - Bình yên và ấm cúng,"Chào mừng bạn đến với Studio tối giản ấm áp - Bình yên và ấm cúng — một không gian lưu trú ấm cúng, sang trọng tọa lạc tại Quận Tây Hồ, Hà Nội.
Căn phòng tràn ngập ánh sáng tự nhiên với đầy đủ tiện nghi cao cấp, giường nệm êm ái, máy lạnh, TV và wifi tốc độ cao. Rất thuận tiện di chuyển tới các điểm tham quan, nhà hàng ẩm thực và quán cà phê nổi tiếng của Hà Nội.","Khu vực Quận Tây Hồ an ninh, văn minh, gần nhiều địa điểm ăn uống, mua sắm và giải trí sầm uất tại Hà Nội.",https://a0.muscache.com/im/pictures/hosting/Hosting-1638964624315323375/original/2b7bd38e-a336-4098-bbdf-ba6294de221c.jpeg,47000156,https://www.airbnb.com.vn/users/show/47000156,Trang,2019-12-31,"Hà Nội, Việt Nam","Xin chào, tôi là Trang, đã có 6 năm kinh nghiệm làm host. Tôi yêu thích du lịch và luôn mong muốn đem lại trải nghiệm lưu trú thoải mái nhất cho khách.",trong vòng một giờ,100%,98%,t,https://a0.muscache.com/im/pictures/user/User-47000156/original/user_profile_6.jpeg,https://a0.muscache.com/im/pictures/user/User-47000156/original/user_profile_6.jpeg,Quận Tây Hồ,5,8,"['email', 'phone', 'work_email']",t,t,Quận Tây Hồ,Quận Tây Hồ,Hà Nội,21.04557449526612,105.81846339970316,Toàn bộ căn hộ cho thuê,Entire home/apt,2,1.0,1 phòng tắm,1,1,"[""Tủ lạnh"", ""Bếp đầy đủ tiện nghi"", ""Ban công ngắm cảnh"", ""Bể bơi"", ""Máy phát hiện khí CO"", ""Wi-fi tốc độ cao"", ""Lò vi sóng"", ""Bộ chăn ga gối cao cấp"", ""Bồn tắm thư giãn"", ""Điều hòa nhiệt độ"", ""TV màn hình phẳng"", ""Bàn ủi / Bàn là"", ""Thang máy"", ""Máy sấy tóc"", ""Chỗ đỗ xe miễn phí trong khuôn viên"", ""Máy giặt"", ""Máy báo khói"", ""Dầu gội & Sữa tắm"", ""Không gian riêng để làm việc"", ""Tự nhận phòng với hộp khóa an toàn""]","₫756,205",1,1125,1,2,1125,1125,1.0,1125.0,today,t,12,37,52,338,2026-09-26,28,14,0,2025-08-02,2026-09-01,4.96,4.8,4.9,5.0,5.0,4.98,4.81,,t,2,2,0,0,1.71,"[""https://a0.muscache.com/im/pictures/hosting/Hosting-1638964624315323375/original/2b7bd38e-a336-4098-bbdf-ba6294de221c.jpeg"", ""https://a0.muscache.com/im/pictures/hosting/Hosting-1638964624315323375/original/2ffb7ae9-f4d8-4e2f-b657-4a2171366b00.jpeg"", ""https://a0.muscache.com/im/pictures/hosting/Hosting-1638964624315323375/original/88465591-dd19-426b-a6d4-79d25131b318.jpeg"", ""https://a0.muscache.com/im/pictures/hosting/Hosting-1638964624315323375/original/0af62851-8259-4131-a52d-4ae2c5c63aa8.jpeg"", ""https://a0.muscache.com/im/pictures/hosting/Hosting-1638964624315323375/original/54d9c1a7-6a45-45e8-a7e0-2e84e9311afc.jpeg"", ""https://a0.muscache.com/im/pictures/hosting/Hosting-1638964624315323375/original/50d103dd-7afc-49ea-82d5-f4455ffbab48.jpeg"", ""https://a0.muscache.com/im/pictures/hosting/Hosting-1638964624315323375/original/e48ce10c-7217-44c4-841f-d301d91e07c8.jpeg"", ""https://a0.muscache.com/im/pictures/hosting/Hosting-1638964624315323375/original/c7297460-bcb6-4659-9e45-9132bbf50053.jpeg"", ""https://a0.muscache.com/im/pictures/hosting/Hosting-1638964624315323375/original/2bfac17b-12ff-4024-86b3-03d11c3f4bfa.jpeg"", ""https://a0.muscache.com/im/pictures/hosting/Hosting-1638964624315323375/original/dbbcbb4a-7635-4228-988c-d29e6e71846d.jpeg"", ""https://a0.muscache.com/im/pictures/hosting/Hosting-1638964624315323375/original/2ee808eb-6389-42f0-9975-7418f15b8796.jpeg"", ""https://a0.muscache.com/im/pictures/hosting/Hosting-1638964624315323375/original/17967e9c-aab3-4a0e-b19d-4cefaf1f367e.jpeg"", ""https://a0.muscache.com/im/pictures/hosting/Hosting-1638964624315323375/original/f240940c-12c5-47bb-bb6f-f6b786735d22.jpeg"", ""https://a0.muscache.com/im/pictures/hosting/Hosting-1638964624315323375/original/bf49d0f8-92e8-451a-acf4-a1ad4e744a13.jpeg"", ""https://a0.muscache.com/im/pictures/hosting/Hosting-1638964624315323375/original/b09dd7e8-05c3-4d6b-80f3-0fd0508207eb.jpeg"", ""https://a0.muscache.com/im/pictures/hosting/Hosting-1638964624315323375/original/ffbc23d1-93f5-4e1d-81b0-f54b617280da.jpeg""]",t,"[{""name"": ""Long"", ""avatar"": ""https://a0.muscache.com/im/pictures/user/avatar_long.jpg""}, {""name"": ""Dang Nguyen"", ""avatar"": ""https://a0.muscache.com/im/pictures/user/avatar_dang.jpg""}]","[{""name"": ""DECOR"", ""localizedName"": ""Trang trí"", ""count"": 15}, {""name"": ""INTERIOR"", ""localizedName"": ""Không gian bên trong"", ""count"": 13}, {""name"": ""CLEANLINESS"", ""localizedName"": ""Mức độ sạch sẽ"", ""count"": 8}, {""name"": ""LOCATION"", ""localizedName"": ""Địa điểm"", ""count"": 5}, {""name"": ""HOSPITALITY"", ""localizedName"": ""Hiếu khách"", ""count"": 3}]","[{""title"": ""Trải nghiệm nhận phòng xuất sắc"", ""subtitle"": ""Những khách ở gần đây đã xếp hạng 5 sao cho quy trình nhận phòng.""}, {""title"": ""Tự nhận phòng"", ""subtitle"": ""Tự nhận phòng với hộp khóa an toàn.""}]"
1372564441565942302,https://www.airbnb.com.vn/rooms/1372564441565942302,20260926000000,2026-09-26,city search,1.4 Biệt thự yên bình và yên tĩnh/Không khí trong lành/WestLake-Kotton,"Chào mừng bạn đến với 1.4 Biệt thự yên bình và yên tĩnh/Không khí trong lành/WestLake-Kotton — một không gian lưu trú ấm cúng, sang trọng tọa lạc tại Quận Tây Hồ, Hà Nội.
Căn phòng tràn ngập ánh sáng tự nhiên với đầy đủ tiện nghi cao cấp, giường nệm êm ái, máy lạnh, TV và wifi tốc độ cao. Rất thuận tiện di chuyển tới các điểm tham quan, nhà hàng ẩm thực và quán cà phê nổi tiếng của Hà Nội.","Khu vực Quận Tây Hồ an ninh, văn minh, gần nhiều địa điểm ăn uống, mua sắm và giải trí sầm uất tại Hà Nội.",https://a0.muscache.com/im/pictures/hosting/Hosting-1372564441565942302/original/55dda822-65a4-48c6-9f44-79bfcfeab0e4.jpeg,47000157,https://www.airbnb.com.vn/users/show/47000157,Dương,2023-06-19,"Hà Nội, Việt Nam","Xin chào, tôi là Dương, đã có 3 năm kinh nghiệm làm host. Tôi yêu thích du lịch và luôn mong muốn đem lại trải nghiệm lưu trú thoải mái nhất cho khách.",trong vòng một giờ,100%,98%,f,https://a0.muscache.com/im/pictures/user/User-47000157/original/user_profile_7.jpeg,https://a0.muscache.com/im/pictures/user/User-47000157/original/user_profile_7.jpeg,Quận Tây Hồ,3,8,"['email', 'phone', 'work_email']",t,t,Quận Tây Hồ,Quận Tây Hồ,Hà Nội,21.065917791361823,105.82607743070956,Phòng riêng trong nhà,Private room,2,1.0,1 phòng tắm,1,1,"[""Bàn ủi / Bàn là"", ""Máy phát hiện khí CO"", ""Điều hòa nhiệt độ"", ""TV màn hình phẳng"", ""Dầu gội & Sữa tắm"", ""Máy báo khói"", ""Wi-fi tốc độ cao"", ""Thang máy"", ""Bếp đầy đủ tiện nghi"", ""Tủ lạnh"", ""Chỗ đỗ xe miễn phí trong khuôn viên"", ""Bồn tắm thư giãn"", ""Không gian riêng để làm việc"", ""Máy sấy tóc"", ""Ban công ngắm cảnh"", ""Máy giặt"", ""Tự nhận phòng với hộp khóa an toàn"", ""Bể bơi""]","₫606,197",1,1125,1,2,1125,1125,1.0,1125.0,today,t,15,33,75,331,2026-09-26,47,24,0,2024-10-21,2026-09-13,4.91,4.95,4.88,5.0,5.0,4.86,4.9,,f,2,0,1,0,2.48,"[""https://a0.muscache.com/im/pictures/hosting/Hosting-1372564441565942302/original/55dda822-65a4-48c6-9f44-79bfcfeab0e4.jpeg"", ""https://a0.muscache.com/im/pictures/hosting/Hosting-1372564441565942302/original/e1f4e554-4b17-4807-970c-7a84f7d59000.jpeg"", ""https://a0.muscache.com/im/pictures/hosting/Hosting-1372564441565942302/original/814709d6-34e3-40af-8d92-372568971de6.jpeg"", ""https://a0.muscache.com/im/pictures/hosting/Hosting-1372564441565942302/original/abcbb2c0-c268-4613-84c3-384ac25680c8.jpeg"", ""https://a0.muscache.com/im/pictures/hosting/Hosting-1372564441565942302/original/9af1ad0b-540a-41bf-ab2c-13507691bb83.jpeg"", ""https://a0.muscache.com/im/pictures/hosting/Hosting-1372564441565942302/original/de5c48ca-5469-46e7-b906-3789c6aa9472.jpeg""]",t,"[{""name"": ""Dang Nguyen"", ""avatar"": ""https://a0.muscache.com/im/pictures/user/avatar_dang.jpg""}, {""name"": ""Rùa"", ""avatar"": ""https://a0.muscache.com/im/pictures/user/avatar_rua.jpg""}, {""name"": ""Long"", ""avatar"": ""https://a0.muscache.com/im/pictures/user/avatar_long.jpg""}]","[{""name"": ""DECOR"", ""localizedName"": ""Trang trí"", ""count"": 11}, {""name"": ""INTERIOR"", ""localizedName"": ""Không gian bên trong"", ""count"": 9}, {""name"": ""CLEANLINESS"", ""localizedName"": ""Mức độ sạch sẽ"", ""count"": 12}, {""name"": ""LOCATION"", ""localizedName"": ""Địa điểm"", ""count"": 2}, {""name"": ""HOSPITALITY"", ""localizedName"": ""Hiếu khách"", ""count"": 8}]","[{""title"": ""Trải nghiệm nhận phòng xuất sắc"", ""subtitle"": ""Những khách ở gần đây đã xếp hạng 5 sao cho quy trình nhận phòng.""}, {""title"": ""Tự nhận phòng"", ""subtitle"": ""Tự nhận phòng với hộp khóa an toàn.""}]"
1679557229931447684,https://www.airbnb.com.vn/rooms/1679557229931447684,20260926000000,2026-09-26,city search,Căn hộ studio Deluxe ở Khu phố cổ – Thang máy/Ban công/Chợ đêm,"Chào mừng bạn đến với Căn hộ studio Deluxe ở Khu phố cổ – Thang máy/Ban công/Chợ đêm — một không gian lưu trú ấm cúng, sang trọng tọa lạc tại Quận Hoàn Kiếm, Hà Nội.
Căn phòng tràn ngập ánh sáng tự nhiên với đầy đủ tiện nghi cao cấp, giường nệm êm ái, máy lạnh, TV và wifi tốc độ cao. Rất thuận tiện di chuyển tới các điểm tham quan, nhà hàng ẩm thực và quán cà phê nổi tiếng của Hà Nội.","Khu vực Quận Hoàn Kiếm an ninh, văn minh, gần nhiều địa điểm ăn uống, mua sắm và giải trí sầm uất tại Hà Nội.",https://a0.muscache.com/im/pictures/hosting/Hosting-1628357964783562681/original/17295f22-32a2-4cc4-a370-6ec38d32e962.jpeg,47000158,https://www.airbnb.com.vn/users/show/47000158,Thảo,2021-07-08,"Hà Nội, Việt Nam","Xin chào, tôi là Thảo, đã có 5 năm kinh nghiệm làm host. Tôi yêu thích du lịch và luôn mong muốn đem lại trải nghiệm lưu trú thoải mái nhất cho khách.",trong vòng một giờ,100%,98%,t,https://a0.muscache.com/im/pictures/user/User-47000158/original/user_profile_8.jpeg,https://a0.muscache.com/im/pictures/user/User-47000158/original/user_profile_8.jpeg,Quận Hoàn Kiếm,3,5,"['email', 'phone', 'work_email']",t,t,Quận Hoàn Kiếm,Quận Hoàn Kiếm,Hà Nội,21.036099226072864,105.84623971272607,Phòng riêng trong nhà,Private room,2,1.0,1 phòng tắm,1,1,"[""Lò vi sóng"", ""Điều hòa nhiệt độ"", ""Bộ chăn ga gối cao cấp"", ""Không gian riêng để làm việc"", ""Ban công ngắm cảnh"", ""Máy giặt"", ""Bồn tắm thư giãn"", ""TV màn hình phẳng"", ""Bể bơi"", ""Thang máy"", ""Máy sấy tóc"", ""Dầu gội & Sữa tắm"", ""Máy báo khói"", ""Bàn ủi / Bàn là"", ""Máy phát hiện khí CO"", ""Bếp đầy đủ tiện nghi"", ""Wi-fi tốc độ cao""]","₫3,365,664",1,1125,1,2,1125,1125,1.0,1125.0,today,t,25,51,67,305,2026-09-26,37,11,0,2025-03-20,2026-09-23,4.85,4.98,4.81,5.0,5.0,4.88,4.9,,t,2,0,1,0,2.51,"[""https://a0.muscache.com/im/pictures/hosting/Hosting-1628357964783562681/original/17295f22-32a2-4cc4-a370-6ec38d32e962.jpeg"", ""https://a0.muscache.com/im/pictures/hosting/Hosting-1628357964783562681/original/d53469a8-f1f4-4613-b560-16e9b83b3703.jpeg"", ""https://a0.muscache.com/im/pictures/hosting/Hosting-1628357964783562681/original/1ec8b203-da23-498c-86b7-023869774b88.jpeg"", ""https://a0.muscache.com/im/pictures/hosting/Hosting-1628357964783562681/original/e0f8461c-277e-448b-bff9-cea30b0066a6.jpeg"", ""https://a0.muscache.com/im/pictures/hosting/Hosting-1628357964783562681/original/c9d1731b-f8bd-4e62-aeac-99e2b1a356ac.jpeg"", ""https://a0.muscache.com/im/pictures/hosting/Hosting-1628357964783562681/original/b967f171-b7f8-41ab-acc5-64c0243ddfd0.jpeg""]",f,"[{""name"": ""Dang Nguyen"", ""avatar"": ""https://a0.muscache.com/im/pictures/user/avatar_dang.jpg""}, {""name"": ""Long"", ""avatar"": ""https://a0.muscache.com/im/pictures/user/avatar_long.jpg""}, {""name"": ""Cindy"", ""avatar"": ""https://a0.muscache.com/im/pictures/user/avatar_cindy.jpg""}]","[{""name"": ""DECOR"", ""localizedName"": ""Trang trí"", ""count"": 18}, {""name"": ""INTERIOR"", ""localizedName"": ""Không gian bên trong"", ""count"": 4}, {""name"": ""CLEANLINESS"", ""localizedName"": ""Mức độ sạch sẽ"", ""count"": 12}, {""name"": ""LOCATION"", ""localizedName"": ""Địa điểm"", ""count"": 4}, {""name"": ""HOSPITALITY"", ""localizedName"": ""Hiếu khách"", ""count"": 6}]","[{""title"": ""Trải nghiệm nhận phòng xuất sắc"", ""subtitle"": ""Những khách ở gần đây đã xếp hạng 5 sao cho quy trình nhận phòng.""}, {""title"": ""Tự nhận phòng"", ""subtitle"": ""Tự nhận phòng với hộp khóa an toàn.""}]"
1486052936561612723,https://www.airbnb.com.vn/rooms/1486052936561612723,20260926000000,2026-09-26,city search,"119 Trần Duy Hưng, Toà C2, Vinhomes D’capital","Chào mừng bạn đến với 119 Trần Duy Hưng, Toà C2, Vinhomes D’capital — một không gian lưu trú ấm cúng, sang trọng tọa lạc tại Quận Cầu Giấy, Hà Nội.
Căn phòng tràn ngập ánh sáng tự nhiên với đầy đủ tiện nghi cao cấp, giường nệm êm ái, máy lạnh, TV và wifi tốc độ cao. Rất thuận tiện di chuyển tới các điểm tham quan, nhà hàng ẩm thực và quán cà phê nổi tiếng của Hà Nội.","Khu vực Quận Cầu Giấy an ninh, văn minh, gần nhiều địa điểm ăn uống, mua sắm và giải trí sầm uất tại Hà Nội.",https://a0.muscache.com/im/pictures/hosting/Hosting-1486052936561612723/original/ae7d8b0c-13db-480b-a939-fd486d01fad1.png,47000159,https://www.airbnb.com.vn/users/show/47000159,Hải,2021-04-22,"Hà Nội, Việt Nam","Xin chào, tôi là Hải, đã có 5 năm kinh nghiệm làm host. Tôi yêu thích du lịch và luôn mong muốn đem lại trải nghiệm lưu trú thoải mái nhất cho khách.",trong vòng một giờ,100%,98%,f,https://a0.muscache.com/im/pictures/user/User-47000159/original/user_profile_9.jpeg,https://a0.muscache.com/im/pictures/user/User-47000159/original/user_profile_9.jpeg,Quận Cầu Giấy,3,5,"['email', 'phone', 'work_email']",t,t,Quận Cầu Giấy,Quận Cầu Giấy,Hà Nội,21.007,105.7957,Toàn bộ căn hộ cho thuê,Entire home/apt,2,1.0,1 phòng tắm,1,1,"[""TV màn hình phẳng"", ""Máy giặt"", ""Không gian riêng để làm việc"", ""Máy báo khói"", ""Tủ lạnh"", ""Dầu gội & Sữa tắm"", ""Wi-fi tốc độ cao"", ""Bồn tắm thư giãn"", ""Bể bơi"", ""Máy sấy tóc"", ""Lò vi sóng"", ""Tự nhận phòng với hộp khóa an toàn"", ""Bộ chăn ga gối cao cấp"", ""Bàn ủi / Bàn là"", ""Ban công ngắm cảnh"", ""Bếp đầy đủ tiện nghi"", ""Máy phát hiện khí CO"", ""Chỗ đỗ xe miễn phí trong khuôn viên"", ""Điều hòa nhiệt độ""]","₫870,000",1,1125,1,2,1125,1125,1.0,1125.0,today,t,15,55,78,299,2026-09-26,5,4,1,2026-07-13,2026-09-24,5.0,4.86,4.89,5.0,5.0,4.76,4.71,,f,2,2,0,0,2.63,"[""https://a0.muscache.com/im/pictures/hosting/Hosting-1486052936561612723/original/ae7d8b0c-13db-480b-a939-fd486d01fad1.png"", ""https://a0.muscache.com/im/pictures/hosting/Hosting-1486052936561612723/original/2fc7a632-3733-4d4c-8d66-891ab958cbd3.jpeg"", ""https://a0.muscache.com/im/pictures/hosting/Hosting-1486052936561612723/original/ed56ff64-38ee-4e01-8b63-e1e9de85d59a.png"", ""https://a0.muscache.com/im/pictures/hosting/Hosting-1486052936561612723/original/52aaef15-6b95-40c3-b881-0d381906f36e.jpeg"", ""https://a0.muscache.com/im/pictures/hosting/Hosting-1486052936561612723/original/3fa7d9b9-7c01-4ea2-b402-d9ea6fc7f065.png"", ""https://a0.muscache.com/im/pictures/hosting/Hosting-1486052936561612723/original/0b30382c-3984-419b-a677-08df940ea9ff.jpeg"", ""https://a0.muscache.com/im/pictures/hosting/Hosting-1486052936561612723/original/9caaa55b-850d-44b5-8e81-e7725c148624.png"", ""https://a0.muscache.com/im/pictures/hosting/Hosting-1486052936561612723/original/96b18b3c-82c3-422a-a537-09e48b9f6bfb.png"", ""https://a0.muscache.com/im/pictures/hosting/Hosting-1486052936561612723/original/f146e090-bf64-4a5a-8b73-dcd464b9597a.png"", ""https://a0.muscache.com/im/pictures/hosting/Hosting-1486052936561612723/original/457c127c-e746-4c38-97ad-532883475847.png"", ""https://a0.muscache.com/im/pictures/hosting/Hosting-1486052936561612723/original/bdac8ad6-fed5-4995-8095-b7f3097b2c6d.jpeg"", ""https://a0.muscache.com/im/pictures/hosting/Hosting-1486052936561612723/original/2f0a90d9-4a73-43f4-958a-68af4dbabb1c.png"", ""https://a0.muscache.com/im/pictures/hosting/Hosting-1486052936561612723/original/694abd9d-c547-4321-bbd1-e85e0c9b6c2a.png"", ""https://a0.muscache.com/im/pictures/hosting/Hosting-1486052936561612723/original/b50dc383-c0da-4235-9335-d835e15cc094.png"", ""https://a0.muscache.com/im/pictures/hosting/Hosting-1486052936561612723/original/085b2b37-9337-422d-90f3-e41e1b5b6fd6.png"", ""https://a0.muscache.com/im/pictures/hosting/Hosting-1486052936561612723/original/8645c1c1-b77b-4a45-8c99-693e58dc842c.jpeg"", ""https://a0.muscache.com/im/pictures/hosting/Hosting-1486052936561612723/original/3685e973-8123-49b7-9770-f76542f80b4c.png"", ""https://a0.muscache.com/im/pictures/hosting/Hosting-1486052936561612723/original/cc2d46de-cae2-44ac-8411-1be05da66277.jpeg"", ""https://a0.muscache.com/im/pictures/hosting/Hosting-1486052936561612723/original/6f131242-f5e6-4191-bc38-41da07028615.png"", ""https://a0.muscache.com/im/pictures/hosting/Hosting-1486052936561612723/original/fd323786-c5e7-4581-8dcc-167fa4901353.jpeg"", ""https://a0.muscache.com/im/pictures/hosting/Hosting-1486052936561612723/original/8fbf5931-0215-41e4-ba7f-e8ffa8f5bef7.jpeg"", ""https://a0.muscache.com/im/pictures/hosting/Hosting-1486052936561612723/original/ecafd859-b82e-4740-bdd3-5f6ac0f90c53.jpeg""]",t,"[{""name"": ""Dang Nguyen"", ""avatar"": ""https://a0.muscache.com/im/pictures/user/avatar_dang.jpg""}, {""name"": ""Rùa"", ""avatar"": ""https://a0.muscache.com/im/pictures/user/avatar_rua.jpg""}, {""name"": ""Cindy"", ""avatar"": ""https://a0.muscache.com/im/pictures/user/avatar_cindy.jpg""}]","[{""name"": ""DECOR"", ""localizedName"": ""Trang trí"", ""count"": 6}, {""name"": ""INTERIOR"", ""localizedName"": ""Không gian bên trong"", ""count"": 10}, {""name"": ""CLEANLINESS"", ""localizedName"": ""Mức độ sạch sẽ"", ""count"": 22}, {""name"": ""LOCATION"", ""localizedName"": ""Địa điểm"", ""count"": 3}, {""name"": ""HOSPITALITY"", ""localizedName"": ""Hiếu khách"", ""count"": 12}]","[{""title"": ""Trải nghiệm nhận phòng xuất sắc"", ""subtitle"": ""Những khách ở gần đây đã xếp hạng 5 sao cho quy trình nhận phòng.""}, {""title"": ""Tự nhận phòng"", ""subtitle"": ""Tự nhận phòng với hộp khóa an toàn.""}]"
1768534671985126329,https://www.airbnb.com.vn/rooms/1768534671985126329,20260926000000,2026-09-26,city search,Căn hộ Studio Tiện nghi sang trọng Tonkin 2,"Chào mừng bạn đến với Căn hộ Studio Tiện nghi sang trọng Tonkin 2 — một không gian lưu trú ấm cúng, sang trọng tọa lạc tại Quận Bắc Từ Liêm, Hà Nội.
Căn phòng tràn ngập ánh sáng tự nhiên với đầy đủ tiện nghi cao cấp, giường nệm êm ái, máy lạnh, TV và wifi tốc độ cao. Rất thuận tiện di chuyển tới các điểm tham quan, nhà hàng ẩm thực và quán cà phê nổi tiếng của Hà Nội.","Khu vực Quận Bắc Từ Liêm an ninh, văn minh, gần nhiều địa điểm ăn uống, mua sắm và giải trí sầm uất tại Hà Nội.",https://a0.muscache.com/im/pictures/hosting/Hosting-1768534671985126329/original/3d5709eb-2f2f-4f35-985c-39be533c7696.jpeg,47000160,https://www.airbnb.com.vn/users/show/47000160,Nam,2021-06-10,"Hà Nội, Việt Nam","Xin chào, tôi là Nam, đã có 5 năm kinh nghiệm làm host. Tôi yêu thích du lịch và luôn mong muốn đem lại trải nghiệm lưu trú thoải mái nhất cho khách.",trong vòng một giờ,100%,98%,t,https://a0.muscache.com/im/pictures/user/User-47000160/original/user_profile_0.jpeg,https://a0.muscache.com/im/pictures/user/User-47000160/original/user_profile_0.jpeg,Quận Bắc Từ Liêm,3,5,"['email', 'phone', 'work_email']",t,t,Quận Bắc Từ Liêm,Quận Bắc Từ Liêm,Hà Nội,20.9981,105.78163,Toàn bộ căn hộ cho thuê,Entire home/apt,2,1.0,1 phòng tắm,1,1,"[""Máy phát hiện khí CO"", ""Điều hòa nhiệt độ"", ""Thang máy"", ""Bồn tắm thư giãn"", ""Tủ lạnh"", ""Máy sấy tóc"", ""Lò vi sóng"", ""Máy giặt"", ""Bộ chăn ga gối cao cấp"", ""Dầu gội & Sữa tắm"", ""Wi-fi tốc độ cao"", ""Tự nhận phòng với hộp khóa an toàn"", ""TV màn hình phẳng"", ""Bàn ủi / Bàn là"", ""Máy báo khói""]","₫546,000",1,1125,1,2,1125,1125,1.0,1125.0,today,t,23,50,57,254,2026-09-26,94,33,2,2023-06-14,2026-09-20,4.85,4.98,4.91,5.0,5.0,4.83,4.9,,t,2,2,0,0,1.31,"[""https://a0.muscache.com/im/pictures/hosting/Hosting-1768534671985126329/original/3d5709eb-2f2f-4f35-985c-39be533c7696.jpeg"", ""https://a0.muscache.com/im/pictures/hosting/Hosting-1768534671985126329/original/0fc82206-7647-45ac-8b04-c466f7eff226.png"", ""https://a0.muscache.com/im/pictures/hosting/Hosting-1768534671985126329/original/8b3b8d0f-fcee-4c39-8edd-c79ae96ba18f.jpeg"", ""https://a0.muscache.com/im/pictures/hosting/Hosting-1768534671985126329/original/d690035c-2001-4431-9b0c-ad5fdb1d8857.jpeg"", ""https://a0.muscache.com/im/pictures/hosting/Hosting-1768534671985126329/original/cd0e9d62-3afa-426c-a593-15e1cc3c5099.jpeg"", ""https://a0.muscache.com/im/pictures/hosting/Hosting-1768534671985126329/original/bef30186-b920-4fc3-9665-854cf8414306.jpeg"", ""https://a0.muscache.com/im/pictures/hosting/Hosting-1768534671985126329/original/6b2ad4af-6f00-4360-90d2-ee19393662a9.jpeg"", ""https://a0.muscache.com/im/pictures/hosting/Hosting-1768534671985126329/original/8ee770f5-2b35-4962-bea8-42c7c5842dbc.jpeg"", ""https://a0.muscache.com/im/pictures/hosting/Hosting-1768534671985126329/original/e753f511-5d66-4dc7-a551-fe0ff7fde00c.jpeg"", ""https://a0.muscache.com/im/pictures/hosting/Hosting-1768534671985126329/original/6483c0e1-003d-451b-b378-0156b7dceb12.jpeg"", ""https://a0.muscache.com/im/pictures/hosting/Hosting-1768534671985126329/original/7da02895-efcf-4a51-8bb8-594a6ad2ad21.jpeg"", ""https://a0.muscache.com/im/pictures/hosting/Hosting-1768534671985126329/original/2ab87782-dd1e-4db8-a2d9-22c62b0e8370.jpeg"", ""https://a0.muscache.com/im/pictures/hosting/Hosting-1768534671985126329/original/224634bf-69f1-47b4-a699-417bb9121aa8.jpeg"", ""https://a0.muscache.com/im/pictures/hosting/Hosting-1768534671985126329/original/f614c86b-960c-4bf8-858a-bf2fda69c721.jpeg"", ""https://a0.muscache.com/im/pictures/hosting/Hosting-1768534671985126329/original/3deaca33-c4cf-428a-9605-25a19f6f43a1.jpeg"", ""https://a0.muscache.com/im/pictures/hosting/Hosting-1768534671985126329/original/892adbe7-1c1e-43e5-bff8-30ec7c0b66ab.jpeg"", ""https://a0.muscache.com/im/pictures/hosting/Hosting-1768534671985126329/original/515e0c1b-cdf3-434e-bd31-5689cf703c1f.jpeg"", ""https://a0.muscache.com/im/pictures/hosting/Hosting-1768534671985126329/original/a11358fd-2c3c-4571-8fd1-e36dc4bebffc.jpeg"", ""https://a0.muscache.com/im/pictures/hosting/Hosting-1768534671985126329/original/3914379a-744b-40b2-b91f-74839f1a7be9.jpeg"", ""https://a0.muscache.com/im/pictures/hosting/Hosting-1768534671985126329/original/87502b9f-7e9a-4f0f-97cd-9dbfd9e93675.jpeg"", ""https://a0.muscache.com/im/pictures/hosting/Hosting-1768534671985126329/original/d0f0adae-1099-4946-a952-e7a559bf59cb.jpeg"", ""https://a0.muscache.com/im/pictures/hosting/Hosting-1768534671985126329/original/49a7bfb1-09df-4722-bd07-6b3cc012d18a.png"", ""https://a0.muscache.com/im/pictures/hosting/Hosting-1768534671985126329/original/157fb4b2-cc24-4f0e-aeae-cebe42c468fd.png"", ""https://a0.muscache.com/im/pictures/hosting/Hosting-1768534671985126329/original/c92c859e-938d-4915-af12-17747a52ba18.png"", ""https://a0.muscache.com/im/pictures/hosting/Hosting-1768534671985126329/original/84b1dd65-751a-46b4-9efb-2b3a3f2f75a8.png"", ""https://a0.muscache.com/im/pictures/hosting/Hosting-1768534671985126329/original/e5811e16-70b3-46f6-ae5e-132b49e81c30.png"", ""https://a0.muscache.com/im/pictures/hosting/Hosting-1768534671985126329/original/b63ef54d-6c83-456a-a08d-64eba56d5ffd.png"", ""https://a0.muscache.com/im/pictures/hosting/Hosting-1768534671985126329/original/e4897711-b2d0-4662-886e-712c640aae63.jpeg"", ""https://a0.muscache.com/im/pictures/hosting/Hosting-1768534671985126329/original/09bd2ab9-5052-4488-b5d7-c93b8ef0029c.jpeg""]",f,"[{""name"": ""Dang Nguyen"", ""avatar"": ""https://a0.muscache.com/im/pictures/user/avatar_dang.jpg""}, {""name"": ""Cindy"", ""avatar"": ""https://a0.muscache.com/im/pictures/user/avatar_cindy.jpg""}, {""name"": ""Long"", ""avatar"": ""https://a0.muscache.com/im/pictures/user/avatar_long.jpg""}]","[{""name"": ""DECOR"", ""localizedName"": ""Trang trí"", ""count"": 5}, {""name"": ""INTERIOR"", ""localizedName"": ""Không gian bên trong"", ""count"": 12}, {""name"": ""CLEANLINESS"", ""localizedName"": ""Mức độ sạch sẽ"", ""count"": 22}, {""name"": ""LOCATION"", ""localizedName"": ""Địa điểm"", ""count"": 19}, {""name"": ""HOSPITALITY"", ""localizedName"": ""Hiếu khách"", ""count"": 2}]","[{""title"": ""Trải nghiệm nhận phòng xuất sắc"", ""subtitle"": ""Những khách ở gần đây đã xếp hạng 5 sao cho quy trình nhận phòng.""}, {""title"": ""Tự nhận phòng"", ""subtitle"": ""Tự nhận phòng với hộp khóa an toàn.""}]"
1214328139448551875,https://www.airbnb.com.vn/rooms/1214328139448551875,20260926000000,2026-09-26,city search,Phòng tiết kiệm * Chỗ ở sáng sủa và yên tĩnh,"Chào mừng bạn đến với Phòng tiết kiệm * Chỗ ở sáng sủa và yên tĩnh — một không gian lưu trú ấm cúng, sang trọng tọa lạc tại Quận Thanh Xuân, Hà Nội.
Căn phòng tràn ngập ánh sáng tự nhiên với đầy đủ tiện nghi cao cấp, giường nệm êm ái, máy lạnh, TV và wifi tốc độ cao. Rất thuận tiện di chuyển tới các điểm tham quan, nhà hàng ẩm thực và quán cà phê nổi tiếng của Hà Nội.","Khu vực Quận Thanh Xuân an ninh, văn minh, gần nhiều địa điểm ăn uống, mua sắm và giải trí sầm uất tại Hà Nội.",https://a0.muscache.com/im/pictures/miso/Hosting-1214328139448551875/original/aeb25809-6273-4d77-83be-5121e02d651e.jpeg,47000161,https://www.airbnb.com.vn/users/show/47000161,Tuấn,2020-09-11,"Hà Nội, Việt Nam","Xin chào, tôi là Tuấn, đã có 6 năm kinh nghiệm làm host. Tôi yêu thích du lịch và luôn mong muốn đem lại trải nghiệm lưu trú thoải mái nhất cho khách.",trong vòng một giờ,100%,98%,f,https://a0.muscache.com/im/pictures/user/User-47000161/original/user_profile_1.jpeg,https://a0.muscache.com/im/pictures/user/User-47000161/original/user_profile_1.jpeg,Quận Thanh Xuân,3,1,"['email', 'phone', 'work_email']",t,t,Quận Thanh Xuân,Quận Thanh Xuân,Hà Nội,21.0174,105.8633,Phòng riêng trong nhà,Private room,2,1.0,1 phòng tắm,1,1,"[""Wi-fi tốc độ cao"", ""TV màn hình phẳng"", ""Máy báo khói"", ""Máy phát hiện khí CO"", ""Bể bơi"", ""Tự nhận phòng với hộp khóa an toàn"", ""Bàn ủi / Bàn là"", ""Máy sấy tóc"", ""Ban công ngắm cảnh"", ""Không gian riêng để làm việc"", ""Bồn tắm thư giãn"", ""Bếp đầy đủ tiện nghi"", ""Điều hòa nhiệt độ"", ""Chỗ đỗ xe miễn phí trong khuôn viên""]","₫260,000",1,1125,1,2,1125,1125,1.0,1125.0,today,t,20,51,81,335,2026-09-26,79,14,1,2023-06-29,2026-09-08,4.72,4.84,4.93,5.0,5.0,4.77,4.94,,f,2,0,1,0,4.24,"[""https://a0.muscache.com/im/pictures/miso/Hosting-1214328139448551875/original/aeb25809-6273-4d77-83be-5121e02d651e.jpeg"", ""https://a0.muscache.com/im/pictures/miso/Hosting-1214328139448551875/original/c07fc230-d5af-470a-bd29-219d2ce8c8e4.jpeg"", ""https://a0.muscache.com/im/pictures/miso/Hosting-1214328139448551875/original/f54d7dfd-54db-4d6f-95a4-4496faa83ac1.jpeg"", ""https://a0.muscache.com/im/pictures/miso/Hosting-1214328139448551875/original/f521bb04-cd18-435b-b028-7e965cc1f21b.jpeg"", ""https://a0.muscache.com/im/pictures/miso/Hosting-1214328139448551875/original/65dc8e1f-35e2-4669-a437-166e4a65952b.jpeg"", ""https://a0.muscache.com/im/pictures/miso/Hosting-1214328139448551875/original/2efe4fe7-71c3-44dd-9999-ff0ed88919c4.jpeg""]",f,"[{""name"": ""Dang Nguyen"", ""avatar"": ""https://a0.muscache.com/im/pictures/user/avatar_dang.jpg""}, {""name"": ""Long"", ""avatar"": ""https://a0.muscache.com/im/pictures/user/avatar_long.jpg""}]","[{""name"": ""DECOR"", ""localizedName"": ""Trang trí"", ""count"": 18}, {""name"": ""INTERIOR"", ""localizedName"": ""Không gian bên trong"", ""count"": 22}, {""name"": ""CLEANLINESS"", ""localizedName"": ""Mức độ sạch sẽ"", ""count"": 14}, {""name"": ""LOCATION"", ""localizedName"": ""Địa điểm"", ""count"": 19}, {""name"": ""HOSPITALITY"", ""localizedName"": ""Hiếu khách"", ""count"": 9}]","[{""title"": ""Trải nghiệm nhận phòng xuất sắc"", ""subtitle"": ""Những khách ở gần đây đã xếp hạng 5 sao cho quy trình nhận phòng.""}, {""title"": ""Tự nhận phòng"", ""subtitle"": ""Tự nhận phòng với hộp khóa an toàn.""}]"
1567907382350123466,https://www.airbnb.com.vn/rooms/1567907382350123466,20260926000000,2026-09-26,city search,"Căn hộ khách sạn 5 sao , View Hồ Tây , đỉnh cao","Chào mừng bạn đến với Căn hộ khách sạn 5 sao , View Hồ Tây , đỉnh cao — một không gian lưu trú ấm cúng, sang trọng tọa lạc tại Quận Tây Hồ, Hà Nội.
Căn phòng tràn ngập ánh sáng tự nhiên với đầy đủ tiện nghi cao cấp, giường nệm êm ái, máy lạnh, TV và wifi tốc độ cao. Rất thuận tiện di chuyển tới các điểm tham quan, nhà hàng ẩm thực và quán cà phê nổi tiếng của Hà Nội.","Khu vực Quận Tây Hồ an ninh, văn minh, gần nhiều địa điểm ăn uống, mua sắm và giải trí sầm uất tại Hà Nội.",https://a0.muscache.com/im/pictures/hosting/Hosting-1567907382350123466/original/f40ad416-320a-4504-bc6a-7a746ffa8f7e.jpeg,47000162,https://www.airbnb.com.vn/users/show/47000162,Long,2025-05-11,"Hà Nội, Việt Nam","Xin chào, tôi là Long, đã có 1 năm kinh nghiệm làm host. Tôi yêu thích du lịch và luôn mong muốn đem lại trải nghiệm lưu trú thoải mái nhất cho khách.",trong vòng một giờ,100%,98%,t,https://a0.muscache.com/im/pictures/user/User-47000162/original/user_profile_2.jpeg,https://a0.muscache.com/im/pictures/user/User-47000162/original/user_profile_2.jpeg,Quận Tây Hồ,6,7,"['email', 'phone', 'work_email']",t,t,Quận Tây Hồ,Quận Tây Hồ,Hà Nội,21.0453,105.816,Toàn bộ căn hộ cho thuê,Entire home/apt,4,2.0,2 phòng tắm,2,2,"[""TV màn hình phẳng"", ""Wi-fi tốc độ cao"", ""Bể bơi"", ""Máy giặt"", ""Máy báo khói"", ""Máy sấy tóc"", ""Không gian riêng để làm việc"", ""Bếp đầy đủ tiện nghi"", ""Máy phát hiện khí CO"", ""Điều hòa nhiệt độ"", ""Thang máy"", ""Bồn tắm thư giãn"", ""Bộ chăn ga gối cao cấp"", ""Tự nhận phòng với hộp khóa an toàn"", ""Chỗ đỗ xe miễn phí trong khuôn viên"", ""Ban công ngắm cảnh""]","₫2,927,960",1,1125,1,2,1125,1125,1.0,1125.0,today,t,20,51,60,305,2026-09-26,17,14,1,2026-01-14,2026-09-24,4.94,4.97,4.89,5.0,5.0,4.71,4.81,,t,2,2,0,0,3.86,"[""https://a0.muscache.com/im/pictures/hosting/Hosting-1567907382350123466/original/f40ad416-320a-4504-bc6a-7a746ffa8f7e.jpeg"", ""https://a0.muscache.com/im/pictures/hosting/Hosting-1567907382350123466/original/6b8914d6-d4c1-4cd2-ac0e-9a45781a4b4d.jpeg"", ""https://a0.muscache.com/im/pictures/hosting/Hosting-1567907382350123466/original/97774ff9-5d39-43d4-9403-e64a79a49b54.jpeg"", ""https://a0.muscache.com/im/pictures/hosting/Hosting-1567907382350123466/original/e16e3ac9-5be7-421f-8299-cbefc78d57d6.jpeg"", ""https://a0.muscache.com/im/pictures/hosting/Hosting-1567907382350123466/original/f3fe0c21-ee59-4e1b-99da-50f55c9d7c21.jpeg"", ""https://a0.muscache.com/im/pictures/hosting/Hosting-1567907382350123466/original/8f4ca277-7aff-46c2-b7fa-028ae55654f0.jpeg"", ""https://a0.muscache.com/im/pictures/hosting/Hosting-1567907382350123466/original/e6104176-f501-450c-a8d8-46f8cccac38b.jpeg"", ""https://a0.muscache.com/im/pictures/hosting/Hosting-1567907382350123466/original/94a38239-e183-4fee-952e-c80fe1295ed3.jpeg"", ""https://a0.muscache.com/im/pictures/hosting/Hosting-1567907382350123466/original/a6619079-a770-49d5-aedc-268bfe78ed7a.jpeg"", ""https://a0.muscache.com/im/pictures/hosting/Hosting-1567907382350123466/original/a579129c-80ee-45d5-b405-65951efae3f5.jpeg"", ""https://a0.muscache.com/im/pictures/hosting/Hosting-1567907382350123466/original/bbc78372-60e6-43d0-b22b-09a85470b60e.jpeg"", ""https://a0.muscache.com/im/pictures/hosting/Hosting-1567907382350123466/original/1ac29720-3400-4598-8c38-98c192179432.jpeg"", ""https://a0.muscache.com/im/pictures/hosting/Hosting-1567907382350123466/original/13e07429-6f93-469d-9e2e-ecdda4480663.jpeg"", ""https://a0.muscache.com/im/pictures/hosting/Hosting-1567907382350123466/original/a9336e30-d371-42e5-aa00-3c12c9719a40.jpeg"", ""https://a0.muscache.com/im/pictures/hosting/Hosting-1567907382350123466/original/baf97a48-3547-4f4f-8c36-9fb4c59d1db1.jpeg"", ""https://a0.muscache.com/im/pictures/hosting/Hosting-1567907382350123466/original/75c7ac67-a308-45ce-8155-3b5011f8584e.jpeg"", ""https://a0.muscache.com/im/pictures/hosting/Hosting-1567907382350123466/original/c8e23c64-0dbc-43cc-bd30-8943a768bd33.jpeg"", ""https://a0.muscache.com/im/pictures/hosting/Hosting-1567907382350123466/original/f7df40a9-c428-490f-8c56-e74746c9163f.jpeg"", ""https://a0.muscache.com/im/pictures/hosting/Hosting-1567907382350123466/original/ec71e033-2501-4e4c-9acb-52b672f73db6.jpeg"", ""https://a0.muscache.com/im/pictures/hosting/Hosting-1567907382350123466/original/672f9c05-3cf5-4490-9367-c4026935966e.jpeg"", ""https://a0.muscache.com/im/pictures/hosting/Hosting-1567907382350123466/original/3c13b7cf-683b-4820-b136-c0294afbd3b6.jpeg"", ""https://a0.muscache.com/im/pictures/hosting/Hosting-1567907382350123466/original/4c9ddc18-69b8-4993-9d94-28097d0b49b2.jpeg"", ""https://a0.muscache.com/im/pictures/hosting/Hosting-1567907382350123466/original/db6987c5-048e-471b-82e7-deba2bbd0eb2.jpeg"", ""https://a0.muscache.com/im/pictures/hosting/Hosting-1567907382350123466/original/cc20aa20-4360-49bc-af06-4affd632995a.jpeg"", ""https://a0.muscache.com/im/pictures/hosting/Hosting-1567907382350123466/original/5ab1feb8-34ce-43f4-b04b-a44ba9582e02.jpeg"", ""https://a0.muscache.com/im/pictures/hosting/Hosting-1567907382350123466/original/054e3069-ab40-429e-81fb-d1617748805d.jpeg"", ""https://a0.muscache.com/im/pictures/hosting/Hosting-1567907382350123466/original/5baac1b6-499c-4f13-bf52-33b4c6abe941.jpeg"", ""https://a0.muscache.com/im/pictures/hosting/Hosting-1567907382350123466/original/661426ec-466c-403e-ac64-d0ab963573b8.jpeg"", ""https://a0.muscache.com/im/pictures/hosting/Hosting-1567907382350123466/original/2800549c-a8b2-40df-86c1-97b2eb842d7a.jpeg""]",t,"[{""name"": ""Cindy"", ""avatar"": ""https://a0.muscache.com/im/pictures/user/avatar_cindy.jpg""}]","[{""name"": ""DECOR"", ""localizedName"": ""Trang trí"", ""count"": 17}, {""name"": ""INTERIOR"", ""localizedName"": ""Không gian bên trong"", ""count"": 17}, {""name"": ""CLEANLINESS"", ""localizedName"": ""Mức độ sạch sẽ"", ""count"": 3}, {""name"": ""LOCATION"", ""localizedName"": ""Địa điểm"", ""count"": 11}, {""name"": ""HOSPITALITY"", ""localizedName"": ""Hiếu khách"", ""count"": 15}]","[{""title"": ""Trải nghiệm nhận phòng xuất sắc"", ""subtitle"": ""Những khách ở gần đây đã xếp hạng 5 sao cho quy trình nhận phòng.""}, {""title"": ""Tự nhận phòng"", ""subtitle"": ""Tự nhận phòng với hộp khóa an toàn.""}]"
1727989491499804720,https://www.airbnb.com.vn/rooms/1727989491499804720,20260926000000,2026-09-26,city search,Studio 22m2 Ban công Máy chiếu/Nhà bếp/Máy giặt ACL,"Chào mừng bạn đến với Studio 22m2 Ban công Máy chiếu/Nhà bếp/Máy giặt ACL — một không gian lưu trú ấm cúng, sang trọng tọa lạc tại Quận Thanh Xuân, Hà Nội.
Căn phòng tràn ngập ánh sáng tự nhiên với đầy đủ tiện nghi cao cấp, giường nệm êm ái, máy lạnh, TV và wifi tốc độ cao. Rất thuận tiện di chuyển tới các điểm tham quan, nhà hàng ẩm thực và quán cà phê nổi tiếng của Hà Nội.","Khu vực Quận Thanh Xuân an ninh, văn minh, gần nhiều địa điểm ăn uống, mua sắm và giải trí sầm uất tại Hà Nội.",https://a0.muscache.com/im/pictures/hosting/Hosting-1727989491499804720/original/aa538180-9338-4c38-adef-f7baa733d960.png,47000163,https://www.airbnb.com.vn/users/show/47000163,Đức,2024-02-11,"Hà Nội, Việt Nam","Xin chào, tôi là Đức, đã có 2 năm kinh nghiệm làm host. Tôi yêu thích du lịch và luôn mong muốn đem lại trải nghiệm lưu trú thoải mái nhất cho khách.",trong vòng một giờ,100%,98%,f,https://a0.muscache.com/im/pictures/user/User-47000163/original/user_profile_3.jpeg,https://a0.muscache.com/im/pictures/user/User-47000163/original/user_profile_3.jpeg,Quận Thanh Xuân,7,5,"['email', 'phone', 'work_email']",t,t,Quận Thanh Xuân,Quận Thanh Xuân,Hà Nội,21.0008,105.8137,Phòng riêng trong nhà,Private room,2,1.0,1 phòng tắm,1,1,"[""Wi-fi tốc độ cao"", ""Điều hòa nhiệt độ"", ""Dầu gội & Sữa tắm"", ""Máy sấy tóc"", ""Tự nhận phòng với hộp khóa an toàn"", ""Máy phát hiện khí CO"", ""Chỗ đỗ xe miễn phí trong khuôn viên"", ""Bộ chăn ga gối cao cấp"", ""Bếp đầy đủ tiện nghi"", ""Ban công ngắm cảnh"", ""Bàn ủi / Bàn là"", ""Bồn tắm thư giãn"", ""Không gian riêng để làm việc"", ""TV màn hình phẳng"", ""Tủ lạnh"", ""Bể bơi"", ""Lò vi sóng"", ""Thang máy""]","₫379,000",1,1125,1,2,1125,1125,1.0,1125.0,today,t,21,40,57,225,2026-09-26,84,35,0,2023-06-14,2026-09-18,4.85,4.98,4.81,5.0,5.0,4.91,4.82,,f,2,0,1,0,1.4,"[""https://a0.muscache.com/im/pictures/hosting/Hosting-1727989491499804720/original/aa538180-9338-4c38-adef-f7baa733d960.png"", ""https://a0.muscache.com/im/pictures/hosting/Hosting-1727989491499804720/original/a469d35d-dff8-40c9-9fa8-b6bed10f194b.png"", ""https://a0.muscache.com/im/pictures/hosting/Hosting-1727989491499804720/original/bcb58140-9508-49fd-bf34-1907807ec0db.jpeg"", ""https://a0.muscache.com/im/pictures/hosting/Hosting-1727989491499804720/original/5a9e155a-9a5f-4969-9137-8510a14dcdd5.jpeg"", ""https://a0.muscache.com/im/pictures/hosting/Hosting-1727989491499804720/original/1a364e3f-6848-4770-8eb9-72d3cb562d74.jpeg"", ""https://a0.muscache.com/im/pictures/hosting/Hosting-1727989491499804720/original/7edfcbdb-e203-4e38-bf2d-238cde7e2008.jpeg""]",f,"[{""name"": ""Cindy"", ""avatar"": ""https://a0.muscache.com/im/pictures/user/avatar_cindy.jpg""}]","[{""name"": ""DECOR"", ""localizedName"": ""Trang trí"", ""count"": 11}, {""name"": ""INTERIOR"", ""localizedName"": ""Không gian bên trong"", ""count"": 12}, {""name"": ""CLEANLINESS"", ""localizedName"": ""Mức độ sạch sẽ"", ""count"": 18}, {""name"": ""LOCATION"", ""localizedName"": ""Địa điểm"", ""count"": 11}, {""name"": ""HOSPITALITY"", ""localizedName"": ""Hiếu khách"", ""count"": 14}]","[{""title"": ""Trải nghiệm nhận phòng xuất sắc"", ""subtitle"": ""Những khách ở gần đây đã xếp hạng 5 sao cho quy trình nhận phòng.""}, {""title"": ""Tự nhận phòng"", ""subtitle"": ""Tự nhận phòng với hộp khóa an toàn.""}]"
1494462771415223386,https://www.airbnb.com.vn/rooms/1494462771415223386,20260926000000,2026-09-26,city search,Căn hộ view phố trung tâm Hà Nội,"Chào mừng bạn đến với Căn hộ view phố trung tâm Hà Nội — một không gian lưu trú ấm cúng, sang trọng tọa lạc tại Quận Đống Đa, Hà Nội.
Căn phòng tràn ngập ánh sáng tự nhiên với đầy đủ tiện nghi cao cấp, giường nệm êm ái, máy lạnh, TV và wifi tốc độ cao. Rất thuận tiện di chuyển tới các điểm tham quan, nhà hàng ẩm thực và quán cà phê nổi tiếng của Hà Nội.","Khu vực Quận Đống Đa an ninh, văn minh, gần nhiều địa điểm ăn uống, mua sắm và giải trí sầm uất tại Hà Nội.",https://a0.muscache.com/im/pictures/hosting/Hosting-1447781328460968954/original/0e39c493-29f3-4601-85c1-9c26b28a2347.jpeg,47000164,https://www.airbnb.com.vn/users/show/47000164,Khoa,2022-07-27,"Hà Nội, Việt Nam","Xin chào, tôi là Khoa, đã có 4 năm kinh nghiệm làm host. Tôi yêu thích du lịch và luôn mong muốn đem lại trải nghiệm lưu trú thoải mái nhất cho khách.",trong vòng một giờ,100%,98%,t,https://a0.muscache.com/im/pictures/user/User-47000164/original/user_profile_4.jpeg,https://a0.muscache.com/im/pictures/user/User-47000164/original/user_profile_4.jpeg,Quận Đống Đa,1,7,"['email', 'phone', 'work_email']",t,t,Quận Đống Đa,Quận Đống Đa,Hà Nội,21.01766940686848,105.8372470046639,Phòng riêng trong nhà,Private room,2,1.0,1 phòng tắm,1,1,"[""Bồn tắm thư giãn"", ""Điều hòa nhiệt độ"", ""Bể bơi"", ""Máy phát hiện khí CO"", ""Không gian riêng để làm việc"", ""Máy sấy tóc"", ""Bộ chăn ga gối cao cấp"", ""Wi-fi tốc độ cao"", ""Tủ lạnh"", ""Lò vi sóng"", ""TV màn hình phẳng"", ""Thang máy"", ""Tự nhận phòng với hộp khóa an toàn"", ""Chỗ đỗ xe miễn phí trong khuôn viên"", ""Ban công ngắm cảnh""]","₫750,000",1,1125,1,2,1125,1125,1.0,1125.0,today,t,26,35,76,279,2026-09-26,8,3,3,2026-05-29,2026-09-18,5.0,4.99,4.94,5.0,5.0,4.7,4.79,,t,2,0,1,0,2.03,"[""https://a0.muscache.com/im/pictures/hosting/Hosting-1447781328460968954/original/0e39c493-29f3-4601-85c1-9c26b28a2347.jpeg"", ""https://a0.muscache.com/im/pictures/hosting/Hosting-1447781328460968954/original/d55a5439-c8c2-42bb-b416-e3c96ae0b132.jpeg"", ""https://a0.muscache.com/im/pictures/hosting/Hosting-1447781328460968954/original/6ecfaf27-78b4-454d-a4b5-c27612e52ebf.jpeg"", ""https://a0.muscache.com/im/pictures/hosting/Hosting-1447781328460968954/original/a1085e53-42ec-4505-a526-23ebd3fd4543.jpeg"", ""https://a0.muscache.com/im/pictures/hosting/Hosting-1447781328460968954/original/a71a6aa3-6022-45da-98ea-42f0833f382e.jpeg"", ""https://a0.muscache.com/im/pictures/hosting/Hosting-1447781328460968954/original/1f086e66-fa25-4a51-871d-5df651daae99.jpeg""]",t,"[{""name"": ""Cindy"", ""avatar"": ""https://a0.muscache.com/im/pictures/user/avatar_cindy.jpg""}]","[{""name"": ""DECOR"", ""localizedName"": ""Trang trí"", ""count"": 13}, {""name"": ""INTERIOR"", ""localizedName"": ""Không gian bên trong"", ""count"": 6}, {""name"": ""CLEANLINESS"", ""localizedName"": ""Mức độ sạch sẽ"", ""count"": 6}, {""name"": ""LOCATION"", ""localizedName"": ""Địa điểm"", ""count"": 20}, {""name"": ""HOSPITALITY"", ""localizedName"": ""Hiếu khách"", ""count"": 10}]","[{""title"": ""Trải nghiệm nhận phòng xuất sắc"", ""subtitle"": ""Những khách ở gần đây đã xếp hạng 5 sao cho quy trình nhận phòng.""}, {""title"": ""Tự nhận phòng"", ""subtitle"": ""Tự nhận phòng với hộp khóa an toàn.""}]"
1747742480709944081,https://www.airbnb.com.vn/rooms/1747742480709944081,20260926000000,2026-09-26,city search,4B Nest Family Stay & Chụp ảnh ,"Chào mừng bạn đến với 4B Nest Family Stay & Chụp ảnh  — một không gian lưu trú ấm cúng, sang trọng tọa lạc tại Quận Hai Bà Trưng, Hà Nội.
Căn phòng tràn ngập ánh sáng tự nhiên với đầy đủ tiện nghi cao cấp, giường nệm êm ái, máy lạnh, TV và wifi tốc độ cao. Rất thuận tiện di chuyển tới các điểm tham quan, nhà hàng ẩm thực và quán cà phê nổi tiếng của Hà Nội.","Khu vực Quận Hai Bà Trưng an ninh, văn minh, gần nhiều địa điểm ăn uống, mua sắm và giải trí sầm uất tại Hà Nội.",https://a0.muscache.com/im/pictures/hosting/Hosting-1747742480709944081/original/16ae64ee-a545-4b69-9e32-f7659a82cb92.jpeg,47000165,https://www.airbnb.com.vn/users/show/47000165,Hoàng,2025-05-01,"Hà Nội, Việt Nam","Xin chào, tôi là Hoàng, đã có 1 năm kinh nghiệm làm host. Tôi yêu thích du lịch và luôn mong muốn đem lại trải nghiệm lưu trú thoải mái nhất cho khách.",trong vòng một giờ,100%,98%,f,https://a0.muscache.com/im/pictures/user/User-47000165/original/user_profile_5.jpeg,https://a0.muscache.com/im/pictures/user/User-47000165/original/user_profile_5.jpeg,Quận Hai Bà Trưng,10,3,"['email', 'phone', 'work_email']",t,t,Quận Hai Bà Trưng,Quận Hai Bà Trưng,Hà Nội,20.95657,105.80793,Toàn bộ căn hộ cho thuê,Entire home/apt,4,2.0,2 phòng tắm,2,2,"[""Bộ chăn ga gối cao cấp"", ""Không gian riêng để làm việc"", ""TV màn hình phẳng"", ""Máy giặt"", ""Máy sấy tóc"", ""Lò vi sóng"", ""Tủ lạnh"", ""Máy phát hiện khí CO"", ""Thang máy"", ""Chỗ đỗ xe miễn phí trong khuôn viên"", ""Ban công ngắm cảnh"", ""Bếp đầy đủ tiện nghi"", ""Điều hòa nhiệt độ"", ""Bồn tắm thư giãn"", ""Wi-fi tốc độ cao"", ""Máy báo khói"", ""Bàn ủi / Bàn là"", ""Dầu gội & Sữa tắm""]","₫1,030,000",1,1125,1,2,1125,1125,1.0,1125.0,today,t,28,46,64,258,2026-09-26,127,18,3,2023-06-14,2026-09-03,4.85,4.9,4.82,5.0,5.0,4.99,4.86,,f,2,2,0,0,1.34,"[""https://a0.muscache.com/im/pictures/hosting/Hosting-1747742480709944081/original/16ae64ee-a545-4b69-9e32-f7659a82cb92.jpeg"", ""https://a0.muscache.com/im/pictures/hosting/Hosting-1747742480709944081/original/ccdbe453-8159-43cb-898e-c9a7df51f9be.jpeg"", ""https://a0.muscache.com/im/pictures/hosting/Hosting-1747742480709944081/original/dc7783b0-a1ee-4526-af5b-d5f4845e3456.jpeg"", ""https://a0.muscache.com/im/pictures/hosting/Hosting-1747742480709944081/original/fb71d22a-3619-49bd-ab48-df7279ba8a4d.jpeg"", ""https://a0.muscache.com/im/pictures/hosting/Hosting-1747742480709944081/original/efda4c16-19c8-4fda-855b-da6815c139a8.jpeg"", ""https://a0.muscache.com/im/pictures/hosting/Hosting-1747742480709944081/original/e25224de-499d-456a-8349-ac2872e0030f.jpeg"", ""https://a0.muscache.com/im/pictures/hosting/Hosting-1747742480709944081/original/6f7dd7f6-f4fc-466a-898c-56a932bbd942.jpeg"", ""https://a0.muscache.com/im/pictures/hosting/Hosting-1747742480709944081/original/859b7ebe-b07b-4091-87c9-f80ca7ee875f.jpeg"", ""https://a0.muscache.com/im/pictures/hosting/Hosting-1747742480709944081/original/31f520da-93c1-4587-afe1-8232ff358d1d.jpeg"", ""https://a0.muscache.com/im/pictures/hosting/Hosting-1747742480709944081/original/ce4c1a1d-91b8-469d-8b11-6d9896dbf3a7.jpeg"", ""https://a0.muscache.com/im/pictures/hosting/Hosting-1747742480709944081/original/f0fd1469-c694-41fc-9262-904328330f88.jpeg"", ""https://a0.muscache.com/im/pictures/hosting/Hosting-1747742480709944081/original/6a827f6d-afff-4445-ad9b-5fd89db48280.jpeg"", ""https://a0.muscache.com/im/pictures/hosting/Hosting-1747742480709944081/original/cbb87697-df7a-4042-a6ca-42d1c8a757a2.jpeg"", ""https://a0.muscache.com/im/pictures/hosting/Hosting-1747742480709944081/original/269ca550-099d-44bf-aef2-c97f860f309e.jpeg"", ""https://a0.muscache.com/im/pictures/hosting/Hosting-1747742480709944081/original/b376b962-b92c-4e8c-a1b9-afabd90d697c.jpeg"", ""https://a0.muscache.com/im/pictures/hosting/Hosting-1747742480709944081/original/9a7c929f-94ba-45ac-a7aa-359d27a485bc.jpeg"", ""https://a0.muscache.com/im/pictures/hosting/Hosting-1747742480709944081/original/012d333a-4916-4fec-b46c-d6f09722c990.jpeg"", ""https://a0.muscache.com/im/pictures/hosting/Hosting-1747742480709944081/original/a8b59294-6776-4519-970b-f49c8a03fd6c.jpeg"", ""https://a0.muscache.com/im/pictures/hosting/Hosting-1747742480709944081/original/9c4861e2-68b2-4686-a7f6-d72570f18970.jpeg"", ""https://a0.muscache.com/im/pictures/hosting/Hosting-1747742480709944081/original/5fbd5bf4-80c6-485c-8bea-013f1729d69e.jpeg"", ""https://a0.muscache.com/im/pictures/hosting/Hosting-1747742480709944081/original/2a836254-d858-407e-a38e-75125481401e.jpeg"", ""https://a0.muscache.com/im/pictures/hosting/Hosting-1747742480709944081/original/3d838663-12a6-4c71-aa89-74ce12a0f61c.jpeg"", ""https://a0.muscache.com/im/pictures/hosting/Hosting-1747742480709944081/original/5a4ef8ee-c2a5-4908-a06e-7aadf49361c7.jpeg"", ""https://a0.muscache.com/im/pictures/hosting/Hosting-1747742480709944081/original/970f464a-f1ed-4a22-a041-4eba6dc6beff.jpeg"", ""https://a0.muscache.com/im/pictures/hosting/Hosting-1747742480709944081/original/9f4161e3-bd83-4719-afaf-f0556e660a59.jpeg"", ""https://a0.muscache.com/im/pictures/hosting/Hosting-1747742480709944081/original/758287ae-3cae-418f-9197-5ce5a257ca9b.jpeg"", ""https://a0.muscache.com/im/pictures/hosting/Hosting-1747742480709944081/original/a7d69c6b-551f-44cd-b760-1693298ce035.jpeg"", ""https://a0.muscache.com/im/pictures/hosting/Hosting-1747742480709944081/original/728aee8c-3fd6-4d5d-8f50-7380baba19e3.jpeg"", ""https://a0.muscache.com/im/pictures/hosting/Hosting-1747742480709944081/original/4bd5bd96-ae09-479e-a6f0-eb187bbd7434.jpeg""]",f,"[{""name"": ""Long"", ""avatar"": ""https://a0.muscache.com/im/pictures/user/avatar_long.jpg""}]","[{""name"": ""DECOR"", ""localizedName"": ""Trang trí"", ""count"": 18}, {""name"": ""INTERIOR"", ""localizedName"": ""Không gian bên trong"", ""count"": 4}, {""name"": ""CLEANLINESS"", ""localizedName"": ""Mức độ sạch sẽ"", ""count"": 14}, {""name"": ""LOCATION"", ""localizedName"": ""Địa điểm"", ""count"": 5}, {""name"": ""HOSPITALITY"", ""localizedName"": ""Hiếu khách"", ""count"": 7}]","[{""title"": ""Trải nghiệm nhận phòng xuất sắc"", ""subtitle"": ""Những khách ở gần đây đã xếp hạng 5 sao cho quy trình nhận phòng.""}, {""title"": ""Tự nhận phòng"", ""subtitle"": ""Tự nhận phòng với hộp khóa an toàn.""}]"
900285991129555426,https://www.airbnb.com.vn/rooms/900285991129555426,20260926000000,2026-09-26,city search,Hanoi Delicat 3@By Hoan Kiem Lake/Ban công+Tầng thượng,"Chào mừng bạn đến với Hanoi Delicat 3@By Hoan Kiem Lake/Ban công+Tầng thượng — một không gian lưu trú ấm cúng, sang trọng tọa lạc tại Quận Hoàn Kiếm, Hà Nội.
Căn phòng tràn ngập ánh sáng tự nhiên với đầy đủ tiện nghi cao cấp, giường nệm êm ái, máy lạnh, TV và wifi tốc độ cao. Rất thuận tiện di chuyển tới các điểm tham quan, nhà hàng ẩm thực và quán cà phê nổi tiếng của Hà Nội.","Khu vực Quận Hoàn Kiếm an ninh, văn minh, gần nhiều địa điểm ăn uống, mua sắm và giải trí sầm uất tại Hà Nội.",https://a0.muscache.com/im/pictures/miso/Hosting-900285991129555426/original/0e230e25-626e-4e8f-9b0a-9ee9a8261579.jpeg,47000166,https://www.airbnb.com.vn/users/show/47000166,Việt,2024-08-06,"Hà Nội, Việt Nam","Xin chào, tôi là Việt, đã có 2 năm kinh nghiệm làm host. Tôi yêu thích du lịch và luôn mong muốn đem lại trải nghiệm lưu trú thoải mái nhất cho khách.",trong vòng một giờ,100%,98%,t,https://a0.muscache.com/im/pictures/user/User-47000166/original/user_profile_6.jpeg,https://a0.muscache.com/im/pictures/user/User-47000166/original/user_profile_6.jpeg,Quận Hoàn Kiếm,4,6,"['email', 'phone', 'work_email']",t,t,Quận Hoàn Kiếm,Quận Hoàn Kiếm,Hà Nội,21.0317,105.8521,Toàn bộ căn hộ cho thuê,Entire home/apt,4,1.0,1 phòng tắm,1,2,"[""TV màn hình phẳng"", ""Máy phát hiện khí CO"", ""Điều hòa nhiệt độ"", ""Tủ lạnh"", ""Dầu gội & Sữa tắm"", ""Wi-fi tốc độ cao"", ""Máy báo khói"", ""Bàn ủi / Bàn là"", ""Bồn tắm thư giãn"", ""Tự nhận phòng với hộp khóa an toàn"", ""Lò vi sóng"", ""Máy giặt"", ""Chỗ đỗ xe miễn phí trong khuôn viên"", ""Không gian riêng để làm việc"", ""Thang máy"", ""Bộ chăn ga gối cao cấp"", ""Bể bơi"", ""Ban công ngắm cảnh"", ""Bếp đầy đủ tiện nghi"", ""Máy sấy tóc""]","₫1,850,000",1,1125,1,2,1125,1125,1.0,1125.0,today,t,13,47,59,337,2026-09-26,217,9,4,2023-06-14,2026-09-21,4.88,4.98,4.82,5.0,5.0,4.84,4.94,,t,2,2,0,0,1.55,"[""https://a0.muscache.com/im/pictures/miso/Hosting-900285991129555426/original/0e230e25-626e-4e8f-9b0a-9ee9a8261579.jpeg"", ""https://a0.muscache.com/im/pictures/miso/Hosting-900285991129555426/original/678ff0d7-4339-45c1-8c71-f161de0cb9ae.jpeg"", ""https://a0.muscache.com/im/pictures/miso/Hosting-900285991129555426/original/f2a657b9-a68b-447a-9687-4139bb83c1e4.jpeg"", ""https://a0.muscache.com/im/pictures/miso/Hosting-900285991129555426/original/e53b9cb7-55b0-42ef-9411-9e0e31885f2d.jpeg"", ""https://a0.muscache.com/im/pictures/miso/Hosting-900285991129555426/original/225177e5-e080-4438-b281-e630e35c10c2.jpeg"", ""https://a0.muscache.com/im/pictures/miso/Hosting-900285991129555426/original/5abd8ab4-3591-442c-9d30-1b6243adbb5c.jpeg"", ""https://a0.muscache.com/im/pictures/miso/Hosting-900285991129555426/original/371ffdf8-3159-4f1e-b65d-4e227d068ca7.jpeg"", ""https://a0.muscache.com/im/pictures/miso/Hosting-900285991129555426/original/f6e79c45-fe1c-440c-98ca-9dbcbbce6891.jpeg"", ""https://a0.muscache.com/im/pictures/miso/Hosting-900285991129555426/original/ae1e3a5e-7d4a-4486-be05-e65e0c67d005.jpeg"", ""https://a0.muscache.com/im/pictures/miso/Hosting-900285991129555426/original/2db2c773-3ea0-4b88-87c6-8d98634d40e0.jpeg"", ""https://a0.muscache.com/im/pictures/miso/Hosting-900285991129555426/original/cd22e4e5-9ba0-46ef-9c17-1789c738dcba.jpeg"", ""https://a0.muscache.com/im/pictures/miso/Hosting-900285991129555426/original/92d4db1c-fc70-40b2-92b7-efe10d6b1f02.jpeg"", ""https://a0.muscache.com/im/pictures/miso/Hosting-900285991129555426/original/448be5af-9f46-4984-b98f-c950ca3c8af9.jpeg"", ""https://a0.muscache.com/im/pictures/miso/Hosting-900285991129555426/original/8b2fca31-9862-4bde-9f44-dc0529e959e8.jpeg"", ""https://a0.muscache.com/im/pictures/miso/Hosting-900285991129555426/original/ebaaa5e1-da32-4951-87b0-d8d43ee6faef.jpeg"", ""https://a0.muscache.com/im/pictures/miso/Hosting-900285991129555426/original/183b48c1-074d-452a-9379-a05a1d0f3668.jpeg"", ""https://a0.muscache.com/im/pictures/miso/Hosting-900285991129555426/original/06ba013c-b836-4ca3-be0a-d13fcc2bf87e.jpeg"", ""https://a0.muscache.com/im/pictures/miso/Hosting-900285991129555426/original/91084efb-7bb9-4ee7-a8d9-44a87e67b1d3.jpeg"", ""https://a0.muscache.com/im/pictures/miso/Hosting-900285991129555426/original/e4153875-a64a-47b5-bde8-6520056513dc.jpeg"", ""https://a0.muscache.com/im/pictures/miso/Hosting-900285991129555426/original/e91ec04b-9b6a-4d7b-bfd4-a9314e87d753.jpeg"", ""https://a0.muscache.com/im/pictures/miso/Hosting-900285991129555426/original/ca2d17a4-9166-4565-9fd6-6ce1a9e429d5.jpeg"", ""https://a0.muscache.com/im/pictures/miso/Hosting-900285991129555426/original/d53f9a6c-1f56-42e3-80c9-70b43c715c24.jpeg"", ""https://a0.muscache.com/im/pictures/miso/Hosting-900285991129555426/original/98b6ed14-10e7-41ad-8a4f-35450fc340b5.jpeg"", ""https://a0.muscache.com/im/pictures/miso/Hosting-900285991129555426/original/1249dc70-3d90-425a-a142-bd614b842a08.jpeg"", ""https://a0.muscache.com/im/pictures/miso/Hosting-900285991129555426/original/8c40ca4b-0b3e-426b-9e16-b828f1612a47.jpeg"", ""https://a0.muscache.com/im/pictures/miso/Hosting-900285991129555426/original/5c59a8fd-4fd7-405b-b8dc-f503d326db25.jpeg"", ""https://a0.muscache.com/im/pictures/miso/Hosting-900285991129555426/original/509be8eb-a560-4ebc-b36c-0ea1c696f79b.jpeg"", ""https://a0.muscache.com/im/pictures/miso/Hosting-900285991129555426/original/422d0907-d776-4b61-9ddb-82dae88bb5e6.jpeg"", ""https://a0.muscache.com/im/pictures/miso/Hosting-900285991129555426/original/c9c1f2e5-e20d-4b79-ad4a-5118d8a47720.jpeg""]",t,"[{""name"": ""Dang Nguyen"", ""avatar"": ""https://a0.muscache.com/im/pictures/user/avatar_dang.jpg""}, {""name"": ""Long"", ""avatar"": ""https://a0.muscache.com/im/pictures/user/avatar_long.jpg""}, {""name"": ""Cindy"", ""avatar"": ""https://a0.muscache.com/im/pictures/user/avatar_cindy.jpg""}]","[{""name"": ""DECOR"", ""localizedName"": ""Trang trí"", ""count"": 6}, {""name"": ""INTERIOR"", ""localizedName"": ""Không gian bên trong"", ""count"": 20}, {""name"": ""CLEANLINESS"", ""localizedName"": ""Mức độ sạch sẽ"", ""count"": 22}, {""name"": ""LOCATION"", ""localizedName"": ""Địa điểm"", ""count"": 17}, {""name"": ""HOSPITALITY"", ""localizedName"": ""Hiếu khách"", ""count"": 10}]","[{""title"": ""Trải nghiệm nhận phòng xuất sắc"", ""subtitle"": ""Những khách ở gần đây đã xếp hạng 5 sao cho quy trình nhận phòng.""}, {""title"": ""Tự nhận phòng"", ""subtitle"": ""Tự nhận phòng với hộp khóa an toàn.""}]"
1060831891914129533,https://www.airbnb.com.vn/rooms/1060831891914129533,20260926000000,2026-09-26,city search,Căn hộ ấm cúng tại Vinhomes Greenbay Hà Nội,"Chào mừng bạn đến với Căn hộ ấm cúng tại Vinhomes Greenbay Hà Nội — một không gian lưu trú ấm cúng, sang trọng tọa lạc tại Quận Cầu Giấy, Hà Nội.
Căn phòng tràn ngập ánh sáng tự nhiên với đầy đủ tiện nghi cao cấp, giường nệm êm ái, máy lạnh, TV và wifi tốc độ cao. Rất thuận tiện di chuyển tới các điểm tham quan, nhà hàng ẩm thực và quán cà phê nổi tiếng của Hà Nội.","Khu vực Quận Cầu Giấy an ninh, văn minh, gần nhiều địa điểm ăn uống, mua sắm và giải trí sầm uất tại Hà Nội.",https://a0.muscache.com/im/pictures/hosting/Hosting-1060831891914129533/original/48e310a1-d367-49d1-997c-90be3053e47a.jpeg,47000167,https://www.airbnb.com.vn/users/show/47000167,Phong,2025-01-21,"Hà Nội, Việt Nam","Xin chào, tôi là Phong, đã có 1 năm kinh nghiệm làm host. Tôi yêu thích du lịch và luôn mong muốn đem lại trải nghiệm lưu trú thoải mái nhất cho khách.",trong vòng một giờ,100%,98%,f,https://a0.muscache.com/im/pictures/user/User-47000167/original/user_profile_7.jpeg,https://a0.muscache.com/im/pictures/user/User-47000167/original/user_profile_7.jpeg,Quận Cầu Giấy,6,9,"['email', 'phone', 'work_email']",t,t,Quận Cầu Giấy,Quận Cầu Giấy,Hà Nội,20.99931,105.78337,Toàn bộ căn hộ cho thuê,Entire home/apt,2,1.0,1 phòng tắm,1,1,"[""Dầu gội & Sữa tắm"", ""Điều hòa nhiệt độ"", ""Không gian riêng để làm việc"", ""Máy sấy tóc"", ""Máy báo khói"", ""Bàn ủi / Bàn là"", ""Máy phát hiện khí CO"", ""Bể bơi"", ""Tủ lạnh"", ""Bếp đầy đủ tiện nghi"", ""Thang máy"", ""Lò vi sóng"", ""TV màn hình phẳng"", ""Bồn tắm thư giãn"", ""Tự nhận phòng với hộp khóa an toàn"", ""Máy giặt"", ""Wi-fi tốc độ cao"", ""Chỗ đỗ xe miễn phí trong khuôn viên""]","₫738,000",1,1125,1,2,1125,1125,1.0,1125.0,today,t,21,42,75,257,2026-09-26,10,5,5,2026-04-29,2026-09-03,4.9,4.96,4.89,5.0,5.0,4.94,4.79,,f,2,2,0,0,4.29,"[""https://a0.muscache.com/im/pictures/hosting/Hosting-1060831891914129533/original/48e310a1-d367-49d1-997c-90be3053e47a.jpeg"", ""https://a0.muscache.com/im/pictures/hosting/Hosting-1060831891914129533/original/a2fbfaaa-5891-47e3-99f8-81c7e7d60146.jpeg"", ""https://a0.muscache.com/im/pictures/hosting/Hosting-1060831891914129533/original/9f89e74f-acf0-4014-b376-50e67e12271e.jpeg"", ""https://a0.muscache.com/im/pictures/hosting/Hosting-1060831891914129533/original/02cdcfa8-cfda-4921-9a62-f1982de07f5f.jpeg"", ""https://a0.muscache.com/im/pictures/hosting/Hosting-1060831891914129533/original/b1046c06-359e-465d-ac3f-c8927809d9bf.jpeg"", ""https://a0.muscache.com/im/pictures/hosting/Hosting-1060831891914129533/original/18a62271-74e7-408c-9f79-d73789f0702f.jpeg"", ""https://a0.muscache.com/im/pictures/hosting/Hosting-1060831891914129533/original/82cb6eff-8fb0-4b42-930e-eea8e0ccab9e.jpeg"", ""https://a0.muscache.com/im/pictures/hosting/Hosting-1060831891914129533/original/403bf58c-a479-430c-a63d-a9a146874ab4.jpeg"", ""https://a0.muscache.com/im/pictures/hosting/Hosting-1060831891914129533/original/126c455d-6d47-4c40-8c84-221758d46cbe.jpeg"", ""https://a0.muscache.com/im/pictures/hosting/Hosting-1060831891914129533/original/390a0d4b-7f5b-4130-9bd4-85157b0883ae.jpeg"", ""https://a0.muscache.com/im/pictures/hosting/Hosting-1060831891914129533/original/da20df12-ac6d-4f0b-b1df-c84d7c8594fb.jpeg"", ""https://a0.muscache.com/im/pictures/hosting/Hosting-1060831891914129533/original/3c6198db-61c2-4a3a-96e1-521c71301a0d.jpeg"", ""https://a0.muscache.com/im/pictures/hosting/Hosting-1060831891914129533/original/05491861-f253-483e-bedd-28215bdad2ae.jpeg"", ""https://a0.muscache.com/im/pictures/hosting/Hosting-1060831891914129533/original/12b8a8ee-5dd7-4d9e-8563-37da880be3ea.jpeg"", ""https://a0.muscache.com/im/pictures/hosting/Hosting-1060831891914129533/original/e777f9b9-c3d8-46d6-99f9-fab5c318c412.jpeg"", ""https://a0.muscache.com/im/pictures/hosting/Hosting-1060831891914129533/original/9f606686-e7ba-4284-8f95-4f6e58f407c3.jpeg"", ""https://a0.muscache.com/im/pictures/hosting/Hosting-1060831891914129533/original/df742268-a026-486d-b91c-619480129585.jpeg"", ""https://a0.muscache.com/im/pictures/hosting/Hosting-1060831891914129533/original/0567da03-6162-4481-904a-47223f8d5d4c.jpeg"", ""https://a0.muscache.com/im/pictures/hosting/Hosting-1060831891914129533/original/1c2887d0-7907-42f2-bd91-066c6a407ee6.jpeg"", ""https://a0.muscache.com/im/pictures/hosting/Hosting-1060831891914129533/original/b4ca0457-19c7-4da3-958b-5c807ab557fd.jpeg"", ""https://a0.muscache.com/im/pictures/hosting/Hosting-1060831891914129533/original/83fd411c-74fe-4613-acd2-36b9a453bbaa.jpeg"", ""https://a0.muscache.com/im/pictures/hosting/Hosting-1060831891914129533/original/36af8197-d55e-4d1e-a335-ccd6baba5e6b.jpeg"", ""https://a0.muscache.com/im/pictures/hosting/Hosting-1060831891914129533/original/71cb5387-f062-4c46-8197-20250b9565ee.jpeg""]",t,"[{""name"": ""Long"", ""avatar"": ""https://a0.muscache.com/im/pictures/user/avatar_long.jpg""}]","[{""name"": ""DECOR"", ""localizedName"": ""Trang trí"", ""count"": 11}, {""name"": ""INTERIOR"", ""localizedName"": ""Không gian bên trong"", ""count"": 22}, {""name"": ""CLEANLINESS"", ""localizedName"": ""Mức độ sạch sẽ"", ""count"": 11}, {""name"": ""LOCATION"", ""localizedName"": ""Địa điểm"", ""count"": 20}, {""name"": ""HOSPITALITY"", ""localizedName"": ""Hiếu khách"", ""count"": 6}]","[{""title"": ""Trải nghiệm nhận phòng xuất sắc"", ""subtitle"": ""Những khách ở gần đây đã xếp hạng 5 sao cho quy trình nhận phòng.""}, {""title"": ""Tự nhận phòng"", ""subtitle"": ""Tự nhận phòng với hộp khóa an toàn.""}]"
1591764170232288164,https://www.airbnb.com.vn/rooms/1591764170232288164,20260926000000,2026-09-26,city search,-15% 1 phòng ngủ Hướng 45m²| Ban công/Giặt/WC/Thang máy LH,"Chào mừng bạn đến với -15% 1 phòng ngủ Hướng 45m²| Ban công/Giặt/WC/Thang máy LH — một không gian lưu trú ấm cúng, sang trọng tọa lạc tại Quận Đống Đa, Hà Nội.
Căn phòng tràn ngập ánh sáng tự nhiên với đầy đủ tiện nghi cao cấp, giường nệm êm ái, máy lạnh, TV và wifi tốc độ cao. Rất thuận tiện di chuyển tới các điểm tham quan, nhà hàng ẩm thực và quán cà phê nổi tiếng của Hà Nội.","Khu vực Quận Đống Đa an ninh, văn minh, gần nhiều địa điểm ăn uống, mua sắm và giải trí sầm uất tại Hà Nội.",https://a0.muscache.com/im/pictures/hosting/Hosting-1589683427756893843/original/4fd5e47a-3b30-4273-8293-bf0dda600a2c.jpeg,47000168,https://www.airbnb.com.vn/users/show/47000168,Tùng,2025-03-03,"Hà Nội, Việt Nam","Xin chào, tôi là Tùng, đã có 1 năm kinh nghiệm làm host. Tôi yêu thích du lịch và luôn mong muốn đem lại trải nghiệm lưu trú thoải mái nhất cho khách.",trong vòng một giờ,100%,98%,t,https://a0.muscache.com/im/pictures/user/User-47000168/original/user_profile_8.jpeg,https://a0.muscache.com/im/pictures/user/User-47000168/original/user_profile_8.jpeg,Quận Đống Đa,3,8,"['email', 'phone', 'work_email']",t,t,Quận Đống Đa,Quận Đống Đa,Hà Nội,21.00917704092412,105.81403055550041,Phòng riêng trong nhà,Private room,2,1.0,1 phòng tắm,1,1,"[""Tự nhận phòng với hộp khóa an toàn"", ""Máy phát hiện khí CO"", ""TV màn hình phẳng"", ""Máy sấy tóc"", ""Máy giặt"", ""Lò vi sóng"", ""Bể bơi"", ""Tủ lạnh"", ""Ban công ngắm cảnh"", ""Máy báo khói"", ""Bếp đầy đủ tiện nghi"", ""Wi-fi tốc độ cao"", ""Thang máy"", ""Dầu gội & Sữa tắm"", ""Không gian riêng để làm việc"", ""Bồn tắm thư giãn"", ""Điều hòa nhiệt độ"", ""Chỗ đỗ xe miễn phí trong khuôn viên"", ""Bàn ủi / Bàn là""]","₫433,000",1,1125,1,2,1125,1125,1.0,1125.0,today,t,27,33,52,287,2026-09-26,88,4,1,2023-06-14,2026-09-12,4.85,4.82,4.82,5.0,5.0,4.79,4.76,,t,2,0,1,0,3.59,"[""https://a0.muscache.com/im/pictures/hosting/Hosting-1589683427756893843/original/4fd5e47a-3b30-4273-8293-bf0dda600a2c.jpeg"", ""https://a0.muscache.com/im/pictures/hosting/Hosting-1589683427756893843/original/8de164c4-3d72-41eb-85b7-57b11be87adb.jpeg"", ""https://a0.muscache.com/im/pictures/hosting/Hosting-1589683427756893843/original/5f8d958e-e585-4ab9-b9d2-938e3806dc90.jpeg"", ""https://a0.muscache.com/im/pictures/hosting/Hosting-1589683427756893843/original/4c66e9e2-be95-40ac-a124-d3dca7cfc518.jpeg"", ""https://a0.muscache.com/im/pictures/hosting/Hosting-1589683427756893843/original/eeaf33e9-4c40-4282-bc44-6c5816775c9d.jpeg"", ""https://a0.muscache.com/im/pictures/hosting/Hosting-1589683427756893843/original/7a0549fc-caa9-4b1c-9eab-501dc4386cb6.jpeg""]",f,"[{""name"": ""Dang Nguyen"", ""avatar"": ""https://a0.muscache.com/im/pictures/user/avatar_dang.jpg""}, {""name"": ""Cindy"", ""avatar"": ""https://a0.muscache.com/im/pictures/user/avatar_cindy.jpg""}]","[{""name"": ""DECOR"", ""localizedName"": ""Trang trí"", ""count"": 8}, {""name"": ""INTERIOR"", ""localizedName"": ""Không gian bên trong"", ""count"": 21}, {""name"": ""CLEANLINESS"", ""localizedName"": ""Mức độ sạch sẽ"", ""count"": 7}, {""name"": ""LOCATION"", ""localizedName"": ""Địa điểm"", ""count"": 10}, {""name"": ""HOSPITALITY"", ""localizedName"": ""Hiếu khách"", ""count"": 13}]","[{""title"": ""Trải nghiệm nhận phòng xuất sắc"", ""subtitle"": ""Những khách ở gần đây đã xếp hạng 5 sao cho quy trình nhận phòng.""}, {""title"": ""Tự nhận phòng"", ""subtitle"": ""Tự nhận phòng với hộp khóa an toàn.""}]"
1554171586551764247,https://www.airbnb.com.vn/rooms/1554171586551764247,20260926000000,2026-09-26,city search,"Apartment mới,thoáng gần phố Hàn Quốc,  giá rẻ mới","Chào mừng bạn đến với Apartment mới,thoáng gần phố Hàn Quốc,  giá rẻ mới — một không gian lưu trú ấm cúng, sang trọng tọa lạc tại Quận Bắc Từ Liêm, Hà Nội.
Căn phòng tràn ngập ánh sáng tự nhiên với đầy đủ tiện nghi cao cấp, giường nệm êm ái, máy lạnh, TV và wifi tốc độ cao. Rất thuận tiện di chuyển tới các điểm tham quan, nhà hàng ẩm thực và quán cà phê nổi tiếng của Hà Nội.","Khu vực Quận Bắc Từ Liêm an ninh, văn minh, gần nhiều địa điểm ăn uống, mua sắm và giải trí sầm uất tại Hà Nội.",https://a0.muscache.com/im/pictures/hosting/Hosting-1554171586551764247/original/567a7b43-0e67-4b43-8fe1-ac55845ed95d.jpeg,47000169,https://www.airbnb.com.vn/users/show/47000169,Quân,2024-07-23,"Hà Nội, Việt Nam","Xin chào, tôi là Quân, đã có 2 năm kinh nghiệm làm host. Tôi yêu thích du lịch và luôn mong muốn đem lại trải nghiệm lưu trú thoải mái nhất cho khách.",trong vòng một giờ,100%,98%,f,https://a0.muscache.com/im/pictures/user/User-47000169/original/user_profile_9.jpeg,https://a0.muscache.com/im/pictures/user/User-47000169/original/user_profile_9.jpeg,Quận Bắc Từ Liêm,3,1,"['email', 'phone', 'work_email']",t,t,Quận Bắc Từ Liêm,Quận Bắc Từ Liêm,Hà Nội,21.021469886811417,105.77931513150027,Toàn bộ nhà,Entire home/apt,2,1.0,1 phòng tắm,1,1,"[""Wi-fi tốc độ cao"", ""Máy phát hiện khí CO"", ""Bồn tắm thư giãn"", ""Bàn ủi / Bàn là"", ""Tủ lạnh"", ""Ban công ngắm cảnh"", ""Chỗ đỗ xe miễn phí trong khuôn viên"", ""Máy báo khói"", ""Điều hòa nhiệt độ"", ""TV màn hình phẳng"", ""Tự nhận phòng với hộp khóa an toàn"", ""Máy sấy tóc"", ""Không gian riêng để làm việc"", ""Máy giặt""]","₫588,000",1,1125,1,2,1125,1125,1.0,1125.0,today,t,13,31,78,318,2026-09-26,10,2,5,2026-04-29,2026-09-20,5.0,4.95,4.99,5.0,5.0,4.9,4.88,,f,2,2,0,0,1.5,"[""https://a0.muscache.com/im/pictures/hosting/Hosting-1554171586551764247/original/567a7b43-0e67-4b43-8fe1-ac55845ed95d.jpeg"", ""https://a0.muscache.com/im/pictures/hosting/Hosting-1554171586551764247/original/ab959c8b-eb59-4ac2-8d32-59b6cebfe4d4.jpeg"", ""https://a0.muscache.com/im/pictures/hosting/Hosting-1554171586551764247/original/a65f5775-0629-4986-848e-6909346de437.jpeg"", ""https://a0.muscache.com/im/pictures/hosting/Hosting-1554171586551764247/original/8bdadfbb-afa0-4527-8342-7f738e47f8ea.jpeg"", ""https://a0.muscache.com/im/pictures/hosting/Hosting-1554171586551764247/original/e1dcb682-43b7-4396-9c70-e96ab061fca9.jpeg"", ""https://a0.muscache.com/im/pictures/hosting/Hosting-1554171586551764247/original/42389273-646a-4e2d-a8f8-e55e848c6ed4.jpeg"", ""https://a0.muscache.com/im/pictures/hosting/Hosting-1554171586551764247/original/6c16c52d-c7e5-4cff-b3df-b67a9c54e641.jpeg"", ""https://a0.muscache.com/im/pictures/hosting/Hosting-1554171586551764247/original/2745b56e-e2ee-4bd9-9295-cdb992297d66.jpeg"", ""https://a0.muscache.com/im/pictures/hosting/Hosting-1554171586551764247/original/c12641f2-4452-40f4-af7c-fd3160334f25.jpeg"", ""https://a0.muscache.com/im/pictures/hosting/Hosting-1554171586551764247/original/b3bcda85-e99b-4845-88c0-dc915b9222c7.jpeg"", ""https://a0.muscache.com/im/pictures/hosting/Hosting-1554171586551764247/original/b2acc016-e7c6-4e28-a80d-dd4efa62f7c1.jpeg"", ""https://a0.muscache.com/im/pictures/hosting/Hosting-1554171586551764247/original/f6be438e-d0e4-4b36-a6a5-a1cb011eb1e4.jpeg""]",t,"[{""name"": ""Rùa"", ""avatar"": ""https://a0.muscache.com/im/pictures/user/avatar_rua.jpg""}]","[{""name"": ""DECOR"", ""localizedName"": ""Trang trí"", ""count"": 8}, {""name"": ""INTERIOR"", ""localizedName"": ""Không gian bên trong"", ""count"": 21}, {""name"": ""CLEANLINESS"", ""localizedName"": ""Mức độ sạch sẽ"", ""count"": 25}, {""name"": ""LOCATION"", ""localizedName"": ""Địa điểm"", ""count"": 8}, {""name"": ""HOSPITALITY"", ""localizedName"": ""Hiếu khách"", ""count"": 12}]","[{""title"": ""Trải nghiệm nhận phòng xuất sắc"", ""subtitle"": ""Những khách ở gần đây đã xếp hạng 5 sao cho quy trình nhận phòng.""}, {""title"": ""Tự nhận phòng"", ""subtitle"": ""Tự nhận phòng với hộp khóa an toàn.""}]"
1730410165585850268,https://www.airbnb.com.vn/rooms/1730410165585850268,20260926000000,2026-09-26,city search,"Căn hộ với ban công, netflix Trung tâm Hà Nội","Chào mừng bạn đến với Căn hộ với ban công, netflix Trung tâm Hà Nội — một không gian lưu trú ấm cúng, sang trọng tọa lạc tại Quận Thanh Xuân, Hà Nội.
Căn phòng tràn ngập ánh sáng tự nhiên với đầy đủ tiện nghi cao cấp, giường nệm êm ái, máy lạnh, TV và wifi tốc độ cao. Rất thuận tiện di chuyển tới các điểm tham quan, nhà hàng ẩm thực và quán cà phê nổi tiếng của Hà Nội.","Khu vực Quận Thanh Xuân an ninh, văn minh, gần nhiều địa điểm ăn uống, mua sắm và giải trí sầm uất tại Hà Nội.",https://a0.muscache.com/im/pictures/hosting/Hosting-1730410165585850268/original/f9281b8b-dd17-4f84-af77-0b99064000fc.jpeg,47000170,https://www.airbnb.com.vn/users/show/47000170,Felix,2021-08-31,"Hà Nội, Việt Nam","Xin chào, tôi là Felix, đã có 5 năm kinh nghiệm làm host. Tôi yêu thích du lịch và luôn mong muốn đem lại trải nghiệm lưu trú thoải mái nhất cho khách.",trong vòng một giờ,100%,98%,t,https://a0.muscache.com/im/pictures/user/User-47000170/original/user_profile_0.jpeg,https://a0.muscache.com/im/pictures/user/User-47000170/original/user_profile_0.jpeg,Quận Thanh Xuân,7,3,"['email', 'phone', 'work_email']",t,t,Quận Thanh Xuân,Quận Thanh Xuân,Hà Nội,21.0525,105.7865,Phòng riêng trong nhà,Private room,2,1.0,1 phòng tắm,1,1,"[""Tự nhận phòng với hộp khóa an toàn"", ""Bồn tắm thư giãn"", ""Máy báo khói"", ""Wi-fi tốc độ cao"", ""TV màn hình phẳng"", ""Điều hòa nhiệt độ"", ""Bếp đầy đủ tiện nghi"", ""Bàn ủi / Bàn là"", ""Bể bơi"", ""Máy sấy tóc"", ""Máy giặt"", ""Ban công ngắm cảnh"", ""Không gian riêng để làm việc"", ""Tủ lạnh"", ""Lò vi sóng"", ""Chỗ đỗ xe miễn phí trong khuôn viên""]","₫457,200",1,1125,1,2,1125,1125,1.0,1125.0,today,t,22,36,79,246,2026-09-26,3,2,2,2026-08-12,2026-09-08,5.0,4.83,4.89,5.0,5.0,4.93,4.74,,t,2,0,1,0,4.26,"[""https://a0.muscache.com/im/pictures/hosting/Hosting-1730410165585850268/original/f9281b8b-dd17-4f84-af77-0b99064000fc.jpeg"", ""https://a0.muscache.com/im/pictures/hosting/Hosting-1730410165585850268/original/62de712c-df20-4157-841a-2340f6c23c21.jpeg"", ""https://a0.muscache.com/im/pictures/hosting/Hosting-1730410165585850268/original/2942f0d2-c31e-49b1-8782-579358269c3d.jpeg"", ""https://a0.muscache.com/im/pictures/hosting/Hosting-1730410165585850268/original/0e92bfcb-c7d8-49f6-8bc5-107d48180863.jpeg"", ""https://a0.muscache.com/im/pictures/hosting/Hosting-1730410165585850268/original/34a8a1ac-2353-419a-9062-2cfbbb5fecd9.jpeg"", ""https://a0.muscache.com/im/pictures/hosting/Hosting-1730410165585850268/original/b789a011-1930-43b8-ad52-ca313fba7831.jpeg""]",f,"[{""name"": ""Rùa"", ""avatar"": ""https://a0.muscache.com/im/pictures/user/avatar_rua.jpg""}, {""name"": ""Long"", ""avatar"": ""https://a0.muscache.com/im/pictures/user/avatar_long.jpg""}, {""name"": ""Dang Nguyen"", ""avatar"": ""https://a0.muscache.com/im/pictures/user/avatar_dang.jpg""}]","[{""name"": ""DECOR"", ""localizedName"": ""Trang trí"", ""count"": 7}, {""name"": ""INTERIOR"", ""localizedName"": ""Không gian bên trong"", ""count"": 8}, {""name"": ""CLEANLINESS"", ""localizedName"": ""Mức độ sạch sẽ"", ""count"": 15}, {""name"": ""LOCATION"", ""localizedName"": ""Địa điểm"", ""count"": 6}, {""name"": ""HOSPITALITY"", ""localizedName"": ""Hiếu khách"", ""count"": 15}]","[{""title"": ""Trải nghiệm nhận phòng xuất sắc"", ""subtitle"": ""Những khách ở gần đây đã xếp hạng 5 sao cho quy trình nhận phòng.""}, {""title"": ""Tự nhận phòng"", ""subtitle"": ""Tự nhận phòng với hộp khóa an toàn.""}]"
50715217,https://www.airbnb.com.vn/rooms/50715217,20260926000000,2026-09-26,city search,"5 phút đến Keangnam, căn hộ hiện đại ấm cúng của Ann. 2,56","Chào mừng bạn đến với 5 phút đến Keangnam, căn hộ hiện đại ấm cúng của Ann. 2,56 — một không gian lưu trú ấm cúng, sang trọng tọa lạc tại Quận Hoàn Kiếm, Hà Nội.
Căn phòng tràn ngập ánh sáng tự nhiên với đầy đủ tiện nghi cao cấp, giường nệm êm ái, máy lạnh, TV và wifi tốc độ cao. Rất thuận tiện di chuyển tới các điểm tham quan, nhà hàng ẩm thực và quán cà phê nổi tiếng của Hà Nội.","Khu vực Quận Hoàn Kiếm an ninh, văn minh, gần nhiều địa điểm ăn uống, mua sắm và giải trí sầm uất tại Hà Nội.",https://a0.muscache.com/im/pictures/hosting/Hosting-U3RheVN1cHBseUxpc3Rpbmc6NTA3MTUyMTc=/original/61a3ebd7-b58b-4a13-b296-f5718322ef95.jpeg,47000171,https://www.airbnb.com.vn/users/show/47000171,Cindy,2021-06-08,"Hà Nội, Việt Nam","Xin chào, tôi là Cindy, đã có 5 năm kinh nghiệm làm host. Tôi yêu thích du lịch và luôn mong muốn đem lại trải nghiệm lưu trú thoải mái nhất cho khách.",trong vòng một giờ,100%,98%,f,https://a0.muscache.com/im/pictures/user/User-47000171/original/user_profile_1.jpeg,https://a0.muscache.com/im/pictures/user/User-47000171/original/user_profile_1.jpeg,Quận Hoàn Kiếm,10,9,"['email', 'phone', 'work_email']",t,t,Quận Hoàn Kiếm,Quận Hoàn Kiếm,Hà Nội,21.0206,105.7791,Toàn bộ căn hộ cho thuê,Entire home/apt,2,1.0,1 phòng tắm,1,1,"[""Bếp đầy đủ tiện nghi"", ""Điều hòa nhiệt độ"", ""Bàn ủi / Bàn là"", ""Tự nhận phòng với hộp khóa an toàn"", ""Ban công ngắm cảnh"", ""Máy sấy tóc"", ""Lò vi sóng"", ""Không gian riêng để làm việc"", ""Máy báo khói"", ""Wi-fi tốc độ cao"", ""Máy giặt"", ""Chỗ đỗ xe miễn phí trong khuôn viên"", ""Tủ lạnh"", ""Bồn tắm thư giãn"", ""Thang máy"", ""Bể bơi""]","₫660,000",1,1125,1,2,1125,1125,1.0,1125.0,today,t,14,50,79,250,2026-09-26,101,34,5,2023-06-14,2026-09-10,4.88,4.85,4.85,5.0,5.0,4.78,4.89,,f,2,2,0,0,4.15,"[""https://a0.muscache.com/im/pictures/hosting/Hosting-U3RheVN1cHBseUxpc3Rpbmc6NTA3MTUyMTc=/original/61a3ebd7-b58b-4a13-b296-f5718322ef95.jpeg"", ""https://a0.muscache.com/im/pictures/hosting/Hosting-U3RheVN1cHBseUxpc3Rpbmc6NTA3MTUyMTc=/original/f9a977d4-54ff-4a75-88bf-0835e69229f9.jpeg"", ""https://a0.muscache.com/im/pictures/hosting/Hosting-U3RheVN1cHBseUxpc3Rpbmc6NTA3MTUyMTc=/original/08429f88-ff7b-4b34-86c4-dad1117b69be.jpeg"", ""https://a0.muscache.com/im/pictures/hosting/Hosting-U3RheVN1cHBseUxpc3Rpbmc6NTA3MTUyMTc=/original/b844123f-fbbb-45d4-8f2a-4f590de45c01.jpeg"", ""https://a0.muscache.com/im/pictures/hosting/Hosting-U3RheVN1cHBseUxpc3Rpbmc6NTA3MTUyMTc=/original/25d66a66-5477-4a03-b43c-68130b0dca32.jpeg"", ""https://a0.muscache.com/im/pictures/hosting/Hosting-U3RheVN1cHBseUxpc3Rpbmc6NTA3MTUyMTc=/original/9bf80562-e5db-4e8f-95f9-5c8d87764989.jpeg"", ""https://a0.muscache.com/im/pictures/hosting/Hosting-U3RheVN1cHBseUxpc3Rpbmc6NTA3MTUyMTc=/original/3306f8ef-6307-4a27-80dd-602bbd14d64a.jpeg"", ""https://a0.muscache.com/im/pictures/hosting/Hosting-U3RheVN1cHBseUxpc3Rpbmc6NTA3MTUyMTc=/original/9ebe6130-6f49-494f-a4c7-a093fbf5a5ed.jpeg"", ""https://a0.muscache.com/im/pictures/hosting/Hosting-U3RheVN1cHBseUxpc3Rpbmc6NTA3MTUyMTc=/original/5ec58f23-b4a1-4e74-8a45-35c31b2d1adf.jpeg""]",t,"[{""name"": ""Cindy"", ""avatar"": ""https://a0.muscache.com/im/pictures/user/avatar_cindy.jpg""}, {""name"": ""Dang Nguyen"", ""avatar"": ""https://a0.muscache.com/im/pictures/user/avatar_dang.jpg""}, {""name"": ""Rùa"", ""avatar"": ""https://a0.muscache.com/im/pictures/user/avatar_rua.jpg""}]","[{""name"": ""DECOR"", ""localizedName"": ""Trang trí"", ""count"": 15}, {""name"": ""INTERIOR"", ""localizedName"": ""Không gian bên trong"", ""count"": 13}, {""name"": ""CLEANLINESS"", ""localizedName"": ""Mức độ sạch sẽ"", ""count"": 22}, {""name"": ""LOCATION"", ""localizedName"": ""Địa điểm"", ""count"": 19}, {""name"": ""HOSPITALITY"", ""localizedName"": ""Hiếu khách"", ""count"": 2}]","[{""title"": ""Trải nghiệm nhận phòng xuất sắc"", ""subtitle"": ""Những khách ở gần đây đã xếp hạng 5 sao cho quy trình nhận phòng.""}, {""title"": ""Tự nhận phòng"", ""subtitle"": ""Tự nhận phòng với hộp khóa an toàn.""}]"
1454734502091228341,https://www.airbnb.com.vn/rooms/1454734502091228341,20260926000000,2026-09-26,city search,Studio riêng tư có máy chiếu & bếp xinh,"Chào mừng bạn đến với Studio riêng tư có máy chiếu & bếp xinh — một không gian lưu trú ấm cúng, sang trọng tọa lạc tại Quận Đống Đa, Hà Nội.
Căn phòng tràn ngập ánh sáng tự nhiên với đầy đủ tiện nghi cao cấp, giường nệm êm ái, máy lạnh, TV và wifi tốc độ cao. Rất thuận tiện di chuyển tới các điểm tham quan, nhà hàng ẩm thực và quán cà phê nổi tiếng của Hà Nội.","Khu vực Quận Đống Đa an ninh, văn minh, gần nhiều địa điểm ăn uống, mua sắm và giải trí sầm uất tại Hà Nội.",https://a0.muscache.com/im/pictures/miso/Hosting-1454734502091228341/original/9e4d1282-e6ca-43bd-9d77-57bfdaa8dbce.jpeg,47000172,https://www.airbnb.com.vn/users/show/47000172,Rose,2020-02-15,"Hà Nội, Việt Nam","Xin chào, tôi là Rose, đã có 6 năm kinh nghiệm làm host. Tôi yêu thích du lịch và luôn mong muốn đem lại trải nghiệm lưu trú thoải mái nhất cho khách.",trong vòng một giờ,100%,98%,t,https://a0.muscache.com/im/pictures/user/User-47000172/original/user_profile_2.jpeg,https://a0.muscache.com/im/pictures/user/User-47000172/original/user_profile_2.jpeg,Quận Đống Đa,8,10,"['email', 'phone', 'work_email']",t,t,Quận Đống Đa,Quận Đống Đa,Hà Nội,21.01442,105.81803,Toàn bộ căn hộ cho thuê,Entire home/apt,2,1.0,1 phòng tắm,1,1,"[""Điều hòa nhiệt độ"", ""Tự nhận phòng với hộp khóa an toàn"", ""Máy phát hiện khí CO"", ""Bộ chăn ga gối cao cấp"", ""Máy giặt"", ""Thang máy"", ""Máy báo khói"", ""Bếp đầy đủ tiện nghi"", ""Bể bơi"", ""Wi-fi tốc độ cao"", ""Không gian riêng để làm việc"", ""Dầu gội & Sữa tắm"", ""Bồn tắm thư giãn"", ""Bàn ủi / Bàn là"", ""Chỗ đỗ xe miễn phí trong khuôn viên"", ""Tủ lạnh"", ""Ban công ngắm cảnh"", ""Lò vi sóng"", ""Máy sấy tóc""]","₫570,000",1,1125,1,2,1125,1125,1.0,1125.0,today,t,26,56,51,301,2026-09-26,175,3,0,2023-06-14,2026-09-01,4.85,4.93,4.84,5.0,5.0,4.97,4.84,,t,2,2,0,0,1.75,"[""https://a0.muscache.com/im/pictures/miso/Hosting-1454734502091228341/original/9e4d1282-e6ca-43bd-9d77-57bfdaa8dbce.jpeg"", ""https://a0.muscache.com/im/pictures/miso/Hosting-1454734502091228341/original/3a179539-cc1b-4082-8a78-95e2b9d6a5c6.jpeg"", ""https://a0.muscache.com/im/pictures/miso/Hosting-1454734502091228341/original/a9c6d1c6-e71a-42f5-a0a1-772e287dc370.jpeg"", ""https://a0.muscache.com/im/pictures/miso/Hosting-1454734502091228341/original/2e449617-27c6-431c-b3a1-c92b6d454d29.jpeg"", ""https://a0.muscache.com/im/pictures/miso/Hosting-1454734502091228341/original/163f085e-11b0-4f93-b5bb-4f6642718f93.jpeg"", ""https://a0.muscache.com/im/pictures/miso/Hosting-1454734502091228341/original/454de339-bebe-4d3f-b574-af23e2319ba4.jpeg"", ""https://a0.muscache.com/im/pictures/miso/Hosting-1454734502091228341/original/d672f629-fd6f-479c-9ae1-f11d44f57b92.jpeg""]",f,"[{""name"": ""Long"", ""avatar"": ""https://a0.muscache.com/im/pictures/user/avatar_long.jpg""}, {""name"": ""Rùa"", ""avatar"": ""https://a0.muscache.com/im/pictures/user/avatar_rua.jpg""}, {""name"": ""Dang Nguyen"", ""avatar"": ""https://a0.muscache.com/im/pictures/user/avatar_dang.jpg""}]","[{""name"": ""DECOR"", ""localizedName"": ""Trang trí"", ""count"": 16}, {""name"": ""INTERIOR"", ""localizedName"": ""Không gian bên trong"", ""count"": 20}, {""name"": ""CLEANLINESS"", ""localizedName"": ""Mức độ sạch sẽ"", ""count"": 13}, {""name"": ""LOCATION"", ""localizedName"": ""Địa điểm"", ""count"": 14}, {""name"": ""HOSPITALITY"", ""localizedName"": ""Hiếu khách"", ""count"": 13}]","[{""title"": ""Trải nghiệm nhận phòng xuất sắc"", ""subtitle"": ""Những khách ở gần đây đã xếp hạng 5 sao cho quy trình nhận phòng.""}, {""title"": ""Tự nhận phòng"", ""subtitle"": ""Tự nhận phòng với hộp khóa an toàn.""}]"
1687374469487928311,https://www.airbnb.com.vn/rooms/1687374469487928311,20260926000000,2026-09-26,city search,Căn Hộ 3 phòng ngủ - 2 nhà vệ sinh full nội thất,"Chào mừng bạn đến với Căn Hộ 3 phòng ngủ - 2 nhà vệ sinh full nội thất — một không gian lưu trú ấm cúng, sang trọng tọa lạc tại Quận Tây Hồ, Hà Nội.
Căn phòng tràn ngập ánh sáng tự nhiên với đầy đủ tiện nghi cao cấp, giường nệm êm ái, máy lạnh, TV và wifi tốc độ cao. Rất thuận tiện di chuyển tới các điểm tham quan, nhà hàng ẩm thực và quán cà phê nổi tiếng của Hà Nội.","Khu vực Quận Tây Hồ an ninh, văn minh, gần nhiều địa điểm ăn uống, mua sắm và giải trí sầm uất tại Hà Nội.",https://a0.muscache.com/im/pictures/hosting/Hosting-1687374469487928311/original/82458da9-93df-4ed6-bee2-c321e65f3360.jpeg,47000173,https://www.airbnb.com.vn/users/show/47000173,LangX,2021-08-01,"Hà Nội, Việt Nam","Xin chào, tôi là LangX, đã có 5 năm kinh nghiệm làm host. Tôi yêu thích du lịch và luôn mong muốn đem lại trải nghiệm lưu trú thoải mái nhất cho khách.",trong vòng một giờ,100%,98%,f,https://a0.muscache.com/im/pictures/user/User-47000173/original/user_profile_3.jpeg,https://a0.muscache.com/im/pictures/user/User-47000173/original/user_profile_3.jpeg,Quận Tây Hồ,6,10,"['email', 'phone', 'work_email']",t,t,Quận Tây Hồ,Quận Tây Hồ,Hà Nội,21.0144,105.85794,Toàn bộ căn hộ cho thuê,Entire home/apt,6,2.0,2 phòng tắm,3,3,"[""Thang máy"", ""Lò vi sóng"", ""Điều hòa nhiệt độ"", ""Máy sấy tóc"", ""Bếp đầy đủ tiện nghi"", ""Wi-fi tốc độ cao"", ""Tự nhận phòng với hộp khóa an toàn"", ""Chỗ đỗ xe miễn phí trong khuôn viên"", ""Máy báo khói"", ""Bộ chăn ga gối cao cấp"", ""Bàn ủi / Bàn là"", ""TV màn hình phẳng"", ""Máy phát hiện khí CO"", ""Bể bơi"", ""Máy giặt"", ""Dầu gội & Sữa tắm""]","₫1,500,000",1,1125,1,2,1125,1125,1.0,1125.0,today,t,13,54,61,286,2026-09-26,47,13,3,2024-10-21,2026-09-03,4.85,4.85,4.81,5.0,5.0,4.93,4.94,,f,2,2,0,0,4.36,"[""https://a0.muscache.com/im/pictures/hosting/Hosting-1687374469487928311/original/82458da9-93df-4ed6-bee2-c321e65f3360.jpeg"", ""https://a0.muscache.com/im/pictures/hosting/Hosting-1687374469487928311/original/8e64dbe6-4d5e-411b-852f-35090bd8b295.jpeg"", ""https://a0.muscache.com/im/pictures/hosting/Hosting-1687374469487928311/original/70ecc6f2-ea6c-4510-bb17-2d122ba7feea.jpeg"", ""https://a0.muscache.com/im/pictures/hosting/Hosting-1687374469487928311/original/884fb849-b4e9-4e11-9c1a-17806a1ec856.jpeg"", ""https://a0.muscache.com/im/pictures/hosting/Hosting-1687374469487928311/original/6d4cf493-0a87-4269-b4c5-f3f6ac51c58d.jpeg"", ""https://a0.muscache.com/im/pictures/hosting/Hosting-1687374469487928311/original/d8dbefbb-4532-41fa-8089-bad06ad7888a.jpeg"", ""https://a0.muscache.com/im/pictures/hosting/Hosting-1687374469487928311/original/3855662d-b6e8-4e15-8f3b-55c3800987c2.jpeg"", ""https://a0.muscache.com/im/pictures/hosting/Hosting-1687374469487928311/original/3a4f85d4-02ef-41e7-82f0-72cefc703b29.jpeg"", ""https://a0.muscache.com/im/pictures/hosting/Hosting-1687374469487928311/original/a3a11bb7-d0e6-40ae-aaf6-d80114a330f9.jpeg"", ""https://a0.muscache.com/im/pictures/hosting/Hosting-1687374469487928311/original/bb9f71e8-67bc-42dd-a398-f498275c99fe.jpeg"", ""https://a0.muscache.com/im/pictures/hosting/Hosting-1687374469487928311/original/ea895751-d404-44f5-93ab-bea5d1ebf86e.jpeg"", ""https://a0.muscache.com/im/pictures/hosting/Hosting-1687374469487928311/original/a0780c82-231a-4755-ac91-62203fc90827.jpeg""]",f,"[{""name"": ""Dang Nguyen"", ""avatar"": ""https://a0.muscache.com/im/pictures/user/avatar_dang.jpg""}, {""name"": ""Cindy"", ""avatar"": ""https://a0.muscache.com/im/pictures/user/avatar_cindy.jpg""}]","[{""name"": ""DECOR"", ""localizedName"": ""Trang trí"", ""count"": 16}, {""name"": ""INTERIOR"", ""localizedName"": ""Không gian bên trong"", ""count"": 4}, {""name"": ""CLEANLINESS"", ""localizedName"": ""Mức độ sạch sẽ"", ""count"": 16}, {""name"": ""LOCATION"", ""localizedName"": ""Địa điểm"", ""count"": 9}, {""name"": ""HOSPITALITY"", ""localizedName"": ""Hiếu khách"", ""count"": 4}]","[{""title"": ""Trải nghiệm nhận phòng xuất sắc"", ""subtitle"": ""Những khách ở gần đây đã xếp hạng 5 sao cho quy trình nhận phòng.""}, {""title"": ""Tự nhận phòng"", ""subtitle"": ""Tự nhận phòng với hộp khóa an toàn.""}]"
1754127451457399080,https://www.airbnb.com.vn/rooms/1754127451457399080,20260926000000,2026-09-26,city search,5 Home – Bình yên giữa Vinhomes Ocean Park ,"Chào mừng bạn đến với 5 Home – Bình yên giữa Vinhomes Ocean Park  — một không gian lưu trú ấm cúng, sang trọng tọa lạc tại Quận Hai Bà Trưng, Hà Nội.
Căn phòng tràn ngập ánh sáng tự nhiên với đầy đủ tiện nghi cao cấp, giường nệm êm ái, máy lạnh, TV và wifi tốc độ cao. Rất thuận tiện di chuyển tới các điểm tham quan, nhà hàng ẩm thực và quán cà phê nổi tiếng của Hà Nội.","Khu vực Quận Hai Bà Trưng an ninh, văn minh, gần nhiều địa điểm ăn uống, mua sắm và giải trí sầm uất tại Hà Nội.",https://a0.muscache.com/im/pictures/hosting/Hosting-1754127451457399080/original/1a565dca-c65f-487f-8ed5-605956b9dda8.png,47000174,https://www.airbnb.com.vn/users/show/47000174,Ken,2021-05-09,"Hà Nội, Việt Nam","Xin chào, tôi là Ken, đã có 5 năm kinh nghiệm làm host. Tôi yêu thích du lịch và luôn mong muốn đem lại trải nghiệm lưu trú thoải mái nhất cho khách.",trong vòng một giờ,100%,98%,t,https://a0.muscache.com/im/pictures/user/User-47000174/original/user_profile_4.jpeg,https://a0.muscache.com/im/pictures/user/User-47000174/original/user_profile_4.jpeg,Quận Hai Bà Trưng,8,3,"['email', 'phone', 'work_email']",t,t,Quận Hai Bà Trưng,Quận Hai Bà Trưng,Hà Nội,20.9911,105.86043,Toàn bộ căn hộ cho thuê,Entire home/apt,6,2.0,2 phòng tắm,2,3,"[""TV màn hình phẳng"", ""Điều hòa nhiệt độ"", ""Ban công ngắm cảnh"", ""Bàn ủi / Bàn là"", ""Máy phát hiện khí CO"", ""Bồn tắm thư giãn"", ""Không gian riêng để làm việc"", ""Dầu gội & Sữa tắm"", ""Lò vi sóng"", ""Bể bơi"", ""Tự nhận phòng với hộp khóa an toàn"", ""Thang máy"", ""Tủ lạnh"", ""Bếp đầy đủ tiện nghi"", ""Chỗ đỗ xe miễn phí trong khuôn viên"", ""Wi-fi tốc độ cao"", ""Máy báo khói"", ""Máy sấy tóc"", ""Bộ chăn ga gối cao cấp""]","₫1,165,000",1,1125,1,2,1125,1125,1.0,1125.0,today,t,15,44,72,241,2026-09-26,3,3,2,2026-08-12,2026-09-09,5.0,4.93,4.93,5.0,5.0,4.92,4.83,,t,2,2,0,0,3.75,"[""https://a0.muscache.com/im/pictures/hosting/Hosting-1754127451457399080/original/1a565dca-c65f-487f-8ed5-605956b9dda8.png"", ""https://a0.muscache.com/im/pictures/hosting/Hosting-1754127451457399080/original/caa50a22-8bbc-483d-9c76-d0ce4d74aedf.jpeg"", ""https://a0.muscache.com/im/pictures/hosting/Hosting-1754127451457399080/original/ed7e457e-53da-4df9-bf21-e0f932bfc331.jpeg"", ""https://a0.muscache.com/im/pictures/hosting/Hosting-1754127451457399080/original/5a3b3e4d-9046-4387-8e74-c8ce1ae85bf4.png"", ""https://a0.muscache.com/im/pictures/hosting/Hosting-1754127451457399080/original/b7249920-afa0-478c-82a7-920da4dc74c0.png"", ""https://a0.muscache.com/im/pictures/hosting/Hosting-1754127451457399080/original/ba639cf7-0f33-407c-8746-993a38e6a393.png"", ""https://a0.muscache.com/im/pictures/hosting/Hosting-1754127451457399080/original/d80b0bf3-92a4-4946-9156-daf0e1735a13.png"", ""https://a0.muscache.com/im/pictures/hosting/Hosting-1754127451457399080/original/47b8c7cf-1d66-48cf-b6f3-8f60895d0dcd.jpeg"", ""https://a0.muscache.com/im/pictures/hosting/Hosting-1754127451457399080/original/189f3379-6e57-41a8-b1e9-70da0435a439.jpeg"", ""https://a0.muscache.com/im/pictures/hosting/Hosting-1754127451457399080/original/3c37a1fc-4559-4fc3-b8ac-340c0f5ac77f.png"", ""https://a0.muscache.com/im/pictures/hosting/Hosting-1754127451457399080/original/87bfbab0-3574-4503-ab4d-ce229f012d93.png"", ""https://a0.muscache.com/im/pictures/hosting/Hosting-1754127451457399080/original/6c7a4857-3341-4166-973d-fb50651a5764.png"", ""https://a0.muscache.com/im/pictures/hosting/Hosting-1754127451457399080/original/6af07021-7ace-4ab3-aa35-e4a19d787d0b.png"", ""https://a0.muscache.com/im/pictures/hosting/Hosting-1754127451457399080/original/02796a15-45ce-4c6b-a5bb-40859e8559d6.jpeg"", ""https://a0.muscache.com/im/pictures/hosting/Hosting-1754127451457399080/original/8345d6d6-1af4-4f71-a1c5-b871c417ef61.jpeg"", ""https://a0.muscache.com/im/pictures/hosting/Hosting-1754127451457399080/original/35c2c8ac-8a72-4c5c-99a5-b4f34b3cd4f1.jpeg"", ""https://a0.muscache.com/im/pictures/hosting/Hosting-1754127451457399080/original/d63a295b-246d-460b-9c4a-0dc134b57293.jpeg"", ""https://a0.muscache.com/im/pictures/hosting/Hosting-1754127451457399080/original/f7e3951f-6582-4034-a9eb-c5066994b013.jpeg"", ""https://a0.muscache.com/im/pictures/hosting/Hosting-1754127451457399080/original/18243089-b64e-4446-bb07-ef176960a2ff.jpeg"", ""https://a0.muscache.com/im/pictures/hosting/Hosting-1754127451457399080/original/e1fed149-363c-49c0-85dc-7ddf63b9e672.jpeg"", ""https://a0.muscache.com/im/pictures/hosting/Hosting-1754127451457399080/original/230dc895-b7e8-4fb2-a4a9-eeb1763bc497.jpeg"", ""https://a0.muscache.com/im/pictures/hosting/Hosting-1754127451457399080/original/15c7232d-2eda-400d-85d0-d99e408049b3.jpeg"", ""https://a0.muscache.com/im/pictures/hosting/Hosting-1754127451457399080/original/d0206f1c-3895-4a30-a9ab-001badee5b9d.jpeg"", ""https://a0.muscache.com/im/pictures/hosting/Hosting-1754127451457399080/original/dc391a8d-bf91-4cf9-8e37-58e1cb2292f9.png"", ""https://a0.muscache.com/im/pictures/hosting/Hosting-1754127451457399080/original/3fa57ddf-bf7e-4f91-b033-18ca8c6bceb9.png"", ""https://a0.muscache.com/im/pictures/hosting/Hosting-1754127451457399080/original/d14399c5-f651-4c03-a825-d4e5d794a9bf.png"", ""https://a0.muscache.com/im/pictures/hosting/Hosting-1754127451457399080/original/605366cf-f1ea-49fe-a92f-c2f23abae05c.jpeg"", ""https://a0.muscache.com/im/pictures/hosting/Hosting-1754127451457399080/original/9e78e2f3-3012-4c85-b775-ad7e75037072.jpeg"", ""https://a0.muscache.com/im/pictures/hosting/Hosting-1754127451457399080/original/eba0b8b9-1c17-4db8-9206-90ff34445045.jpeg""]",f,"[{""name"": ""Long"", ""avatar"": ""https://a0.muscache.com/im/pictures/user/avatar_long.jpg""}, {""name"": ""Cindy"", ""avatar"": ""https://a0.muscache.com/im/pictures/user/avatar_cindy.jpg""}]","[{""name"": ""DECOR"", ""localizedName"": ""Trang trí"", ""count"": 2}, {""name"": ""INTERIOR"", ""localizedName"": ""Không gian bên trong"", ""count"": 5}, {""name"": ""CLEANLINESS"", ""localizedName"": ""Mức độ sạch sẽ"", ""count"": 21}, {""name"": ""LOCATION"", ""localizedName"": ""Địa điểm"", ""count"": 11}, {""name"": ""HOSPITALITY"", ""localizedName"": ""Hiếu khách"", ""count"": 2}]","[{""title"": ""Trải nghiệm nhận phòng xuất sắc"", ""subtitle"": ""Những khách ở gần đây đã xếp hạng 5 sao cho quy trình nhận phòng.""}, {""title"": ""Tự nhận phòng"", ""subtitle"": ""Tự nhận phòng với hộp khóa an toàn.""}]"
1719276061376482855,https://www.airbnb.com.vn/rooms/1719276061376482855,20260926000000,2026-09-26,city search,"Late Autumn - Căn hộ 3 phòng ngủ, đưa đón sân bay/giặt là miễn phí ","Chào mừng bạn đến với Late Autumn - Căn hộ 3 phòng ngủ, đưa đón sân bay/giặt là miễn phí  — một không gian lưu trú ấm cúng, sang trọng tọa lạc tại Quận Đống Đa, Hà Nội.
Căn phòng tràn ngập ánh sáng tự nhiên với đầy đủ tiện nghi cao cấp, giường nệm êm ái, máy lạnh, TV và wifi tốc độ cao. Rất thuận tiện di chuyển tới các điểm tham quan, nhà hàng ẩm thực và quán cà phê nổi tiếng của Hà Nội.","Khu vực Quận Đống Đa an ninh, văn minh, gần nhiều địa điểm ăn uống, mua sắm và giải trí sầm uất tại Hà Nội.",https://a0.muscache.com/im/pictures/hosting/Hosting-1719276061376482855/original/3ef4b789-1b25-46e0-af19-a10ae9a4129a.jpeg,47000175,https://www.airbnb.com.vn/users/show/47000175,Bella,2023-07-28,"Hà Nội, Việt Nam","Xin chào, tôi là Bella, đã có 3 năm kinh nghiệm làm host. Tôi yêu thích du lịch và luôn mong muốn đem lại trải nghiệm lưu trú thoải mái nhất cho khách.",trong vòng một giờ,100%,98%,f,https://a0.muscache.com/im/pictures/user/User-47000175/original/user_profile_5.jpeg,https://a0.muscache.com/im/pictures/user/User-47000175/original/user_profile_5.jpeg,Quận Đống Đa,3,6,"['email', 'phone', 'work_email']",t,t,Quận Đống Đa,Quận Đống Đa,Hà Nội,21.0437,105.8433,Toàn bộ nhà,Entire home/apt,10,2.0,2 phòng tắm,3,5,"[""Wi-fi tốc độ cao"", ""Không gian riêng để làm việc"", ""Lò vi sóng"", ""Bếp đầy đủ tiện nghi"", ""Máy giặt"", ""Máy sấy tóc"", ""Bộ chăn ga gối cao cấp"", ""Máy phát hiện khí CO"", ""Tủ lạnh"", ""Dầu gội & Sữa tắm"", ""Bể bơi"", ""Thang máy"", ""Điều hòa nhiệt độ"", ""Máy báo khói"", ""Chỗ đỗ xe miễn phí trong khuôn viên"", ""TV màn hình phẳng""]","₫3,046,631",1,1125,1,2,1125,1125,1.0,1125.0,today,t,28,55,74,270,2026-09-26,8,1,4,2026-05-29,2026-09-13,4.88,4.9,4.92,5.0,5.0,4.72,4.71,,f,2,2,0,0,4.05,"[""https://a0.muscache.com/im/pictures/hosting/Hosting-1719276061376482855/original/3ef4b789-1b25-46e0-af19-a10ae9a4129a.jpeg"", ""https://a0.muscache.com/im/pictures/hosting/Hosting-1719276061376482855/original/602219ef-1635-4ca8-a865-6615e0733712.jpeg"", ""https://a0.muscache.com/im/pictures/hosting/Hosting-1719276061376482855/original/10442052-771f-44d0-baeb-0f13b2b609dc.jpeg"", ""https://a0.muscache.com/im/pictures/hosting/Hosting-1719276061376482855/original/d5a2a12d-483c-4cad-bf8d-0fc382ec6e26.jpeg"", ""https://a0.muscache.com/im/pictures/hosting/Hosting-1719276061376482855/original/e6f0e0cf-d644-40f5-902c-ad4302c0df6a.jpeg"", ""https://a0.muscache.com/im/pictures/hosting/Hosting-1719276061376482855/original/027e827c-f9ca-49b9-8885-14864839e02b.jpeg"", ""https://a0.muscache.com/im/pictures/hosting/Hosting-1719276061376482855/original/6578ddb8-9daa-4ed6-bb44-c9adbe580c86.jpeg"", ""https://a0.muscache.com/im/pictures/hosting/Hosting-1719276061376482855/original/9c0dcf0f-d6e9-4697-a932-bdf347586aa9.jpeg"", ""https://a0.muscache.com/im/pictures/hosting/Hosting-1719276061376482855/original/78af0a83-314a-49a4-a843-2e9252fe2ed5.jpeg"", ""https://a0.muscache.com/im/pictures/hosting/Hosting-1719276061376482855/original/154b17ba-b2f7-49e4-9f2f-fcc4f0202171.jpeg"", ""https://a0.muscache.com/im/pictures/hosting/Hosting-1719276061376482855/original/24b71139-7e7a-44ec-8b6a-f40aee28cc15.jpeg"", ""https://a0.muscache.com/im/pictures/hosting/Hosting-1719276061376482855/original/fcc06d92-e37d-485c-add5-fbeef46a9148.jpeg"", ""https://a0.muscache.com/im/pictures/hosting/Hosting-1719276061376482855/original/713dcb33-fe06-4ede-906b-dc6c69967581.jpeg"", ""https://a0.muscache.com/im/pictures/hosting/Hosting-1719276061376482855/original/c5ec202c-d868-484f-8f60-3a98603608a0.jpeg"", ""https://a0.muscache.com/im/pictures/hosting/Hosting-1719276061376482855/original/dce5e0b3-2f99-48e7-ae5b-c97e835e7dda.jpeg"", ""https://a0.muscache.com/im/pictures/hosting/Hosting-1719276061376482855/original/5fa8d566-3805-4267-9d8e-15d1bf6e5171.jpeg"", ""https://a0.muscache.com/im/pictures/hosting/Hosting-1719276061376482855/original/44cbc479-affc-485a-8f33-8ca673b86688.jpeg"", ""https://a0.muscache.com/im/pictures/hosting/Hosting-1719276061376482855/original/01b85a48-74f9-491d-824c-11dd66304819.jpeg"", ""https://a0.muscache.com/im/pictures/hosting/Hosting-1719276061376482855/original/05492f5f-6656-4d00-9cc8-dd4b8d4641f6.jpeg"", ""https://a0.muscache.com/im/pictures/hosting/Hosting-1719276061376482855/original/f90d6049-6ebe-4252-8143-aec12e4f47a6.jpeg"", ""https://a0.muscache.com/im/pictures/hosting/Hosting-1719276061376482855/original/ca8e5404-0ba8-4aea-825b-9ebb5772ad8f.jpeg"", ""https://a0.muscache.com/im/pictures/hosting/Hosting-1719276061376482855/original/ef49c458-fa15-479b-9bfe-c69e591dce2c.jpeg"", ""https://a0.muscache.com/im/pictures/hosting/Hosting-1719276061376482855/original/abc4a625-5bed-405f-88f8-93ca3605ff96.jpeg"", ""https://a0.muscache.com/im/pictures/hosting/Hosting-1719276061376482855/original/f299e600-5b9a-4a9d-bd33-ff6dfbd416bf.jpeg"", ""https://a0.muscache.com/im/pictures/hosting/Hosting-1719276061376482855/original/82627af0-5904-4c26-bd7e-5563ec26bd36.jpeg"", ""https://a0.muscache.com/im/pictures/hosting/Hosting-1719276061376482855/original/9d4f8e08-0505-40be-9fe1-722115daed19.jpeg"", ""https://a0.muscache.com/im/pictures/hosting/Hosting-1719276061376482855/original/49a8561a-df41-46f8-9ed8-79f48d20c6c9.jpeg"", ""https://a0.muscache.com/im/pictures/hosting/Hosting-1719276061376482855/original/a0553c6f-3ef6-4dc6-a373-fe5dc3a3d5dc.jpeg"", ""https://a0.muscache.com/im/pictures/hosting/Hosting-1719276061376482855/original/5da852d8-45e9-441f-aaf5-830601319ca6.jpeg""]",t,"[{""name"": ""Rùa"", ""avatar"": ""https://a0.muscache.com/im/pictures/user/avatar_rua.jpg""}]","[{""name"": ""DECOR"", ""localizedName"": ""Trang trí"", ""count"": 3}, {""name"": ""INTERIOR"", ""localizedName"": ""Không gian bên trong"", ""count"": 5}, {""name"": ""CLEANLINESS"", ""localizedName"": ""Mức độ sạch sẽ"", ""count"": 18}, {""name"": ""LOCATION"", ""localizedName"": ""Địa điểm"", ""count"": 17}, {""name"": ""HOSPITALITY"", ""localizedName"": ""Hiếu khách"", ""count"": 11}]","[{""title"": ""Trải nghiệm nhận phòng xuất sắc"", ""subtitle"": ""Những khách ở gần đây đã xếp hạng 5 sao cho quy trình nhận phòng.""}, {""title"": ""Tự nhận phòng"", ""subtitle"": ""Tự nhận phòng với hộp khóa an toàn.""}]"
1738482955436473965,https://www.airbnb.com.vn/rooms/1738482955436473965,20260926000000,2026-09-26,city search,Suối nước nóng Swanlake Onsen R1-15A05 LimDim Recharge,"Chào mừng bạn đến với Suối nước nóng Swanlake Onsen R1-15A05 LimDim Recharge — một không gian lưu trú ấm cúng, sang trọng tọa lạc tại Quận Cầu Giấy, Hà Nội.
Căn phòng tràn ngập ánh sáng tự nhiên với đầy đủ tiện nghi cao cấp, giường nệm êm ái, máy lạnh, TV và wifi tốc độ cao. Rất thuận tiện di chuyển tới các điểm tham quan, nhà hàng ẩm thực và quán cà phê nổi tiếng của Hà Nội.","Khu vực Quận Cầu Giấy an ninh, văn minh, gần nhiều địa điểm ăn uống, mua sắm và giải trí sầm uất tại Hà Nội.",https://a0.muscache.com/im/pictures/hosting/Hosting-1738482955436473965/original/d71afa81-865a-48d6-bc50-82f60db4a1c6.jpeg,47000176,https://www.airbnb.com.vn/users/show/47000176,Tony,2022-06-28,"Hà Nội, Việt Nam","Xin chào, tôi là Tony, đã có 4 năm kinh nghiệm làm host. Tôi yêu thích du lịch và luôn mong muốn đem lại trải nghiệm lưu trú thoải mái nhất cho khách.",trong vòng một giờ,100%,98%,t,https://a0.muscache.com/im/pictures/user/User-47000176/original/user_profile_6.jpeg,https://a0.muscache.com/im/pictures/user/User-47000176/original/user_profile_6.jpeg,Quận Cầu Giấy,2,4,"['email', 'phone', 'work_email']",t,t,Quận Cầu Giấy,Quận Cầu Giấy,Hà Nội,20.9502,105.84749,Toàn bộ căn hộ cho thuê,Entire home/apt,4,2.0,2 phòng tắm,2,2,"[""Máy giặt"", ""Ban công ngắm cảnh"", ""Bể bơi"", ""Dầu gội & Sữa tắm"", ""Thang máy"", ""Máy sấy tóc"", ""Lò vi sóng"", ""Bồn tắm thư giãn"", ""Bộ chăn ga gối cao cấp"", ""Tự nhận phòng với hộp khóa an toàn"", ""Bàn ủi / Bàn là"", ""Tủ lạnh"", ""Wi-fi tốc độ cao"", ""Máy phát hiện khí CO"", ""Điều hòa nhiệt độ"", ""Không gian riêng để làm việc"", ""Máy báo khói"", ""TV màn hình phẳng""]","₫1,332,800",1,1125,1,2,1125,1125,1.0,1125.0,today,t,20,35,82,327,2026-09-26,4,2,1,2026-07-28,2026-09-06,5.0,4.9,4.82,5.0,5.0,4.79,4.76,,t,2,2,0,0,2.92,"[""https://a0.muscache.com/im/pictures/hosting/Hosting-1738482955436473965/original/d71afa81-865a-48d6-bc50-82f60db4a1c6.jpeg"", ""https://a0.muscache.com/im/pictures/hosting/Hosting-1738482955436473965/original/c6128185-738d-4a73-9566-08986ae9d13b.jpeg"", ""https://a0.muscache.com/im/pictures/hosting/Hosting-1738482955436473965/original/415c2b44-403b-4f05-a57f-7462fe18015b.jpeg"", ""https://a0.muscache.com/im/pictures/hosting/Hosting-1738482955436473965/original/b455bf0a-24d8-4387-9dbd-2d5d2509f4b0.jpeg"", ""https://a0.muscache.com/im/pictures/hosting/Hosting-1738482955436473965/original/c14d7788-30b5-44db-82e7-ce09c13f4b9a.jpeg"", ""https://a0.muscache.com/im/pictures/hosting/Hosting-1738482955436473965/original/970d746d-28a5-4d35-a8c0-7379b4d3f662.jpeg"", ""https://a0.muscache.com/im/pictures/hosting/Hosting-1738482955436473965/original/2045f932-8b61-4d67-ab6c-df26c2e76c25.jpeg"", ""https://a0.muscache.com/im/pictures/hosting/Hosting-1738482955436473965/original/0b33987e-cf75-424f-818b-8c179237e76a.jpeg"", ""https://a0.muscache.com/im/pictures/hosting/Hosting-1738482955436473965/original/1de4bb54-e889-45fe-9162-41ac2bba73fd.jpeg"", ""https://a0.muscache.com/im/pictures/hosting/Hosting-1738482955436473965/original/419654d1-9cb4-4e68-a750-419b3b5bd2e7.jpeg"", ""https://a0.muscache.com/im/pictures/hosting/Hosting-1738482955436473965/original/c1de0f9f-b391-4757-a692-1decf07f2e83.jpeg"", ""https://a0.muscache.com/im/pictures/hosting/Hosting-1738482955436473965/original/274f6e95-8517-4b14-903a-b692bc513ce0.jpeg"", ""https://a0.muscache.com/im/pictures/hosting/Hosting-1738482955436473965/original/5ba48d80-8385-497d-b49e-6f372c33b30f.jpeg"", ""https://a0.muscache.com/im/pictures/hosting/Hosting-1738482955436473965/original/c879f4b8-1451-419d-8247-3dbb801d6615.jpeg"", ""https://a0.muscache.com/im/pictures/hosting/Hosting-1738482955436473965/original/e028fc9c-c50c-4635-8ef6-a95d76e70e59.jpeg"", ""https://a0.muscache.com/im/pictures/hosting/Hosting-1738482955436473965/original/dddedff9-b972-489b-9a8f-aff2cf5b7a6d.jpeg"", ""https://a0.muscache.com/im/pictures/hosting/Hosting-1738482955436473965/original/67d716bb-7940-4f97-918d-98a776b43b77.jpeg"", ""https://a0.muscache.com/im/pictures/hosting/Hosting-1738482955436473965/original/21b72e06-427e-4f94-a1a4-70898f46bd10.jpeg"", ""https://a0.muscache.com/im/pictures/hosting/Hosting-1738482955436473965/original/f96be072-17e6-491a-9407-91b81f1a38b6.jpeg"", ""https://a0.muscache.com/im/pictures/hosting/Hosting-1738482955436473965/original/e2ea8334-bb21-4f8f-bd37-cebe2625596b.jpeg"", ""https://a0.muscache.com/im/pictures/hosting/Hosting-1738482955436473965/original/03c71209-c4ce-4e14-910f-6c9b73df5ede.jpeg"", ""https://a0.muscache.com/im/pictures/hosting/Hosting-1738482955436473965/original/062561be-a276-45b1-bcd1-9ac910f34bee.jpeg"", ""https://a0.muscache.com/im/pictures/hosting/Hosting-1738482955436473965/original/9cd49dce-c2c0-4941-807a-b08d308d1a49.jpeg"", ""https://a0.muscache.com/im/pictures/hosting/Hosting-1738482955436473965/original/bedab038-bf4d-49ef-9f3d-cd386a9663f3.jpeg"", ""https://a0.muscache.com/im/pictures/hosting/Hosting-1738482955436473965/original/564ae42d-f86e-4f18-bfec-7a7dba073103.jpeg"", ""https://a0.muscache.com/im/pictures/hosting/Hosting-1738482955436473965/original/019f2c10-1bee-42e5-8cc3-e3e86dc3779c.jpeg"", ""https://a0.muscache.com/im/pictures/hosting/Hosting-1738482955436473965/original/2899b19c-3650-40c0-a10b-49ec3d4de8d1.jpeg"", ""https://a0.muscache.com/im/pictures/hosting/Hosting-1738482955436473965/original/d8ed0eb6-8254-4a26-b2b4-a9d2a076ad26.jpeg"", ""https://a0.muscache.com/im/pictures/hosting/Hosting-1738482955436473965/original/e2da9796-ca94-4055-8977-ad19cef95025.jpeg""]",f,"[{""name"": ""Rùa"", ""avatar"": ""https://a0.muscache.com/im/pictures/user/avatar_rua.jpg""}, {""name"": ""Cindy"", ""avatar"": ""https://a0.muscache.com/im/pictures/user/avatar_cindy.jpg""}, {""name"": ""Long"", ""avatar"": ""https://a0.muscache.com/im/pictures/user/avatar_long.jpg""}]","[{""name"": ""DECOR"", ""localizedName"": ""Trang trí"", ""count"": 18}, {""name"": ""INTERIOR"", ""localizedName"": ""Không gian bên trong"", ""count"": 15}, {""name"": ""CLEANLINESS"", ""localizedName"": ""Mức độ sạch sẽ"", ""count"": 16}, {""name"": ""LOCATION"", ""localizedName"": ""Địa điểm"", ""count"": 13}, {""name"": ""HOSPITALITY"", ""localizedName"": ""Hiếu khách"", ""count"": 10}]","[{""title"": ""Trải nghiệm nhận phòng xuất sắc"", ""subtitle"": ""Những khách ở gần đây đã xếp hạng 5 sao cho quy trình nhận phòng.""}, {""title"": ""Tự nhận phòng"", ""subtitle"": ""Tự nhận phòng với hộp khóa an toàn.""}]"
1773389089302553161,https://www.airbnb.com.vn/rooms/1773389089302553161,20260926000000,2026-09-26,city search,Ngôi nhà ngập tràn ánh nắng - Trung tâm Hà Nội - Hướng nhìn ra thành phố,"Chào mừng bạn đến với Ngôi nhà ngập tràn ánh nắng - Trung tâm Hà Nội - Hướng nhìn ra thành phố — một không gian lưu trú ấm cúng, sang trọng tọa lạc tại Quận Nam Từ Liêm, Hà Nội.
Căn phòng tràn ngập ánh sáng tự nhiên với đầy đủ tiện nghi cao cấp, giường nệm êm ái, máy lạnh, TV và wifi tốc độ cao. Rất thuận tiện di chuyển tới các điểm tham quan, nhà hàng ẩm thực và quán cà phê nổi tiếng của Hà Nội.","Khu vực Quận Nam Từ Liêm an ninh, văn minh, gần nhiều địa điểm ăn uống, mua sắm và giải trí sầm uất tại Hà Nội.",https://a0.muscache.com/im/pictures/hosting/Hosting-1773389089302553161/original/4ab483ec-a9ca-44d8-a799-0da91b623019.jpeg,47000177,https://www.airbnb.com.vn/users/show/47000177,Anna,2020-04-09,"Hà Nội, Việt Nam","Xin chào, tôi là Anna, đã có 6 năm kinh nghiệm làm host. Tôi yêu thích du lịch và luôn mong muốn đem lại trải nghiệm lưu trú thoải mái nhất cho khách.",trong vòng một giờ,100%,98%,f,https://a0.muscache.com/im/pictures/user/User-47000177/original/user_profile_7.jpeg,https://a0.muscache.com/im/pictures/user/User-47000177/original/user_profile_7.jpeg,Quận Nam Từ Liêm,8,6,"['email', 'phone', 'work_email']",t,t,Quận Nam Từ Liêm,Quận Nam Từ Liêm,Hà Nội,21.0359,105.82114,Toàn bộ căn hộ cho thuê,Entire home/apt,2,1.0,1 phòng tắm,1,1,"[""Điều hòa nhiệt độ"", ""Máy sấy tóc"", ""Máy báo khói"", ""Chỗ đỗ xe miễn phí trong khuôn viên"", ""Tủ lạnh"", ""Bộ chăn ga gối cao cấp"", ""Tự nhận phòng với hộp khóa an toàn"", ""Bồn tắm thư giãn"", ""Ban công ngắm cảnh"", ""TV màn hình phẳng"", ""Dầu gội & Sữa tắm"", ""Không gian riêng để làm việc"", ""Thang máy"", ""Bàn ủi / Bàn là"", ""Máy phát hiện khí CO"", ""Wi-fi tốc độ cao"", ""Máy giặt"", ""Bể bơi"", ""Bếp đầy đủ tiện nghi"", ""Lò vi sóng""]","₫487,200",1,1125,1,2,1125,1125,1.0,1125.0,today,t,27,43,85,308,2026-09-26,4,2,0,2026-07-28,2026-09-21,5.0,4.87,4.87,5.0,5.0,4.79,4.94,,f,2,2,0,0,3.27,"[""https://a0.muscache.com/im/pictures/hosting/Hosting-1773389089302553161/original/4ab483ec-a9ca-44d8-a799-0da91b623019.jpeg"", ""https://a0.muscache.com/im/pictures/hosting/Hosting-1773389089302553161/original/57c37c2c-c9fb-4833-8d73-adb9d780fd97.jpeg"", ""https://a0.muscache.com/im/pictures/hosting/Hosting-1773389089302553161/original/dab7cb21-dd1f-4a2f-95dd-2917b55f629f.jpeg"", ""https://a0.muscache.com/im/pictures/hosting/Hosting-1773389089302553161/original/8e70b861-8dbf-49aa-a47c-85f9b346d18c.jpeg"", ""https://a0.muscache.com/im/pictures/hosting/Hosting-1773389089302553161/original/7a1da6e1-97f7-4fc3-8f31-75eaa77dac02.jpeg"", ""https://a0.muscache.com/im/pictures/hosting/Hosting-1773389089302553161/original/6ba4804f-f73e-4bb7-8295-54c2f20edc5c.jpeg"", ""https://a0.muscache.com/im/pictures/hosting/Hosting-1773389089302553161/original/887b103e-ff3f-4efb-aee4-4ef61f08c5ce.jpeg"", ""https://a0.muscache.com/im/pictures/hosting/Hosting-1773389089302553161/original/2ecaa398-9875-4767-bc13-81d915316396.jpeg"", ""https://a0.muscache.com/im/pictures/hosting/Hosting-1773389089302553161/original/7e239edc-2298-43f8-8d6d-36479157ae70.jpeg"", ""https://a0.muscache.com/im/pictures/hosting/Hosting-1773389089302553161/original/ae587cf6-edbc-428f-9798-32ca37235c41.jpeg"", ""https://a0.muscache.com/im/pictures/hosting/Hosting-1773389089302553161/original/23eb66e5-dc1c-4637-b2f7-d62af47e7278.jpeg"", ""https://a0.muscache.com/im/pictures/hosting/Hosting-1773389089302553161/original/d56be87c-84e1-41bf-92c3-ea47b4ee0a31.jpeg"", ""https://a0.muscache.com/im/pictures/hosting/Hosting-1773389089302553161/original/ed1e54c6-84df-432f-be48-3bf87f78af13.jpeg"", ""https://a0.muscache.com/im/pictures/hosting/Hosting-1773389089302553161/original/7bd0ac92-d526-4d06-aa9c-ca25ee79abde.jpeg"", ""https://a0.muscache.com/im/pictures/hosting/Hosting-1773389089302553161/original/13680701-b7c3-4354-8906-d363cf2693d7.jpeg""]",f,"[{""name"": ""Cindy"", ""avatar"": ""https://a0.muscache.com/im/pictures/user/avatar_cindy.jpg""}, {""name"": ""Long"", ""avatar"": ""https://a0.muscache.com/im/pictures/user/avatar_long.jpg""}]","[{""name"": ""DECOR"", ""localizedName"": ""Trang trí"", ""count"": 18}, {""name"": ""INTERIOR"", ""localizedName"": ""Không gian bên trong"", ""count"": 17}, {""name"": ""CLEANLINESS"", ""localizedName"": ""Mức độ sạch sẽ"", ""count"": 16}, {""name"": ""LOCATION"", ""localizedName"": ""Địa điểm"", ""count"": 17}, {""name"": ""HOSPITALITY"", ""localizedName"": ""Hiếu khách"", ""count"": 7}]","[{""title"": ""Trải nghiệm nhận phòng xuất sắc"", ""subtitle"": ""Những khách ở gần đây đã xếp hạng 5 sao cho quy trình nhận phòng.""}, {""title"": ""Tự nhận phòng"", ""subtitle"": ""Tự nhận phòng với hộp khóa an toàn.""}]"
1750050140184578264,https://www.airbnb.com.vn/rooms/1750050140184578264,20260926000000,2026-09-26,city search,Vinhomes D'Capitale C2,"Chào mừng bạn đến với Vinhomes D'Capitale C2 — một không gian lưu trú ấm cúng, sang trọng tọa lạc tại Quận Bắc Từ Liêm, Hà Nội.
Căn phòng tràn ngập ánh sáng tự nhiên với đầy đủ tiện nghi cao cấp, giường nệm êm ái, máy lạnh, TV và wifi tốc độ cao. Rất thuận tiện di chuyển tới các điểm tham quan, nhà hàng ẩm thực và quán cà phê nổi tiếng của Hà Nội.","Khu vực Quận Bắc Từ Liêm an ninh, văn minh, gần nhiều địa điểm ăn uống, mua sắm và giải trí sầm uất tại Hà Nội.",https://a0.muscache.com/im/pictures/hosting/Hosting-1750050140184578264/original/631bb785-4732-4df1-a3b6-37a41286faa2.png,47000178,https://www.airbnb.com.vn/users/show/47000178,David,2024-03-05,"Hà Nội, Việt Nam","Xin chào, tôi là David, đã có 2 năm kinh nghiệm làm host. Tôi yêu thích du lịch và luôn mong muốn đem lại trải nghiệm lưu trú thoải mái nhất cho khách.",trong vòng một giờ,100%,98%,t,https://a0.muscache.com/im/pictures/user/User-47000178/original/user_profile_8.jpeg,https://a0.muscache.com/im/pictures/user/User-47000178/original/user_profile_8.jpeg,Quận Bắc Từ Liêm,3,10,"['email', 'phone', 'work_email']",t,t,Quận Bắc Từ Liêm,Quận Bắc Từ Liêm,Hà Nội,21.0051,105.7943,Toàn bộ căn hộ cho thuê,Entire home/apt,2,1.0,1 phòng tắm,1,1,"[""Điều hòa nhiệt độ"", ""Tủ lạnh"", ""Dầu gội & Sữa tắm"", ""Lò vi sóng"", ""Wi-fi tốc độ cao"", ""Bể bơi"", ""Thang máy"", ""Máy sấy tóc"", ""Chỗ đỗ xe miễn phí trong khuôn viên"", ""Bàn ủi / Bàn là"", ""Ban công ngắm cảnh"", ""Máy báo khói"", ""Bộ chăn ga gối cao cấp"", ""Bếp đầy đủ tiện nghi"", ""TV màn hình phẳng"", ""Tự nhận phòng với hộp khóa an toàn"", ""Bồn tắm thư giãn"", ""Máy giặt"", ""Máy phát hiện khí CO"", ""Không gian riêng để làm việc""]","₫1,011,882",1,1125,1,2,1125,1125,1.0,1125.0,today,t,16,30,61,324,2026-09-26,4,4,0,2026-07-28,2026-09-04,5.0,4.83,4.97,5.0,5.0,4.85,4.91,,t,2,2,0,0,4.31,"[""https://a0.muscache.com/im/pictures/hosting/Hosting-1750050140184578264/original/631bb785-4732-4df1-a3b6-37a41286faa2.png"", ""https://a0.muscache.com/im/pictures/hosting/Hosting-1750050140184578264/original/bf38b64a-ee91-4466-aff8-360348936752.png"", ""https://a0.muscache.com/im/pictures/hosting/Hosting-1750050140184578264/original/6282dfc3-accc-413c-b972-42a697d15228.png"", ""https://a0.muscache.com/im/pictures/hosting/Hosting-1750050140184578264/original/a6a06b8a-6f75-4d47-9d01-9d47fbabb465.png"", ""https://a0.muscache.com/im/pictures/hosting/Hosting-1750050140184578264/original/fc2a509f-dcdf-4f9e-9cd1-10c778cf3290.png"", ""https://a0.muscache.com/im/pictures/hosting/Hosting-1750050140184578264/original/4f82bb10-3245-41cd-b8a6-25ea1ca4cae8.png"", ""https://a0.muscache.com/im/pictures/hosting/Hosting-1750050140184578264/original/7df8237b-3219-4610-9f44-dc0d6023897b.png"", ""https://a0.muscache.com/im/pictures/hosting/Hosting-1750050140184578264/original/cc556ba8-b830-4d53-926a-04b3473f76d4.png"", ""https://a0.muscache.com/im/pictures/hosting/Hosting-1750050140184578264/original/a32a63b0-257b-4b52-ae37-2b586cad39fe.png"", ""https://a0.muscache.com/im/pictures/hosting/Hosting-1750050140184578264/original/984ae65d-cf6b-4e5a-badb-82f944b200ad.png"", ""https://a0.muscache.com/im/pictures/hosting/Hosting-1750050140184578264/original/01b57446-2f48-4790-98f5-51680fc359fa.png"", ""https://a0.muscache.com/im/pictures/hosting/Hosting-1750050140184578264/original/a20b8c5d-2107-4b39-b8af-a4b6b49e8423.png"", ""https://a0.muscache.com/im/pictures/hosting/Hosting-1750050140184578264/original/7bd27afc-7e2a-4290-bf2c-425ef5aa8698.png"", ""https://a0.muscache.com/im/pictures/hosting/Hosting-1750050140184578264/original/4de061d6-8659-4d5b-a63a-9d1ad26ccb6c.png"", ""https://a0.muscache.com/im/pictures/hosting/Hosting-1750050140184578264/original/0b593d37-e267-4001-8387-afdc748ee3c7.png"", ""https://a0.muscache.com/im/pictures/hosting/Hosting-1750050140184578264/original/6b59379b-e1b9-45c6-9573-ec482bd0ea6d.png"", ""https://a0.muscache.com/im/pictures/hosting/Hosting-1750050140184578264/original/80186827-1a92-4e47-9802-d2a10e6372f8.png"", ""https://a0.muscache.com/im/pictures/hosting/Hosting-1750050140184578264/original/27651cb2-4a0e-4e99-ba05-6ab14f226804.png"", ""https://a0.muscache.com/im/pictures/hosting/Hosting-1750050140184578264/original/5ecf0b28-f4f2-4749-ab3e-92f9ea3c273c.png"", ""https://a0.muscache.com/im/pictures/hosting/Hosting-1750050140184578264/original/f39a99a4-be7f-4767-b68b-325c03c8b7a9.png"", ""https://a0.muscache.com/im/pictures/hosting/Hosting-1750050140184578264/original/b6c848bc-2506-4835-b175-f78ecc11b2b0.png"", ""https://a0.muscache.com/im/pictures/hosting/Hosting-1750050140184578264/original/bd3b7588-8402-407b-8dbb-552144f5d1ac.png"", ""https://a0.muscache.com/im/pictures/hosting/Hosting-1750050140184578264/original/c31cd14a-174d-43d7-b4c9-d20d2c3bb4a0.png"", ""https://a0.muscache.com/im/pictures/hosting/Hosting-1750050140184578264/original/bd907ceb-3cb2-4198-b758-a22f29552723.png""]",f,"[{""name"": ""Cindy"", ""avatar"": ""https://a0.muscache.com/im/pictures/user/avatar_cindy.jpg""}, {""name"": ""Long"", ""avatar"": ""https://a0.muscache.com/im/pictures/user/avatar_long.jpg""}]","[{""name"": ""DECOR"", ""localizedName"": ""Trang trí"", ""count"": 18}, {""name"": ""INTERIOR"", ""localizedName"": ""Không gian bên trong"", ""count"": 3}, {""name"": ""CLEANLINESS"", ""localizedName"": ""Mức độ sạch sẽ"", ""count"": 6}, {""name"": ""LOCATION"", ""localizedName"": ""Địa điểm"", ""count"": 16}, {""name"": ""HOSPITALITY"", ""localizedName"": ""Hiếu khách"", ""count"": 11}]","[{""title"": ""Trải nghiệm nhận phòng xuất sắc"", ""subtitle"": ""Những khách ở gần đây đã xếp hạng 5 sao cho quy trình nhận phòng.""}, {""title"": ""Tự nhận phòng"", ""subtitle"": ""Tự nhận phòng với hộp khóa an toàn.""}]"
1717854862505100708,https://www.airbnb.com.vn/rooms/1717854862505100708,20260926000000,2026-09-26,city search,Căn hộ 1 phòng ngủ phong cách Wabi Sabi,"Chào mừng bạn đến với Căn hộ 1 phòng ngủ phong cách Wabi Sabi — một không gian lưu trú ấm cúng, sang trọng tọa lạc tại Quận Thanh Xuân, Hà Nội.
Căn phòng tràn ngập ánh sáng tự nhiên với đầy đủ tiện nghi cao cấp, giường nệm êm ái, máy lạnh, TV và wifi tốc độ cao. Rất thuận tiện di chuyển tới các điểm tham quan, nhà hàng ẩm thực và quán cà phê nổi tiếng của Hà Nội.","Khu vực Quận Thanh Xuân an ninh, văn minh, gần nhiều địa điểm ăn uống, mua sắm và giải trí sầm uất tại Hà Nội.",https://a0.muscache.com/im/pictures/hosting/Hosting-1717854862505100708/original/d3b44f07-f5b6-4946-a168-56628d0f4f33.jpeg,47000179,https://www.airbnb.com.vn/users/show/47000179,Mia,2021-01-31,"Hà Nội, Việt Nam","Xin chào, tôi là Mia, đã có 5 năm kinh nghiệm làm host. Tôi yêu thích du lịch và luôn mong muốn đem lại trải nghiệm lưu trú thoải mái nhất cho khách.",trong vòng một giờ,100%,98%,f,https://a0.muscache.com/im/pictures/user/User-47000179/original/user_profile_9.jpeg,https://a0.muscache.com/im/pictures/user/User-47000179/original/user_profile_9.jpeg,Quận Thanh Xuân,3,3,"['email', 'phone', 'work_email']",t,t,Quận Thanh Xuân,Quận Thanh Xuân,Hà Nội,20.9528,105.78434,Toàn bộ căn hộ cho thuê,Entire home/apt,2,1.0,1 phòng tắm,1,1,"[""Wi-fi tốc độ cao"", ""Máy sấy tóc"", ""TV màn hình phẳng"", ""Chỗ đỗ xe miễn phí trong khuôn viên"", ""Lò vi sóng"", ""Không gian riêng để làm việc"", ""Bàn ủi / Bàn là"", ""Máy giặt"", ""Dầu gội & Sữa tắm"", ""Tủ lạnh"", ""Máy báo khói"", ""Điều hòa nhiệt độ"", ""Bồn tắm thư giãn"", ""Ban công ngắm cảnh"", ""Bể bơi"", ""Máy phát hiện khí CO""]","₫900,000",1,1125,1,2,1125,1125,1.0,1125.0,today,t,23,30,76,282,2026-09-26,85,8,1,2023-06-14,2026-09-06,4.85,4.9,4.82,5.0,5.0,4.74,4.73,,f,2,2,0,0,2.57,"[""https://a0.muscache.com/im/pictures/hosting/Hosting-1717854862505100708/original/d3b44f07-f5b6-4946-a168-56628d0f4f33.jpeg"", ""https://a0.muscache.com/im/pictures/hosting/Hosting-1717854862505100708/original/969a1aae-fbbd-4647-a1ca-44cc00074db9.jpeg"", ""https://a0.muscache.com/im/pictures/hosting/Hosting-1717854862505100708/original/8d8c0bdd-7361-4043-bfa1-aca374beaf55.jpeg"", ""https://a0.muscache.com/im/pictures/hosting/Hosting-1717854862505100708/original/a56b0d2e-59f0-43be-ae4e-af75c004bb79.jpeg"", ""https://a0.muscache.com/im/pictures/hosting/Hosting-1717854862505100708/original/8dc3b862-beb7-498e-868e-6afd134beb83.jpeg"", ""https://a0.muscache.com/im/pictures/hosting/Hosting-1717854862505100708/original/b09ef748-0d88-4a20-9066-5cab23ac2dd7.jpeg"", ""https://a0.muscache.com/im/pictures/hosting/Hosting-1717854862505100708/original/70201135-a636-4f6b-a9cf-32e06923ae89.jpeg"", ""https://a0.muscache.com/im/pictures/hosting/Hosting-1717854862505100708/original/9116ee3d-7c91-498a-9373-e6220973b80b.jpeg"", ""https://a0.muscache.com/im/pictures/hosting/Hosting-1717854862505100708/original/da148441-32fc-4ad2-bf4f-ef845057f9d0.jpeg"", ""https://a0.muscache.com/im/pictures/hosting/Hosting-1717854862505100708/original/ad3c0cbd-a509-4405-9311-7337b40725d8.jpeg"", ""https://a0.muscache.com/im/pictures/hosting/Hosting-1717854862505100708/original/f24db08c-127a-4f0c-9dd2-9c3077f8da95.jpeg"", ""https://a0.muscache.com/im/pictures/hosting/Hosting-1717854862505100708/original/a4036a1c-14c1-4733-b0f8-24aa8ed07942.jpeg"", ""https://a0.muscache.com/im/pictures/hosting/Hosting-1717854862505100708/original/2bed5643-3f1e-4a6c-af6d-fa9729d9bf46.jpeg""]",f,"[{""name"": ""Dang Nguyen"", ""avatar"": ""https://a0.muscache.com/im/pictures/user/avatar_dang.jpg""}, {""name"": ""Long"", ""avatar"": ""https://a0.muscache.com/im/pictures/user/avatar_long.jpg""}, {""name"": ""Rùa"", ""avatar"": ""https://a0.muscache.com/im/pictures/user/avatar_rua.jpg""}]","[{""name"": ""DECOR"", ""localizedName"": ""Trang trí"", ""count"": 9}, {""name"": ""INTERIOR"", ""localizedName"": ""Không gian bên trong"", ""count"": 5}, {""name"": ""CLEANLINESS"", ""localizedName"": ""Mức độ sạch sẽ"", ""count"": 8}, {""name"": ""LOCATION"", ""localizedName"": ""Địa điểm"", ""count"": 14}, {""name"": ""HOSPITALITY"", ""localizedName"": ""Hiếu khách"", ""count"": 8}]","[{""title"": ""Trải nghiệm nhận phòng xuất sắc"", ""subtitle"": ""Những khách ở gần đây đã xếp hạng 5 sao cho quy trình nhận phòng.""}, {""title"": ""Tự nhận phòng"", ""subtitle"": ""Tự nhận phòng với hộp khóa an toàn.""}]"
1593973536483961793,https://www.airbnb.com.vn/rooms/1593973536483961793,20260926000000,2026-09-26,city search,Studio ấm cúng | Đống Đa • Giặt ủi/Bếp • Trung tâm,"Chào mừng bạn đến với Studio ấm cúng | Đống Đa • Giặt ủi/Bếp • Trung tâm — một không gian lưu trú ấm cúng, sang trọng tọa lạc tại Quận Đống Đa, Hà Nội.
Căn phòng tràn ngập ánh sáng tự nhiên với đầy đủ tiện nghi cao cấp, giường nệm êm ái, máy lạnh, TV và wifi tốc độ cao. Rất thuận tiện di chuyển tới các điểm tham quan, nhà hàng ẩm thực và quán cà phê nổi tiếng của Hà Nội.","Khu vực Quận Đống Đa an ninh, văn minh, gần nhiều địa điểm ăn uống, mua sắm và giải trí sầm uất tại Hà Nội.",https://a0.muscache.com/im/pictures/hosting/Hosting-1593973536483961793/original/8a7c7b11-4bc6-4afa-bcba-47de89ca3d3d.jpeg,47000180,https://www.airbnb.com.vn/users/show/47000180,Minh,2020-03-09,"Hà Nội, Việt Nam","Xin chào, tôi là Minh, đã có 6 năm kinh nghiệm làm host. Tôi yêu thích du lịch và luôn mong muốn đem lại trải nghiệm lưu trú thoải mái nhất cho khách.",trong vòng một giờ,100%,98%,t,https://a0.muscache.com/im/pictures/user/User-47000180/original/user_profile_0.jpeg,https://a0.muscache.com/im/pictures/user/User-47000180/original/user_profile_0.jpeg,Quận Đống Đa,1,8,"['email', 'phone', 'work_email']",t,t,Quận Đống Đa,Quận Đống Đa,Hà Nội,21.0142,105.8107,Phòng riêng trong nhà,Private room,2,1.0,1 phòng tắm,1,1,"[""Máy giặt"", ""Không gian riêng để làm việc"", ""Điều hòa nhiệt độ"", ""Lò vi sóng"", ""Bộ chăn ga gối cao cấp"", ""Máy sấy tóc"", ""Bồn tắm thư giãn"", ""Máy báo khói"", ""Tự nhận phòng với hộp khóa an toàn"", ""Chỗ đỗ xe miễn phí trong khuôn viên"", ""Dầu gội & Sữa tắm"", ""Máy phát hiện khí CO"", ""Bàn ủi / Bàn là"", ""Wi-fi tốc độ cao"", ""Bếp đầy đủ tiện nghi""]","₫578,334",1,1125,1,2,1125,1125,1.0,1125.0,today,t,15,46,73,237,2026-09-26,13,12,2,2026-03-15,2026-09-15,4.85,4.92,4.89,5.0,5.0,4.83,4.92,,t,2,0,1,0,3.1,"[""https://a0.muscache.com/im/pictures/hosting/Hosting-1593973536483961793/original/8a7c7b11-4bc6-4afa-bcba-47de89ca3d3d.jpeg"", ""https://a0.muscache.com/im/pictures/hosting/Hosting-1593973536483961793/original/c85b00b7-49de-4faa-b025-45755f775421.jpeg"", ""https://a0.muscache.com/im/pictures/hosting/Hosting-1593973536483961793/original/d35f8909-8a4d-490c-a943-e500c8af2dcc.jpeg"", ""https://a0.muscache.com/im/pictures/hosting/Hosting-1593973536483961793/original/5990b3be-a333-4a1e-91a5-a8222914abfd.jpeg"", ""https://a0.muscache.com/im/pictures/hosting/Hosting-1593973536483961793/original/6c67a0bb-a380-4ab9-89ad-91f494da2e84.jpeg"", ""https://a0.muscache.com/im/pictures/hosting/Hosting-1593973536483961793/original/19ab71d4-c419-4fe3-b5aa-ee68241ca443.jpeg""]",f,"[{""name"": ""Long"", ""avatar"": ""https://a0.muscache.com/im/pictures/user/avatar_long.jpg""}, {""name"": ""Cindy"", ""avatar"": ""https://a0.muscache.com/im/pictures/user/avatar_cindy.jpg""}, {""name"": ""Dang Nguyen"", ""avatar"": ""https://a0.muscache.com/im/pictures/user/avatar_dang.jpg""}]","[{""name"": ""DECOR"", ""localizedName"": ""Trang trí"", ""count"": 5}, {""name"": ""INTERIOR"", ""localizedName"": ""Không gian bên trong"", ""count"": 11}, {""name"": ""CLEANLINESS"", ""localizedName"": ""Mức độ sạch sẽ"", ""count"": 11}, {""name"": ""LOCATION"", ""localizedName"": ""Địa điểm"", ""count"": 9}, {""name"": ""HOSPITALITY"", ""localizedName"": ""Hiếu khách"", ""count"": 10}]","[{""title"": ""Trải nghiệm nhận phòng xuất sắc"", ""subtitle"": ""Những khách ở gần đây đã xếp hạng 5 sao cho quy trình nhận phòng.""}, {""title"": ""Tự nhận phòng"", ""subtitle"": ""Tự nhận phòng với hộp khóa an toàn.""}]"
1750378028371912788,https://www.airbnb.com.vn/rooms/1750378028371912788,20260926000000,2026-09-26,city search,Toà I2 Imperia Smart City tầng 33 view hồ,"Chào mừng bạn đến với Toà I2 Imperia Smart City tầng 33 view hồ — một không gian lưu trú ấm cúng, sang trọng tọa lạc tại Quận Ba Đình, Hà Nội.
Căn phòng tràn ngập ánh sáng tự nhiên với đầy đủ tiện nghi cao cấp, giường nệm êm ái, máy lạnh, TV và wifi tốc độ cao. Rất thuận tiện di chuyển tới các điểm tham quan, nhà hàng ẩm thực và quán cà phê nổi tiếng của Hà Nội.","Khu vực Quận Ba Đình an ninh, văn minh, gần nhiều địa điểm ăn uống, mua sắm và giải trí sầm uất tại Hà Nội.",https://a0.muscache.com/im/pictures/hosting/Hosting-1750378028371912788/original/0f95f9db-17d4-407c-b516-a30452a452ee.png,47000181,https://www.airbnb.com.vn/users/show/47000181,Anh,2023-04-21,"Hà Nội, Việt Nam","Xin chào, tôi là Anh, đã có 3 năm kinh nghiệm làm host. Tôi yêu thích du lịch và luôn mong muốn đem lại trải nghiệm lưu trú thoải mái nhất cho khách.",trong vòng một giờ,100%,98%,f,https://a0.muscache.com/im/pictures/user/User-47000181/original/user_profile_1.jpeg,https://a0.muscache.com/im/pictures/user/User-47000181/original/user_profile_1.jpeg,Quận Ba Đình,5,5,"['email', 'phone', 'work_email']",t,t,Quận Ba Đình,Quận Ba Đình,Hà Nội,20.9997,105.77837,Toàn bộ căn hộ cho thuê,Entire home/apt,2,1.0,1 phòng tắm,1,1,"[""Thang máy"", ""Bể bơi"", ""Điều hòa nhiệt độ"", ""Bộ chăn ga gối cao cấp"", ""Không gian riêng để làm việc"", ""TV màn hình phẳng"", ""Máy sấy tóc"", ""Máy báo khói"", ""Lò vi sóng"", ""Dầu gội & Sữa tắm"", ""Bồn tắm thư giãn"", ""Ban công ngắm cảnh"", ""Máy phát hiện khí CO"", ""Wi-fi tốc độ cao""]","₫656,800",1,1125,1,2,1125,1125,1.0,1125.0,today,t,14,33,59,228,2026-09-26,5,5,0,2026-07-13,2026-09-10,5.0,4.82,4.94,5.0,5.0,4.9,4.94,,f,2,2,0,0,2.61,"[""https://a0.muscache.com/im/pictures/hosting/Hosting-1750378028371912788/original/0f95f9db-17d4-407c-b516-a30452a452ee.png"", ""https://a0.muscache.com/im/pictures/hosting/Hosting-1750378028371912788/original/f83bf76a-554a-48fc-bdc2-847d852e2a28.jpeg"", ""https://a0.muscache.com/im/pictures/hosting/Hosting-1750378028371912788/original/5a2cb7c2-b835-4081-a405-0059d03ac840.png"", ""https://a0.muscache.com/im/pictures/hosting/Hosting-1750378028371912788/original/55aa8ee7-c1bd-46e2-824f-af24e3b4eaee.jpeg"", ""https://a0.muscache.com/im/pictures/hosting/Hosting-1750378028371912788/original/7993f9af-cf48-429b-8532-50ae8001394d.png"", ""https://a0.muscache.com/im/pictures/hosting/Hosting-1750378028371912788/original/3e3aff45-b07b-4b0a-b510-e1eb929bdd97.jpeg"", ""https://a0.muscache.com/im/pictures/hosting/Hosting-1750378028371912788/original/b4a9e44d-7e9f-48e1-9e02-dff43d87a246.jpeg"", ""https://a0.muscache.com/im/pictures/hosting/Hosting-1750378028371912788/original/e9a2035e-010c-427c-874c-3ef7001351c4.jpeg"", ""https://a0.muscache.com/im/pictures/hosting/Hosting-1750378028371912788/original/6b414d17-f289-4ee6-af0f-00c4bb575b6d.jpeg""]",t,"[{""name"": ""Rùa"", ""avatar"": ""https://a0.muscache.com/im/pictures/user/avatar_rua.jpg""}, {""name"": ""Long"", ""avatar"": ""https://a0.muscache.com/im/pictures/user/avatar_long.jpg""}, {""name"": ""Dang Nguyen"", ""avatar"": ""https://a0.muscache.com/im/pictures/user/avatar_dang.jpg""}]","[{""name"": ""DECOR"", ""localizedName"": ""Trang trí"", ""count"": 11}, {""name"": ""INTERIOR"", ""localizedName"": ""Không gian bên trong"", ""count"": 7}, {""name"": ""CLEANLINESS"", ""localizedName"": ""Mức độ sạch sẽ"", ""count"": 4}, {""name"": ""LOCATION"", ""localizedName"": ""Địa điểm"", ""count"": 14}, {""name"": ""HOSPITALITY"", ""localizedName"": ""Hiếu khách"", ""count"": 5}]","[{""title"": ""Trải nghiệm nhận phòng xuất sắc"", ""subtitle"": ""Những khách ở gần đây đã xếp hạng 5 sao cho quy trình nhận phòng.""}, {""title"": ""Tự nhận phòng"", ""subtitle"": ""Tự nhận phòng với hộp khóa an toàn.""}]"
1186531054417679159,https://www.airbnb.com.vn/rooms/1186531054417679159,20260926000000,2026-09-26,city search,"sự thoải mái yên tĩnh2br 2ba3/2KM閑静,快適さ","Chào mừng bạn đến với sự thoải mái yên tĩnh2br 2ba3/2KM閑静,快適さ — một không gian lưu trú ấm cúng, sang trọng tọa lạc tại Quận Tây Hồ, Hà Nội.
Căn phòng tràn ngập ánh sáng tự nhiên với đầy đủ tiện nghi cao cấp, giường nệm êm ái, máy lạnh, TV và wifi tốc độ cao. Rất thuận tiện di chuyển tới các điểm tham quan, nhà hàng ẩm thực và quán cà phê nổi tiếng của Hà Nội.","Khu vực Quận Tây Hồ an ninh, văn minh, gần nhiều địa điểm ăn uống, mua sắm và giải trí sầm uất tại Hà Nội.",https://a0.muscache.com/im/pictures/hosting/Hosting-1186531054417679159/original/39915bb3-5160-4a2d-b1d7-038f5c907c6f.jpeg,47000182,https://www.airbnb.com.vn/users/show/47000182,Linh,2022-12-18,"Hà Nội, Việt Nam","Xin chào, tôi là Linh, đã có 3 năm kinh nghiệm làm host. Tôi yêu thích du lịch và luôn mong muốn đem lại trải nghiệm lưu trú thoải mái nhất cho khách.",trong vòng một giờ,100%,98%,t,https://a0.muscache.com/im/pictures/user/User-47000182/original/user_profile_2.jpeg,https://a0.muscache.com/im/pictures/user/User-47000182/original/user_profile_2.jpeg,Quận Tây Hồ,7,2,"['email', 'phone', 'work_email']",t,t,Quận Tây Hồ,Quận Tây Hồ,Hà Nội,21.0288,105.8103,Toàn bộ căn hộ cho thuê,Entire home/apt,4,2.0,2 phòng tắm,2,2,"[""Wi-fi tốc độ cao"", ""Bộ chăn ga gối cao cấp"", ""Máy báo khói"", ""Bếp đầy đủ tiện nghi"", ""Bồn tắm thư giãn"", ""Dầu gội & Sữa tắm"", ""Tự nhận phòng với hộp khóa an toàn"", ""Chỗ đỗ xe miễn phí trong khuôn viên"", ""Máy phát hiện khí CO"", ""Điều hòa nhiệt độ"", ""Lò vi sóng"", ""TV màn hình phẳng"", ""Bàn ủi / Bàn là"", ""Tủ lạnh"", ""Máy sấy tóc""]","₫813,179",1,1125,1,2,1125,1125,1.0,1125.0,today,t,27,34,80,295,2026-09-26,9,6,6,2026-05-14,2026-09-08,5.0,4.86,4.88,5.0,5.0,4.89,4.78,,t,2,2,0,0,2.91,"[""https://a0.muscache.com/im/pictures/hosting/Hosting-1186531054417679159/original/39915bb3-5160-4a2d-b1d7-038f5c907c6f.jpeg"", ""https://a0.muscache.com/im/pictures/hosting/Hosting-1186531054417679159/original/564fea35-2bb3-4ac4-8b26-411b861b1e05.jpeg"", ""https://a0.muscache.com/im/pictures/miso/Hosting-1186531054417679159/original/e0c27c48-307a-432e-b67e-82831dea73f7.jpeg"", ""https://a0.muscache.com/im/pictures/miso/Hosting-1186531054417679159/original/d4c7009e-7539-4b63-bd43-f0a8e25797a4.jpeg"", ""https://a0.muscache.com/im/pictures/hosting/Hosting-1186531054417679159/original/2a214130-6e5e-42e6-b3c6-d6d37001e81b.jpeg"", ""https://a0.muscache.com/im/pictures/hosting/Hosting-1186531054417679159/original/0e5a8be7-ac57-4041-b86f-77094290a178.jpeg"", ""https://a0.muscache.com/im/pictures/miso/Hosting-1186531054417679159/original/14e55550-e145-4967-a62b-3625c0204c7a.jpeg"", ""https://a0.muscache.com/im/pictures/miso/Hosting-1186531054417679159/original/bac723d8-872f-4ead-a074-75d1415c8d1a.jpeg"", ""https://a0.muscache.com/im/pictures/miso/Hosting-1186531054417679159/original/082b7b68-24d2-43e2-817d-3b542de76540.jpeg"", ""https://a0.muscache.com/im/pictures/miso/Hosting-1186531054417679159/original/be3e3165-a9fd-4049-8976-59f57a922a70.jpeg"", ""https://a0.muscache.com/im/pictures/miso/Hosting-1186531054417679159/original/f24321eb-c2e5-4b42-b8d9-416b483303c7.jpeg"", ""https://a0.muscache.com/im/pictures/miso/Hosting-1186531054417679159/original/c4d90bbd-b6a1-4471-8b66-cd3b3b5a9b83.jpeg"", ""https://a0.muscache.com/im/pictures/miso/Hosting-1186531054417679159/original/085c6ed4-c9a1-4722-9340-75c4448d0a86.jpeg"", ""https://a0.muscache.com/im/pictures/miso/Hosting-1186531054417679159/original/0c508072-8683-4627-9327-1911ae8e0af6.jpeg"", ""https://a0.muscache.com/im/pictures/miso/Hosting-1186531054417679159/original/8ffd5867-7066-44c9-b7d6-559214e32ced.jpeg"", ""https://a0.muscache.com/im/pictures/miso/Hosting-1186531054417679159/original/ab5837cf-e241-4f6e-a274-af36670ea123.jpeg"", ""https://a0.muscache.com/im/pictures/miso/Hosting-1186531054417679159/original/68d1f713-a2a6-47b8-a44a-aad5eed75432.jpeg"", ""https://a0.muscache.com/im/pictures/miso/Hosting-1186531054417679159/original/58be2ce7-b49a-4567-9941-85c9c0e13910.jpeg"", ""https://a0.muscache.com/im/pictures/miso/Hosting-1186531054417679159/original/83776c67-89c9-4016-859d-7dd61032bdbe.jpeg"", ""https://a0.muscache.com/im/pictures/miso/Hosting-1186531054417679159/original/3e346ed6-9e10-423c-8cd5-22ce120062f6.jpeg"", ""https://a0.muscache.com/im/pictures/miso/Hosting-1186531054417679159/original/0e34b731-64e8-4680-bcd5-5628e4b9a090.jpeg"", ""https://a0.muscache.com/im/pictures/miso/Hosting-1186531054417679159/original/2e6acd4a-e1ee-42e6-a498-c71a94646dbc.jpeg"", ""https://a0.muscache.com/im/pictures/miso/Hosting-1186531054417679159/original/855b4bff-93bf-4d98-8c95-ad3ce9044063.jpeg"", ""https://a0.muscache.com/im/pictures/miso/Hosting-1186531054417679159/original/ff1171ac-a2a0-4455-8a6a-eaf26da95cb9.jpeg"", ""https://a0.muscache.com/im/pictures/miso/Hosting-1186531054417679159/original/0791bca9-2872-4359-8a69-3be859a7e555.jpeg"", ""https://a0.muscache.com/im/pictures/miso/Hosting-1186531054417679159/original/d03f8b1a-c971-4524-9a87-9774dec3fad9.jpeg"", ""https://a0.muscache.com/im/pictures/miso/Hosting-1186531054417679159/original/a79d19ea-f386-4568-b6ec-79e7334510b3.jpeg"", ""https://a0.muscache.com/im/pictures/miso/Hosting-1186531054417679159/original/1196ff43-cf1e-49ea-9749-b5c2be97d75a.jpeg"", ""https://a0.muscache.com/im/pictures/miso/Hosting-1186531054417679159/original/f38a26c6-c309-4e27-9c45-c8bb558241c0.jpeg""]",t,"[{""name"": ""Rùa"", ""avatar"": ""https://a0.muscache.com/im/pictures/user/avatar_rua.jpg""}, {""name"": ""Dang Nguyen"", ""avatar"": ""https://a0.muscache.com/im/pictures/user/avatar_dang.jpg""}]","[{""name"": ""DECOR"", ""localizedName"": ""Trang trí"", ""count"": 17}, {""name"": ""INTERIOR"", ""localizedName"": ""Không gian bên trong"", ""count"": 22}, {""name"": ""CLEANLINESS"", ""localizedName"": ""Mức độ sạch sẽ"", ""count"": 13}, {""name"": ""LOCATION"", ""localizedName"": ""Địa điểm"", ""count"": 9}, {""name"": ""HOSPITALITY"", ""localizedName"": ""Hiếu khách"", ""count"": 10}]","[{""title"": ""Trải nghiệm nhận phòng xuất sắc"", ""subtitle"": ""Những khách ở gần đây đã xếp hạng 5 sao cho quy trình nhận phòng.""}, {""title"": ""Tự nhận phòng"", ""subtitle"": ""Tự nhận phòng với hộp khóa an toàn.""}]"
1750062264574222104,https://www.airbnb.com.vn/rooms/1750062264574222104,20260926000000,2026-09-26,city search,Căn hộ Duplex Green Sky · 3 phòng ngủ · Sky Forest Ecopark,"Chào mừng bạn đến với Căn hộ Duplex Green Sky · 3 phòng ngủ · Sky Forest Ecopark — một không gian lưu trú ấm cúng, sang trọng tọa lạc tại Quận Hai Bà Trưng, Hà Nội.
Căn phòng tràn ngập ánh sáng tự nhiên với đầy đủ tiện nghi cao cấp, giường nệm êm ái, máy lạnh, TV và wifi tốc độ cao. Rất thuận tiện di chuyển tới các điểm tham quan, nhà hàng ẩm thực và quán cà phê nổi tiếng của Hà Nội.","Khu vực Quận Hai Bà Trưng an ninh, văn minh, gần nhiều địa điểm ăn uống, mua sắm và giải trí sầm uất tại Hà Nội.",https://a0.muscache.com/im/pictures/hosting/Hosting-1750062264574222104/original/36bc7756-5457-4add-aa7d-4057a59addd8.jpeg,47000183,https://www.airbnb.com.vn/users/show/47000183,Hương,2024-02-12,"Hà Nội, Việt Nam","Xin chào, tôi là Hương, đã có 2 năm kinh nghiệm làm host. Tôi yêu thích du lịch và luôn mong muốn đem lại trải nghiệm lưu trú thoải mái nhất cho khách.",trong vòng một giờ,100%,98%,f,https://a0.muscache.com/im/pictures/user/User-47000183/original/user_profile_3.jpeg,https://a0.muscache.com/im/pictures/user/User-47000183/original/user_profile_3.jpeg,Quận Hai Bà Trưng,10,4,"['email', 'phone', 'work_email']",t,t,Quận Hai Bà Trưng,Quận Hai Bà Trưng,Hà Nội,20.9561,105.80803,Toàn bộ căn hộ cho thuê,Entire home/apt,6,3.0,3 phòng tắm,3,3,"[""Ban công ngắm cảnh"", ""Lò vi sóng"", ""Bể bơi"", ""Không gian riêng để làm việc"", ""Dầu gội & Sữa tắm"", ""Máy phát hiện khí CO"", ""Thang máy"", ""Bồn tắm thư giãn"", ""TV màn hình phẳng"", ""Tủ lạnh"", ""Điều hòa nhiệt độ"", ""Bộ chăn ga gối cao cấp"", ""Máy sấy tóc"", ""Máy giặt"", ""Bàn ủi / Bàn là"", ""Chỗ đỗ xe miễn phí trong khuôn viên"", ""Wi-fi tốc độ cao"", ""Máy báo khói"", ""Bếp đầy đủ tiện nghi"", ""Tự nhận phòng với hộp khóa an toàn""]","₫3,240,000",1,1125,1,2,1125,1125,1.0,1125.0,today,t,15,50,61,334,2026-09-26,139,33,0,2023-06-14,2026-09-05,4.85,4.92,4.97,5.0,5.0,4.72,4.83,,f,2,2,0,0,1.9,"[""https://a0.muscache.com/im/pictures/hosting/Hosting-1750062264574222104/original/36bc7756-5457-4add-aa7d-4057a59addd8.jpeg"", ""https://a0.muscache.com/im/pictures/hosting/Hosting-1750062264574222104/original/ee09df53-ed9d-4e48-aae5-1c099199ea38.jpeg"", ""https://a0.muscache.com/im/pictures/hosting/Hosting-1750062264574222104/original/27d0e94a-0fd0-4447-a7ec-9a790f6ea873.jpeg"", ""https://a0.muscache.com/im/pictures/hosting/Hosting-1750062264574222104/original/b69ecbee-acfd-4ea4-80b6-27485b74ceb8.jpeg"", ""https://a0.muscache.com/im/pictures/hosting/Hosting-1750062264574222104/original/2e3a676d-35c0-4a47-b151-0c678b5be98d.jpeg"", ""https://a0.muscache.com/im/pictures/hosting/Hosting-1750062264574222104/original/9a01b206-3495-436a-9bf2-2a7b9a3b0a37.jpeg"", ""https://a0.muscache.com/im/pictures/hosting/Hosting-1750062264574222104/original/6ed6377a-1335-4ada-bba3-7062877ba464.jpeg"", ""https://a0.muscache.com/im/pictures/hosting/Hosting-1750062264574222104/original/a97f9c2d-cf73-4d7e-afc4-db1cc6effc78.jpeg"", ""https://a0.muscache.com/im/pictures/hosting/Hosting-1750062264574222104/original/8c653820-0d2e-4830-86c2-a5fe1ee084d4.jpeg"", ""https://a0.muscache.com/im/pictures/hosting/Hosting-1750062264574222104/original/a07d494f-6186-48af-ab53-e78d14ce6c92.jpeg"", ""https://a0.muscache.com/im/pictures/hosting/Hosting-1750062264574222104/original/f3528c5d-4fa1-4e0f-ac05-902636200f2e.jpeg"", ""https://a0.muscache.com/im/pictures/hosting/Hosting-1750062264574222104/original/9b26e541-f175-455e-b46f-da396dbb5a76.jpeg"", ""https://a0.muscache.com/im/pictures/hosting/Hosting-1750062264574222104/original/60704329-cb87-4088-96b5-9bd43b14e12f.jpeg"", ""https://a0.muscache.com/im/pictures/hosting/Hosting-1750062264574222104/original/082cc7fc-b45c-465d-bb57-b3859de70bc2.jpeg"", ""https://a0.muscache.com/im/pictures/hosting/Hosting-1750062264574222104/original/31219b21-2a3c-4843-a51a-f93a3b7fc691.jpeg"", ""https://a0.muscache.com/im/pictures/hosting/Hosting-1750062264574222104/original/227b83f3-f054-494a-bf34-1bc0d7b106da.jpeg"", ""https://a0.muscache.com/im/pictures/hosting/Hosting-1750062264574222104/original/00c2b691-9997-44c9-9eab-7bcc39c195d9.jpeg"", ""https://a0.muscache.com/im/pictures/hosting/Hosting-1750062264574222104/original/0d3696ad-bc76-4a19-839d-b879f6063962.jpeg"", ""https://a0.muscache.com/im/pictures/hosting/Hosting-1750062264574222104/original/0f643386-2482-4bbc-ae0d-a4ec9d7da69d.jpeg"", ""https://a0.muscache.com/im/pictures/hosting/Hosting-1750062264574222104/original/8d3e65b1-b535-4d6c-854c-58dbe60dcb36.jpeg"", ""https://a0.muscache.com/im/pictures/hosting/Hosting-1750062264574222104/original/b635f201-371e-4f98-a81e-d7ab7a21cd20.jpeg"", ""https://a0.muscache.com/im/pictures/hosting/Hosting-1750062264574222104/original/27863d78-7bea-4fc6-9cfd-7716dd2b2c8d.jpeg"", ""https://a0.muscache.com/im/pictures/hosting/Hosting-1750062264574222104/original/93f3fdab-980a-4bfc-9973-0bb0cbb7ec27.jpeg"", ""https://a0.muscache.com/im/pictures/hosting/Hosting-1750062264574222104/original/af741e7b-9247-453e-b823-c998d2bf555b.jpeg"", ""https://a0.muscache.com/im/pictures/hosting/Hosting-1750062264574222104/original/52e7f068-d946-4b6e-acf1-88bcbcb3f923.jpeg"", ""https://a0.muscache.com/im/pictures/hosting/Hosting-1750062264574222104/original/df56a51b-2b8e-4312-a0dc-f02348ea8c44.jpeg"", ""https://a0.muscache.com/im/pictures/hosting/Hosting-1750062264574222104/original/46dae960-c522-4d2b-bce5-abbe58dc61ae.jpeg"", ""https://a0.muscache.com/im/pictures/hosting/Hosting-1750062264574222104/original/e73911c2-b097-432f-8b64-9745af2b8bb7.jpeg"", ""https://a0.muscache.com/im/pictures/hosting/Hosting-1750062264574222104/original/54176ea3-b857-42d0-b79e-a9709ce993d6.jpeg""]",f,"[{""name"": ""Rùa"", ""avatar"": ""https://a0.muscache.com/im/pictures/user/avatar_rua.jpg""}]","[{""name"": ""DECOR"", ""localizedName"": ""Trang trí"", ""count"": 17}, {""name"": ""INTERIOR"", ""localizedName"": ""Không gian bên trong"", ""count"": 7}, {""name"": ""CLEANLINESS"", ""localizedName"": ""Mức độ sạch sẽ"", ""count"": 18}, {""name"": ""LOCATION"", ""localizedName"": ""Địa điểm"", ""count"": 19}, {""name"": ""HOSPITALITY"", ""localizedName"": ""Hiếu khách"", ""count"": 2}]","[{""title"": ""Trải nghiệm nhận phòng xuất sắc"", ""subtitle"": ""Những khách ở gần đây đã xếp hạng 5 sao cho quy trình nhận phòng.""}, {""title"": ""Tự nhận phòng"", ""subtitle"": ""Tự nhận phòng với hộp khóa an toàn.""}]"
1426070997600007308,https://www.airbnb.com.vn/rooms/1426070997600007308,20260926000000,2026-09-26,city search,New House cao cấp - M3 Masterise Oceanpark 1,"Chào mừng bạn đến với New House cao cấp - M3 Masterise Oceanpark 1 — một không gian lưu trú ấm cúng, sang trọng tọa lạc tại Quận Đống Đa, Hà Nội.
Căn phòng tràn ngập ánh sáng tự nhiên với đầy đủ tiện nghi cao cấp, giường nệm êm ái, máy lạnh, TV và wifi tốc độ cao. Rất thuận tiện di chuyển tới các điểm tham quan, nhà hàng ẩm thực và quán cà phê nổi tiếng của Hà Nội.","Khu vực Quận Đống Đa an ninh, văn minh, gần nhiều địa điểm ăn uống, mua sắm và giải trí sầm uất tại Hà Nội.",https://a0.muscache.com/im/pictures/hosting/Hosting-1426070997600007308/original/7b72f025-33ff-4b1c-8be8-ece49b4ef77f.jpeg,47000184,https://www.airbnb.com.vn/users/show/47000184,Phương,2025-02-06,"Hà Nội, Việt Nam","Xin chào, tôi là Phương, đã có 1 năm kinh nghiệm làm host. Tôi yêu thích du lịch và luôn mong muốn đem lại trải nghiệm lưu trú thoải mái nhất cho khách.",trong vòng một giờ,100%,98%,t,https://a0.muscache.com/im/pictures/user/User-47000184/original/user_profile_4.jpeg,https://a0.muscache.com/im/pictures/user/User-47000184/original/user_profile_4.jpeg,Quận Đống Đa,8,2,"['email', 'phone', 'work_email']",t,t,Quận Đống Đa,Quận Đống Đa,Hà Nội,20.9925,105.85663,Toàn bộ căn hộ cho thuê,Entire home/apt,2,1.0,1 phòng tắm,1,1,"[""Máy giặt"", ""Điều hòa nhiệt độ"", ""Bể bơi"", ""Bộ chăn ga gối cao cấp"", ""Bàn ủi / Bàn là"", ""Chỗ đỗ xe miễn phí trong khuôn viên"", ""Bếp đầy đủ tiện nghi"", ""Máy báo khói"", ""Wi-fi tốc độ cao"", ""Dầu gội & Sữa tắm"", ""Tự nhận phòng với hộp khóa an toàn"", ""Máy phát hiện khí CO"", ""Không gian riêng để làm việc"", ""TV màn hình phẳng"", ""Thang máy"", ""Tủ lạnh""]","₫631,200",1,1125,1,2,1125,1125,1.0,1125.0,today,t,20,37,75,272,2026-09-26,41,27,1,2025-01-19,2026-09-06,4.95,4.87,4.92,5.0,5.0,4.79,4.8,,t,2,2,0,0,4.8,"[""https://a0.muscache.com/im/pictures/hosting/Hosting-1426070997600007308/original/7b72f025-33ff-4b1c-8be8-ece49b4ef77f.jpeg"", ""https://a0.muscache.com/im/pictures/hosting/Hosting-1426070997600007308/original/8478174f-40b9-46cf-92f0-feb24b347bc5.jpeg"", ""https://a0.muscache.com/im/pictures/hosting/Hosting-1426070997600007308/original/99376f0f-d1bf-4f92-a22c-b588058f547a.jpeg"", ""https://a0.muscache.com/im/pictures/hosting/Hosting-1426070997600007308/original/ed7c2fe3-0a6d-4f99-ac8f-c2696659d597.jpeg"", ""https://a0.muscache.com/im/pictures/hosting/Hosting-1426070997600007308/original/a898057c-de40-4281-baa5-f5dc3e323e81.jpeg"", ""https://a0.muscache.com/im/pictures/hosting/Hosting-1426070997600007308/original/ed6d5e38-8971-4673-be2e-7c26f64683ae.jpeg"", ""https://a0.muscache.com/im/pictures/hosting/Hosting-1426070997600007308/original/c08bbc25-df68-4f3c-a171-dc821dde6f67.jpeg"", ""https://a0.muscache.com/im/pictures/hosting/Hosting-1426070997600007308/original/71ff0f24-4c46-407f-a1ef-e3b45d1b9343.jpeg"", ""https://a0.muscache.com/im/pictures/hosting/Hosting-1426070997600007308/original/da02eefe-09fd-4ca0-9454-9d4084574732.jpeg"", ""https://a0.muscache.com/im/pictures/hosting/Hosting-1426070997600007308/original/0ae28560-2f06-4edc-9441-1212e2ce6e23.jpeg"", ""https://a0.muscache.com/im/pictures/hosting/Hosting-1426070997600007308/original/cb78e04f-66c4-4ccb-9790-9a8d4b1e749d.jpeg"", ""https://a0.muscache.com/im/pictures/hosting/Hosting-1426070997600007308/original/3e633e51-8d3d-4890-8739-f23564a9d62e.jpeg"", ""https://a0.muscache.com/im/pictures/hosting/Hosting-1426070997600007308/original/c4535f2c-8cdc-462e-a0ab-e3c3d067e4d0.jpeg"", ""https://a0.muscache.com/im/pictures/hosting/Hosting-1426070997600007308/original/b67c3f86-9334-457a-9d57-4d241672299d.jpeg"", ""https://a0.muscache.com/im/pictures/hosting/Hosting-1426070997600007308/original/406f5ecb-0fd8-4f97-bd4d-5c05f6c8aa65.jpeg"", ""https://a0.muscache.com/im/pictures/hosting/Hosting-1426070997600007308/original/a9a0c765-1695-4244-8000-8b0dfd69e929.jpeg"", ""https://a0.muscache.com/im/pictures/hosting/Hosting-1426070997600007308/original/a72a75f2-9f32-46f3-93e4-0384024bf6c1.jpeg"", ""https://a0.muscache.com/im/pictures/hosting/Hosting-1426070997600007308/original/fa2a0d7f-537f-4b9d-a26f-bd16b759edd1.jpeg"", ""https://a0.muscache.com/im/pictures/hosting/Hosting-1426070997600007308/original/a207b00f-952f-415f-8578-7a8707681327.jpeg"", ""https://a0.muscache.com/im/pictures/hosting/Hosting-1426070997600007308/original/899e6e48-3a18-4880-8bb7-947ef93a6757.jpeg"", ""https://a0.muscache.com/im/pictures/hosting/Hosting-1426070997600007308/original/aa37caa0-f3f9-42d4-944b-98e7e1673dcf.jpeg"", ""https://a0.muscache.com/im/pictures/hosting/Hosting-1426070997600007308/original/97c94866-544c-4725-b2dc-e8b4cb829ecd.jpeg"", ""https://a0.muscache.com/im/pictures/hosting/Hosting-1426070997600007308/original/b91df8b2-c641-4284-845f-cda531f484ef.jpeg"", ""https://a0.muscache.com/im/pictures/hosting/Hosting-1426070997600007308/original/8b326c19-fba4-4f61-bf28-12329ce50e2b.jpeg"", ""https://a0.muscache.com/im/pictures/hosting/Hosting-1426070997600007308/original/1e2ef03f-df5a-4322-9ec0-c850bc375307.jpeg"", ""https://a0.muscache.com/im/pictures/hosting/Hosting-1426070997600007308/original/aceecc78-cc03-40a4-a49c-985fee2905da.jpeg"", ""https://a0.muscache.com/im/pictures/hosting/Hosting-1426070997600007308/original/bef41416-155d-4101-b6ac-321fd21e8047.jpeg"", ""https://a0.muscache.com/im/pictures/hosting/Hosting-1426070997600007308/original/a15029d9-a507-4a8a-8201-f7c509977504.jpeg"", ""https://a0.muscache.com/im/pictures/hosting/Hosting-1426070997600007308/original/21075c3d-9b59-4236-8f68-42c03424c06d.jpeg""]",t,"[{""name"": ""Rùa"", ""avatar"": ""https://a0.muscache.com/im/pictures/user/avatar_rua.jpg""}, {""name"": ""Dang Nguyen"", ""avatar"": ""https://a0.muscache.com/im/pictures/user/avatar_dang.jpg""}, {""name"": ""Long"", ""avatar"": ""https://a0.muscache.com/im/pictures/user/avatar_long.jpg""}]","[{""name"": ""DECOR"", ""localizedName"": ""Trang trí"", ""count"": 2}, {""name"": ""INTERIOR"", ""localizedName"": ""Không gian bên trong"", ""count"": 7}, {""name"": ""CLEANLINESS"", ""localizedName"": ""Mức độ sạch sẽ"", ""count"": 3}, {""name"": ""LOCATION"", ""localizedName"": ""Địa điểm"", ""count"": 18}, {""name"": ""HOSPITALITY"", ""localizedName"": ""Hiếu khách"", ""count"": 9}]","[{""title"": ""Trải nghiệm nhận phòng xuất sắc"", ""subtitle"": ""Những khách ở gần đây đã xếp hạng 5 sao cho quy trình nhận phòng.""}, {""title"": ""Tự nhận phòng"", ""subtitle"": ""Tự nhận phòng với hộp khóa an toàn.""}]"
1360610890701117006,https://www.airbnb.com.vn/rooms/1360610890701117006,20260926000000,2026-09-26,city search,25m ² Studio giặt/nhà bếp/thang máy 158NKT,"Chào mừng bạn đến với 25m ² Studio giặt/nhà bếp/thang máy 158NKT — một không gian lưu trú ấm cúng, sang trọng tọa lạc tại Quận Cầu Giấy, Hà Nội.
Căn phòng tràn ngập ánh sáng tự nhiên với đầy đủ tiện nghi cao cấp, giường nệm êm ái, máy lạnh, TV và wifi tốc độ cao. Rất thuận tiện di chuyển tới các điểm tham quan, nhà hàng ẩm thực và quán cà phê nổi tiếng của Hà Nội.","Khu vực Quận Cầu Giấy an ninh, văn minh, gần nhiều địa điểm ăn uống, mua sắm và giải trí sầm uất tại Hà Nội.",https://a0.muscache.com/im/pictures/miso/Hosting-1360610890701117006/original/c1970dce-1098-4931-b4d6-84ee547dddf2.jpeg,47000185,https://www.airbnb.com.vn/users/show/47000185,Hà,2020-08-13,"Hà Nội, Việt Nam","Xin chào, tôi là Hà, đã có 6 năm kinh nghiệm làm host. Tôi yêu thích du lịch và luôn mong muốn đem lại trải nghiệm lưu trú thoải mái nhất cho khách.",trong vòng một giờ,100%,98%,f,https://a0.muscache.com/im/pictures/user/User-47000185/original/user_profile_5.jpeg,https://a0.muscache.com/im/pictures/user/User-47000185/original/user_profile_5.jpeg,Quận Cầu Giấy,3,4,"['email', 'phone', 'work_email']",t,t,Quận Cầu Giấy,Quận Cầu Giấy,Hà Nội,21.03883709793461,105.80181371354907,Phòng riêng trong nhà,Private room,2,1.0,1 phòng tắm,1,1,"[""Chỗ đỗ xe miễn phí trong khuôn viên"", ""Bể bơi"", ""Ban công ngắm cảnh"", ""TV màn hình phẳng"", ""Không gian riêng để làm việc"", ""Tủ lạnh"", ""Thang máy"", ""Bếp đầy đủ tiện nghi"", ""Tự nhận phòng với hộp khóa an toàn"", ""Máy sấy tóc"", ""Wi-fi tốc độ cao"", ""Máy giặt"", ""Máy phát hiện khí CO"", ""Dầu gội & Sữa tắm"", ""Bàn ủi / Bàn là"", ""Lò vi sóng"", ""Điều hòa nhiệt độ"", ""Bộ chăn ga gối cao cấp"", ""Máy báo khói"", ""Bồn tắm thư giãn""]","₫347,000",1,1125,1,2,1125,1125,1.0,1125.0,today,t,21,56,81,334,2026-09-26,5,1,4,2026-07-13,2026-09-11,5.0,4.85,4.94,5.0,5.0,4.79,4.86,,f,2,0,1,0,1.28,"[""https://a0.muscache.com/im/pictures/miso/Hosting-1360610890701117006/original/c1970dce-1098-4931-b4d6-84ee547dddf2.jpeg"", ""https://a0.muscache.com/im/pictures/miso/Hosting-1360610890701117006/original/2fc35c81-6bde-4617-ad1f-d28835163446.jpeg"", ""https://a0.muscache.com/im/pictures/miso/Hosting-1360610890701117006/original/e911069a-6cd3-4298-81ff-b92fbb029c38.jpeg"", ""https://a0.muscache.com/im/pictures/miso/Hosting-1360610890701117006/original/d099f951-51d3-444e-accf-6a978a657bf3.jpeg"", ""https://a0.muscache.com/im/pictures/miso/Hosting-1360610890701117006/original/bd21b467-c5f4-4211-bb8c-43271fddedc2.jpeg"", ""https://a0.muscache.com/im/pictures/miso/Hosting-1360610890701117006/original/11a48a3a-2d64-47c7-b648-fdbcc3a759f3.jpeg""]",t,"[{""name"": ""Rùa"", ""avatar"": ""https://a0.muscache.com/im/pictures/user/avatar_rua.jpg""}, {""name"": ""Dang Nguyen"", ""avatar"": ""https://a0.muscache.com/im/pictures/user/avatar_dang.jpg""}, {""name"": ""Long"", ""avatar"": ""https://a0.muscache.com/im/pictures/user/avatar_long.jpg""}]","[{""name"": ""DECOR"", ""localizedName"": ""Trang trí"", ""count"": 17}, {""name"": ""INTERIOR"", ""localizedName"": ""Không gian bên trong"", ""count"": 11}, {""name"": ""CLEANLINESS"", ""localizedName"": ""Mức độ sạch sẽ"", ""count"": 25}, {""name"": ""LOCATION"", ""localizedName"": ""Địa điểm"", ""count"": 12}, {""name"": ""HOSPITALITY"", ""localizedName"": ""Hiếu khách"", ""count"": 13}]","[{""title"": ""Trải nghiệm nhận phòng xuất sắc"", ""subtitle"": ""Những khách ở gần đây đã xếp hạng 5 sao cho quy trình nhận phòng.""}, {""title"": ""Tự nhận phòng"", ""subtitle"": ""Tự nhận phòng với hộp khóa an toàn.""}]"
1348230529297274931,https://www.airbnb.com.vn/rooms/1348230529297274931,20260926000000,2026-09-26,city search,XOI Saka_8F_110m²_Lakeside_Kitchen_Laundry@Center,"Chào mừng bạn đến với XOI Saka_8F_110m²_Lakeside_Kitchen_Laundry@Center — một không gian lưu trú ấm cúng, sang trọng tọa lạc tại Quận Nam Từ Liêm, Hà Nội.
Căn phòng tràn ngập ánh sáng tự nhiên với đầy đủ tiện nghi cao cấp, giường nệm êm ái, máy lạnh, TV và wifi tốc độ cao. Rất thuận tiện di chuyển tới các điểm tham quan, nhà hàng ẩm thực và quán cà phê nổi tiếng của Hà Nội.","Khu vực Quận Nam Từ Liêm an ninh, văn minh, gần nhiều địa điểm ăn uống, mua sắm và giải trí sầm uất tại Hà Nội.",https://a0.muscache.com/im/pictures/hosting/Hosting-1348230529297274931/original/dc3352c6-5a37-403b-8566-b493bc825233.png,47000186,https://www.airbnb.com.vn/users/show/47000186,Trang,2025-05-10,"Hà Nội, Việt Nam","Xin chào, tôi là Trang, đã có 1 năm kinh nghiệm làm host. Tôi yêu thích du lịch và luôn mong muốn đem lại trải nghiệm lưu trú thoải mái nhất cho khách.",trong vòng một giờ,100%,98%,t,https://a0.muscache.com/im/pictures/user/User-47000186/original/user_profile_6.jpeg,https://a0.muscache.com/im/pictures/user/User-47000186/original/user_profile_6.jpeg,Quận Nam Từ Liêm,7,10,"['email', 'phone', 'work_email']",t,t,Quận Nam Từ Liêm,Quận Nam Từ Liêm,Hà Nội,21.0302593372889,105.80893569945297,Phòng riêng trong nhà,Private room,4,1.0,1 phòng tắm,2,2,"[""Wi-fi tốc độ cao"", ""Không gian riêng để làm việc"", ""Bể bơi"", ""Ban công ngắm cảnh"", ""Điều hòa nhiệt độ"", ""Thang máy"", ""Máy sấy tóc"", ""Bếp đầy đủ tiện nghi"", ""Dầu gội & Sữa tắm"", ""Tự nhận phòng với hộp khóa an toàn"", ""Máy báo khói"", ""Máy phát hiện khí CO"", ""Lò vi sóng"", ""Bàn ủi / Bàn là"", ""Chỗ đỗ xe miễn phí trong khuôn viên""]","₫1,123,948",1,1125,1,2,1125,1125,1.0,1125.0,today,t,20,50,58,307,2026-09-26,18,10,3,2025-12-30,2026-09-22,4.94,4.84,4.86,5.0,5.0,4.84,4.87,,t,2,0,1,0,3.69,"[""https://a0.muscache.com/im/pictures/hosting/Hosting-1348230529297274931/original/dc3352c6-5a37-403b-8566-b493bc825233.png"", ""https://a0.muscache.com/im/pictures/hosting/Hosting-1348230529297274931/original/3d9d3a10-c4f5-4fe0-9706-03ac534fc5fe.jpeg"", ""https://a0.muscache.com/im/pictures/hosting/Hosting-1348230529297274931/original/50e80e0e-90a9-4350-9eab-8230ce1ed6c0.jpeg"", ""https://a0.muscache.com/im/pictures/hosting/Hosting-1348230529297274931/original/f9a04afe-4238-4fb9-92ab-b9402cdf3a50.jpeg"", ""https://a0.muscache.com/im/pictures/hosting/Hosting-1348230529297274931/original/a8c83c8a-554f-4ca1-a9c8-4eaac98d29eb.jpeg"", ""https://a0.muscache.com/im/pictures/hosting/Hosting-1348230529297274931/original/87093697-5363-4f23-aed8-b23724b86122.jpeg""]",t,"[{""name"": ""Dang Nguyen"", ""avatar"": ""https://a0.muscache.com/im/pictures/user/avatar_dang.jpg""}, {""name"": ""Rùa"", ""avatar"": ""https://a0.muscache.com/im/pictures/user/avatar_rua.jpg""}]","[{""name"": ""DECOR"", ""localizedName"": ""Trang trí"", ""count"": 5}, {""name"": ""INTERIOR"", ""localizedName"": ""Không gian bên trong"", ""count"": 3}, {""name"": ""CLEANLINESS"", ""localizedName"": ""Mức độ sạch sẽ"", ""count"": 24}, {""name"": ""LOCATION"", ""localizedName"": ""Địa điểm"", ""count"": 14}, {""name"": ""HOSPITALITY"", ""localizedName"": ""Hiếu khách"", ""count"": 6}]","[{""title"": ""Trải nghiệm nhận phòng xuất sắc"", ""subtitle"": ""Những khách ở gần đây đã xếp hạng 5 sao cho quy trình nhận phòng.""}, {""title"": ""Tự nhận phòng"", ""subtitle"": ""Tự nhận phòng với hộp khóa an toàn.""}]"
1746055644936642310,https://www.airbnb.com.vn/rooms/1746055644936642310,20260926000000,2026-09-26,city search,"3 phòng ngủ + 1 nhà bếp 
Gần Nhà hát Lớn
","Chào mừng bạn đến với 3 phòng ngủ + 1 nhà bếp 
Gần Nhà hát Lớn
 — một không gian lưu trú ấm cúng, sang trọng tọa lạc tại Quận Bắc Từ Liêm, Hà Nội.
Căn phòng tràn ngập ánh sáng tự nhiên với đầy đủ tiện nghi cao cấp, giường nệm êm ái, máy lạnh, TV và wifi tốc độ cao. Rất thuận tiện di chuyển tới các điểm tham quan, nhà hàng ẩm thực và quán cà phê nổi tiếng của Hà Nội.","Khu vực Quận Bắc Từ Liêm an ninh, văn minh, gần nhiều địa điểm ăn uống, mua sắm và giải trí sầm uất tại Hà Nội.",https://a0.muscache.com/im/pictures/hosting/Hosting-1746055644936642310/original/ade7c6a4-5f66-4a41-8cf9-c45fd2327c32.jpeg,47000187,https://www.airbnb.com.vn/users/show/47000187,Dương,2022-02-21,"Hà Nội, Việt Nam","Xin chào, tôi là Dương, đã có 4 năm kinh nghiệm làm host. Tôi yêu thích du lịch và luôn mong muốn đem lại trải nghiệm lưu trú thoải mái nhất cho khách.",trong vòng một giờ,100%,98%,f,https://a0.muscache.com/im/pictures/user/User-47000187/original/user_profile_7.jpeg,https://a0.muscache.com/im/pictures/user/User-47000187/original/user_profile_7.jpeg,Quận Bắc Từ Liêm,3,1,"['email', 'phone', 'work_email']",t,t,Quận Bắc Từ Liêm,Quận Bắc Từ Liêm,Hà Nội,21.0242,105.8611,Phòng riêng trong nhà,Private room,12,3.0,3 phòng tắm,3,6,"[""Máy sấy tóc"", ""Điều hòa nhiệt độ"", ""Tủ lạnh"", ""Bộ chăn ga gối cao cấp"", ""Wi-fi tốc độ cao"", ""Chỗ đỗ xe miễn phí trong khuôn viên"", ""Bể bơi"", ""TV màn hình phẳng"", ""Bàn ủi / Bàn là"", ""Không gian riêng để làm việc"", ""Thang máy"", ""Bồn tắm thư giãn"", ""Bếp đầy đủ tiện nghi"", ""Ban công ngắm cảnh"", ""Máy báo khói"", ""Tự nhận phòng với hộp khóa an toàn"", ""Dầu gội & Sữa tắm"", ""Máy giặt""]","₫1,900,000",1,1125,1,2,1125,1125,1.0,1125.0,today,t,27,54,58,265,2026-09-26,3,2,1,2026-08-12,2026-09-21,5.0,4.84,4.82,5.0,5.0,4.7,4.8,,f,2,0,1,0,3.58,"[""https://a0.muscache.com/im/pictures/hosting/Hosting-1746055644936642310/original/ade7c6a4-5f66-4a41-8cf9-c45fd2327c32.jpeg"", ""https://a0.muscache.com/im/pictures/hosting/Hosting-1746055644936642310/original/d5206b6e-d6f6-4902-bf6c-2909b6adf687.jpeg"", ""https://a0.muscache.com/im/pictures/hosting/Hosting-1746055644936642310/original/fc02a65d-d076-4c17-adc8-75a276f8ffa3.jpeg"", ""https://a0.muscache.com/im/pictures/hosting/Hosting-1746055644936642310/original/4e1d451b-4545-49b5-a6d1-e0f9e3d00e8f.jpeg"", ""https://a0.muscache.com/im/pictures/hosting/Hosting-1746055644936642310/original/349adab1-e489-4463-9c19-19f369f809b5.jpeg"", ""https://a0.muscache.com/im/pictures/hosting/Hosting-1746055644936642310/original/1a44481c-52a9-40b1-b99c-2a9f942594e3.jpeg""]",f,"[{""name"": ""Cindy"", ""avatar"": ""https://a0.muscache.com/im/pictures/user/avatar_cindy.jpg""}, {""name"": ""Long"", ""avatar"": ""https://a0.muscache.com/im/pictures/user/avatar_long.jpg""}]","[{""name"": ""DECOR"", ""localizedName"": ""Trang trí"", ""count"": 9}, {""name"": ""INTERIOR"", ""localizedName"": ""Không gian bên trong"", ""count"": 2}, {""name"": ""CLEANLINESS"", ""localizedName"": ""Mức độ sạch sẽ"", ""count"": 19}, {""name"": ""LOCATION"", ""localizedName"": ""Địa điểm"", ""count"": 10}, {""name"": ""HOSPITALITY"", ""localizedName"": ""Hiếu khách"", ""count"": 15}]","[{""title"": ""Trải nghiệm nhận phòng xuất sắc"", ""subtitle"": ""Những khách ở gần đây đã xếp hạng 5 sao cho quy trình nhận phòng.""}, {""title"": ""Tự nhận phòng"", ""subtitle"": ""Tự nhận phòng với hộp khóa an toàn.""}]"
1282971557432387153,https://www.airbnb.com.vn/rooms/1282971557432387153,20260926000000,2026-09-26,city search,Studio D 'capitale Trần Duy Hưng,"Chào mừng bạn đến với Studio D 'capitale Trần Duy Hưng — một không gian lưu trú ấm cúng, sang trọng tọa lạc tại Quận Đống Đa, Hà Nội.
Căn phòng tràn ngập ánh sáng tự nhiên với đầy đủ tiện nghi cao cấp, giường nệm êm ái, máy lạnh, TV và wifi tốc độ cao. Rất thuận tiện di chuyển tới các điểm tham quan, nhà hàng ẩm thực và quán cà phê nổi tiếng của Hà Nội.","Khu vực Quận Đống Đa an ninh, văn minh, gần nhiều địa điểm ăn uống, mua sắm và giải trí sầm uất tại Hà Nội.",https://a0.muscache.com/im/pictures/miso/Hosting-1282971557432387153/original/f3f69225-d0f6-4fcf-be3f-dcc8591a81d0.jpeg,47000188,https://www.airbnb.com.vn/users/show/47000188,Thảo,2023-07-02,"Hà Nội, Việt Nam","Xin chào, tôi là Thảo, đã có 3 năm kinh nghiệm làm host. Tôi yêu thích du lịch và luôn mong muốn đem lại trải nghiệm lưu trú thoải mái nhất cho khách.",trong vòng một giờ,100%,98%,t,https://a0.muscache.com/im/pictures/user/User-47000188/original/user_profile_8.jpeg,https://a0.muscache.com/im/pictures/user/User-47000188/original/user_profile_8.jpeg,Quận Đống Đa,8,2,"['email', 'phone', 'work_email']",t,t,Quận Đống Đa,Quận Đống Đa,Hà Nội,21.005477167144715,105.79543411139127,Toàn bộ căn hộ cho thuê,Entire home/apt,2,1.0,1 phòng tắm,1,1,"[""Wi-fi tốc độ cao"", ""Dầu gội & Sữa tắm"", ""Máy báo khói"", ""Tủ lạnh"", ""Máy giặt"", ""Bồn tắm thư giãn"", ""Chỗ đỗ xe miễn phí trong khuôn viên"", ""Điều hòa nhiệt độ"", ""Bàn ủi / Bàn là"", ""Bể bơi"", ""Bộ chăn ga gối cao cấp"", ""Không gian riêng để làm việc"", ""Ban công ngắm cảnh"", ""Thang máy"", ""Máy phát hiện khí CO"", ""Bếp đầy đủ tiện nghi""]","₫990,898",1,1125,1,2,1125,1125,1.0,1125.0,today,t,28,53,57,307,2026-09-26,27,7,5,2025-08-17,2026-09-15,4.81,4.95,5.0,5.0,5.0,4.78,4.77,,t,2,2,0,0,3.41,"[""https://a0.muscache.com/im/pictures/miso/Hosting-1282971557432387153/original/f3f69225-d0f6-4fcf-be3f-dcc8591a81d0.jpeg"", ""https://a0.muscache.com/im/pictures/miso/Hosting-1282971557432387153/original/689e970d-9a52-4e33-bd9f-e3369a946b5e.jpeg"", ""https://a0.muscache.com/im/pictures/miso/Hosting-1282971557432387153/original/52afba20-0467-45a1-8c8b-063b12b6362c.jpeg"", ""https://a0.muscache.com/im/pictures/miso/Hosting-1282971557432387153/original/96f698c3-68f2-43e9-9996-378e085bbbec.jpeg"", ""https://a0.muscache.com/im/pictures/miso/Hosting-1282971557432387153/original/e787b250-eaf0-47ee-8310-17c3e7db225e.jpeg"", ""https://a0.muscache.com/im/pictures/miso/Hosting-1282971557432387153/original/f04d34d5-2876-4158-8f47-511af7c30890.jpeg"", ""https://a0.muscache.com/im/pictures/miso/Hosting-1282971557432387153/original/6a77361b-2950-4018-9e15-0c00d2e75ebc.jpeg"", ""https://a0.muscache.com/im/pictures/miso/Hosting-1282971557432387153/original/f18321b2-bf06-4b2a-808f-5946bc442a92.jpeg"", ""https://a0.muscache.com/im/pictures/miso/Hosting-1282971557432387153/original/1cf7640d-2f6d-4eb2-9e9e-7cbedef6972c.jpeg"", ""https://a0.muscache.com/im/pictures/miso/Hosting-1282971557432387153/original/bc741e3f-90a8-448c-b857-1fee24a13c90.jpeg""]",t,"[{""name"": ""Long"", ""avatar"": ""https://a0.muscache.com/im/pictures/user/avatar_long.jpg""}, {""name"": ""Cindy"", ""avatar"": ""https://a0.muscache.com/im/pictures/user/avatar_cindy.jpg""}, {""name"": ""Dang Nguyen"", ""avatar"": ""https://a0.muscache.com/im/pictures/user/avatar_dang.jpg""}]","[{""name"": ""DECOR"", ""localizedName"": ""Trang trí"", ""count"": 12}, {""name"": ""INTERIOR"", ""localizedName"": ""Không gian bên trong"", ""count"": 16}, {""name"": ""CLEANLINESS"", ""localizedName"": ""Mức độ sạch sẽ"", ""count"": 8}, {""name"": ""LOCATION"", ""localizedName"": ""Địa điểm"", ""count"": 15}, {""name"": ""HOSPITALITY"", ""localizedName"": ""Hiếu khách"", ""count"": 11}]","[{""title"": ""Trải nghiệm nhận phòng xuất sắc"", ""subtitle"": ""Những khách ở gần đây đã xếp hạng 5 sao cho quy trình nhận phòng.""}, {""title"": ""Tự nhận phòng"", ""subtitle"": ""Tự nhận phòng với hộp khóa an toàn.""}]"
1675978460186855507,https://www.airbnb.com.vn/rooms/1675978460186855507,20260926000000,2026-09-26,city search,Căn hộ Vinhomes studio tại Hà Nội,"Chào mừng bạn đến với Căn hộ Vinhomes studio tại Hà Nội — một không gian lưu trú ấm cúng, sang trọng tọa lạc tại Quận Hoàn Kiếm, Hà Nội.
Căn phòng tràn ngập ánh sáng tự nhiên với đầy đủ tiện nghi cao cấp, giường nệm êm ái, máy lạnh, TV và wifi tốc độ cao. Rất thuận tiện di chuyển tới các điểm tham quan, nhà hàng ẩm thực và quán cà phê nổi tiếng của Hà Nội.","Khu vực Quận Hoàn Kiếm an ninh, văn minh, gần nhiều địa điểm ăn uống, mua sắm và giải trí sầm uất tại Hà Nội.",https://a0.muscache.com/im/pictures/hosting/Hosting-1675978460186855507/original/26f7a085-adca-4e79-8554-6b36263bba67.jpeg,47000189,https://www.airbnb.com.vn/users/show/47000189,Hải,2024-03-18,"Hà Nội, Việt Nam","Xin chào, tôi là Hải, đã có 2 năm kinh nghiệm làm host. Tôi yêu thích du lịch và luôn mong muốn đem lại trải nghiệm lưu trú thoải mái nhất cho khách.",trong vòng một giờ,100%,98%,f,https://a0.muscache.com/im/pictures/user/User-47000189/original/user_profile_9.jpeg,https://a0.muscache.com/im/pictures/user/User-47000189/original/user_profile_9.jpeg,Quận Hoàn Kiếm,2,8,"['email', 'phone', 'work_email']",t,t,Quận Hoàn Kiếm,Quận Hoàn Kiếm,Hà Nội,21.01095,105.78374,Toàn bộ căn hộ cho thuê,Entire home/apt,2,1.0,1 phòng tắm,1,1,"[""Bộ chăn ga gối cao cấp"", ""Thang máy"", ""Chỗ đỗ xe miễn phí trong khuôn viên"", ""Tủ lạnh"", ""Máy giặt"", ""Bể bơi"", ""TV màn hình phẳng"", ""Máy sấy tóc"", ""Wi-fi tốc độ cao"", ""Tự nhận phòng với hộp khóa an toàn"", ""Ban công ngắm cảnh"", ""Lò vi sóng"", ""Điều hòa nhiệt độ"", ""Máy phát hiện khí CO"", ""Bếp đầy đủ tiện nghi"", ""Dầu gội & Sữa tắm"", ""Không gian riêng để làm việc"", ""Máy báo khói"", ""Bồn tắm thư giãn"", ""Bàn ủi / Bàn là""]","₫1,100,000",1,1125,1,2,1125,1125,1.0,1125.0,today,t,17,35,62,313,2026-09-26,3,1,2,2026-08-12,2026-09-11,5.0,4.91,4.97,5.0,5.0,4.72,4.83,,f,2,2,0,0,3.47,"[""https://a0.muscache.com/im/pictures/hosting/Hosting-1675978460186855507/original/26f7a085-adca-4e79-8554-6b36263bba67.jpeg"", ""https://a0.muscache.com/im/pictures/hosting/Hosting-1675978460186855507/original/4dd75d17-75b0-4de0-9e71-45914ad5038f.jpeg"", ""https://a0.muscache.com/im/pictures/hosting/Hosting-1675978460186855507/original/165c2a20-b590-4cec-8606-ae96c8d93396.jpeg"", ""https://a0.muscache.com/im/pictures/hosting/Hosting-1675978460186855507/original/c66efb33-1736-4f73-b426-61694d5fe6f1.jpeg"", ""https://a0.muscache.com/im/pictures/hosting/Hosting-1675978460186855507/original/d14c18b8-f409-4f8d-a51e-818558e6cbb4.jpeg"", ""https://a0.muscache.com/im/pictures/hosting/Hosting-1675978460186855507/original/5055cf35-13a8-458c-ab1a-520d5a7d0630.jpeg"", ""https://a0.muscache.com/im/pictures/hosting/Hosting-1653317183711598455/original/d71bddb5-2083-4210-a1be-b3dd60ca78c1.jpeg"", ""https://a0.muscache.com/im/pictures/hosting/Hosting-1653317183711598455/original/c6b5cfc6-c0e0-4b6e-9dab-7e144eb2aa61.jpeg"", ""https://a0.muscache.com/im/pictures/hosting/Hosting-1675978460186855507/original/6eaad56f-8cf9-4683-a79c-047f07ccf984.jpeg"", ""https://a0.muscache.com/im/pictures/hosting/Hosting-1675978460186855507/original/951eca39-0d77-4187-889f-38099b9fd075.jpeg"", ""https://a0.muscache.com/im/pictures/hosting/Hosting-1675978460186855507/original/531a242e-9bc2-4062-a024-9fd49a71de22.jpeg"", ""https://a0.muscache.com/im/pictures/hosting/Hosting-1675978460186855507/original/9154864a-0087-414b-9336-667f3e68ca1f.jpeg"", ""https://a0.muscache.com/im/pictures/hosting/Hosting-1675978460186855507/original/e5207b14-197a-48af-a899-55d94db37d13.jpeg"", ""https://a0.muscache.com/im/pictures/hosting/Hosting-1675978460186855507/original/2befc43a-ea97-4cf9-9c25-02751022a196.jpeg"", ""https://a0.muscache.com/im/pictures/hosting/Hosting-1675978460186855507/original/1f9201bc-5e9f-4c7d-a484-43ffa21bb03d.jpeg"", ""https://a0.muscache.com/im/pictures/hosting/Hosting-1675978460186855507/original/bbfb8845-35b9-4104-8b82-4caed3358f73.jpeg"", ""https://a0.muscache.com/im/pictures/hosting/Hosting-1675978460186855507/original/93dd5e51-feb7-4210-b3a7-96ff8a55b74f.jpeg"", ""https://a0.muscache.com/im/pictures/hosting/Hosting-1675978460186855507/original/916d22ce-6e53-41a2-b836-0fa9e482c6ad.jpeg"", ""https://a0.muscache.com/im/pictures/hosting/Hosting-1675978460186855507/original/d8983e27-af76-4492-8efb-09e52e4e7cbf.jpeg"", ""https://a0.muscache.com/im/pictures/hosting/Hosting-1675978460186855507/original/dfd63e8f-b30e-4c33-89c1-714289af5462.jpeg"", ""https://a0.muscache.com/im/pictures/hosting/Hosting-1675978460186855507/original/3ef7889b-9a91-4419-9e5f-dfff9f9e82ef.jpeg"", ""https://a0.muscache.com/im/pictures/hosting/Hosting-1675978460186855507/original/d3b29fc0-d222-476f-bd7c-442b8a0fe9e7.jpeg"", ""https://a0.muscache.com/im/pictures/hosting/Hosting-1675978460186855507/original/c9a61403-9722-4f51-9ae9-0a1c13583ac5.jpeg"", ""https://a0.muscache.com/im/pictures/hosting/Hosting-1675978460186855507/original/e599993c-afc0-432d-bcfa-b340960f276d.jpeg"", ""https://a0.muscache.com/im/pictures/hosting/Hosting-1675978460186855507/original/5b975de4-daab-43fe-a294-893b70891a25.jpeg""]",f,"[{""name"": ""Rùa"", ""avatar"": ""https://a0.muscache.com/im/pictures/user/avatar_rua.jpg""}, {""name"": ""Dang Nguyen"", ""avatar"": ""https://a0.muscache.com/im/pictures/user/avatar_dang.jpg""}]","[{""name"": ""DECOR"", ""localizedName"": ""Trang trí"", ""count"": 3}, {""name"": ""INTERIOR"", ""localizedName"": ""Không gian bên trong"", ""count"": 17}, {""name"": ""CLEANLINESS"", ""localizedName"": ""Mức độ sạch sẽ"", ""count"": 7}, {""name"": ""LOCATION"", ""localizedName"": ""Địa điểm"", ""count"": 4}, {""name"": ""HOSPITALITY"", ""localizedName"": ""Hiếu khách"", ""count"": 6}]","[{""title"": ""Trải nghiệm nhận phòng xuất sắc"", ""subtitle"": ""Những khách ở gần đây đã xếp hạng 5 sao cho quy trình nhận phòng.""}, {""title"": ""Tự nhận phòng"", ""subtitle"": ""Tự nhận phòng với hộp khóa an toàn.""}]"
1443285682888010697,https://www.airbnb.com.vn/rooms/1443285682888010697,20260926000000,2026-09-26,city search,Newhouse R3 Onsen Ecopark 2BR-2WC-Bồn Tắm cao cấp,"Chào mừng bạn đến với Newhouse R3 Onsen Ecopark 2BR-2WC-Bồn Tắm cao cấp — một không gian lưu trú ấm cúng, sang trọng tọa lạc tại Quận Ba Đình, Hà Nội.
Căn phòng tràn ngập ánh sáng tự nhiên với đầy đủ tiện nghi cao cấp, giường nệm êm ái, máy lạnh, TV và wifi tốc độ cao. Rất thuận tiện di chuyển tới các điểm tham quan, nhà hàng ẩm thực và quán cà phê nổi tiếng của Hà Nội.","Khu vực Quận Ba Đình an ninh, văn minh, gần nhiều địa điểm ăn uống, mua sắm và giải trí sầm uất tại Hà Nội.",https://a0.muscache.com/im/pictures/hosting/Hosting-1443285682888010697/original/51a2d1b7-6736-4344-9609-7294ea9c0b14.jpeg,47000190,https://www.airbnb.com.vn/users/show/47000190,Nam,2025-07-23,"Hà Nội, Việt Nam","Xin chào, tôi là Nam, đã có 1 năm kinh nghiệm làm host. Tôi yêu thích du lịch và luôn mong muốn đem lại trải nghiệm lưu trú thoải mái nhất cho khách.",trong vòng một giờ,100%,98%,t,https://a0.muscache.com/im/pictures/user/User-47000190/original/user_profile_0.jpeg,https://a0.muscache.com/im/pictures/user/User-47000190/original/user_profile_0.jpeg,Quận Ba Đình,1,3,"['email', 'phone', 'work_email']",t,t,Quận Ba Đình,Quận Ba Đình,Hà Nội,20.955,105.85545,Toàn bộ căn hộ cho thuê,Entire home/apt,4,2.0,2 phòng tắm,2,2,"[""Tủ lạnh"", ""Wi-fi tốc độ cao"", ""Máy phát hiện khí CO"", ""Thang máy"", ""Tự nhận phòng với hộp khóa an toàn"", ""Máy sấy tóc"", ""Bể bơi"", ""Bàn ủi / Bàn là"", ""Ban công ngắm cảnh"", ""Bộ chăn ga gối cao cấp"", ""Máy báo khói"", ""Chỗ đỗ xe miễn phí trong khuôn viên"", ""Không gian riêng để làm việc"", ""Dầu gội & Sữa tắm"", ""Bồn tắm thư giãn"", ""Bếp đầy đủ tiện nghi"", ""Điều hòa nhiệt độ"", ""Máy giặt""]","₫1,130,789",1,1125,1,2,1125,1125,1.0,1125.0,today,t,20,32,70,226,2026-09-26,25,19,6,2025-09-16,2026-09-13,5.0,4.87,4.84,5.0,5.0,4.96,4.71,,t,2,2,0,0,4.09,"[""https://a0.muscache.com/im/pictures/hosting/Hosting-1443285682888010697/original/51a2d1b7-6736-4344-9609-7294ea9c0b14.jpeg"", ""https://a0.muscache.com/im/pictures/hosting/Hosting-1443285682888010697/original/e953af20-fbb6-4047-9c0e-c244234344ce.jpeg"", ""https://a0.muscache.com/im/pictures/hosting/Hosting-1443285682888010697/original/d4e30ab8-b55d-4637-abef-d45238bb7a64.jpeg"", ""https://a0.muscache.com/im/pictures/hosting/Hosting-1443285682888010697/original/45d9315a-2b8e-4ce3-81f1-c654542dc90d.jpeg"", ""https://a0.muscache.com/im/pictures/hosting/Hosting-1443285682888010697/original/f7eb4d3d-382f-410b-9f8d-6c6d5ee8b5b1.jpeg"", ""https://a0.muscache.com/im/pictures/hosting/Hosting-1443285682888010697/original/87c847a3-4994-4224-b1b5-9c8a93c2df06.jpeg"", ""https://a0.muscache.com/im/pictures/hosting/Hosting-1443285682888010697/original/67787af1-5e1b-4284-ab59-15a960dadaea.jpeg"", ""https://a0.muscache.com/im/pictures/hosting/Hosting-1443285682888010697/original/f4da8b3a-0b65-4947-8dbf-cd27d54b4cb9.jpeg"", ""https://a0.muscache.com/im/pictures/hosting/Hosting-1443285682888010697/original/7ebc73bc-f842-46d9-a6f5-5c9bd04ff51a.jpeg"", ""https://a0.muscache.com/im/pictures/hosting/Hosting-1443285682888010697/original/60b4ae21-77b9-42bd-8572-76595dd1e802.jpeg"", ""https://a0.muscache.com/im/pictures/hosting/Hosting-1443285682888010697/original/65f0cd86-ce5f-4f05-9ee3-7c4518127608.jpeg"", ""https://a0.muscache.com/im/pictures/hosting/Hosting-1443285682888010697/original/28c60ccd-e035-468b-81e0-a3bfc6d5e717.jpeg"", ""https://a0.muscache.com/im/pictures/hosting/Hosting-1443285682888010697/original/7c2730a5-a057-4c88-b39b-83865d128683.png"", ""https://a0.muscache.com/im/pictures/hosting/Hosting-1443285682888010697/original/a5fa5b7f-d585-4bcf-97c2-3631ef19f596.png"", ""https://a0.muscache.com/im/pictures/hosting/Hosting-1443285682888010697/original/397ca53f-5c5e-4787-a19b-1c42681affd1.png"", ""https://a0.muscache.com/im/pictures/hosting/Hosting-1443285682888010697/original/5d20805f-5427-45c6-a9cb-e85c35f9b84f.png"", ""https://a0.muscache.com/im/pictures/hosting/Hosting-1443285682888010697/original/630fbd0d-cbf2-4eff-9b6a-d0d40b2f2fbd.jpeg"", ""https://a0.muscache.com/im/pictures/hosting/Hosting-1443285682888010697/original/8c585211-9ac6-481c-94f9-bf6349c69082.jpeg"", ""https://a0.muscache.com/im/pictures/hosting/Hosting-1443285682888010697/original/bdd9662e-1c66-40e6-b1c9-0c2ada48a7ae.jpeg"", ""https://a0.muscache.com/im/pictures/hosting/Hosting-1443285682888010697/original/bcd0e394-145e-4b5b-95da-4dfa4ffb2b83.jpeg"", ""https://a0.muscache.com/im/pictures/hosting/Hosting-1443285682888010697/original/4fd6b777-bf36-4a59-bf6c-c23de57b18cc.jpeg"", ""https://a0.muscache.com/im/pictures/hosting/Hosting-1443285682888010697/original/b9f2f7ff-86b0-446b-8c73-b634ff2203c5.jpeg"", ""https://a0.muscache.com/im/pictures/hosting/Hosting-1443285682888010697/original/948ae4a6-6857-4242-aa20-c87af12d2501.jpeg"", ""https://a0.muscache.com/im/pictures/hosting/Hosting-1443285682888010697/original/d4a19426-c96f-467d-8f71-9ce222e33114.jpeg"", ""https://a0.muscache.com/im/pictures/hosting/Hosting-1443285682888010697/original/709b6756-46ea-475a-af85-4933e24a9bff.jpeg"", ""https://a0.muscache.com/im/pictures/hosting/Hosting-1443285682888010697/original/be231932-19f1-4c9a-8187-64fd3e18d335.jpeg"", ""https://a0.muscache.com/im/pictures/hosting/Hosting-1443285682888010697/original/deab1674-f9f5-4391-850e-7b1b3753cde0.jpeg"", ""https://a0.muscache.com/im/pictures/hosting/Hosting-1443285682888010697/original/145bec1b-9453-4738-a5de-3a1ddcbca9ae.jpeg"", ""https://a0.muscache.com/im/pictures/hosting/Hosting-1443285682888010697/original/9e969a4f-b538-4c09-afbd-ccb8a706742e.jpeg""]",t,"[{""name"": ""Cindy"", ""avatar"": ""https://a0.muscache.com/im/pictures/user/avatar_cindy.jpg""}]","[{""name"": ""DECOR"", ""localizedName"": ""Trang trí"", ""count"": 18}, {""name"": ""INTERIOR"", ""localizedName"": ""Không gian bên trong"", ""count"": 9}, {""name"": ""CLEANLINESS"", ""localizedName"": ""Mức độ sạch sẽ"", ""count"": 9}, {""name"": ""LOCATION"", ""localizedName"": ""Địa điểm"", ""count"": 11}, {""name"": ""HOSPITALITY"", ""localizedName"": ""Hiếu khách"", ""count"": 6}]","[{""title"": ""Trải nghiệm nhận phòng xuất sắc"", ""subtitle"": ""Những khách ở gần đây đã xếp hạng 5 sao cho quy trình nhận phòng.""}, {""title"": ""Tự nhận phòng"", ""subtitle"": ""Tự nhận phòng với hộp khóa an toàn.""}]"
1727814233300788219,https://www.airbnb.com.vn/rooms/1727814233300788219,20260926000000,2026-09-26,city search, Kho báu ẩn giấu bên núi gần Hà Nội ,"Chào mừng bạn đến với  Kho báu ẩn giấu bên núi gần Hà Nội  — một không gian lưu trú ấm cúng, sang trọng tọa lạc tại Quận Tây Hồ, Hà Nội.
Căn phòng tràn ngập ánh sáng tự nhiên với đầy đủ tiện nghi cao cấp, giường nệm êm ái, máy lạnh, TV và wifi tốc độ cao. Rất thuận tiện di chuyển tới các điểm tham quan, nhà hàng ẩm thực và quán cà phê nổi tiếng của Hà Nội.","Khu vực Quận Tây Hồ an ninh, văn minh, gần nhiều địa điểm ăn uống, mua sắm và giải trí sầm uất tại Hà Nội.",https://a0.muscache.com/im/pictures/hosting/Hosting-1727814233300788219/original/046ccd30-d891-4517-9ba0-2b028e49369a.jpeg,47000191,https://www.airbnb.com.vn/users/show/47000191,Tuấn,2020-09-14,"Hà Nội, Việt Nam","Xin chào, tôi là Tuấn, đã có 6 năm kinh nghiệm làm host. Tôi yêu thích du lịch và luôn mong muốn đem lại trải nghiệm lưu trú thoải mái nhất cho khách.",trong vòng một giờ,100%,98%,f,https://a0.muscache.com/im/pictures/user/User-47000191/original/user_profile_1.jpeg,https://a0.muscache.com/im/pictures/user/User-47000191/original/user_profile_1.jpeg,Quận Tây Hồ,2,4,"['email', 'phone', 'work_email']",t,t,Quận Tây Hồ,Quận Tây Hồ,Hà Nội,21.10491,105.85754,Toàn bộ nhà,Entire home/apt,6,2.0,2 phòng tắm,3,3,"[""Tự nhận phòng với hộp khóa an toàn"", ""Tủ lạnh"", ""Bộ chăn ga gối cao cấp"", ""Lò vi sóng"", ""Chỗ đỗ xe miễn phí trong khuôn viên"", ""Wi-fi tốc độ cao"", ""Máy phát hiện khí CO"", ""TV màn hình phẳng"", ""Dầu gội & Sữa tắm"", ""Không gian riêng để làm việc"", ""Bàn ủi / Bàn là"", ""Ban công ngắm cảnh"", ""Bếp đầy đủ tiện nghi"", ""Bể bơi"", ""Thang máy"", ""Máy giặt"", ""Máy báo khói"", ""Điều hòa nhiệt độ""]","₫3,627,000",1,1125,1,2,1125,1125,1.0,1125.0,today,t,18,56,67,260,2026-09-26,158,2,0,2023-06-14,2026-09-24,4.85,4.91,4.96,5.0,5.0,4.81,4.74,,f,2,2,0,0,2.81,"[""https://a0.muscache.com/im/pictures/hosting/Hosting-1727814233300788219/original/046ccd30-d891-4517-9ba0-2b028e49369a.jpeg"", ""https://a0.muscache.com/im/pictures/hosting/Hosting-1727814233300788219/original/44460bd7-08be-47e0-9131-d005b122b8f2.jpeg"", ""https://a0.muscache.com/im/pictures/hosting/Hosting-1727814233300788219/original/b7b05765-bb49-41b6-bc5b-6cb77a624ded.jpeg"", ""https://a0.muscache.com/im/pictures/hosting/Hosting-1727814233300788219/original/1f536b20-c814-4828-bb72-f4d66835e1a3.jpeg"", ""https://a0.muscache.com/im/pictures/hosting/Hosting-1727814233300788219/original/ac44331f-0edb-441b-8654-45c26689dcd0.jpeg"", ""https://a0.muscache.com/im/pictures/hosting/Hosting-1727814233300788219/original/bfd5a2bd-245b-436b-9712-c63aac8d27be.jpeg"", ""https://a0.muscache.com/im/pictures/hosting/Hosting-1727814233300788219/original/21d8fbfa-988b-4dbb-8d04-0f109eda31c0.jpeg"", ""https://a0.muscache.com/im/pictures/hosting/Hosting-1727814233300788219/original/ad0dba74-903a-49f9-83de-895e0380906e.jpeg"", ""https://a0.muscache.com/im/pictures/hosting/Hosting-1727814233300788219/original/bc6f7d2c-2ad9-4a6b-a190-9894af0e4f07.jpeg"", ""https://a0.muscache.com/im/pictures/hosting/Hosting-1727814233300788219/original/02467345-3680-4d4e-9431-a8e85fd35c4b.jpeg"", ""https://a0.muscache.com/im/pictures/hosting/Hosting-1727814233300788219/original/c8787d42-4f5f-480e-b9ab-224af25b8a70.jpeg"", ""https://a0.muscache.com/im/pictures/hosting/Hosting-1727814233300788219/original/abead16a-5920-420d-a0b4-c885947b9abd.jpeg"", ""https://a0.muscache.com/im/pictures/hosting/Hosting-1727814233300788219/original/a2297e52-adc4-4b58-87b3-5ba853367e21.jpeg"", ""https://a0.muscache.com/im/pictures/hosting/Hosting-1727814233300788219/original/9fa3bd13-e5fc-4366-ab21-d2467667d8c3.jpeg"", ""https://a0.muscache.com/im/pictures/hosting/Hosting-1727814233300788219/original/372fcda0-206a-4da8-a464-2a06ceb285f8.jpeg"", ""https://a0.muscache.com/im/pictures/hosting/Hosting-1727814233300788219/original/ea87d969-6c75-434b-a0d1-d0a3525e46fc.jpeg"", ""https://a0.muscache.com/im/pictures/hosting/Hosting-1727814233300788219/original/41d8a4eb-458c-4318-901e-06684941e12c.jpeg"", ""https://a0.muscache.com/im/pictures/hosting/Hosting-1727814233300788219/original/99b062a5-2541-408f-878a-f105f01dd8f4.jpeg"", ""https://a0.muscache.com/im/pictures/hosting/Hosting-1727814233300788219/original/e9472d15-982c-4db7-adac-88582abc7d71.jpeg"", ""https://a0.muscache.com/im/pictures/hosting/Hosting-1727814233300788219/original/416abe9b-675b-43a2-af94-996ae36e784f.jpeg"", ""https://a0.muscache.com/im/pictures/hosting/Hosting-1727814233300788219/original/1df2d76d-4dac-4607-b8fb-c8091dfae588.jpeg"", ""https://a0.muscache.com/im/pictures/hosting/Hosting-1727814233300788219/original/84cfcd47-4172-451d-a9a2-c9ef2a0e27a5.jpeg"", ""https://a0.muscache.com/im/pictures/hosting/Hosting-1727814233300788219/original/0c731b19-42a6-4424-8dbc-72492a462278.jpeg"", ""https://a0.muscache.com/im/pictures/hosting/Hosting-1727814233300788219/original/c5e409b0-ec1d-4ff9-9925-9a7adbb716a7.jpeg"", ""https://a0.muscache.com/im/pictures/hosting/Hosting-1727814233300788219/original/425d053b-cb2b-4e0d-891d-e0d8e4e5ee13.jpeg"", ""https://a0.muscache.com/im/pictures/hosting/Hosting-1727814233300788219/original/229f4c9e-900e-4e87-888b-0334ab772be4.jpeg"", ""https://a0.muscache.com/im/pictures/hosting/Hosting-1727814233300788219/original/cb0875e0-04ef-40a4-9c6a-06f794eb3d2d.jpeg"", ""https://a0.muscache.com/im/pictures/hosting/Hosting-1727814233300788219/original/7740825e-119b-496c-9401-1ae74bda7138.jpeg"", ""https://a0.muscache.com/im/pictures/hosting/Hosting-1727814233300788219/original/5576d9c3-d7af-420d-9b21-eda9d4fb6477.jpeg""]",f,"[{""name"": ""Cindy"", ""avatar"": ""https://a0.muscache.com/im/pictures/user/avatar_cindy.jpg""}]","[{""name"": ""DECOR"", ""localizedName"": ""Trang trí"", ""count"": 13}, {""name"": ""INTERIOR"", ""localizedName"": ""Không gian bên trong"", ""count"": 4}, {""name"": ""CLEANLINESS"", ""localizedName"": ""Mức độ sạch sẽ"", ""count"": 16}, {""name"": ""LOCATION"", ""localizedName"": ""Địa điểm"", ""count"": 9}, {""name"": ""HOSPITALITY"", ""localizedName"": ""Hiếu khách"", ""count"": 7}]","[{""title"": ""Trải nghiệm nhận phòng xuất sắc"", ""subtitle"": ""Những khách ở gần đây đã xếp hạng 5 sao cho quy trình nhận phòng.""}, {""title"": ""Tự nhận phòng"", ""subtitle"": ""Tự nhận phòng với hộp khóa an toàn.""}]"
1615747157754003345,https://www.airbnb.com.vn/rooms/1615747157754003345,20260926000000,2026-09-26,city search,Hồ Tây LakeView 3BR Luxury Apartment,"Chào mừng bạn đến với Hồ Tây LakeView 3BR Luxury Apartment — một không gian lưu trú ấm cúng, sang trọng tọa lạc tại Quận Tây Hồ, Hà Nội.
Căn phòng tràn ngập ánh sáng tự nhiên với đầy đủ tiện nghi cao cấp, giường nệm êm ái, máy lạnh, TV và wifi tốc độ cao. Rất thuận tiện di chuyển tới các điểm tham quan, nhà hàng ẩm thực và quán cà phê nổi tiếng của Hà Nội.","Khu vực Quận Tây Hồ an ninh, văn minh, gần nhiều địa điểm ăn uống, mua sắm và giải trí sầm uất tại Hà Nội.",https://a0.muscache.com/im/pictures/hosting/Hosting-1615747157754003345/original/e3e81f0c-7058-4d49-8107-e14e7af977ca.jpeg,47000192,https://www.airbnb.com.vn/users/show/47000192,Long,2025-02-15,"Hà Nội, Việt Nam","Xin chào, tôi là Long, đã có 1 năm kinh nghiệm làm host. Tôi yêu thích du lịch và luôn mong muốn đem lại trải nghiệm lưu trú thoải mái nhất cho khách.",trong vòng một giờ,100%,98%,t,https://a0.muscache.com/im/pictures/user/User-47000192/original/user_profile_2.jpeg,https://a0.muscache.com/im/pictures/user/User-47000192/original/user_profile_2.jpeg,Quận Tây Hồ,1,1,"['email', 'phone', 'work_email']",t,t,Quận Tây Hồ,Quận Tây Hồ,Hà Nội,21.0442,105.8202,Phòng riêng trong nhà,Private room,6,3.0,3 phòng tắm,3,3,"[""Bộ chăn ga gối cao cấp"", ""Máy giặt"", ""Thang máy"", ""Máy sấy tóc"", ""Không gian riêng để làm việc"", ""Máy báo khói"", ""Tủ lạnh"", ""Điều hòa nhiệt độ"", ""Tự nhận phòng với hộp khóa an toàn"", ""Bàn ủi / Bàn là"", ""Bếp đầy đủ tiện nghi"", ""Chỗ đỗ xe miễn phí trong khuôn viên"", ""Bồn tắm thư giãn"", ""Wi-fi tốc độ cao""]","₫3,200,000",1,1125,1,2,1125,1125,1.0,1125.0,today,t,28,48,62,298,2026-09-26,4,3,2,2026-07-28,2026-09-24,5.0,4.98,4.81,5.0,5.0,4.83,4.94,,t,2,0,1,0,1.99,"[""https://a0.muscache.com/im/pictures/hosting/Hosting-1615747157754003345/original/e3e81f0c-7058-4d49-8107-e14e7af977ca.jpeg"", ""https://a0.muscache.com/im/pictures/hosting/Hosting-1615747157754003345/original/e1fd5744-32b5-41d8-93e3-41f325df1315.jpeg"", ""https://a0.muscache.com/im/pictures/hosting/Hosting-1615747157754003345/original/a3e3f8ba-4cd6-4461-ba2c-fb313207be9b.jpeg"", ""https://a0.muscache.com/im/pictures/hosting/Hosting-1615747157754003345/original/2b6c7ccd-5a8b-49da-91bb-0094aad1f291.jpeg"", ""https://a0.muscache.com/im/pictures/hosting/Hosting-1615747157754003345/original/6d71d393-528d-4d6b-bb5e-653bca87b1ae.jpeg"", ""https://a0.muscache.com/im/pictures/hosting/Hosting-1615747157754003345/original/b7d23788-012b-4ac3-a5de-631eec1a52f9.jpeg""]",f,"[{""name"": ""Cindy"", ""avatar"": ""https://a0.muscache.com/im/pictures/user/avatar_cindy.jpg""}]","[{""name"": ""DECOR"", ""localizedName"": ""Trang trí"", ""count"": 11}, {""name"": ""INTERIOR"", ""localizedName"": ""Không gian bên trong"", ""count"": 18}, {""name"": ""CLEANLINESS"", ""localizedName"": ""Mức độ sạch sẽ"", ""count"": 19}, {""name"": ""LOCATION"", ""localizedName"": ""Địa điểm"", ""count"": 2}, {""name"": ""HOSPITALITY"", ""localizedName"": ""Hiếu khách"", ""count"": 10}]","[{""title"": ""Trải nghiệm nhận phòng xuất sắc"", ""subtitle"": ""Những khách ở gần đây đã xếp hạng 5 sao cho quy trình nhận phòng.""}, {""title"": ""Tự nhận phòng"", ""subtitle"": ""Tự nhận phòng với hộp khóa an toàn.""}]"
885869633465097817,https://www.airbnb.com.vn/rooms/885869633465097817,20260926000000,2026-09-26,city search,Rộng rãi/3BDR2WC/ Highrise,"Chào mừng bạn đến với Rộng rãi/3BDR2WC/ Highrise — một không gian lưu trú ấm cúng, sang trọng tọa lạc tại Quận Cầu Giấy, Hà Nội.
Căn phòng tràn ngập ánh sáng tự nhiên với đầy đủ tiện nghi cao cấp, giường nệm êm ái, máy lạnh, TV và wifi tốc độ cao. Rất thuận tiện di chuyển tới các điểm tham quan, nhà hàng ẩm thực và quán cà phê nổi tiếng của Hà Nội.","Khu vực Quận Cầu Giấy an ninh, văn minh, gần nhiều địa điểm ăn uống, mua sắm và giải trí sầm uất tại Hà Nội.",https://a0.muscache.com/im/pictures/hosting/Hosting-885869633465097817/original/e7408e02-72bc-4e47-8aab-1015d98bc04d.png,47000193,https://www.airbnb.com.vn/users/show/47000193,Đức,2022-02-20,"Hà Nội, Việt Nam","Xin chào, tôi là Đức, đã có 4 năm kinh nghiệm làm host. Tôi yêu thích du lịch và luôn mong muốn đem lại trải nghiệm lưu trú thoải mái nhất cho khách.",trong vòng một giờ,100%,98%,f,https://a0.muscache.com/im/pictures/user/User-47000193/original/user_profile_3.jpeg,https://a0.muscache.com/im/pictures/user/User-47000193/original/user_profile_3.jpeg,Quận Cầu Giấy,7,10,"['email', 'phone', 'work_email']",t,t,Quận Cầu Giấy,Quận Cầu Giấy,Hà Nội,21.00808,105.79624,Toàn bộ căn hộ cho thuê,Entire home/apt,6,2.0,2 phòng tắm,3,3,"[""Wi-fi tốc độ cao"", ""Ban công ngắm cảnh"", ""Lò vi sóng"", ""Máy sấy tóc"", ""Bồn tắm thư giãn"", ""Máy giặt"", ""Máy báo khói"", ""Không gian riêng để làm việc"", ""Bàn ủi / Bàn là"", ""Điều hòa nhiệt độ"", ""Tủ lạnh"", ""TV màn hình phẳng"", ""Bể bơi"", ""Bếp đầy đủ tiện nghi"", ""Dầu gội & Sữa tắm"", ""Tự nhận phòng với hộp khóa an toàn"", ""Thang máy""]","₫2,356,000",1,1125,1,2,1125,1125,1.0,1125.0,today,t,22,44,78,226,2026-09-26,111,18,6,2023-06-14,2026-09-08,4.85,5.0,4.95,5.0,5.0,4.85,4.74,,f,2,2,0,0,1.47,"[""https://a0.muscache.com/im/pictures/hosting/Hosting-885869633465097817/original/e7408e02-72bc-4e47-8aab-1015d98bc04d.png"", ""https://a0.muscache.com/im/pictures/hosting/Hosting-885869633465097817/original/02e837b8-4088-4f29-8f0e-932523f6a12e.jpeg"", ""https://a0.muscache.com/im/pictures/hosting/Hosting-885869633465097817/original/c67bd875-fe59-4b13-af16-a9486f80209a.jpeg"", ""https://a0.muscache.com/im/pictures/hosting/Hosting-885869633465097817/original/55df905f-d4da-4e62-b581-9f011490072d.jpeg"", ""https://a0.muscache.com/im/pictures/hosting/Hosting-885869633465097817/original/37b9962d-2f59-4e4a-af02-e1061fc10320.jpeg"", ""https://a0.muscache.com/im/pictures/hosting/Hosting-885869633465097817/original/9faef043-a8eb-448d-9a97-65edb366b503.jpeg"", ""https://a0.muscache.com/im/pictures/hosting/Hosting-885869633465097817/original/13d4ea06-5360-4add-8fa7-3d18865a8673.jpeg"", ""https://a0.muscache.com/im/pictures/hosting/Hosting-885869633465097817/original/570a5212-2d7d-4a4d-8093-ba6da5e61e2e.jpeg"", ""https://a0.muscache.com/im/pictures/hosting/Hosting-885869633465097817/original/7599be1a-b05e-4ea7-b36c-fe4c6b863d32.jpeg"", ""https://a0.muscache.com/im/pictures/hosting/Hosting-885869633465097817/original/ee65f3f6-9f6d-4cc7-9cdd-de052a6e38cb.jpeg"", ""https://a0.muscache.com/im/pictures/hosting/Hosting-885869633465097817/original/789225c5-70df-485d-9493-bdac92f710e8.jpeg"", ""https://a0.muscache.com/im/pictures/hosting/Hosting-885869633465097817/original/59ea1838-4294-4f77-8658-87126a9eb9ea.jpeg"", ""https://a0.muscache.com/im/pictures/hosting/Hosting-885869633465097817/original/7c70e6a9-278f-42e5-a3c6-bd68f7c1a694.jpeg"", ""https://a0.muscache.com/im/pictures/hosting/Hosting-885869633465097817/original/b1117b4c-7cb5-44f8-b1ae-d0e50abc9c03.jpeg"", ""https://a0.muscache.com/im/pictures/hosting/Hosting-885869633465097817/original/0c1bb000-d5c1-4a77-87a0-0d886e003278.jpeg"", ""https://a0.muscache.com/im/pictures/hosting/Hosting-885869633465097817/original/af055128-b409-46e0-96fb-487ff479c6f5.jpeg"", ""https://a0.muscache.com/im/pictures/hosting/Hosting-885869633465097817/original/44b83cc0-dc15-458a-af2e-f88335d947a7.jpeg"", ""https://a0.muscache.com/im/pictures/hosting/Hosting-885869633465097817/original/5ae614e1-769d-41ab-9680-373b010f183d.jpeg"", ""https://a0.muscache.com/im/pictures/hosting/Hosting-885869633465097817/original/d8c380a7-b049-4877-bde5-60d5dfbac6c8.jpeg"", ""https://a0.muscache.com/im/pictures/hosting/Hosting-885869633465097817/original/c7433a1c-9bf9-403c-8fd0-abec7d1d995c.jpeg"", ""https://a0.muscache.com/im/pictures/hosting/Hosting-885869633465097817/original/f83c853a-2cce-422c-8321-a69970c8b970.jpeg"", ""https://a0.muscache.com/im/pictures/hosting/Hosting-885869633465097817/original/b39f55a5-53fa-478c-8e8e-1a7122063d02.jpeg"", ""https://a0.muscache.com/im/pictures/hosting/Hosting-885869633465097817/original/9d96b9df-1e0c-4220-a129-c4f8016b5d72.jpeg"", ""https://a0.muscache.com/im/pictures/hosting/Hosting-885869633465097817/original/477e664a-3842-431d-8b41-9ef7c1bda01a.jpeg"", ""https://a0.muscache.com/im/pictures/hosting/Hosting-885869633465097817/original/0ce2e596-3bf6-4cef-93ff-a65ef1b24716.png"", ""https://a0.muscache.com/im/pictures/hosting/Hosting-885869633465097817/original/988904e6-cb10-44cd-af4a-e48946402a8b.png"", ""https://a0.muscache.com/im/pictures/hosting/Hosting-885869633465097817/original/7deeaf59-48df-49d2-b2e8-1fe4d0265474.png""]",f,"[{""name"": ""Rùa"", ""avatar"": ""https://a0.muscache.com/im/pictures/user/avatar_rua.jpg""}, {""name"": ""Dang Nguyen"", ""avatar"": ""https://a0.muscache.com/im/pictures/user/avatar_dang.jpg""}, {""name"": ""Cindy"", ""avatar"": ""https://a0.muscache.com/im/pictures/user/avatar_cindy.jpg""}]","[{""name"": ""DECOR"", ""localizedName"": ""Trang trí"", ""count"": 18}, {""name"": ""INTERIOR"", ""localizedName"": ""Không gian bên trong"", ""count"": 8}, {""name"": ""CLEANLINESS"", ""localizedName"": ""Mức độ sạch sẽ"", ""count"": 5}, {""name"": ""LOCATION"", ""localizedName"": ""Địa điểm"", ""count"": 20}, {""name"": ""HOSPITALITY"", ""localizedName"": ""Hiếu khách"", ""count"": 4}]","[{""title"": ""Trải nghiệm nhận phòng xuất sắc"", ""subtitle"": ""Những khách ở gần đây đã xếp hạng 5 sao cho quy trình nhận phòng.""}, {""title"": ""Tự nhận phòng"", ""subtitle"": ""Tự nhận phòng với hộp khóa an toàn.""}]"
1706357047140239650,https://www.airbnb.com.vn/rooms/1706357047140239650,20260926000000,2026-09-26,city search,Ở Space I Saitama Room I View hồ thiên nga,"Chào mừng bạn đến với Ở Space I Saitama Room I View hồ thiên nga — một không gian lưu trú ấm cúng, sang trọng tọa lạc tại Quận Cầu Giấy, Hà Nội.
Căn phòng tràn ngập ánh sáng tự nhiên với đầy đủ tiện nghi cao cấp, giường nệm êm ái, máy lạnh, TV và wifi tốc độ cao. Rất thuận tiện di chuyển tới các điểm tham quan, nhà hàng ẩm thực và quán cà phê nổi tiếng của Hà Nội.","Khu vực Quận Cầu Giấy an ninh, văn minh, gần nhiều địa điểm ăn uống, mua sắm và giải trí sầm uất tại Hà Nội.",https://a0.muscache.com/im/pictures/hosting/Hosting-1706357047140239650/original/2d06736a-b4c3-4f2f-8efa-f135e86bfc5a.jpeg,47000194,https://www.airbnb.com.vn/users/show/47000194,Khoa,2022-09-13,"Hà Nội, Việt Nam","Xin chào, tôi là Khoa, đã có 4 năm kinh nghiệm làm host. Tôi yêu thích du lịch và luôn mong muốn đem lại trải nghiệm lưu trú thoải mái nhất cho khách.",trong vòng một giờ,100%,98%,t,https://a0.muscache.com/im/pictures/user/User-47000194/original/user_profile_4.jpeg,https://a0.muscache.com/im/pictures/user/User-47000194/original/user_profile_4.jpeg,Quận Cầu Giấy,8,9,"['email', 'phone', 'work_email']",t,t,Quận Cầu Giấy,Quận Cầu Giấy,Hà Nội,20.9518,105.87854,Toàn bộ căn hộ cho thuê,Entire home/apt,2,1.0,1 phòng tắm,1,1,"[""Chỗ đỗ xe miễn phí trong khuôn viên"", ""Bộ chăn ga gối cao cấp"", ""Lò vi sóng"", ""Máy giặt"", ""Máy sấy tóc"", ""Thang máy"", ""Bồn tắm thư giãn"", ""Wi-fi tốc độ cao"", ""Máy phát hiện khí CO"", ""Điều hòa nhiệt độ"", ""Bếp đầy đủ tiện nghi"", ""Tự nhận phòng với hộp khóa an toàn"", ""Dầu gội & Sữa tắm"", ""Bàn ủi / Bàn là"", ""Tủ lạnh"", ""Không gian riêng để làm việc"", ""TV màn hình phẳng"", ""Ban công ngắm cảnh""]","₫690,000",1,1125,1,2,1125,1125,1.0,1125.0,today,t,27,36,72,269,2026-09-26,49,38,4,2024-09-21,2026-09-20,4.85,4.91,4.84,5.0,5.0,4.71,4.93,,t,2,2,0,0,3.94,"[""https://a0.muscache.com/im/pictures/hosting/Hosting-1706357047140239650/original/2d06736a-b4c3-4f2f-8efa-f135e86bfc5a.jpeg"", ""https://a0.muscache.com/im/pictures/hosting/Hosting-1706357047140239650/original/90aac9dc-2bfe-4d6d-ba49-611dc686863f.jpeg"", ""https://a0.muscache.com/im/pictures/hosting/Hosting-1706357047140239650/original/d8372183-bff3-48f3-a9b1-df5db0441781.jpeg"", ""https://a0.muscache.com/im/pictures/hosting/Hosting-1706357047140239650/original/67ce71d6-d200-4367-91c6-7165c7526c61.jpeg"", ""https://a0.muscache.com/im/pictures/hosting/Hosting-1706357047140239650/original/c0f5d276-bab8-484b-a4b5-3f17c945ceba.jpeg"", ""https://a0.muscache.com/im/pictures/hosting/Hosting-1706357047140239650/original/cf857894-b103-4730-b02d-2764d34a12b5.jpeg"", ""https://a0.muscache.com/im/pictures/hosting/Hosting-1706357047140239650/original/de1578e7-09c2-4331-bc6d-9140cc7275eb.jpeg"", ""https://a0.muscache.com/im/pictures/hosting/Hosting-1706357047140239650/original/d1e6352c-adba-48bd-8ae4-8b4b4b5778e4.jpeg"", ""https://a0.muscache.com/im/pictures/hosting/Hosting-1706357047140239650/original/c7240c91-9b0f-49b7-90c9-2ac9124284be.jpeg"", ""https://a0.muscache.com/im/pictures/hosting/Hosting-1706357047140239650/original/8733e0d9-59f7-47d7-b382-cbbfa3ff2774.jpeg"", ""https://a0.muscache.com/im/pictures/hosting/Hosting-1706357047140239650/original/6beb1e41-634b-48a5-9069-3d52cb691e00.jpeg"", ""https://a0.muscache.com/im/pictures/hosting/Hosting-1706357047140239650/original/ec53acfe-3d64-461d-b4ef-a3328fb6f034.jpeg"", ""https://a0.muscache.com/im/pictures/hosting/Hosting-1706357047140239650/original/6e3c2aa0-2390-44e2-8adb-c76bd8520db6.jpeg"", ""https://a0.muscache.com/im/pictures/hosting/Hosting-1706357047140239650/original/cf3a2712-2637-4cc5-8e0a-79bd14614e64.jpeg"", ""https://a0.muscache.com/im/pictures/hosting/Hosting-1706357047140239650/original/193864c0-40e7-4cd8-abed-eafbf622dc19.jpeg"", ""https://a0.muscache.com/im/pictures/hosting/Hosting-1706357047140239650/original/8f14abd6-bd77-42f5-8ad6-ae71e23ec456.jpeg""]",f,"[{""name"": ""Cindy"", ""avatar"": ""https://a0.muscache.com/im/pictures/user/avatar_cindy.jpg""}]","[{""name"": ""DECOR"", ""localizedName"": ""Trang trí"", ""count"": 7}, {""name"": ""INTERIOR"", ""localizedName"": ""Không gian bên trong"", ""count"": 21}, {""name"": ""CLEANLINESS"", ""localizedName"": ""Mức độ sạch sẽ"", ""count"": 4}, {""name"": ""LOCATION"", ""localizedName"": ""Địa điểm"", ""count"": 9}, {""name"": ""HOSPITALITY"", ""localizedName"": ""Hiếu khách"", ""count"": 3}]","[{""title"": ""Trải nghiệm nhận phòng xuất sắc"", ""subtitle"": ""Những khách ở gần đây đã xếp hạng 5 sao cho quy trình nhận phòng.""}, {""title"": ""Tự nhận phòng"", ""subtitle"": ""Tự nhận phòng với hộp khóa an toàn.""}]"
1760182618782896386,https://www.airbnb.com.vn/rooms/1760182618782896386,20260926000000,2026-09-26,city search,6 phòng ngủ/Vị trí siêu đẳng/Máy chiếu/Đường tàu/Chợ đêm,"Chào mừng bạn đến với 6 phòng ngủ/Vị trí siêu đẳng/Máy chiếu/Đường tàu/Chợ đêm — một không gian lưu trú ấm cúng, sang trọng tọa lạc tại Quận Hoàn Kiếm, Hà Nội.
Căn phòng tràn ngập ánh sáng tự nhiên với đầy đủ tiện nghi cao cấp, giường nệm êm ái, máy lạnh, TV và wifi tốc độ cao. Rất thuận tiện di chuyển tới các điểm tham quan, nhà hàng ẩm thực và quán cà phê nổi tiếng của Hà Nội.","Khu vực Quận Hoàn Kiếm an ninh, văn minh, gần nhiều địa điểm ăn uống, mua sắm và giải trí sầm uất tại Hà Nội.",https://a0.muscache.com/im/pictures/hosting/Hosting-1760182618782896386/original/e50d9469-2dc9-4c75-bc3a-155dcd35fb92.jpeg,47000195,https://www.airbnb.com.vn/users/show/47000195,Hoàng,2022-12-07,"Hà Nội, Việt Nam","Xin chào, tôi là Hoàng, đã có 3 năm kinh nghiệm làm host. Tôi yêu thích du lịch và luôn mong muốn đem lại trải nghiệm lưu trú thoải mái nhất cho khách.",trong vòng một giờ,100%,98%,f,https://a0.muscache.com/im/pictures/user/User-47000195/original/user_profile_5.jpeg,https://a0.muscache.com/im/pictures/user/User-47000195/original/user_profile_5.jpeg,Quận Hoàn Kiếm,4,6,"['email', 'phone', 'work_email']",t,t,Quận Hoàn Kiếm,Quận Hoàn Kiếm,Hà Nội,21.0381,105.8454,Toàn bộ nhà,Entire home/apt,18,3.0,3 phòng tắm đầy đủ và 1 phòng vệ sinh cơ bản,6,9,"[""Ban công ngắm cảnh"", ""Không gian riêng để làm việc"", ""Máy sấy tóc"", ""Bếp đầy đủ tiện nghi"", ""Lò vi sóng"", ""TV màn hình phẳng"", ""Máy báo khói"", ""Tự nhận phòng với hộp khóa an toàn"", ""Thang máy"", ""Wi-fi tốc độ cao"", ""Máy phát hiện khí CO"", ""Bộ chăn ga gối cao cấp"", ""Chỗ đỗ xe miễn phí trong khuôn viên"", ""Bể bơi"", ""Bồn tắm thư giãn"", ""Điều hòa nhiệt độ"", ""Tủ lạnh"", ""Bàn ủi / Bàn là""]","₫5,760,000",1,1125,1,2,1125,1125,1.0,1125.0,today,t,19,40,61,246,2026-09-26,84,22,0,2023-06-14,2026-09-07,4.85,4.85,4.89,5.0,5.0,4.86,4.82,,f,2,2,0,0,1.27,"[""https://a0.muscache.com/im/pictures/hosting/Hosting-1760182618782896386/original/e50d9469-2dc9-4c75-bc3a-155dcd35fb92.jpeg"", ""https://a0.muscache.com/im/pictures/hosting/Hosting-1760182618782896386/original/dff947f0-508c-4749-94d0-23dd97d69b9f.jpeg"", ""https://a0.muscache.com/im/pictures/hosting/Hosting-1760182618782896386/original/7126ecf3-db12-4853-ae0b-33c7124a34b6.jpeg"", ""https://a0.muscache.com/im/pictures/hosting/Hosting-1760182618782896386/original/aad8c19c-cfde-4886-8b31-b0844ed97177.jpeg"", ""https://a0.muscache.com/im/pictures/hosting/Hosting-1760182618782896386/original/9e48e522-6937-44b1-bddc-2c19901a3ae3.jpeg"", ""https://a0.muscache.com/im/pictures/hosting/Hosting-1760182618782896386/original/20616316-52fc-4d18-82c1-c23349ecf7ce.jpeg"", ""https://a0.muscache.com/im/pictures/hosting/Hosting-1760182618782896386/original/7fee1bb7-d6bf-4a0d-9fbc-a3f1e19e470c.jpeg"", ""https://a0.muscache.com/im/pictures/hosting/Hosting-1760182618782896386/original/df76beb7-0898-430e-82ae-814821fd1889.jpeg"", ""https://a0.muscache.com/im/pictures/hosting/Hosting-1760182618782896386/original/333dbef0-c1f0-459b-88b1-1bb9c8757997.jpeg"", ""https://a0.muscache.com/im/pictures/hosting/Hosting-1760182618782896386/original/6ba68989-6d03-40c9-a757-2198a1f3ea20.jpeg"", ""https://a0.muscache.com/im/pictures/hosting/Hosting-1760182618782896386/original/76745f9a-ab59-4115-bd7e-d38d471006cc.jpeg"", ""https://a0.muscache.com/im/pictures/hosting/Hosting-1760182618782896386/original/7f5a87f0-f22f-4cad-977f-226f2b23fd79.jpeg"", ""https://a0.muscache.com/im/pictures/hosting/Hosting-1760182618782896386/original/9b201a99-52ec-44b3-8309-e2b93af538b8.jpeg"", ""https://a0.muscache.com/im/pictures/hosting/Hosting-1760182618782896386/original/9151c130-cadb-426e-983e-90ebf7e38a34.jpeg"", ""https://a0.muscache.com/im/pictures/hosting/Hosting-1760182618782896386/original/b2d0f585-dcfc-4599-9882-c95dc8dc0454.jpeg"", ""https://a0.muscache.com/im/pictures/hosting/Hosting-1760182618782896386/original/9238bf2d-da19-4eb2-9d98-041a982b38a2.jpeg"", ""https://a0.muscache.com/im/pictures/hosting/Hosting-1760182618782896386/original/ae1f5e44-2574-435f-a2a1-268d6eba68ea.jpeg"", ""https://a0.muscache.com/im/pictures/hosting/Hosting-1760182618782896386/original/c3d72f12-ab9e-4008-9f88-9136a5b07b05.jpeg"", ""https://a0.muscache.com/im/pictures/hosting/Hosting-1760182618782896386/original/f5eb53c6-921c-4e87-8c49-d5c76576c66f.jpeg"", ""https://a0.muscache.com/im/pictures/hosting/Hosting-1760182618782896386/original/0d4569a3-65dd-451d-b2e2-013949c32242.jpeg"", ""https://a0.muscache.com/im/pictures/hosting/Hosting-1760182618782896386/original/668954b5-cf1d-4170-9d5e-9188bea81474.jpeg"", ""https://a0.muscache.com/im/pictures/hosting/Hosting-1760182618782896386/original/78357415-3db3-4118-b7d0-ddb110bca40b.jpeg"", ""https://a0.muscache.com/im/pictures/hosting/Hosting-1760182618782896386/original/c3289bd1-f919-46b1-a935-9c1b7b8e571e.jpeg"", ""https://a0.muscache.com/im/pictures/hosting/Hosting-1760182618782896386/original/758767ec-f434-4be8-ac88-7081749eec08.jpeg"", ""https://a0.muscache.com/im/pictures/hosting/Hosting-1760182618782896386/original/4b5cb805-ad89-4b46-b0b2-ff5fffa4953f.jpeg"", ""https://a0.muscache.com/im/pictures/hosting/Hosting-1760182618782896386/original/c7f7249a-1a7c-4553-b963-9531fb21a026.jpeg"", ""https://a0.muscache.com/im/pictures/hosting/Hosting-1760182618782896386/original/972ca523-b339-48db-96b4-e619a5bfab47.jpeg"", ""https://a0.muscache.com/im/pictures/hosting/Hosting-1760182618782896386/original/ccee271a-1c52-4b7f-890f-ce1aba1ced14.jpeg"", ""https://a0.muscache.com/im/pictures/hosting/Hosting-1760182618782896386/original/a3d5a126-e582-4d51-ae38-5783602ea99b.jpeg""]",f,"[{""name"": ""Dang Nguyen"", ""avatar"": ""https://a0.muscache.com/im/pictures/user/avatar_dang.jpg""}]","[{""name"": ""DECOR"", ""localizedName"": ""Trang trí"", ""count"": 3}, {""name"": ""INTERIOR"", ""localizedName"": ""Không gian bên trong"", ""count"": 17}, {""name"": ""CLEANLINESS"", ""localizedName"": ""Mức độ sạch sẽ"", ""count"": 23}, {""name"": ""LOCATION"", ""localizedName"": ""Địa điểm"", ""count"": 18}, {""name"": ""HOSPITALITY"", ""localizedName"": ""Hiếu khách"", ""count"": 9}]","[{""title"": ""Trải nghiệm nhận phòng xuất sắc"", ""subtitle"": ""Những khách ở gần đây đã xếp hạng 5 sao cho quy trình nhận phòng.""}, {""title"": ""Tự nhận phòng"", ""subtitle"": ""Tự nhận phòng với hộp khóa an toàn.""}]"
937395048859395141,https://www.airbnb.com.vn/rooms/937395048859395141,20260926000000,2026-09-26,city search,22housing Studio 81 linh lang,"Chào mừng bạn đến với 22housing Studio 81 linh lang — một không gian lưu trú ấm cúng, sang trọng tọa lạc tại Quận Bắc Từ Liêm, Hà Nội.
Căn phòng tràn ngập ánh sáng tự nhiên với đầy đủ tiện nghi cao cấp, giường nệm êm ái, máy lạnh, TV và wifi tốc độ cao. Rất thuận tiện di chuyển tới các điểm tham quan, nhà hàng ẩm thực và quán cà phê nổi tiếng của Hà Nội.","Khu vực Quận Bắc Từ Liêm an ninh, văn minh, gần nhiều địa điểm ăn uống, mua sắm và giải trí sầm uất tại Hà Nội.",https://a0.muscache.com/im/pictures/miso/Hosting-937395048859395141/original/89f9b16e-0a01-487e-aa8e-96b3ac55a2a4.jpeg,47000196,https://www.airbnb.com.vn/users/show/47000196,Việt,2024-01-18,"Hà Nội, Việt Nam","Xin chào, tôi là Việt, đã có 2 năm kinh nghiệm làm host. Tôi yêu thích du lịch và luôn mong muốn đem lại trải nghiệm lưu trú thoải mái nhất cho khách.",trong vòng một giờ,100%,98%,f,https://a0.muscache.com/im/pictures/user/User-47000196/original/user_profile_6.jpeg,https://a0.muscache.com/im/pictures/user/User-47000196/original/user_profile_6.jpeg,Quận Bắc Từ Liêm,5,5,"['email', 'phone', 'work_email']",t,t,Quận Bắc Từ Liêm,Quận Bắc Từ Liêm,Hà Nội,21.0333,105.8109,Toàn bộ căn hộ cho thuê,Entire home/apt,2,1.0,1 phòng tắm,1,1,"[""Máy báo khói"", ""Điều hòa nhiệt độ"", ""TV màn hình phẳng"", ""Lò vi sóng"", ""Thang máy"", ""Tự nhận phòng với hộp khóa an toàn"", ""Bộ chăn ga gối cao cấp"", ""Dầu gội & Sữa tắm"", ""Bể bơi"", ""Bếp đầy đủ tiện nghi"", ""Máy sấy tóc"", ""Tủ lạnh"", ""Bàn ủi / Bàn là"", ""Bồn tắm thư giãn"", ""Máy giặt"", ""Chỗ đỗ xe miễn phí trong khuôn viên"", ""Máy phát hiện khí CO"", ""Ban công ngắm cảnh"", ""Wi-fi tốc độ cao""]","₫662,417",1,1125,1,2,1125,1125,1.0,1125.0,today,t,18,37,84,274,2026-09-26,6,2,4,2026-06-28,2026-09-22,4.67,4.97,4.99,5.0,5.0,4.87,4.79,,t,2,2,0,0,3.84,"[""https://a0.muscache.com/im/pictures/miso/Hosting-937395048859395141/original/89f9b16e-0a01-487e-aa8e-96b3ac55a2a4.jpeg"", ""https://a0.muscache.com/im/pictures/miso/Hosting-937395048859395141/original/7f151dfb-30b0-4b59-9d80-6f03bae3188a.jpeg"", ""https://a0.muscache.com/im/pictures/miso/Hosting-937395048859395141/original/7f142fbb-9745-461d-afa2-a22d9b72d93b.jpeg"", ""https://a0.muscache.com/im/pictures/miso/Hosting-937395048859395141/original/fd06496b-a962-4f97-9a5b-c2e5df501538.jpeg"", ""https://a0.muscache.com/im/pictures/miso/Hosting-937395048859395141/original/0a265e4d-1e45-49b9-a998-9b4fb37cd62a.jpeg"", ""https://a0.muscache.com/im/pictures/miso/Hosting-937395048859395141/original/79a11754-bc0f-40a2-99d5-13a1e7f7d972.jpeg"", ""https://a0.muscache.com/im/pictures/miso/Hosting-937395048859395141/original/41bdd0f9-d459-4b68-8846-e7c59b3a25f1.jpeg"", ""https://a0.muscache.com/im/pictures/miso/Hosting-937395048859395141/original/6b798c4b-c3cc-4092-9614-4b90eed8ab4f.jpeg"", ""https://a0.muscache.com/im/pictures/miso/Hosting-937395048859395141/original/12aa74e0-a034-4592-a985-3a2ca36d2c9f.jpeg"", ""https://a0.muscache.com/im/pictures/miso/Hosting-937395048859395141/original/0b4eb467-4607-418f-a9fd-26fe83802a6d.jpeg"", ""https://a0.muscache.com/im/pictures/miso/Hosting-937395048859395141/original/d847fa97-4f60-474d-8d5d-a35350512e19.jpeg"", ""https://a0.muscache.com/im/pictures/miso/Hosting-937395048859395141/original/32751173-667d-41ac-93b9-4e6b241c322c.jpeg"", ""https://a0.muscache.com/im/pictures/miso/Hosting-937395048859395141/original/73742f2d-54d8-4375-bb96-0b8522086a72.jpeg"", ""https://a0.muscache.com/im/pictures/miso/Hosting-937395048859395141/original/60bde8f5-b218-43b8-9bbc-a7d019dbf8a6.jpeg""]",f,"[{""name"": ""Long"", ""avatar"": ""https://a0.muscache.com/im/pictures/user/avatar_long.jpg""}]","[{""name"": ""DECOR"", ""localizedName"": ""Trang trí"", ""count"": 15}, {""name"": ""INTERIOR"", ""localizedName"": ""Không gian bên trong"", ""count"": 11}, {""name"": ""CLEANLINESS"", ""localizedName"": ""Mức độ sạch sẽ"", ""count"": 23}, {""name"": ""LOCATION"", ""localizedName"": ""Địa điểm"", ""count"": 3}, {""name"": ""HOSPITALITY"", ""localizedName"": ""Hiếu khách"", ""count"": 15}]","[{""title"": ""Trải nghiệm nhận phòng xuất sắc"", ""subtitle"": ""Những khách ở gần đây đã xếp hạng 5 sao cho quy trình nhận phòng.""}, {""title"": ""Tự nhận phòng"", ""subtitle"": ""Tự nhận phòng với hộp khóa an toàn.""}]"
1574426191088088512,https://www.airbnb.com.vn/rooms/1574426191088088512,20260926000000,2026-09-26,city search,Phố cổ/Nhà mới/Thang máy/Gần Phố đường tàu/Hồ Gươm,"Chào mừng bạn đến với Phố cổ/Nhà mới/Thang máy/Gần Phố đường tàu/Hồ Gươm — một không gian lưu trú ấm cúng, sang trọng tọa lạc tại Quận Thanh Xuân, Hà Nội.
Căn phòng tràn ngập ánh sáng tự nhiên với đầy đủ tiện nghi cao cấp, giường nệm êm ái, máy lạnh, TV và wifi tốc độ cao. Rất thuận tiện di chuyển tới các điểm tham quan, nhà hàng ẩm thực và quán cà phê nổi tiếng của Hà Nội.","Khu vực Quận Thanh Xuân an ninh, văn minh, gần nhiều địa điểm ăn uống, mua sắm và giải trí sầm uất tại Hà Nội.",https://a0.muscache.com/im/pictures/hosting/Hosting-1574426191088088512/original/0029ccdc-9475-4be5-ab87-98ddf0deff46.jpeg,47000197,https://www.airbnb.com.vn/users/show/47000197,Phong,2020-08-21,"Hà Nội, Việt Nam","Xin chào, tôi là Phong, đã có 6 năm kinh nghiệm làm host. Tôi yêu thích du lịch và luôn mong muốn đem lại trải nghiệm lưu trú thoải mái nhất cho khách.",trong vòng một giờ,100%,98%,f,https://a0.muscache.com/im/pictures/user/User-47000197/original/user_profile_7.jpeg,https://a0.muscache.com/im/pictures/user/User-47000197/original/user_profile_7.jpeg,Quận Thanh Xuân,3,7,"['email', 'phone', 'work_email']",t,t,Quận Thanh Xuân,Quận Thanh Xuân,Hà Nội,21.0388,105.8455,Phòng riêng trong nhà,Private room,2,1.0,1 phòng tắm,1,1,"[""Máy phát hiện khí CO"", ""Điều hòa nhiệt độ"", ""Dầu gội & Sữa tắm"", ""Tự nhận phòng với hộp khóa an toàn"", ""Thang máy"", ""Máy sấy tóc"", ""Không gian riêng để làm việc"", ""Máy báo khói"", ""Tủ lạnh"", ""TV màn hình phẳng"", ""Máy giặt"", ""Bể bơi"", ""Bàn ủi / Bàn là"", ""Wi-fi tốc độ cao"", ""Lò vi sóng"", ""Ban công ngắm cảnh"", ""Bếp đầy đủ tiện nghi"", ""Bộ chăn ga gối cao cấp"", ""Bồn tắm thư giãn""]","₫807,035",1,1125,1,2,1125,1125,1.0,1125.0,today,t,19,38,50,327,2026-09-26,26,16,5,2025-09-01,2026-09-24,4.92,4.91,4.86,5.0,5.0,4.78,4.88,,f,2,0,1,0,1.92,"[""https://a0.muscache.com/im/pictures/hosting/Hosting-1574426191088088512/original/0029ccdc-9475-4be5-ab87-98ddf0deff46.jpeg"", ""https://a0.muscache.com/im/pictures/hosting/Hosting-1574426191088088512/original/56640dce-1e93-418a-8e25-ab20c1af62da.jpeg"", ""https://a0.muscache.com/im/pictures/hosting/Hosting-1574426191088088512/original/0f7cf132-37f0-417f-9881-53148b8ca9d5.jpeg"", ""https://a0.muscache.com/im/pictures/hosting/Hosting-1574426191088088512/original/d4d86379-e0c2-4a1d-bec9-8acfb0f76943.jpeg"", ""https://a0.muscache.com/im/pictures/hosting/Hosting-1574426191088088512/original/02769edd-0250-48a2-aa2c-c8634807aebd.jpeg"", ""https://a0.muscache.com/im/pictures/hosting/Hosting-1574426191088088512/original/fe3952cb-a450-4117-a2db-d74f4dcd10d0.jpeg""]",t,"[{""name"": ""Long"", ""avatar"": ""https://a0.muscache.com/im/pictures/user/avatar_long.jpg""}, {""name"": ""Dang Nguyen"", ""avatar"": ""https://a0.muscache.com/im/pictures/user/avatar_dang.jpg""}, {""name"": ""Cindy"", ""avatar"": ""https://a0.muscache.com/im/pictures/user/avatar_cindy.jpg""}]","[{""name"": ""DECOR"", ""localizedName"": ""Trang trí"", ""count"": 13}, {""name"": ""INTERIOR"", ""localizedName"": ""Không gian bên trong"", ""count"": 21}, {""name"": ""CLEANLINESS"", ""localizedName"": ""Mức độ sạch sẽ"", ""count"": 9}, {""name"": ""LOCATION"", ""localizedName"": ""Địa điểm"", ""count"": 3}, {""name"": ""HOSPITALITY"", ""localizedName"": ""Hiếu khách"", ""count"": 11}]","[{""title"": ""Trải nghiệm nhận phòng xuất sắc"", ""subtitle"": ""Những khách ở gần đây đã xếp hạng 5 sao cho quy trình nhận phòng.""}, {""title"": ""Tự nhận phòng"", ""subtitle"": ""Tự nhận phòng với hộp khóa an toàn.""}]"
1759266528055939569,https://www.airbnb.com.vn/rooms/1759266528055939569,20260926000000,2026-09-26,city search,The General's House | Biệt thự 4 phòng ngủ với vườn yên tĩnh,"Chào mừng bạn đến với The General's House | Biệt thự 4 phòng ngủ với vườn yên tĩnh — một không gian lưu trú ấm cúng, sang trọng tọa lạc tại Quận Hoàn Kiếm, Hà Nội.
Căn phòng tràn ngập ánh sáng tự nhiên với đầy đủ tiện nghi cao cấp, giường nệm êm ái, máy lạnh, TV và wifi tốc độ cao. Rất thuận tiện di chuyển tới các điểm tham quan, nhà hàng ẩm thực và quán cà phê nổi tiếng của Hà Nội.","Khu vực Quận Hoàn Kiếm an ninh, văn minh, gần nhiều địa điểm ăn uống, mua sắm và giải trí sầm uất tại Hà Nội.",https://a0.muscache.com/im/pictures/hosting/Hosting-1759266528055939569/original/b149bbca-21c5-42b3-978e-e1e908fce568.jpeg,47000198,https://www.airbnb.com.vn/users/show/47000198,Tùng,2022-03-09,"Hà Nội, Việt Nam","Xin chào, tôi là Tùng, đã có 4 năm kinh nghiệm làm host. Tôi yêu thích du lịch và luôn mong muốn đem lại trải nghiệm lưu trú thoải mái nhất cho khách.",trong vòng một giờ,100%,98%,t,https://a0.muscache.com/im/pictures/user/User-47000198/original/user_profile_8.jpeg,https://a0.muscache.com/im/pictures/user/User-47000198/original/user_profile_8.jpeg,Quận Hoàn Kiếm,6,2,"['email', 'phone', 'work_email']",t,t,Quận Hoàn Kiếm,Quận Hoàn Kiếm,Hà Nội,21.0372,105.8455,Toàn bộ nhà,Entire home/apt,8,2.0,2 phòng tắm,2,4,"[""Wi-fi tốc độ cao"", ""Máy phát hiện khí CO"", ""Không gian riêng để làm việc"", ""Bể bơi"", ""TV màn hình phẳng"", ""Thang máy"", ""Ban công ngắm cảnh"", ""Lò vi sóng"", ""Dầu gội & Sữa tắm"", ""Máy giặt"", ""Chỗ đỗ xe miễn phí trong khuôn viên"", ""Bếp đầy đủ tiện nghi"", ""Bàn ủi / Bàn là"", ""Điều hòa nhiệt độ"", ""Máy sấy tóc"", ""Máy báo khói""]","₫6,500,000",1,1125,1,2,1125,1125,1.0,1125.0,today,t,25,37,82,326,2026-09-26,102,20,5,2023-06-14,2026-09-09,4.85,4.92,4.91,5.0,5.0,4.96,4.82,,t,2,2,0,0,3.42,"[""https://a0.muscache.com/im/pictures/hosting/Hosting-1759266528055939569/original/b149bbca-21c5-42b3-978e-e1e908fce568.jpeg"", ""https://a0.muscache.com/im/pictures/hosting/Hosting-1759266528055939569/original/57d0ed89-14a1-4a1f-8c65-7aec0855624e.jpeg"", ""https://a0.muscache.com/im/pictures/hosting/Hosting-1759266528055939569/original/3f70ef7b-8881-443a-aa40-46f3666e6487.jpeg"", ""https://a0.muscache.com/im/pictures/hosting/Hosting-1759266528055939569/original/6162c742-e235-4605-9eef-902ac33f30a4.jpeg"", ""https://a0.muscache.com/im/pictures/hosting/Hosting-1759266528055939569/original/a490efbd-55bd-475b-8751-9031082f7be9.jpeg"", ""https://a0.muscache.com/im/pictures/hosting/Hosting-1759266528055939569/original/1053a667-a0f3-45a4-bb55-2a40ac92e201.jpeg"", ""https://a0.muscache.com/im/pictures/hosting/Hosting-1759266528055939569/original/8729c404-17a7-454f-a824-b86bfaddc87c.jpeg"", ""https://a0.muscache.com/im/pictures/hosting/Hosting-1759266528055939569/original/4fa068ab-d371-43d8-bc28-d5b6c66d15d3.jpeg"", ""https://a0.muscache.com/im/pictures/hosting/Hosting-1759266528055939569/original/9f22c77a-a27d-4c1e-96bd-21a0ad24c439.jpeg"", ""https://a0.muscache.com/im/pictures/hosting/Hosting-1759266528055939569/original/002366f9-74c2-4ad8-9da5-66fc1f1ba7e2.jpeg"", ""https://a0.muscache.com/im/pictures/hosting/Hosting-1759266528055939569/original/04435021-39c4-4e5c-b1da-b3df847aa8b7.jpeg"", ""https://a0.muscache.com/im/pictures/hosting/Hosting-1759266528055939569/original/e89e2d2a-5ac6-4d57-ab1e-ebe395d8dece.jpeg"", ""https://a0.muscache.com/im/pictures/hosting/Hosting-1759266528055939569/original/7b42fdab-6539-44ff-9dee-398b99b49bd4.jpeg"", ""https://a0.muscache.com/im/pictures/hosting/Hosting-1759266528055939569/original/1b5dd931-95bc-4084-b4b8-a9acdc6515f1.jpeg"", ""https://a0.muscache.com/im/pictures/hosting/Hosting-1759266528055939569/original/b976c85f-9a5c-4d9b-bdc2-cb7ab7d50a09.jpeg"", ""https://a0.muscache.com/im/pictures/hosting/Hosting-1759266528055939569/original/8d13c5ee-7748-48c4-ae36-cfb49a028dd7.jpeg"", ""https://a0.muscache.com/im/pictures/hosting/Hosting-1759266528055939569/original/d918fc3e-a3cc-4ca3-adee-653c3fa5052f.jpeg"", ""https://a0.muscache.com/im/pictures/hosting/Hosting-1759266528055939569/original/96ba549b-2c04-4eb7-9dc3-6c0671d172c0.jpeg"", ""https://a0.muscache.com/im/pictures/hosting/Hosting-1759266528055939569/original/da0b2bd2-265a-4ec8-a24a-83424f9ac45f.jpeg"", ""https://a0.muscache.com/im/pictures/hosting/Hosting-1759266528055939569/original/982a48e9-c5ce-4fbe-82e5-6c18d37db0f7.jpeg"", ""https://a0.muscache.com/im/pictures/hosting/Hosting-1759266528055939569/original/711e0b3a-8079-4217-9f87-db5ccc22fdc7.jpeg"", ""https://a0.muscache.com/im/pictures/hosting/Hosting-1759266528055939569/original/43b60444-a584-4758-a0eb-7dc388807da2.jpeg"", ""https://a0.muscache.com/im/pictures/hosting/Hosting-1759266528055939569/original/2dfa4889-fc2b-4f2d-9c39-0cf69b74d527.jpeg"", ""https://a0.muscache.com/im/pictures/hosting/Hosting-1759266528055939569/original/edcc42de-6bf8-47f1-a1e2-a81fb5d03061.jpeg"", ""https://a0.muscache.com/im/pictures/hosting/Hosting-1759266528055939569/original/d70c2424-1c53-4684-9450-0664655be8b0.jpeg"", ""https://a0.muscache.com/im/pictures/hosting/Hosting-1759266528055939569/original/5b4c980b-c45a-46da-ab2e-4e5a81a3e6f6.jpeg"", ""https://a0.muscache.com/im/pictures/hosting/Hosting-1759266528055939569/original/2956abd7-3d99-4347-800e-7f4ca984d2b9.jpeg"", ""https://a0.muscache.com/im/pictures/hosting/Hosting-1759266528055939569/original/6409e84e-0797-486e-95a9-57aac8200536.jpeg"", ""https://a0.muscache.com/im/pictures/hosting/Hosting-1759266528055939569/original/7cd7ab6c-9888-4aa4-b68d-7145da6ca0d5.jpeg""]",f,"[{""name"": ""Cindy"", ""avatar"": ""https://a0.muscache.com/im/pictures/user/avatar_cindy.jpg""}, {""name"": ""Long"", ""avatar"": ""https://a0.muscache.com/im/pictures/user/avatar_long.jpg""}]","[{""name"": ""DECOR"", ""localizedName"": ""Trang trí"", ""count"": 11}, {""name"": ""INTERIOR"", ""localizedName"": ""Không gian bên trong"", ""count"": 19}, {""name"": ""CLEANLINESS"", ""localizedName"": ""Mức độ sạch sẽ"", ""count"": 4}, {""name"": ""LOCATION"", ""localizedName"": ""Địa điểm"", ""count"": 15}, {""name"": ""HOSPITALITY"", ""localizedName"": ""Hiếu khách"", ""count"": 9}]","[{""title"": ""Trải nghiệm nhận phòng xuất sắc"", ""subtitle"": ""Những khách ở gần đây đã xếp hạng 5 sao cho quy trình nhận phòng.""}, {""title"": ""Tự nhận phòng"", ""subtitle"": ""Tự nhận phòng với hộp khóa an toàn.""}]"
1767210507428005720,https://www.airbnb.com.vn/rooms/1767210507428005720,20260926000000,2026-09-26,city search,"Chốn nghỉ dưỡng 3 phòng ngủ, hướng sông, cho 6 người ở Hà Nội","Chào mừng bạn đến với Chốn nghỉ dưỡng 3 phòng ngủ, hướng sông, cho 6 người ở Hà Nội — một không gian lưu trú ấm cúng, sang trọng tọa lạc tại Quận Ba Đình, Hà Nội.
Căn phòng tràn ngập ánh sáng tự nhiên với đầy đủ tiện nghi cao cấp, giường nệm êm ái, máy lạnh, TV và wifi tốc độ cao. Rất thuận tiện di chuyển tới các điểm tham quan, nhà hàng ẩm thực và quán cà phê nổi tiếng của Hà Nội.","Khu vực Quận Ba Đình an ninh, văn minh, gần nhiều địa điểm ăn uống, mua sắm và giải trí sầm uất tại Hà Nội.",https://a0.muscache.com/im/pictures/hosting/Hosting-1767210507428005720/original/20b0ec28-ae1f-49f9-9aef-d6cbf45eb9a5.png,47000199,https://www.airbnb.com.vn/users/show/47000199,Quân,2024-02-23,"Hà Nội, Việt Nam","Xin chào, tôi là Quân, đã có 2 năm kinh nghiệm làm host. Tôi yêu thích du lịch và luôn mong muốn đem lại trải nghiệm lưu trú thoải mái nhất cho khách.",trong vòng một giờ,100%,98%,f,https://a0.muscache.com/im/pictures/user/User-47000199/original/user_profile_9.jpeg,https://a0.muscache.com/im/pictures/user/User-47000199/original/user_profile_9.jpeg,Quận Ba Đình,2,2,"['email', 'phone', 'work_email']",t,t,Quận Ba Đình,Quận Ba Đình,Hà Nội,21.0779,105.8757,Toàn bộ căn hộ cho thuê,Entire home/apt,8,2.0,2 phòng tắm,3,4,"[""Bộ chăn ga gối cao cấp"", ""Máy giặt"", ""Tủ lạnh"", ""Bếp đầy đủ tiện nghi"", ""Bồn tắm thư giãn"", ""Dầu gội & Sữa tắm"", ""Bể bơi"", ""Máy phát hiện khí CO"", ""Thang máy"", ""Điều hòa nhiệt độ"", ""TV màn hình phẳng"", ""Lò vi sóng"", ""Wi-fi tốc độ cao"", ""Ban công ngắm cảnh"", ""Máy sấy tóc"", ""Máy báo khói"", ""Không gian riêng để làm việc"", ""Tự nhận phòng với hộp khóa an toàn"", ""Bàn ủi / Bàn là"", ""Chỗ đỗ xe miễn phí trong khuôn viên""]","₫2,133,000",1,1125,1,2,1125,1125,1.0,1125.0,today,t,12,56,64,287,2026-09-26,163,40,0,2023-06-14,2026-09-09,4.85,4.8,4.84,5.0,5.0,4.79,4.73,,f,2,2,0,0,1.45,"[""https://a0.muscache.com/im/pictures/hosting/Hosting-1767210507428005720/original/20b0ec28-ae1f-49f9-9aef-d6cbf45eb9a5.png"", ""https://a0.muscache.com/im/pictures/hosting/Hosting-1767210507428005720/original/7b2889ad-d0b6-4eb6-829b-06ea9201c197.png"", ""https://a0.muscache.com/im/pictures/hosting/Hosting-1767210507428005720/original/3104e973-c9b0-4418-a09a-9f53ffdc3441.png"", ""https://a0.muscache.com/im/pictures/hosting/Hosting-1767210507428005720/original/15f6ed9a-1e1a-4053-8729-174a4e6d6d30.png"", ""https://a0.muscache.com/im/pictures/hosting/Hosting-1767210507428005720/original/00f5d2a9-1d54-4ba5-b957-45765c2d2930.png"", ""https://a0.muscache.com/im/pictures/hosting/Hosting-1767210507428005720/original/47d7b24f-1fe8-41df-8719-3784451e9635.png"", ""https://a0.muscache.com/im/pictures/hosting/Hosting-1767210507428005720/original/ee043fec-970b-4362-9792-46660cf46f6f.png"", ""https://a0.muscache.com/im/pictures/hosting/Hosting-1767210507428005720/original/b69b0eb5-61df-4d11-8a25-cac7c6ac669a.png"", ""https://a0.muscache.com/im/pictures/hosting/Hosting-1767210507428005720/original/d453cb3c-62b9-4974-b861-ce97f3334d01.png"", ""https://a0.muscache.com/im/pictures/hosting/Hosting-1767210507428005720/original/c04ab34d-a4da-4f5a-88df-3682e246ad78.png"", ""https://a0.muscache.com/im/pictures/hosting/Hosting-1767210507428005720/original/547d7239-2973-4e06-92b9-a9d1af7f1184.png"", ""https://a0.muscache.com/im/pictures/hosting/Hosting-1767210507428005720/original/7936c0ee-d56e-4071-bade-79b5147b9236.png"", ""https://a0.muscache.com/im/pictures/hosting/Hosting-1767210507428005720/original/1ac8cae4-b733-4e2e-b20d-b66f3daba15a.png"", ""https://a0.muscache.com/im/pictures/hosting/Hosting-1767210507428005720/original/e11c8c01-dd22-48fd-b11f-cddca4cd41d6.png"", ""https://a0.muscache.com/im/pictures/hosting/Hosting-1767210507428005720/original/3151e777-915e-408c-8b05-5f252f779ace.png"", ""https://a0.muscache.com/im/pictures/hosting/Hosting-1767210507428005720/original/6aa9a296-be6a-40f9-ac1c-6296a7b54f7f.png"", ""https://a0.muscache.com/im/pictures/hosting/Hosting-1767210507428005720/original/69476829-5a26-4bb3-94f5-9aa908a31e4a.png"", ""https://a0.muscache.com/im/pictures/hosting/Hosting-1767210507428005720/original/d17ae5b7-6434-4400-bc57-c1b6a31cdf6c.png"", ""https://a0.muscache.com/im/pictures/hosting/Hosting-1767210507428005720/original/7162d206-aa11-439f-8807-3438564383e0.png"", ""https://a0.muscache.com/im/pictures/hosting/Hosting-1767210507428005720/original/975d858d-45fd-41fb-bb3e-b4a4aded8709.png"", ""https://a0.muscache.com/im/pictures/hosting/Hosting-1767210507428005720/original/a02afd5f-2fca-4ccb-9f70-b899bc0b3ff8.png"", ""https://a0.muscache.com/im/pictures/hosting/Hosting-1767210507428005720/original/9b7d0174-8ebd-464c-933d-db69cae079ba.png"", ""https://a0.muscache.com/im/pictures/hosting/Hosting-1767210507428005720/original/11df7813-c518-4063-8cbb-a3c496980609.png"", ""https://a0.muscache.com/im/pictures/hosting/Hosting-1767210507428005720/original/bf99015e-4573-45f5-9808-d446b2a40e28.png"", ""https://a0.muscache.com/im/pictures/hosting/Hosting-1767210507428005720/original/bf0c8723-0f3b-4548-915f-827d21289e2a.png"", ""https://a0.muscache.com/im/pictures/hosting/Hosting-1767210507428005720/original/15d80cb8-9337-42ea-a004-3a56fecaf5e9.png"", ""https://a0.muscache.com/im/pictures/hosting/Hosting-1767210507428005720/original/7d5fe873-4052-44b5-8a0b-ba91ef8e9da6.png"", ""https://a0.muscache.com/im/pictures/hosting/Hosting-1767210507428005720/original/c99ea6d9-2673-4d6b-ac8e-b6b8c3ca6937.png""]",f,"[{""name"": ""Cindy"", ""avatar"": ""https://a0.muscache.com/im/pictures/user/avatar_cindy.jpg""}, {""name"": ""Dang Nguyen"", ""avatar"": ""https://a0.muscache.com/im/pictures/user/avatar_dang.jpg""}]","[{""name"": ""DECOR"", ""localizedName"": ""Trang trí"", ""count"": 13}, {""name"": ""INTERIOR"", ""localizedName"": ""Không gian bên trong"", ""count"": 7}, {""name"": ""CLEANLINESS"", ""localizedName"": ""Mức độ sạch sẽ"", ""count"": 3}, {""name"": ""LOCATION"", ""localizedName"": ""Địa điểm"", ""count"": 5}, {""name"": ""HOSPITALITY"", ""localizedName"": ""Hiếu khách"", ""count"": 7}]","[{""title"": ""Trải nghiệm nhận phòng xuất sắc"", ""subtitle"": ""Những khách ở gần đây đã xếp hạng 5 sao cho quy trình nhận phòng.""}, {""title"": ""Tự nhận phòng"", ""subtitle"": ""Tự nhận phòng với hộp khóa an toàn.""}]"
1745542626862482009,https://www.airbnb.com.vn/rooms/1745542626862482009,20260926000000,2026-09-26,city search,Happy Home H3 Masterise Waterfront thư giãn thư giãn,"Chào mừng bạn đến với Happy Home H3 Masterise Waterfront thư giãn thư giãn — một không gian lưu trú ấm cúng, sang trọng tọa lạc tại Quận Tây Hồ, Hà Nội.
Căn phòng tràn ngập ánh sáng tự nhiên với đầy đủ tiện nghi cao cấp, giường nệm êm ái, máy lạnh, TV và wifi tốc độ cao. Rất thuận tiện di chuyển tới các điểm tham quan, nhà hàng ẩm thực và quán cà phê nổi tiếng của Hà Nội.","Khu vực Quận Tây Hồ an ninh, văn minh, gần nhiều địa điểm ăn uống, mua sắm và giải trí sầm uất tại Hà Nội.",https://a0.muscache.com/im/pictures/hosting/Hosting-1745542626862482009/original/c4098da5-88b2-48dd-a9af-2384717adcc8.jpeg,47000200,https://www.airbnb.com.vn/users/show/47000200,Felix,2021-06-23,"Hà Nội, Việt Nam","Xin chào, tôi là Felix, đã có 5 năm kinh nghiệm làm host. Tôi yêu thích du lịch và luôn mong muốn đem lại trải nghiệm lưu trú thoải mái nhất cho khách.",trong vòng một giờ,100%,98%,t,https://a0.muscache.com/im/pictures/user/User-47000200/original/user_profile_0.jpeg,https://a0.muscache.com/im/pictures/user/User-47000200/original/user_profile_0.jpeg,Quận Tây Hồ,2,10,"['email', 'phone', 'work_email']",t,t,Quận Tây Hồ,Quận Tây Hồ,Hà Nội,20.9948,105.83773,Toàn bộ căn hộ cho thuê,Entire home/apt,2,1.0,1 phòng tắm,1,1,"[""Máy giặt"", ""Điều hòa nhiệt độ"", ""Máy phát hiện khí CO"", ""Bếp đầy đủ tiện nghi"", ""Chỗ đỗ xe miễn phí trong khuôn viên"", ""Lò vi sóng"", ""Không gian riêng để làm việc"", ""Ban công ngắm cảnh"", ""Wi-fi tốc độ cao"", ""Bộ chăn ga gối cao cấp"", ""Bể bơi"", ""Bàn ủi / Bàn là"", ""TV màn hình phẳng"", ""Bồn tắm thư giãn"", ""Dầu gội & Sữa tắm"", ""Máy sấy tóc"", ""Máy báo khói"", ""Tủ lạnh""]","₫588,528",1,1125,1,2,1125,1125,1.0,1125.0,today,t,27,38,61,274,2026-09-26,160,12,0,2023-06-14,2026-09-01,4.85,4.97,4.83,5.0,5.0,4.8,4.76,,t,2,2,0,0,1.59,"[""https://a0.muscache.com/im/pictures/hosting/Hosting-1745542626862482009/original/c4098da5-88b2-48dd-a9af-2384717adcc8.jpeg"", ""https://a0.muscache.com/im/pictures/hosting/Hosting-1745542626862482009/original/0fb770b6-da0e-4b1b-a2a4-78fabb90abf5.jpeg"", ""https://a0.muscache.com/im/pictures/hosting/Hosting-1745542626862482009/original/b4f2c8f6-725f-4a53-897a-d2f6ada82320.jpeg"", ""https://a0.muscache.com/im/pictures/hosting/Hosting-1745542626862482009/original/9811bd5f-d7e8-4788-9bea-9e73d73f883d.jpeg"", ""https://a0.muscache.com/im/pictures/hosting/Hosting-1745542626862482009/original/bf388299-4b54-45d4-a3ce-8d926cc4abbb.jpeg"", ""https://a0.muscache.com/im/pictures/hosting/Hosting-1745542626862482009/original/9e330707-87f7-4130-8443-63eff71ae55d.jpeg"", ""https://a0.muscache.com/im/pictures/hosting/Hosting-1745542626862482009/original/c8f7cda3-72f8-4fe5-8a1a-fbf021253708.jpeg"", ""https://a0.muscache.com/im/pictures/hosting/Hosting-1745542626862482009/original/18c2b5f7-b66e-4eb4-9913-9da233ab0b00.jpeg"", ""https://a0.muscache.com/im/pictures/hosting/Hosting-1745542626862482009/original/2f241291-dd82-4406-adac-9ab649e57ef4.jpeg"", ""https://a0.muscache.com/im/pictures/hosting/Hosting-1745542626862482009/original/b7d06b7d-c1a6-429e-bf19-e93bbd7a3a22.jpeg"", ""https://a0.muscache.com/im/pictures/hosting/Hosting-1745542626862482009/original/8b12ee54-ae68-4e6c-ae80-c3c3bc6723cc.jpeg"", ""https://a0.muscache.com/im/pictures/hosting/Hosting-1745542626862482009/original/97b5bbc9-f8b9-4259-bb8c-0cb9aeb335bb.jpeg"", ""https://a0.muscache.com/im/pictures/hosting/Hosting-1745542626862482009/original/b07b1fe0-94b7-4b72-980e-5915d8247cd3.jpeg""]",f,"[{""name"": ""Dang Nguyen"", ""avatar"": ""https://a0.muscache.com/im/pictures/user/avatar_dang.jpg""}]","[{""name"": ""DECOR"", ""localizedName"": ""Trang trí"", ""count"": 8}, {""name"": ""INTERIOR"", ""localizedName"": ""Không gian bên trong"", ""count"": 15}, {""name"": ""CLEANLINESS"", ""localizedName"": ""Mức độ sạch sẽ"", ""count"": 13}, {""name"": ""LOCATION"", ""localizedName"": ""Địa điểm"", ""count"": 9}, {""name"": ""HOSPITALITY"", ""localizedName"": ""Hiếu khách"", ""count"": 7}]","[{""title"": ""Trải nghiệm nhận phòng xuất sắc"", ""subtitle"": ""Những khách ở gần đây đã xếp hạng 5 sao cho quy trình nhận phòng.""}, {""title"": ""Tự nhận phòng"", ""subtitle"": ""Tự nhận phòng với hộp khóa an toàn.""}]"
