listing_id,id,date,reviewer_id,reviewer_name,reviewer_tenure,rating,comments
1771660239678140584,10001,2026-09-04,695358,Lan Hương,5 năm hoạt động trên Airbnb,5,"View đẹp mê ly, căn hộ sáng sủa nhiều ánh sáng tự nhiên. 10/10 điểm cho chất lượng phục vụ!"
1771660239678140584,10002,2026-09-17,704473,Béo,1 năm hoạt động trên Airbnb,5,"Chủ nhà thân thiện và hiếu khách, chắc chắn sẽ quay lại khi có dịp ghé thăm thành phố."
1771660239678140584,10003,2026-08-04,716420,Như Hoa,4 năm hoạt động trên Airbnb,5,"Phòng đẹp, xinh. Rất mới. Bày trí rất có gu, chủ nhà nhiệt tình hỗ trợ check-in sớm."
1771660239678140584,10004,2026-07-10,852208,Phương Thảo,Mới tham gia Airbnb,5,"Phòng siêu đẹp y chang trên ảnh, bày trí rất có gu. Phòng mới và sạch sẽ, đầy đủ tiện nghi."
1771660239678140584,10005,2026-09-06,211231,Hoang Phuc,4 năm hoạt động trên Airbnb,5,"Ấm cúng, trang thiết bị hiện đại, giường nệm êm ái ngủ rất ngon."
1771660239678140584,10006,2026-08-04,873583,Thảo,3 năm hoạt động trên Airbnb,5,"Rất sạch đẹp, vị trí trung tâm đi đâu cũng tiện, hồ bơi và ban công ngắm hoàng hôn rất chill."
1771660239678140584,10007,2026-08-13,513882,Chimmiii,Mới tham gia Airbnb,5,"Phòng xinhh, sạch sẽ và thoáng đãng lắm ạ."
1760010029508205927,10008,2026-08-01,661687,Như Hoa,4 năm hoạt động trên Airbnb,5,"Phòng đẹp, xinh. Rất mới. Bày trí rất có gu, chủ nhà nhiệt tình hỗ trợ check-in sớm."
1760010029508205927,10009,2026-09-02,767941,Béo,1 năm hoạt động trên Airbnb,5,"Chủ nhà thân thiện và hiếu khách, chắc chắn sẽ quay lại khi có dịp ghé thăm thành phố."
1760010029508205927,10010,2026-08-16,291215,Quốc Anh,2 năm hoạt động trên Airbnb,5,"Trải nghiệm tuyệt vời! Tự nhận phòng với mã khóa cực kỳ tiện lợi, an ninh tốt."
1760010029508205927,10011,2026-07-22,587592,Chimmiii,Mới tham gia Airbnb,5,"Phòng xinhh, sạch sẽ và thoáng đãng lắm ạ."
1760010029508205927,10012,2026-07-01,542074,Phương Thảo,Mới tham gia Airbnb,5,"Phòng siêu đẹp y chang trên ảnh, bày trí rất có gu. Phòng mới và sạch sẽ, đầy đủ tiện nghi."
1439543072648924276,10013,2026-09-04,977377,Hoang Phuc,4 năm hoạt động trên Airbnb,5,"Ấm cúng, trang thiết bị hiện đại, giường nệm êm ái ngủ rất ngon."
1439543072648924276,10014,2026-07-08,352638,Như Hoa,4 năm hoạt động trên Airbnb,5,"Phòng đẹp, xinh. Rất mới. Bày trí rất có gu, chủ nhà nhiệt tình hỗ trợ check-in sớm."
1439543072648924276,10015,2026-06-30,630895,Lan Hương,5 năm hoạt động trên Airbnb,5,"View đẹp mê ly, căn hộ sáng sủa nhiều ánh sáng tự nhiên. 10/10 điểm cho chất lượng phục vụ!"
1439543072648924276,10016,2026-08-26,828417,Thảo,3 năm hoạt động trên Airbnb,5,"Rất sạch đẹp, vị trí trung tâm đi đâu cũng tiện, hồ bơi và ban công ngắm hoàng hôn rất chill."
1439543072648924276,10017,2026-07-28,496768,Béo,1 năm hoạt động trên Airbnb,5,"Chủ nhà thân thiện và hiếu khách, chắc chắn sẽ quay lại khi có dịp ghé thăm thành phố."
1439543072648924276,10018,2026-08-03,211006,Chimmiii,Mới tham gia Airbnb,5,"Phòng xinhh, sạch sẽ và thoáng đãng lắm ạ."
1439543072648924276,10019,2026-09-07,322164,Phương Thảo,Mới tham gia Airbnb,5,"Phòng siêu đẹp y chang trên ảnh, bày trí rất có gu. Phòng mới và sạch sẽ, đầy đủ tiện nghi."
1763724293244875121,10020,2026-08-21,299285,Quốc Anh,2 năm hoạt động trên Airbnb,5,"Trải nghiệm tuyệt vời! Tự nhận phòng với mã khóa cực kỳ tiện lợi, an ninh tốt."
1763724293244875121,10021,2026-08-02,712199,Lan Hương,5 năm hoạt động trên Airbnb,5,"View đẹp mê ly, căn hộ sáng sủa nhiều ánh sáng tự nhiên. 10/10 điểm cho chất lượng phục vụ!"
1763724293244875121,10022,2026-07-28,375781,Chimmiii,Mới tham gia Airbnb,5,"Phòng xinhh, sạch sẽ và thoáng đãng lắm ạ."
1763724293244875121,10023,2026-07-10,930958,Béo,1 năm hoạt động trên Airbnb,5,"Chủ nhà thân thiện và hiếu khách, chắc chắn sẽ quay lại khi có dịp ghé thăm thành phố."
1763724293244875121,10024,2026-07-31,361760,Thảo,3 năm hoạt động trên Airbnb,5,"Rất sạch đẹp, vị trí trung tâm đi đâu cũng tiện, hồ bơi và ban công ngắm hoàng hôn rất chill."
1763724293244875121,10025,2026-07-19,732244,Như Hoa,4 năm hoạt động trên Airbnb,5,"Phòng đẹp, xinh. Rất mới. Bày trí rất có gu, chủ nhà nhiệt tình hỗ trợ check-in sớm."
1763724293244875121,10026,2026-08-05,366709,Phương Thảo,Mới tham gia Airbnb,5,"Phòng siêu đẹp y chang trên ảnh, bày trí rất có gu. Phòng mới và sạch sẽ, đầy đủ tiện nghi."
1683901014307736995,10027,2026-07-31,214079,Phương Thảo,Mới tham gia Airbnb,5,"Phòng siêu đẹp y chang trên ảnh, bày trí rất có gu. Phòng mới và sạch sẽ, đầy đủ tiện nghi."
1683901014307736995,10028,2026-07-15,959597,Hoang Phuc,4 năm hoạt động trên Airbnb,5,"Ấm cúng, trang thiết bị hiện đại, giường nệm êm ái ngủ rất ngon."
1683901014307736995,10029,2026-07-01,637699,Béo,1 năm hoạt động trên Airbnb,5,"Chủ nhà thân thiện và hiếu khách, chắc chắn sẽ quay lại khi có dịp ghé thăm thành phố."
1683901014307736995,10030,2026-07-17,815636,Chimmiii,Mới tham gia Airbnb,5,"Phòng xinhh, sạch sẽ và thoáng đãng lắm ạ."
1683901014307736995,10031,2026-08-19,497150,Quốc Anh,2 năm hoạt động trên Airbnb,5,"Trải nghiệm tuyệt vời! Tự nhận phòng với mã khóa cực kỳ tiện lợi, an ninh tốt."
1683901014307736995,10032,2026-08-30,348886,Như Hoa,4 năm hoạt động trên Airbnb,5,"Phòng đẹp, xinh. Rất mới. Bày trí rất có gu, chủ nhà nhiệt tình hỗ trợ check-in sớm."
1683901014307736995,10033,2026-07-28,992297,Lan Hương,5 năm hoạt động trên Airbnb,5,"View đẹp mê ly, căn hộ sáng sủa nhiều ánh sáng tự nhiên. 10/10 điểm cho chất lượng phục vụ!"
1683901014307736995,10034,2026-08-21,236492,Thảo,3 năm hoạt động trên Airbnb,5,"Rất sạch đẹp, vị trí trung tâm đi đâu cũng tiện, hồ bơi và ban công ngắm hoàng hôn rất chill."
1751275425329946440,10035,2026-09-13,811593,Quốc Anh,2 năm hoạt động trên Airbnb,5,"Trải nghiệm tuyệt vời! Tự nhận phòng với mã khóa cực kỳ tiện lợi, an ninh tốt."
1751275425329946440,10036,2026-08-17,338392,Thảo,3 năm hoạt động trên Airbnb,5,"Rất sạch đẹp, vị trí trung tâm đi đâu cũng tiện, hồ bơi và ban công ngắm hoàng hôn rất chill."
1751275425329946440,10037,2026-09-14,776507,Chimmiii,Mới tham gia Airbnb,5,"Phòng xinhh, sạch sẽ và thoáng đãng lắm ạ."
1751275425329946440,10038,2026-09-06,370604,Béo,1 năm hoạt động trên Airbnb,5,"Chủ nhà thân thiện và hiếu khách, chắc chắn sẽ quay lại khi có dịp ghé thăm thành phố."
1713914293888125016,10039,2026-07-22,590076,Lan Hương,5 năm hoạt động trên Airbnb,5,"View đẹp mê ly, căn hộ sáng sủa nhiều ánh sáng tự nhiên. 10/10 điểm cho chất lượng phục vụ!"
1713914293888125016,10040,2026-09-08,985507,Quốc Anh,2 năm hoạt động trên Airbnb,5,"Trải nghiệm tuyệt vời! Tự nhận phòng với mã khóa cực kỳ tiện lợi, an ninh tốt."
1713914293888125016,10041,2026-08-20,794779,Hoang Phuc,4 năm hoạt động trên Airbnb,5,"Ấm cúng, trang thiết bị hiện đại, giường nệm êm ái ngủ rất ngon."
1713914293888125016,10042,2026-08-30,268151,Thảo,3 năm hoạt động trên Airbnb,5,"Rất sạch đẹp, vị trí trung tâm đi đâu cũng tiện, hồ bơi và ban công ngắm hoàng hôn rất chill."
1713914293888125016,10043,2026-08-03,997190,Chimmiii,Mới tham gia Airbnb,5,"Phòng xinhh, sạch sẽ và thoáng đãng lắm ạ."
1713914293888125016,10044,2026-07-10,659458,Béo,1 năm hoạt động trên Airbnb,5,"Chủ nhà thân thiện và hiếu khách, chắc chắn sẽ quay lại khi có dịp ghé thăm thành phố."
1713914293888125016,10045,2026-09-10,851903,Phương Thảo,Mới tham gia Airbnb,5,"Phòng siêu đẹp y chang trên ảnh, bày trí rất có gu. Phòng mới và sạch sẽ, đầy đủ tiện nghi."
1713914293888125016,10046,2026-08-28,790240,Như Hoa,4 năm hoạt động trên Airbnb,5,"Phòng đẹp, xinh. Rất mới. Bày trí rất có gu, chủ nhà nhiệt tình hỗ trợ check-in sớm."
1764904275921726873,10047,2026-07-26,315357,Như Hoa,4 năm hoạt động trên Airbnb,5,"Phòng đẹp, xinh. Rất mới. Bày trí rất có gu, chủ nhà nhiệt tình hỗ trợ check-in sớm."
1764904275921726873,10048,2026-07-16,994636,Thảo,3 năm hoạt động trên Airbnb,5,"Rất sạch đẹp, vị trí trung tâm đi đâu cũng tiện, hồ bơi và ban công ngắm hoàng hôn rất chill."
1764904275921726873,10049,2026-07-05,834058,Lan Hương,5 năm hoạt động trên Airbnb,5,"View đẹp mê ly, căn hộ sáng sủa nhiều ánh sáng tự nhiên. 10/10 điểm cho chất lượng phục vụ!"
1764904275921726873,10050,2026-09-08,758398,Hoang Phuc,4 năm hoạt động trên Airbnb,5,"Ấm cúng, trang thiết bị hiện đại, giường nệm êm ái ngủ rất ngon."
1773992454127521283,10051,2026-07-30,270098,Như Hoa,4 năm hoạt động trên Airbnb,5,"Phòng đẹp, xinh. Rất mới. Bày trí rất có gu, chủ nhà nhiệt tình hỗ trợ check-in sớm."
1773992454127521283,10052,2026-08-05,372402,Thảo,3 năm hoạt động trên Airbnb,5,"Rất sạch đẹp, vị trí trung tâm đi đâu cũng tiện, hồ bơi và ban công ngắm hoàng hôn rất chill."
1773992454127521283,10053,2026-09-13,268519,Lan Hương,5 năm hoạt động trên Airbnb,5,"View đẹp mê ly, căn hộ sáng sủa nhiều ánh sáng tự nhiên. 10/10 điểm cho chất lượng phục vụ!"
1773992454127521283,10054,2026-09-18,237020,Chimmiii,Mới tham gia Airbnb,5,"Phòng xinhh, sạch sẽ và thoáng đãng lắm ạ."
1773992454127521283,10055,2026-07-06,816726,Hoang Phuc,4 năm hoạt động trên Airbnb,5,"Ấm cúng, trang thiết bị hiện đại, giường nệm êm ái ngủ rất ngon."
1773992454127521283,10056,2026-08-14,423208,Béo,1 năm hoạt động trên Airbnb,5,"Chủ nhà thân thiện và hiếu khách, chắc chắn sẽ quay lại khi có dịp ghé thăm thành phố."
1550506543035003588,10057,2026-09-21,304176,Phương Thảo,Mới tham gia Airbnb,5,"Phòng siêu đẹp y chang trên ảnh, bày trí rất có gu. Phòng mới và sạch sẽ, đầy đủ tiện nghi."
1550506543035003588,10058,2026-07-07,928290,Chimmiii,Mới tham gia Airbnb,5,"Phòng xinhh, sạch sẽ và thoáng đãng lắm ạ."
1550506543035003588,10059,2026-08-05,589122,Quốc Anh,2 năm hoạt động trên Airbnb,5,"Trải nghiệm tuyệt vời! Tự nhận phòng với mã khóa cực kỳ tiện lợi, an ninh tốt."
1550506543035003588,10060,2026-07-28,547624,Thảo,3 năm hoạt động trên Airbnb,5,"Rất sạch đẹp, vị trí trung tâm đi đâu cũng tiện, hồ bơi và ban công ngắm hoàng hôn rất chill."
1550506543035003588,10061,2026-07-02,775792,Hoang Phuc,4 năm hoạt động trên Airbnb,5,"Ấm cúng, trang thiết bị hiện đại, giường nệm êm ái ngủ rất ngon."
1365960221067230910,10062,2026-09-04,415420,Như Hoa,4 năm hoạt động trên Airbnb,5,"Phòng đẹp, xinh. Rất mới. Bày trí rất có gu, chủ nhà nhiệt tình hỗ trợ check-in sớm."
1365960221067230910,10063,2026-07-12,573090,Thảo,3 năm hoạt động trên Airbnb,5,"Rất sạch đẹp, vị trí trung tâm đi đâu cũng tiện, hồ bơi và ban công ngắm hoàng hôn rất chill."
1365960221067230910,10064,2026-08-03,498088,Phương Thảo,Mới tham gia Airbnb,5,"Phòng siêu đẹp y chang trên ảnh, bày trí rất có gu. Phòng mới và sạch sẽ, đầy đủ tiện nghi."
1365960221067230910,10065,2026-08-18,781250,Quốc Anh,2 năm hoạt động trên Airbnb,5,"Trải nghiệm tuyệt vời! Tự nhận phòng với mã khóa cực kỳ tiện lợi, an ninh tốt."
1365960221067230910,10066,2026-09-16,730793,Béo,1 năm hoạt động trên Airbnb,5,"Chủ nhà thân thiện và hiếu khách, chắc chắn sẽ quay lại khi có dịp ghé thăm thành phố."
1365960221067230910,10067,2026-07-06,811525,Hoang Phuc,4 năm hoạt động trên Airbnb,5,"Ấm cúng, trang thiết bị hiện đại, giường nệm êm ái ngủ rất ngon."
1365960221067230910,10068,2026-08-27,556381,Lan Hương,5 năm hoạt động trên Airbnb,5,"View đẹp mê ly, căn hộ sáng sủa nhiều ánh sáng tự nhiên. 10/10 điểm cho chất lượng phục vụ!"
1365960221067230910,10069,2026-07-10,736155,Chimmiii,Mới tham gia Airbnb,5,"Phòng xinhh, sạch sẽ và thoáng đãng lắm ạ."
1749115366991764511,10070,2026-09-06,840728,Thảo,3 năm hoạt động trên Airbnb,5,"Rất sạch đẹp, vị trí trung tâm đi đâu cũng tiện, hồ bơi và ban công ngắm hoàng hôn rất chill."
1749115366991764511,10071,2026-07-26,578815,Quốc Anh,2 năm hoạt động trên Airbnb,5,"Trải nghiệm tuyệt vời! Tự nhận phòng với mã khóa cực kỳ tiện lợi, an ninh tốt."
1749115366991764511,10072,2026-07-16,705748,Béo,1 năm hoạt động trên Airbnb,5,"Chủ nhà thân thiện và hiếu khách, chắc chắn sẽ quay lại khi có dịp ghé thăm thành phố."
1749115366991764511,10073,2026-08-23,301625,Hoang Phuc,4 năm hoạt động trên Airbnb,5,"Ấm cúng, trang thiết bị hiện đại, giường nệm êm ái ngủ rất ngon."
1749115366991764511,10074,2026-08-23,522385,Lan Hương,5 năm hoạt động trên Airbnb,5,"View đẹp mê ly, căn hộ sáng sủa nhiều ánh sáng tự nhiên. 10/10 điểm cho chất lượng phục vụ!"
1749115366991764511,10075,2026-09-05,661483,Chimmiii,Mới tham gia Airbnb,5,"Phòng xinhh, sạch sẽ và thoáng đãng lắm ạ."
1752023618895985275,10076,2026-07-28,882925,Chimmiii,Mới tham gia Airbnb,5,"Phòng xinhh, sạch sẽ và thoáng đãng lắm ạ."
1752023618895985275,10077,2026-07-09,304988,Béo,1 năm hoạt động trên Airbnb,5,"Chủ nhà thân thiện và hiếu khách, chắc chắn sẽ quay lại khi có dịp ghé thăm thành phố."
1752023618895985275,10078,2026-07-13,541042,Thảo,3 năm hoạt động trên Airbnb,5,"Rất sạch đẹp, vị trí trung tâm đi đâu cũng tiện, hồ bơi và ban công ngắm hoàng hôn rất chill."
1752023618895985275,10079,2026-08-10,593215,Lan Hương,5 năm hoạt động trên Airbnb,5,"View đẹp mê ly, căn hộ sáng sủa nhiều ánh sáng tự nhiên. 10/10 điểm cho chất lượng phục vụ!"
1752023618895985275,10080,2026-08-30,272356,Hoang Phuc,4 năm hoạt động trên Airbnb,5,"Ấm cúng, trang thiết bị hiện đại, giường nệm êm ái ngủ rất ngon."
1752023618895985275,10081,2026-08-17,336533,Quốc Anh,2 năm hoạt động trên Airbnb,5,"Trải nghiệm tuyệt vời! Tự nhận phòng với mã khóa cực kỳ tiện lợi, an ninh tốt."
1752023618895985275,10082,2026-07-13,942894,Phương Thảo,Mới tham gia Airbnb,5,"Phòng siêu đẹp y chang trên ảnh, bày trí rất có gu. Phòng mới và sạch sẽ, đầy đủ tiện nghi."
1752023618895985275,10083,2026-08-13,830187,Như Hoa,4 năm hoạt động trên Airbnb,5,"Phòng đẹp, xinh. Rất mới. Bày trí rất có gu, chủ nhà nhiệt tình hỗ trợ check-in sớm."
1498932095587808248,10084,2026-07-28,329565,Hoang Phuc,4 năm hoạt động trên Airbnb,5,"Ấm cúng, trang thiết bị hiện đại, giường nệm êm ái ngủ rất ngon."
1498932095587808248,10085,2026-08-15,994190,Phương Thảo,Mới tham gia Airbnb,5,"Phòng siêu đẹp y chang trên ảnh, bày trí rất có gu. Phòng mới và sạch sẽ, đầy đủ tiện nghi."
1498932095587808248,10086,2026-08-11,672554,Quốc Anh,2 năm hoạt động trên Airbnb,5,"Trải nghiệm tuyệt vời! Tự nhận phòng với mã khóa cực kỳ tiện lợi, an ninh tốt."
1498932095587808248,10087,2026-07-27,648946,Chimmiii,Mới tham gia Airbnb,5,"Phòng xinhh, sạch sẽ và thoáng đãng lắm ạ."
1498932095587808248,10088,2026-09-11,590029,Lan Hương,5 năm hoạt động trên Airbnb,5,"View đẹp mê ly, căn hộ sáng sủa nhiều ánh sáng tự nhiên. 10/10 điểm cho chất lượng phục vụ!"
1779113431638784734,10089,2026-08-30,723268,Quốc Anh,2 năm hoạt động trên Airbnb,5,"Trải nghiệm tuyệt vời! Tự nhận phòng với mã khóa cực kỳ tiện lợi, an ninh tốt."
1779113431638784734,10090,2026-07-21,547943,Thảo,3 năm hoạt động trên Airbnb,5,"Rất sạch đẹp, vị trí trung tâm đi đâu cũng tiện, hồ bơi và ban công ngắm hoàng hôn rất chill."
1779113431638784734,10091,2026-09-09,964462,Như Hoa,4 năm hoạt động trên Airbnb,5,"Phòng đẹp, xinh. Rất mới. Bày trí rất có gu, chủ nhà nhiệt tình hỗ trợ check-in sớm."
1779113431638784734,10092,2026-08-23,652233,Chimmiii,Mới tham gia Airbnb,5,"Phòng xinhh, sạch sẽ và thoáng đãng lắm ạ."
1779113431638784734,10093,2026-08-27,450964,Hoang Phuc,4 năm hoạt động trên Airbnb,5,"Ấm cúng, trang thiết bị hiện đại, giường nệm êm ái ngủ rất ngon."
1779113431638784734,10094,2026-07-09,991206,Lan Hương,5 năm hoạt động trên Airbnb,5,"View đẹp mê ly, căn hộ sáng sủa nhiều ánh sáng tự nhiên. 10/10 điểm cho chất lượng phục vụ!"
1779113431638784734,10095,2026-09-18,309602,Phương Thảo,Mới tham gia Airbnb,5,"Phòng siêu đẹp y chang trên ảnh, bày trí rất có gu. Phòng mới và sạch sẽ, đầy đủ tiện nghi."
1779113431638784734,10096,2026-07-14,617641,Béo,1 năm hoạt động trên Airbnb,5,"Chủ nhà thân thiện và hiếu khách, chắc chắn sẽ quay lại khi có dịp ghé thăm thành phố."
1529816831587405155,10097,2026-06-28,308398,Hoang Phuc,4 năm hoạt động trên Airbnb,5,"Ấm cúng, trang thiết bị hiện đại, giường nệm êm ái ngủ rất ngon."
1529816831587405155,10098,2026-09-11,202232,Thảo,3 năm hoạt động trên Airbnb,5,"Rất sạch đẹp, vị trí trung tâm đi đâu cũng tiện, hồ bơi và ban công ngắm hoàng hôn rất chill."
1529816831587405155,10099,2026-08-07,837464,Quốc Anh,2 năm hoạt động trên Airbnb,5,"Trải nghiệm tuyệt vời! Tự nhận phòng với mã khóa cực kỳ tiện lợi, an ninh tốt."
1529816831587405155,10100,2026-07-30,962543,Phương Thảo,Mới tham gia Airbnb,5,"Phòng siêu đẹp y chang trên ảnh, bày trí rất có gu. Phòng mới và sạch sẽ, đầy đủ tiện nghi."
1529816831587405155,10101,2026-07-23,829920,Béo,1 năm hoạt động trên Airbnb,5,"Chủ nhà thân thiện và hiếu khách, chắc chắn sẽ quay lại khi có dịp ghé thăm thành phố."
1529816831587405155,10102,2026-09-08,816002,Lan Hương,5 năm hoạt động trên Airbnb,5,"View đẹp mê ly, căn hộ sáng sủa nhiều ánh sáng tự nhiên. 10/10 điểm cho chất lượng phục vụ!"
1529816831587405155,10103,2026-08-04,957822,Như Hoa,4 năm hoạt động trên Airbnb,5,"Phòng đẹp, xinh. Rất mới. Bày trí rất có gu, chủ nhà nhiệt tình hỗ trợ check-in sớm."
1759981772793424606,10104,2026-09-02,685075,Lan Hương,5 năm hoạt động trên Airbnb,5,"View đẹp mê ly, căn hộ sáng sủa nhiều ánh sáng tự nhiên. 10/10 điểm cho chất lượng phục vụ!"
1759981772793424606,10105,2026-09-19,356441,Hoang Phuc,4 năm hoạt động trên Airbnb,5,"Ấm cúng, trang thiết bị hiện đại, giường nệm êm ái ngủ rất ngon."
1759981772793424606,10106,2026-07-27,720353,Béo,1 năm hoạt động trên Airbnb,5,"Chủ nhà thân thiện và hiếu khách, chắc chắn sẽ quay lại khi có dịp ghé thăm thành phố."
1759981772793424606,10107,2026-09-21,277525,Thảo,3 năm hoạt động trên Airbnb,5,"Rất sạch đẹp, vị trí trung tâm đi đâu cũng tiện, hồ bơi và ban công ngắm hoàng hôn rất chill."
1765922721621068670,10108,2026-07-31,976202,Chimmiii,Mới tham gia Airbnb,5,"Phòng xinhh, sạch sẽ và thoáng đãng lắm ạ."
1765922721621068670,10109,2026-07-18,374129,Như Hoa,4 năm hoạt động trên Airbnb,5,"Phòng đẹp, xinh. Rất mới. Bày trí rất có gu, chủ nhà nhiệt tình hỗ trợ check-in sớm."
1765922721621068670,10110,2026-07-28,436565,Phương Thảo,Mới tham gia Airbnb,5,"Phòng siêu đẹp y chang trên ảnh, bày trí rất có gu. Phòng mới và sạch sẽ, đầy đủ tiện nghi."
1765922721621068670,10111,2026-07-11,501649,Hoang Phuc,4 năm hoạt động trên Airbnb,5,"Ấm cúng, trang thiết bị hiện đại, giường nệm êm ái ngủ rất ngon."
1765922721621068670,10112,2026-07-12,751717,Lan Hương,5 năm hoạt động trên Airbnb,5,"View đẹp mê ly, căn hộ sáng sủa nhiều ánh sáng tự nhiên. 10/10 điểm cho chất lượng phục vụ!"
1765922721621068670,10113,2026-09-11,674114,Quốc Anh,2 năm hoạt động trên Airbnb,5,"Trải nghiệm tuyệt vời! Tự nhận phòng với mã khóa cực kỳ tiện lợi, an ninh tốt."
1658752634181823991,10114,2026-07-25,493292,Như Hoa,4 năm hoạt động trên Airbnb,5,"Phòng đẹp, xinh. Rất mới. Bày trí rất có gu, chủ nhà nhiệt tình hỗ trợ check-in sớm."
1658752634181823991,10115,2026-09-05,275482,Chimmiii,Mới tham gia Airbnb,5,"Phòng xinhh, sạch sẽ và thoáng đãng lắm ạ."
1658752634181823991,10116,2026-07-20,648790,Quốc Anh,2 năm hoạt động trên Airbnb,5,"Trải nghiệm tuyệt vời! Tự nhận phòng với mã khóa cực kỳ tiện lợi, an ninh tốt."
1658752634181823991,10117,2026-08-18,353308,Lan Hương,5 năm hoạt động trên Airbnb,5,"View đẹp mê ly, căn hộ sáng sủa nhiều ánh sáng tự nhiên. 10/10 điểm cho chất lượng phục vụ!"
1658752634181823991,10118,2026-09-14,635201,Béo,1 năm hoạt động trên Airbnb,5,"Chủ nhà thân thiện và hiếu khách, chắc chắn sẽ quay lại khi có dịp ghé thăm thành phố."
1364572999826823040,10119,2026-08-12,226298,Như Hoa,4 năm hoạt động trên Airbnb,5,"Phòng đẹp, xinh. Rất mới. Bày trí rất có gu, chủ nhà nhiệt tình hỗ trợ check-in sớm."
1364572999826823040,10120,2026-08-22,462599,Quốc Anh,2 năm hoạt động trên Airbnb,5,"Trải nghiệm tuyệt vời! Tự nhận phòng với mã khóa cực kỳ tiện lợi, an ninh tốt."
1364572999826823040,10121,2026-09-02,275846,Thảo,3 năm hoạt động trên Airbnb,5,"Rất sạch đẹp, vị trí trung tâm đi đâu cũng tiện, hồ bơi và ban công ngắm hoàng hôn rất chill."
1364572999826823040,10122,2026-08-14,765479,Béo,1 năm hoạt động trên Airbnb,5,"Chủ nhà thân thiện và hiếu khách, chắc chắn sẽ quay lại khi có dịp ghé thăm thành phố."
1364572999826823040,10123,2026-08-14,788258,Hoang Phuc,4 năm hoạt động trên Airbnb,5,"Ấm cúng, trang thiết bị hiện đại, giường nệm êm ái ngủ rất ngon."
1739046853344665297,10124,2026-08-06,240629,Hoang Phuc,4 năm hoạt động trên Airbnb,5,"Ấm cúng, trang thiết bị hiện đại, giường nệm êm ái ngủ rất ngon."
1739046853344665297,10125,2026-07-02,330870,Thảo,3 năm hoạt động trên Airbnb,5,"Rất sạch đẹp, vị trí trung tâm đi đâu cũng tiện, hồ bơi và ban công ngắm hoàng hôn rất chill."
1739046853344665297,10126,2026-08-05,597052,Như Hoa,4 năm hoạt động trên Airbnb,5,"Phòng đẹp, xinh. Rất mới. Bày trí rất có gu, chủ nhà nhiệt tình hỗ trợ check-in sớm."
1739046853344665297,10127,2026-08-14,267963,Béo,1 năm hoạt động trên Airbnb,5,"Chủ nhà thân thiện và hiếu khách, chắc chắn sẽ quay lại khi có dịp ghé thăm thành phố."
1739046853344665297,10128,2026-08-28,554653,Lan Hương,5 năm hoạt động trên Airbnb,5,"View đẹp mê ly, căn hộ sáng sủa nhiều ánh sáng tự nhiên. 10/10 điểm cho chất lượng phục vụ!"
1739046853344665297,10129,2026-08-25,607811,Chimmiii,Mới tham gia Airbnb,5,"Phòng xinhh, sạch sẽ và thoáng đãng lắm ạ."
1439527472149490352,10130,2026-08-24,610635,Béo,1 năm hoạt động trên Airbnb,5,"Chủ nhà thân thiện và hiếu khách, chắc chắn sẽ quay lại khi có dịp ghé thăm thành phố."
1439527472149490352,10131,2026-07-24,840216,Quốc Anh,2 năm hoạt động trên Airbnb,5,"Trải nghiệm tuyệt vời! Tự nhận phòng với mã khóa cực kỳ tiện lợi, an ninh tốt."
1439527472149490352,10132,2026-08-04,257607,Lan Hương,5 năm hoạt động trên Airbnb,5,"View đẹp mê ly, căn hộ sáng sủa nhiều ánh sáng tự nhiên. 10/10 điểm cho chất lượng phục vụ!"
1439527472149490352,10133,2026-08-14,716335,Hoang Phuc,4 năm hoạt động trên Airbnb,5,"Ấm cúng, trang thiết bị hiện đại, giường nệm êm ái ngủ rất ngon."
1439527472149490352,10134,2026-09-19,250006,Như Hoa,4 năm hoạt động trên Airbnb,5,"Phòng đẹp, xinh. Rất mới. Bày trí rất có gu, chủ nhà nhiệt tình hỗ trợ check-in sớm."
1439527472149490352,10135,2026-07-31,472900,Thảo,3 năm hoạt động trên Airbnb,5,"Rất sạch đẹp, vị trí trung tâm đi đâu cũng tiện, hồ bơi và ban công ngắm hoàng hôn rất chill."
1439527472149490352,10136,2026-07-05,966085,Chimmiii,Mới tham gia Airbnb,5,"Phòng xinhh, sạch sẽ và thoáng đãng lắm ạ."
1526542343369632086,10137,2026-09-22,455236,Phương Thảo,Mới tham gia Airbnb,5,"Phòng siêu đẹp y chang trên ảnh, bày trí rất có gu. Phòng mới và sạch sẽ, đầy đủ tiện nghi."
1526542343369632086,10138,2026-07-16,652888,Quốc Anh,2 năm hoạt động trên Airbnb,5,"Trải nghiệm tuyệt vời! Tự nhận phòng với mã khóa cực kỳ tiện lợi, an ninh tốt."
1526542343369632086,10139,2026-07-17,210689,Như Hoa,4 năm hoạt động trên Airbnb,5,"Phòng đẹp, xinh. Rất mới. Bày trí rất có gu, chủ nhà nhiệt tình hỗ trợ check-in sớm."
1526542343369632086,10140,2026-07-11,984955,Thảo,3 năm hoạt động trên Airbnb,5,"Rất sạch đẹp, vị trí trung tâm đi đâu cũng tiện, hồ bơi và ban công ngắm hoàng hôn rất chill."
1526542343369632086,10141,2026-07-01,710494,Lan Hương,5 năm hoạt động trên Airbnb,5,"View đẹp mê ly, căn hộ sáng sủa nhiều ánh sáng tự nhiên. 10/10 điểm cho chất lượng phục vụ!"
1526542343369632086,10142,2026-08-21,348251,Béo,1 năm hoạt động trên Airbnb,5,"Chủ nhà thân thiện và hiếu khách, chắc chắn sẽ quay lại khi có dịp ghé thăm thành phố."
1759995879707313217,10143,2026-07-01,693151,Như Hoa,4 năm hoạt động trên Airbnb,5,"Phòng đẹp, xinh. Rất mới. Bày trí rất có gu, chủ nhà nhiệt tình hỗ trợ check-in sớm."
1759995879707313217,10144,2026-07-12,326119,Chimmiii,Mới tham gia Airbnb,5,"Phòng xinhh, sạch sẽ và thoáng đãng lắm ạ."
1759995879707313217,10145,2026-08-26,634969,Phương Thảo,Mới tham gia Airbnb,5,"Phòng siêu đẹp y chang trên ảnh, bày trí rất có gu. Phòng mới và sạch sẽ, đầy đủ tiện nghi."
1759995879707313217,10146,2026-07-12,218329,Thảo,3 năm hoạt động trên Airbnb,5,"Rất sạch đẹp, vị trí trung tâm đi đâu cũng tiện, hồ bơi và ban công ngắm hoàng hôn rất chill."
1759995879707313217,10147,2026-09-08,673848,Quốc Anh,2 năm hoạt động trên Airbnb,5,"Trải nghiệm tuyệt vời! Tự nhận phòng với mã khóa cực kỳ tiện lợi, an ninh tốt."
1759995879707313217,10148,2026-08-24,941231,Lan Hương,5 năm hoạt động trên Airbnb,5,"View đẹp mê ly, căn hộ sáng sủa nhiều ánh sáng tự nhiên. 10/10 điểm cho chất lượng phục vụ!"
1759995879707313217,10149,2026-06-30,538591,Béo,1 năm hoạt động trên Airbnb,5,"Chủ nhà thân thiện và hiếu khách, chắc chắn sẽ quay lại khi có dịp ghé thăm thành phố."
1759995879707313217,10150,2026-09-18,665178,Hoang Phuc,4 năm hoạt động trên Airbnb,5,"Ấm cúng, trang thiết bị hiện đại, giường nệm êm ái ngủ rất ngon."
1736172089300728226,10151,2026-09-19,714466,Như Hoa,4 năm hoạt động trên Airbnb,5,"Phòng đẹp, xinh. Rất mới. Bày trí rất có gu, chủ nhà nhiệt tình hỗ trợ check-in sớm."
1736172089300728226,10152,2026-08-20,324441,Thảo,3 năm hoạt động trên Airbnb,5,"Rất sạch đẹp, vị trí trung tâm đi đâu cũng tiện, hồ bơi và ban công ngắm hoàng hôn rất chill."
1736172089300728226,10153,2026-07-31,840605,Hoang Phuc,4 năm hoạt động trên Airbnb,5,"Ấm cúng, trang thiết bị hiện đại, giường nệm êm ái ngủ rất ngon."
1736172089300728226,10154,2026-09-03,373988,Lan Hương,5 năm hoạt động trên Airbnb,5,"View đẹp mê ly, căn hộ sáng sủa nhiều ánh sáng tự nhiên. 10/10 điểm cho chất lượng phục vụ!"
1751232216137599974,10155,2026-08-16,307474,Thảo,3 năm hoạt động trên Airbnb,5,"Rất sạch đẹp, vị trí trung tâm đi đâu cũng tiện, hồ bơi và ban công ngắm hoàng hôn rất chill."
1751232216137599974,10156,2026-08-21,986924,Béo,1 năm hoạt động trên Airbnb,5,"Chủ nhà thân thiện và hiếu khách, chắc chắn sẽ quay lại khi có dịp ghé thăm thành phố."
1751232216137599974,10157,2026-09-21,958371,Chimmiii,Mới tham gia Airbnb,5,"Phòng xinhh, sạch sẽ và thoáng đãng lắm ạ."
1751232216137599974,10158,2026-07-04,991878,Phương Thảo,Mới tham gia Airbnb,5,"Phòng siêu đẹp y chang trên ảnh, bày trí rất có gu. Phòng mới và sạch sẽ, đầy đủ tiện nghi."
1777449033968690301,10159,2026-09-07,445547,Quốc Anh,2 năm hoạt động trên Airbnb,5,"Trải nghiệm tuyệt vời! Tự nhận phòng với mã khóa cực kỳ tiện lợi, an ninh tốt."
1777449033968690301,10160,2026-08-19,445670,Chimmiii,Mới tham gia Airbnb,5,"Phòng xinhh, sạch sẽ và thoáng đãng lắm ạ."
1777449033968690301,10161,2026-07-11,624445,Lan Hương,5 năm hoạt động trên Airbnb,5,"View đẹp mê ly, căn hộ sáng sủa nhiều ánh sáng tự nhiên. 10/10 điểm cho chất lượng phục vụ!"
1777449033968690301,10162,2026-07-22,575401,Phương Thảo,Mới tham gia Airbnb,5,"Phòng siêu đẹp y chang trên ảnh, bày trí rất có gu. Phòng mới và sạch sẽ, đầy đủ tiện nghi."
1777449033968690301,10163,2026-08-26,731620,Hoang Phuc,4 năm hoạt động trên Airbnb,5,"Ấm cúng, trang thiết bị hiện đại, giường nệm êm ái ngủ rất ngon."
1777449033968690301,10164,2026-08-28,931616,Thảo,3 năm hoạt động trên Airbnb,5,"Rất sạch đẹp, vị trí trung tâm đi đâu cũng tiện, hồ bơi và ban công ngắm hoàng hôn rất chill."
1695758140663442489,10165,2026-08-29,842996,Như Hoa,4 năm hoạt động trên Airbnb,5,"Phòng đẹp, xinh. Rất mới. Bày trí rất có gu, chủ nhà nhiệt tình hỗ trợ check-in sớm."
1695758140663442489,10166,2026-07-28,374804,Béo,1 năm hoạt động trên Airbnb,5,"Chủ nhà thân thiện và hiếu khách, chắc chắn sẽ quay lại khi có dịp ghé thăm thành phố."
1695758140663442489,10167,2026-07-05,937480,Lan Hương,5 năm hoạt động trên Airbnb,5,"View đẹp mê ly, căn hộ sáng sủa nhiều ánh sáng tự nhiên. 10/10 điểm cho chất lượng phục vụ!"
1695758140663442489,10168,2026-07-06,965667,Hoang Phuc,4 năm hoạt động trên Airbnb,5,"Ấm cúng, trang thiết bị hiện đại, giường nệm êm ái ngủ rất ngon."
1695758140663442489,10169,2026-07-13,878129,Phương Thảo,Mới tham gia Airbnb,5,"Phòng siêu đẹp y chang trên ảnh, bày trí rất có gu. Phòng mới và sạch sẽ, đầy đủ tiện nghi."
1695758140663442489,10170,2026-08-27,519700,Thảo,3 năm hoạt động trên Airbnb,5,"Rất sạch đẹp, vị trí trung tâm đi đâu cũng tiện, hồ bơi và ban công ngắm hoàng hôn rất chill."
1755704523360395088,10171,2026-08-23,770967,Hoang Phuc,4 năm hoạt động trên Airbnb,5,"Ấm cúng, trang thiết bị hiện đại, giường nệm êm ái ngủ rất ngon."
1755704523360395088,10172,2026-08-02,951732,Lan Hương,5 năm hoạt động trên Airbnb,5,"View đẹp mê ly, căn hộ sáng sủa nhiều ánh sáng tự nhiên. 10/10 điểm cho chất lượng phục vụ!"
1755704523360395088,10173,2026-08-24,959885,Béo,1 năm hoạt động trên Airbnb,5,"Chủ nhà thân thiện và hiếu khách, chắc chắn sẽ quay lại khi có dịp ghé thăm thành phố."
1755704523360395088,10174,2026-07-23,989586,Phương Thảo,Mới tham gia Airbnb,5,"Phòng siêu đẹp y chang trên ảnh, bày trí rất có gu. Phòng mới và sạch sẽ, đầy đủ tiện nghi."
1755704523360395088,10175,2026-07-21,748313,Quốc Anh,2 năm hoạt động trên Airbnb,5,"Trải nghiệm tuyệt vời! Tự nhận phòng với mã khóa cực kỳ tiện lợi, an ninh tốt."
1755704523360395088,10176,2026-07-20,624881,Chimmiii,Mới tham gia Airbnb,5,"Phòng xinhh, sạch sẽ và thoáng đãng lắm ạ."
1755704523360395088,10177,2026-07-11,333412,Như Hoa,4 năm hoạt động trên Airbnb,5,"Phòng đẹp, xinh. Rất mới. Bày trí rất có gu, chủ nhà nhiệt tình hỗ trợ check-in sớm."
1776920295927710439,10178,2026-08-29,678555,Béo,1 năm hoạt động trên Airbnb,5,"Chủ nhà thân thiện và hiếu khách, chắc chắn sẽ quay lại khi có dịp ghé thăm thành phố."
1776920295927710439,10179,2026-09-17,555129,Quốc Anh,2 năm hoạt động trên Airbnb,5,"Trải nghiệm tuyệt vời! Tự nhận phòng với mã khóa cực kỳ tiện lợi, an ninh tốt."
1776920295927710439,10180,2026-07-18,749630,Thảo,3 năm hoạt động trên Airbnb,5,"Rất sạch đẹp, vị trí trung tâm đi đâu cũng tiện, hồ bơi và ban công ngắm hoàng hôn rất chill."
1776920295927710439,10181,2026-08-03,559322,Chimmiii,Mới tham gia Airbnb,5,"Phòng xinhh, sạch sẽ và thoáng đãng lắm ạ."
1776920295927710439,10182,2026-08-02,326894,Hoang Phuc,4 năm hoạt động trên Airbnb,5,"Ấm cúng, trang thiết bị hiện đại, giường nệm êm ái ngủ rất ngon."
1392421428736587134,10183,2026-08-10,947037,Lan Hương,5 năm hoạt động trên Airbnb,5,"View đẹp mê ly, căn hộ sáng sủa nhiều ánh sáng tự nhiên. 10/10 điểm cho chất lượng phục vụ!"
1392421428736587134,10184,2026-09-03,554212,Béo,1 năm hoạt động trên Airbnb,5,"Chủ nhà thân thiện và hiếu khách, chắc chắn sẽ quay lại khi có dịp ghé thăm thành phố."
1392421428736587134,10185,2026-08-17,367235,Thảo,3 năm hoạt động trên Airbnb,5,"Rất sạch đẹp, vị trí trung tâm đi đâu cũng tiện, hồ bơi và ban công ngắm hoàng hôn rất chill."
1392421428736587134,10186,2026-07-05,581537,Hoang Phuc,4 năm hoạt động trên Airbnb,5,"Ấm cúng, trang thiết bị hiện đại, giường nệm êm ái ngủ rất ngon."
1392421428736587134,10187,2026-07-21,319547,Như Hoa,4 năm hoạt động trên Airbnb,5,"Phòng đẹp, xinh. Rất mới. Bày trí rất có gu, chủ nhà nhiệt tình hỗ trợ check-in sớm."
1392421428736587134,10188,2026-08-31,223148,Chimmiii,Mới tham gia Airbnb,5,"Phòng xinhh, sạch sẽ và thoáng đãng lắm ạ."
1392421428736587134,10189,2026-08-18,338368,Quốc Anh,2 năm hoạt động trên Airbnb,5,"Trải nghiệm tuyệt vời! Tự nhận phòng với mã khóa cực kỳ tiện lợi, an ninh tốt."
1747713958457555099,10190,2026-07-21,487687,Chimmiii,Mới tham gia Airbnb,5,"Phòng xinhh, sạch sẽ và thoáng đãng lắm ạ."
1747713958457555099,10191,2026-08-02,689119,Hoang Phuc,4 năm hoạt động trên Airbnb,5,"Ấm cúng, trang thiết bị hiện đại, giường nệm êm ái ngủ rất ngon."
1747713958457555099,10192,2026-08-21,770320,Quốc Anh,2 năm hoạt động trên Airbnb,5,"Trải nghiệm tuyệt vời! Tự nhận phòng với mã khóa cực kỳ tiện lợi, an ninh tốt."
1747713958457555099,10193,2026-08-14,644280,Lan Hương,5 năm hoạt động trên Airbnb,5,"View đẹp mê ly, căn hộ sáng sủa nhiều ánh sáng tự nhiên. 10/10 điểm cho chất lượng phục vụ!"
1747713958457555099,10194,2026-08-15,380053,Phương Thảo,Mới tham gia Airbnb,5,"Phòng siêu đẹp y chang trên ảnh, bày trí rất có gu. Phòng mới và sạch sẽ, đầy đủ tiện nghi."
1742701486369859404,10195,2026-07-28,592593,Hoang Phuc,4 năm hoạt động trên Airbnb,5,"Ấm cúng, trang thiết bị hiện đại, giường nệm êm ái ngủ rất ngon."
1742701486369859404,10196,2026-07-17,555185,Chimmiii,Mới tham gia Airbnb,5,"Phòng xinhh, sạch sẽ và thoáng đãng lắm ạ."
1742701486369859404,10197,2026-09-07,359255,Lan Hương,5 năm hoạt động trên Airbnb,5,"View đẹp mê ly, căn hộ sáng sủa nhiều ánh sáng tự nhiên. 10/10 điểm cho chất lượng phục vụ!"
1742701486369859404,10198,2026-07-31,702904,Béo,1 năm hoạt động trên Airbnb,5,"Chủ nhà thân thiện và hiếu khách, chắc chắn sẽ quay lại khi có dịp ghé thăm thành phố."
1742701486369859404,10199,2026-07-23,922518,Phương Thảo,Mới tham gia Airbnb,5,"Phòng siêu đẹp y chang trên ảnh, bày trí rất có gu. Phòng mới và sạch sẽ, đầy đủ tiện nghi."
1742701486369859404,10200,2026-08-22,522548,Thảo,3 năm hoạt động trên Airbnb,5,"Rất sạch đẹp, vị trí trung tâm đi đâu cũng tiện, hồ bơi và ban công ngắm hoàng hôn rất chill."
1577955513307192456,10201,2026-07-27,882592,Béo,1 năm hoạt động trên Airbnb,5,"Chủ nhà thân thiện và hiếu khách, chắc chắn sẽ quay lại khi có dịp ghé thăm thành phố."
1577955513307192456,10202,2026-09-15,242456,Thảo,3 năm hoạt động trên Airbnb,5,"Rất sạch đẹp, vị trí trung tâm đi đâu cũng tiện, hồ bơi và ban công ngắm hoàng hôn rất chill."
1577955513307192456,10203,2026-08-30,867467,Lan Hương,5 năm hoạt động trên Airbnb,5,"View đẹp mê ly, căn hộ sáng sủa nhiều ánh sáng tự nhiên. 10/10 điểm cho chất lượng phục vụ!"
1577955513307192456,10204,2026-07-27,307052,Phương Thảo,Mới tham gia Airbnb,5,"Phòng siêu đẹp y chang trên ảnh, bày trí rất có gu. Phòng mới và sạch sẽ, đầy đủ tiện nghi."
1577955513307192456,10205,2026-07-13,921493,Hoang Phuc,4 năm hoạt động trên Airbnb,5,"Ấm cúng, trang thiết bị hiện đại, giường nệm êm ái ngủ rất ngon."
1577955513307192456,10206,2026-08-22,336840,Chimmiii,Mới tham gia Airbnb,5,"Phòng xinhh, sạch sẽ và thoáng đãng lắm ạ."
1755623040642911646,10207,2026-09-18,754426,Quốc Anh,2 năm hoạt động trên Airbnb,5,"Trải nghiệm tuyệt vời! Tự nhận phòng với mã khóa cực kỳ tiện lợi, an ninh tốt."
1755623040642911646,10208,2026-07-24,553503,Thảo,3 năm hoạt động trên Airbnb,5,"Rất sạch đẹp, vị trí trung tâm đi đâu cũng tiện, hồ bơi và ban công ngắm hoàng hôn rất chill."
1755623040642911646,10209,2026-09-04,396132,Béo,1 năm hoạt động trên Airbnb,5,"Chủ nhà thân thiện và hiếu khách, chắc chắn sẽ quay lại khi có dịp ghé thăm thành phố."
1755623040642911646,10210,2026-07-25,785292,Lan Hương,5 năm hoạt động trên Airbnb,5,"View đẹp mê ly, căn hộ sáng sủa nhiều ánh sáng tự nhiên. 10/10 điểm cho chất lượng phục vụ!"
1755623040642911646,10211,2026-09-17,272510,Như Hoa,4 năm hoạt động trên Airbnb,5,"Phòng đẹp, xinh. Rất mới. Bày trí rất có gu, chủ nhà nhiệt tình hỗ trợ check-in sớm."
1755623040642911646,10212,2026-09-10,657806,Hoang Phuc,4 năm hoạt động trên Airbnb,5,"Ấm cúng, trang thiết bị hiện đại, giường nệm êm ái ngủ rất ngon."
1498926011003202723,10213,2026-07-05,724107,Như Hoa,4 năm hoạt động trên Airbnb,5,"Phòng đẹp, xinh. Rất mới. Bày trí rất có gu, chủ nhà nhiệt tình hỗ trợ check-in sớm."
1498926011003202723,10214,2026-08-21,315752,Thảo,3 năm hoạt động trên Airbnb,5,"Rất sạch đẹp, vị trí trung tâm đi đâu cũng tiện, hồ bơi và ban công ngắm hoàng hôn rất chill."
1498926011003202723,10215,2026-09-03,657173,Hoang Phuc,4 năm hoạt động trên Airbnb,5,"Ấm cúng, trang thiết bị hiện đại, giường nệm êm ái ngủ rất ngon."
1498926011003202723,10216,2026-09-10,541610,Chimmiii,Mới tham gia Airbnb,5,"Phòng xinhh, sạch sẽ và thoáng đãng lắm ạ."
1498926011003202723,10217,2026-08-27,820982,Béo,1 năm hoạt động trên Airbnb,5,"Chủ nhà thân thiện và hiếu khách, chắc chắn sẽ quay lại khi có dịp ghé thăm thành phố."
1498926011003202723,10218,2026-09-12,709957,Quốc Anh,2 năm hoạt động trên Airbnb,5,"Trải nghiệm tuyệt vời! Tự nhận phòng với mã khóa cực kỳ tiện lợi, an ninh tốt."
1498926011003202723,10219,2026-07-21,270615,Phương Thảo,Mới tham gia Airbnb,5,"Phòng siêu đẹp y chang trên ảnh, bày trí rất có gu. Phòng mới và sạch sẽ, đầy đủ tiện nghi."
1364610261914594405,10220,2026-07-16,766804,Hoang Phuc,4 năm hoạt động trên Airbnb,5,"Ấm cúng, trang thiết bị hiện đại, giường nệm êm ái ngủ rất ngon."
1364610261914594405,10221,2026-07-06,862457,Thảo,3 năm hoạt động trên Airbnb,5,"Rất sạch đẹp, vị trí trung tâm đi đâu cũng tiện, hồ bơi và ban công ngắm hoàng hôn rất chill."
1364610261914594405,10222,2026-08-17,354189,Lan Hương,5 năm hoạt động trên Airbnb,5,"View đẹp mê ly, căn hộ sáng sủa nhiều ánh sáng tự nhiên. 10/10 điểm cho chất lượng phục vụ!"
1364610261914594405,10223,2026-08-21,354165,Béo,1 năm hoạt động trên Airbnb,5,"Chủ nhà thân thiện và hiếu khách, chắc chắn sẽ quay lại khi có dịp ghé thăm thành phố."
1673324535945693319,10224,2026-09-10,336674,Thảo,3 năm hoạt động trên Airbnb,5,"Rất sạch đẹp, vị trí trung tâm đi đâu cũng tiện, hồ bơi và ban công ngắm hoàng hôn rất chill."
1673324535945693319,10225,2026-07-21,660360,Phương Thảo,Mới tham gia Airbnb,5,"Phòng siêu đẹp y chang trên ảnh, bày trí rất có gu. Phòng mới và sạch sẽ, đầy đủ tiện nghi."
1673324535945693319,10226,2026-08-08,689172,Lan Hương,5 năm hoạt động trên Airbnb,5,"View đẹp mê ly, căn hộ sáng sủa nhiều ánh sáng tự nhiên. 10/10 điểm cho chất lượng phục vụ!"
1673324535945693319,10227,2026-08-12,664635,Quốc Anh,2 năm hoạt động trên Airbnb,5,"Trải nghiệm tuyệt vời! Tự nhận phòng với mã khóa cực kỳ tiện lợi, an ninh tốt."
1756251767956757849,10228,2026-08-01,304853,Béo,1 năm hoạt động trên Airbnb,5,"Chủ nhà thân thiện và hiếu khách, chắc chắn sẽ quay lại khi có dịp ghé thăm thành phố."
1756251767956757849,10229,2026-09-19,700102,Thảo,3 năm hoạt động trên Airbnb,5,"Rất sạch đẹp, vị trí trung tâm đi đâu cũng tiện, hồ bơi và ban công ngắm hoàng hôn rất chill."
1756251767956757849,10230,2026-08-29,966718,Phương Thảo,Mới tham gia Airbnb,5,"Phòng siêu đẹp y chang trên ảnh, bày trí rất có gu. Phòng mới và sạch sẽ, đầy đủ tiện nghi."
1756251767956757849,10231,2026-09-09,624522,Lan Hương,5 năm hoạt động trên Airbnb,5,"View đẹp mê ly, căn hộ sáng sủa nhiều ánh sáng tự nhiên. 10/10 điểm cho chất lượng phục vụ!"
1726809675421499652,10232,2026-07-28,992159,Béo,1 năm hoạt động trên Airbnb,5,"Chủ nhà thân thiện và hiếu khách, chắc chắn sẽ quay lại khi có dịp ghé thăm thành phố."
1726809675421499652,10233,2026-09-04,697774,Chimmiii,Mới tham gia Airbnb,5,"Phòng xinhh, sạch sẽ và thoáng đãng lắm ạ."
1726809675421499652,10234,2026-08-28,511836,Thảo,3 năm hoạt động trên Airbnb,5,"Rất sạch đẹp, vị trí trung tâm đi đâu cũng tiện, hồ bơi và ban công ngắm hoàng hôn rất chill."
1726809675421499652,10235,2026-07-30,609548,Hoang Phuc,4 năm hoạt động trên Airbnb,5,"Ấm cúng, trang thiết bị hiện đại, giường nệm êm ái ngủ rất ngon."
1643325479980168092,10236,2026-09-14,397106,Như Hoa,4 năm hoạt động trên Airbnb,5,"Phòng đẹp, xinh. Rất mới. Bày trí rất có gu, chủ nhà nhiệt tình hỗ trợ check-in sớm."
1643325479980168092,10237,2026-09-14,629923,Béo,1 năm hoạt động trên Airbnb,5,"Chủ nhà thân thiện và hiếu khách, chắc chắn sẽ quay lại khi có dịp ghé thăm thành phố."
1643325479980168092,10238,2026-08-07,898978,Chimmiii,Mới tham gia Airbnb,5,"Phòng xinhh, sạch sẽ và thoáng đãng lắm ạ."
1643325479980168092,10239,2026-09-17,950558,Quốc Anh,2 năm hoạt động trên Airbnb,5,"Trải nghiệm tuyệt vời! Tự nhận phòng với mã khóa cực kỳ tiện lợi, an ninh tốt."
1643325479980168092,10240,2026-09-05,554014,Phương Thảo,Mới tham gia Airbnb,5,"Phòng siêu đẹp y chang trên ảnh, bày trí rất có gu. Phòng mới và sạch sẽ, đầy đủ tiện nghi."
1643325479980168092,10241,2026-08-31,825419,Lan Hương,5 năm hoạt động trên Airbnb,5,"View đẹp mê ly, căn hộ sáng sủa nhiều ánh sáng tự nhiên. 10/10 điểm cho chất lượng phục vụ!"
1760026442166325875,10242,2026-09-21,820987,Béo,1 năm hoạt động trên Airbnb,5,"Chủ nhà thân thiện và hiếu khách, chắc chắn sẽ quay lại khi có dịp ghé thăm thành phố."
1760026442166325875,10243,2026-06-29,214425,Như Hoa,4 năm hoạt động trên Airbnb,5,"Phòng đẹp, xinh. Rất mới. Bày trí rất có gu, chủ nhà nhiệt tình hỗ trợ check-in sớm."
1760026442166325875,10244,2026-08-15,432473,Chimmiii,Mới tham gia Airbnb,5,"Phòng xinhh, sạch sẽ và thoáng đãng lắm ạ."
1760026442166325875,10245,2026-08-05,383206,Lan Hương,5 năm hoạt động trên Airbnb,5,"View đẹp mê ly, căn hộ sáng sủa nhiều ánh sáng tự nhiên. 10/10 điểm cho chất lượng phục vụ!"
1760026442166325875,10246,2026-08-26,844226,Phương Thảo,Mới tham gia Airbnb,5,"Phòng siêu đẹp y chang trên ảnh, bày trí rất có gu. Phòng mới và sạch sẽ, đầy đủ tiện nghi."
1760026442166325875,10247,2026-08-10,509388,Quốc Anh,2 năm hoạt động trên Airbnb,5,"Trải nghiệm tuyệt vời! Tự nhận phòng với mã khóa cực kỳ tiện lợi, an ninh tốt."
1760026442166325875,10248,2026-07-05,326022,Thảo,3 năm hoạt động trên Airbnb,5,"Rất sạch đẹp, vị trí trung tâm đi đâu cũng tiện, hồ bơi và ban công ngắm hoàng hôn rất chill."
1529077817209198095,10249,2026-08-31,794402,Béo,1 năm hoạt động trên Airbnb,5,"Chủ nhà thân thiện và hiếu khách, chắc chắn sẽ quay lại khi có dịp ghé thăm thành phố."
1529077817209198095,10250,2026-08-01,530912,Chimmiii,Mới tham gia Airbnb,5,"Phòng xinhh, sạch sẽ và thoáng đãng lắm ạ."
1529077817209198095,10251,2026-08-02,364580,Phương Thảo,Mới tham gia Airbnb,5,"Phòng siêu đẹp y chang trên ảnh, bày trí rất có gu. Phòng mới và sạch sẽ, đầy đủ tiện nghi."
1529077817209198095,10252,2026-08-11,772178,Quốc Anh,2 năm hoạt động trên Airbnb,5,"Trải nghiệm tuyệt vời! Tự nhận phòng với mã khóa cực kỳ tiện lợi, an ninh tốt."
1746344400022594015,10253,2026-09-13,686014,Thảo,3 năm hoạt động trên Airbnb,5,"Rất sạch đẹp, vị trí trung tâm đi đâu cũng tiện, hồ bơi và ban công ngắm hoàng hôn rất chill."
1746344400022594015,10254,2026-07-30,995777,Phương Thảo,Mới tham gia Airbnb,5,"Phòng siêu đẹp y chang trên ảnh, bày trí rất có gu. Phòng mới và sạch sẽ, đầy đủ tiện nghi."
1746344400022594015,10255,2026-08-11,956671,Hoang Phuc,4 năm hoạt động trên Airbnb,5,"Ấm cúng, trang thiết bị hiện đại, giường nệm êm ái ngủ rất ngon."
1746344400022594015,10256,2026-09-16,511645,Lan Hương,5 năm hoạt động trên Airbnb,5,"View đẹp mê ly, căn hộ sáng sủa nhiều ánh sáng tự nhiên. 10/10 điểm cho chất lượng phục vụ!"
1746344400022594015,10257,2026-07-11,762509,Béo,1 năm hoạt động trên Airbnb,5,"Chủ nhà thân thiện và hiếu khách, chắc chắn sẽ quay lại khi có dịp ghé thăm thành phố."
1746344400022594015,10258,2026-09-23,799776,Quốc Anh,2 năm hoạt động trên Airbnb,5,"Trải nghiệm tuyệt vời! Tự nhận phòng với mã khóa cực kỳ tiện lợi, an ninh tốt."
1746344400022594015,10259,2026-09-19,964635,Chimmiii,Mới tham gia Airbnb,5,"Phòng xinhh, sạch sẽ và thoáng đãng lắm ạ."
1348328959341578736,10260,2026-08-20,412477,Phương Thảo,Mới tham gia Airbnb,5,"Phòng siêu đẹp y chang trên ảnh, bày trí rất có gu. Phòng mới và sạch sẽ, đầy đủ tiện nghi."
1348328959341578736,10261,2026-07-20,306559,Hoang Phuc,4 năm hoạt động trên Airbnb,5,"Ấm cúng, trang thiết bị hiện đại, giường nệm êm ái ngủ rất ngon."
1348328959341578736,10262,2026-07-07,439439,Thảo,3 năm hoạt động trên Airbnb,5,"Rất sạch đẹp, vị trí trung tâm đi đâu cũng tiện, hồ bơi và ban công ngắm hoàng hôn rất chill."
1348328959341578736,10263,2026-08-13,848858,Chimmiii,Mới tham gia Airbnb,5,"Phòng xinhh, sạch sẽ và thoáng đãng lắm ạ."
1678910833954757193,10264,2026-07-29,857803,Béo,1 năm hoạt động trên Airbnb,5,"Chủ nhà thân thiện và hiếu khách, chắc chắn sẽ quay lại khi có dịp ghé thăm thành phố."
1678910833954757193,10265,2026-07-24,752478,Lan Hương,5 năm hoạt động trên Airbnb,5,"View đẹp mê ly, căn hộ sáng sủa nhiều ánh sáng tự nhiên. 10/10 điểm cho chất lượng phục vụ!"
1678910833954757193,10266,2026-09-01,451558,Như Hoa,4 năm hoạt động trên Airbnb,5,"Phòng đẹp, xinh. Rất mới. Bày trí rất có gu, chủ nhà nhiệt tình hỗ trợ check-in sớm."
1678910833954757193,10267,2026-07-26,283091,Thảo,3 năm hoạt động trên Airbnb,5,"Rất sạch đẹp, vị trí trung tâm đi đâu cũng tiện, hồ bơi và ban công ngắm hoàng hôn rất chill."
1678910833954757193,10268,2026-09-08,303446,Quốc Anh,2 năm hoạt động trên Airbnb,5,"Trải nghiệm tuyệt vời! Tự nhận phòng với mã khóa cực kỳ tiện lợi, an ninh tốt."
1678910833954757193,10269,2026-07-13,544949,Chimmiii,Mới tham gia Airbnb,5,"Phòng xinhh, sạch sẽ và thoáng đãng lắm ạ."
1678910833954757193,10270,2026-07-09,444518,Phương Thảo,Mới tham gia Airbnb,5,"Phòng siêu đẹp y chang trên ảnh, bày trí rất có gu. Phòng mới và sạch sẽ, đầy đủ tiện nghi."
1372463164947259948,10271,2026-07-08,216443,Như Hoa,4 năm hoạt động trên Airbnb,5,"Phòng đẹp, xinh. Rất mới. Bày trí rất có gu, chủ nhà nhiệt tình hỗ trợ check-in sớm."
1372463164947259948,10272,2026-09-15,421982,Chimmiii,Mới tham gia Airbnb,5,"Phòng xinhh, sạch sẽ và thoáng đãng lắm ạ."
1372463164947259948,10273,2026-08-23,257457,Hoang Phuc,4 năm hoạt động trên Airbnb,5,"Ấm cúng, trang thiết bị hiện đại, giường nệm êm ái ngủ rất ngon."
1372463164947259948,10274,2026-07-01,470362,Quốc Anh,2 năm hoạt động trên Airbnb,5,"Trải nghiệm tuyệt vời! Tự nhận phòng với mã khóa cực kỳ tiện lợi, an ninh tốt."
1372463164947259948,10275,2026-09-10,510748,Lan Hương,5 năm hoạt động trên Airbnb,5,"View đẹp mê ly, căn hộ sáng sủa nhiều ánh sáng tự nhiên. 10/10 điểm cho chất lượng phục vụ!"
1372463164947259948,10276,2026-08-02,629904,Thảo,3 năm hoạt động trên Airbnb,5,"Rất sạch đẹp, vị trí trung tâm đi đâu cũng tiện, hồ bơi và ban công ngắm hoàng hôn rất chill."
1372463164947259948,10277,2026-08-02,359714,Béo,1 năm hoạt động trên Airbnb,5,"Chủ nhà thân thiện và hiếu khách, chắc chắn sẽ quay lại khi có dịp ghé thăm thành phố."
1658471076163127015,10278,2026-08-08,394818,Lan Hương,5 năm hoạt động trên Airbnb,5,"View đẹp mê ly, căn hộ sáng sủa nhiều ánh sáng tự nhiên. 10/10 điểm cho chất lượng phục vụ!"
1658471076163127015,10279,2026-08-27,860817,Hoang Phuc,4 năm hoạt động trên Airbnb,5,"Ấm cúng, trang thiết bị hiện đại, giường nệm êm ái ngủ rất ngon."
1658471076163127015,10280,2026-08-31,326487,Quốc Anh,2 năm hoạt động trên Airbnb,5,"Trải nghiệm tuyệt vời! Tự nhận phòng với mã khóa cực kỳ tiện lợi, an ninh tốt."
1658471076163127015,10281,2026-08-25,233177,Béo,1 năm hoạt động trên Airbnb,5,"Chủ nhà thân thiện và hiếu khách, chắc chắn sẽ quay lại khi có dịp ghé thăm thành phố."
1658471076163127015,10282,2026-06-30,409465,Phương Thảo,Mới tham gia Airbnb,5,"Phòng siêu đẹp y chang trên ảnh, bày trí rất có gu. Phòng mới và sạch sẽ, đầy đủ tiện nghi."
1658471076163127015,10283,2026-06-29,538480,Chimmiii,Mới tham gia Airbnb,5,"Phòng xinhh, sạch sẽ và thoáng đãng lắm ạ."
1658471076163127015,10284,2026-09-14,554292,Thảo,3 năm hoạt động trên Airbnb,5,"Rất sạch đẹp, vị trí trung tâm đi đâu cũng tiện, hồ bơi và ban công ngắm hoàng hôn rất chill."
1658471076163127015,10285,2026-06-28,468978,Như Hoa,4 năm hoạt động trên Airbnb,5,"Phòng đẹp, xinh. Rất mới. Bày trí rất có gu, chủ nhà nhiệt tình hỗ trợ check-in sớm."
1490286058990106556,10286,2026-08-13,717492,Lan Hương,5 năm hoạt động trên Airbnb,5,"View đẹp mê ly, căn hộ sáng sủa nhiều ánh sáng tự nhiên. 10/10 điểm cho chất lượng phục vụ!"
1490286058990106556,10287,2026-07-19,867607,Quốc Anh,2 năm hoạt động trên Airbnb,5,"Trải nghiệm tuyệt vời! Tự nhận phòng với mã khóa cực kỳ tiện lợi, an ninh tốt."
1490286058990106556,10288,2026-09-10,674118,Béo,1 năm hoạt động trên Airbnb,5,"Chủ nhà thân thiện và hiếu khách, chắc chắn sẽ quay lại khi có dịp ghé thăm thành phố."
1490286058990106556,10289,2026-09-20,998646,Thảo,3 năm hoạt động trên Airbnb,5,"Rất sạch đẹp, vị trí trung tâm đi đâu cũng tiện, hồ bơi và ban công ngắm hoàng hôn rất chill."
1718687913700158064,10290,2026-09-01,914972,Chimmiii,Mới tham gia Airbnb,5,"Phòng xinhh, sạch sẽ và thoáng đãng lắm ạ."
1718687913700158064,10291,2026-09-17,360814,Lan Hương,5 năm hoạt động trên Airbnb,5,"View đẹp mê ly, căn hộ sáng sủa nhiều ánh sáng tự nhiên. 10/10 điểm cho chất lượng phục vụ!"
1718687913700158064,10292,2026-07-19,334694,Béo,1 năm hoạt động trên Airbnb,5,"Chủ nhà thân thiện và hiếu khách, chắc chắn sẽ quay lại khi có dịp ghé thăm thành phố."
1718687913700158064,10293,2026-06-28,677673,Quốc Anh,2 năm hoạt động trên Airbnb,5,"Trải nghiệm tuyệt vời! Tự nhận phòng với mã khóa cực kỳ tiện lợi, an ninh tốt."
1718687913700158064,10294,2026-07-22,915876,Phương Thảo,Mới tham gia Airbnb,5,"Phòng siêu đẹp y chang trên ảnh, bày trí rất có gu. Phòng mới và sạch sẽ, đầy đủ tiện nghi."
1755928439329893600,10295,2026-08-28,320513,Quốc Anh,2 năm hoạt động trên Airbnb,5,"Trải nghiệm tuyệt vời! Tự nhận phòng với mã khóa cực kỳ tiện lợi, an ninh tốt."
1755928439329893600,10296,2026-07-02,945779,Lan Hương,5 năm hoạt động trên Airbnb,5,"View đẹp mê ly, căn hộ sáng sủa nhiều ánh sáng tự nhiên. 10/10 điểm cho chất lượng phục vụ!"
1755928439329893600,10297,2026-08-26,972775,Hoang Phuc,4 năm hoạt động trên Airbnb,5,"Ấm cúng, trang thiết bị hiện đại, giường nệm êm ái ngủ rất ngon."
1755928439329893600,10298,2026-07-29,767562,Béo,1 năm hoạt động trên Airbnb,5,"Chủ nhà thân thiện và hiếu khách, chắc chắn sẽ quay lại khi có dịp ghé thăm thành phố."
1755928439329893600,10299,2026-07-17,572968,Thảo,3 năm hoạt động trên Airbnb,5,"Rất sạch đẹp, vị trí trung tâm đi đâu cũng tiện, hồ bơi và ban công ngắm hoàng hôn rất chill."
1755928439329893600,10300,2026-09-15,282647,Phương Thảo,Mới tham gia Airbnb,5,"Phòng siêu đẹp y chang trên ảnh, bày trí rất có gu. Phòng mới và sạch sẽ, đầy đủ tiện nghi."
1755928439329893600,10301,2026-07-01,583755,Chimmiii,Mới tham gia Airbnb,5,"Phòng xinhh, sạch sẽ và thoáng đãng lắm ạ."
1755928439329893600,10302,2026-08-07,279957,Như Hoa,4 năm hoạt động trên Airbnb,5,"Phòng đẹp, xinh. Rất mới. Bày trí rất có gu, chủ nhà nhiệt tình hỗ trợ check-in sớm."
1501447403175240202,10303,2026-08-09,877247,Phương Thảo,Mới tham gia Airbnb,5,"Phòng siêu đẹp y chang trên ảnh, bày trí rất có gu. Phòng mới và sạch sẽ, đầy đủ tiện nghi."
1501447403175240202,10304,2026-08-01,393112,Như Hoa,4 năm hoạt động trên Airbnb,5,"Phòng đẹp, xinh. Rất mới. Bày trí rất có gu, chủ nhà nhiệt tình hỗ trợ check-in sớm."
1501447403175240202,10305,2026-08-21,599019,Lan Hương,5 năm hoạt động trên Airbnb,5,"View đẹp mê ly, căn hộ sáng sủa nhiều ánh sáng tự nhiên. 10/10 điểm cho chất lượng phục vụ!"
1501447403175240202,10306,2026-09-17,980909,Chimmiii,Mới tham gia Airbnb,5,"Phòng xinhh, sạch sẽ và thoáng đãng lắm ạ."
1501447403175240202,10307,2026-07-07,684731,Hoang Phuc,4 năm hoạt động trên Airbnb,5,"Ấm cúng, trang thiết bị hiện đại, giường nệm êm ái ngủ rất ngon."
1501447403175240202,10308,2026-09-11,202980,Béo,1 năm hoạt động trên Airbnb,5,"Chủ nhà thân thiện và hiếu khách, chắc chắn sẽ quay lại khi có dịp ghé thăm thành phố."
1552273139585762109,10309,2026-09-21,266474,Chimmiii,Mới tham gia Airbnb,5,"Phòng xinhh, sạch sẽ và thoáng đãng lắm ạ."
1552273139585762109,10310,2026-07-13,703780,Béo,1 năm hoạt động trên Airbnb,5,"Chủ nhà thân thiện và hiếu khách, chắc chắn sẽ quay lại khi có dịp ghé thăm thành phố."
1552273139585762109,10311,2026-07-07,226147,Quốc Anh,2 năm hoạt động trên Airbnb,5,"Trải nghiệm tuyệt vời! Tự nhận phòng với mã khóa cực kỳ tiện lợi, an ninh tốt."
1552273139585762109,10312,2026-07-19,588910,Như Hoa,4 năm hoạt động trên Airbnb,5,"Phòng đẹp, xinh. Rất mới. Bày trí rất có gu, chủ nhà nhiệt tình hỗ trợ check-in sớm."
1552273139585762109,10313,2026-08-06,922353,Phương Thảo,Mới tham gia Airbnb,5,"Phòng siêu đẹp y chang trên ảnh, bày trí rất có gu. Phòng mới và sạch sẽ, đầy đủ tiện nghi."
1552273139585762109,10314,2026-09-22,813842,Hoang Phuc,4 năm hoạt động trên Airbnb,5,"Ấm cúng, trang thiết bị hiện đại, giường nệm êm ái ngủ rất ngon."
1485008449582483197,10315,2026-09-10,211843,Quốc Anh,2 năm hoạt động trên Airbnb,5,"Trải nghiệm tuyệt vời! Tự nhận phòng với mã khóa cực kỳ tiện lợi, an ninh tốt."
1485008449582483197,10316,2026-08-30,402234,Hoang Phuc,4 năm hoạt động trên Airbnb,5,"Ấm cúng, trang thiết bị hiện đại, giường nệm êm ái ngủ rất ngon."
1485008449582483197,10317,2026-07-01,595492,Lan Hương,5 năm hoạt động trên Airbnb,5,"View đẹp mê ly, căn hộ sáng sủa nhiều ánh sáng tự nhiên. 10/10 điểm cho chất lượng phục vụ!"
1485008449582483197,10318,2026-09-03,686061,Chimmiii,Mới tham gia Airbnb,5,"Phòng xinhh, sạch sẽ và thoáng đãng lắm ạ."
1485008449582483197,10319,2026-06-29,894975,Thảo,3 năm hoạt động trên Airbnb,5,"Rất sạch đẹp, vị trí trung tâm đi đâu cũng tiện, hồ bơi và ban công ngắm hoàng hôn rất chill."
1485008449582483197,10320,2026-08-31,815424,Như Hoa,4 năm hoạt động trên Airbnb,5,"Phòng đẹp, xinh. Rất mới. Bày trí rất có gu, chủ nhà nhiệt tình hỗ trợ check-in sớm."
1485008449582483197,10321,2026-08-03,204110,Phương Thảo,Mới tham gia Airbnb,5,"Phòng siêu đẹp y chang trên ảnh, bày trí rất có gu. Phòng mới và sạch sẽ, đầy đủ tiện nghi."
1738943273379669182,10322,2026-08-14,951893,Béo,1 năm hoạt động trên Airbnb,5,"Chủ nhà thân thiện và hiếu khách, chắc chắn sẽ quay lại khi có dịp ghé thăm thành phố."
1738943273379669182,10323,2026-09-07,646270,Phương Thảo,Mới tham gia Airbnb,5,"Phòng siêu đẹp y chang trên ảnh, bày trí rất có gu. Phòng mới và sạch sẽ, đầy đủ tiện nghi."
1738943273379669182,10324,2026-09-10,890609,Lan Hương,5 năm hoạt động trên Airbnb,5,"View đẹp mê ly, căn hộ sáng sủa nhiều ánh sáng tự nhiên. 10/10 điểm cho chất lượng phục vụ!"
1738943273379669182,10325,2026-08-14,503123,Hoang Phuc,4 năm hoạt động trên Airbnb,5,"Ấm cúng, trang thiết bị hiện đại, giường nệm êm ái ngủ rất ngon."
1481164639546730021,10326,2026-07-28,456562,Thảo,3 năm hoạt động trên Airbnb,5,"Rất sạch đẹp, vị trí trung tâm đi đâu cũng tiện, hồ bơi và ban công ngắm hoàng hôn rất chill."
1481164639546730021,10327,2026-09-04,375266,Lan Hương,5 năm hoạt động trên Airbnb,5,"View đẹp mê ly, căn hộ sáng sủa nhiều ánh sáng tự nhiên. 10/10 điểm cho chất lượng phục vụ!"
1481164639546730021,10328,2026-09-11,250419,Chimmiii,Mới tham gia Airbnb,5,"Phòng xinhh, sạch sẽ và thoáng đãng lắm ạ."
1481164639546730021,10329,2026-07-10,700946,Béo,1 năm hoạt động trên Airbnb,5,"Chủ nhà thân thiện và hiếu khách, chắc chắn sẽ quay lại khi có dịp ghé thăm thành phố."
1481164639546730021,10330,2026-08-14,542698,Phương Thảo,Mới tham gia Airbnb,5,"Phòng siêu đẹp y chang trên ảnh, bày trí rất có gu. Phòng mới và sạch sẽ, đầy đủ tiện nghi."
1481164639546730021,10331,2026-07-19,603165,Hoang Phuc,4 năm hoạt động trên Airbnb,5,"Ấm cúng, trang thiết bị hiện đại, giường nệm êm ái ngủ rất ngon."
1706220899300541082,10332,2026-09-12,373233,Hoang Phuc,4 năm hoạt động trên Airbnb,5,"Ấm cúng, trang thiết bị hiện đại, giường nệm êm ái ngủ rất ngon."
1706220899300541082,10333,2026-08-29,263394,Như Hoa,4 năm hoạt động trên Airbnb,5,"Phòng đẹp, xinh. Rất mới. Bày trí rất có gu, chủ nhà nhiệt tình hỗ trợ check-in sớm."
1706220899300541082,10334,2026-07-12,268661,Chimmiii,Mới tham gia Airbnb,5,"Phòng xinhh, sạch sẽ và thoáng đãng lắm ạ."
1706220899300541082,10335,2026-09-15,419257,Quốc Anh,2 năm hoạt động trên Airbnb,5,"Trải nghiệm tuyệt vời! Tự nhận phòng với mã khóa cực kỳ tiện lợi, an ninh tốt."
1706220899300541082,10336,2026-08-13,963862,Thảo,3 năm hoạt động trên Airbnb,5,"Rất sạch đẹp, vị trí trung tâm đi đâu cũng tiện, hồ bơi và ban công ngắm hoàng hôn rất chill."
1706220899300541082,10337,2026-07-31,836192,Béo,1 năm hoạt động trên Airbnb,5,"Chủ nhà thân thiện và hiếu khách, chắc chắn sẽ quay lại khi có dịp ghé thăm thành phố."
1706220899300541082,10338,2026-07-05,451014,Lan Hương,5 năm hoạt động trên Airbnb,5,"View đẹp mê ly, căn hộ sáng sủa nhiều ánh sáng tự nhiên. 10/10 điểm cho chất lượng phục vụ!"
1635332377955272185,10339,2026-09-23,219036,Lan Hương,5 năm hoạt động trên Airbnb,5,"View đẹp mê ly, căn hộ sáng sủa nhiều ánh sáng tự nhiên. 10/10 điểm cho chất lượng phục vụ!"
1635332377955272185,10340,2026-08-26,263846,Phương Thảo,Mới tham gia Airbnb,5,"Phòng siêu đẹp y chang trên ảnh, bày trí rất có gu. Phòng mới và sạch sẽ, đầy đủ tiện nghi."
1635332377955272185,10341,2026-08-25,510031,Chimmiii,Mới tham gia Airbnb,5,"Phòng xinhh, sạch sẽ và thoáng đãng lắm ạ."
1635332377955272185,10342,2026-08-19,481491,Thảo,3 năm hoạt động trên Airbnb,5,"Rất sạch đẹp, vị trí trung tâm đi đâu cũng tiện, hồ bơi và ban công ngắm hoàng hôn rất chill."
1635332377955272185,10343,2026-06-29,438125,Quốc Anh,2 năm hoạt động trên Airbnb,5,"Trải nghiệm tuyệt vời! Tự nhận phòng với mã khóa cực kỳ tiện lợi, an ninh tốt."
1704010065426845799,10344,2026-08-16,835692,Thảo,3 năm hoạt động trên Airbnb,5,"Rất sạch đẹp, vị trí trung tâm đi đâu cũng tiện, hồ bơi và ban công ngắm hoàng hôn rất chill."
1704010065426845799,10345,2026-08-26,731859,Phương Thảo,Mới tham gia Airbnb,5,"Phòng siêu đẹp y chang trên ảnh, bày trí rất có gu. Phòng mới và sạch sẽ, đầy đủ tiện nghi."
1704010065426845799,10346,2026-09-05,483893,Hoang Phuc,4 năm hoạt động trên Airbnb,5,"Ấm cúng, trang thiết bị hiện đại, giường nệm êm ái ngủ rất ngon."
1704010065426845799,10347,2026-07-20,415112,Lan Hương,5 năm hoạt động trên Airbnb,5,"View đẹp mê ly, căn hộ sáng sủa nhiều ánh sáng tự nhiên. 10/10 điểm cho chất lượng phục vụ!"
1704010065426845799,10348,2026-08-23,500533,Như Hoa,4 năm hoạt động trên Airbnb,5,"Phòng đẹp, xinh. Rất mới. Bày trí rất có gu, chủ nhà nhiệt tình hỗ trợ check-in sớm."
1704010065426845799,10349,2026-08-21,370162,Quốc Anh,2 năm hoạt động trên Airbnb,5,"Trải nghiệm tuyệt vời! Tự nhận phòng với mã khóa cực kỳ tiện lợi, an ninh tốt."
1704010065426845799,10350,2026-07-03,500480,Chimmiii,Mới tham gia Airbnb,5,"Phòng xinhh, sạch sẽ và thoáng đãng lắm ạ."
1704010065426845799,10351,2026-08-25,439803,Béo,1 năm hoạt động trên Airbnb,5,"Chủ nhà thân thiện và hiếu khách, chắc chắn sẽ quay lại khi có dịp ghé thăm thành phố."
1581566164495710694,10352,2026-08-04,371782,Béo,1 năm hoạt động trên Airbnb,5,"Chủ nhà thân thiện và hiếu khách, chắc chắn sẽ quay lại khi có dịp ghé thăm thành phố."
1581566164495710694,10353,2026-07-16,214313,Thảo,3 năm hoạt động trên Airbnb,5,"Rất sạch đẹp, vị trí trung tâm đi đâu cũng tiện, hồ bơi và ban công ngắm hoàng hôn rất chill."
1581566164495710694,10354,2026-08-23,521953,Phương Thảo,Mới tham gia Airbnb,5,"Phòng siêu đẹp y chang trên ảnh, bày trí rất có gu. Phòng mới và sạch sẽ, đầy đủ tiện nghi."
1581566164495710694,10355,2026-09-09,334601,Quốc Anh,2 năm hoạt động trên Airbnb,5,"Trải nghiệm tuyệt vời! Tự nhận phòng với mã khóa cực kỳ tiện lợi, an ninh tốt."
1581566164495710694,10356,2026-08-21,921775,Như Hoa,4 năm hoạt động trên Airbnb,5,"Phòng đẹp, xinh. Rất mới. Bày trí rất có gu, chủ nhà nhiệt tình hỗ trợ check-in sớm."
1581566164495710694,10357,2026-07-18,706999,Lan Hương,5 năm hoạt động trên Airbnb,5,"View đẹp mê ly, căn hộ sáng sủa nhiều ánh sáng tự nhiên. 10/10 điểm cho chất lượng phục vụ!"
1581566164495710694,10358,2026-07-09,514096,Hoang Phuc,4 năm hoạt động trên Airbnb,5,"Ấm cúng, trang thiết bị hiện đại, giường nệm êm ái ngủ rất ngon."
1581566164495710694,10359,2026-08-24,318547,Chimmiii,Mới tham gia Airbnb,5,"Phòng xinhh, sạch sẽ và thoáng đãng lắm ạ."
1762220025467727569,10360,2026-07-24,343975,Quốc Anh,2 năm hoạt động trên Airbnb,5,"Trải nghiệm tuyệt vời! Tự nhận phòng với mã khóa cực kỳ tiện lợi, an ninh tốt."
1762220025467727569,10361,2026-09-03,995149,Chimmiii,Mới tham gia Airbnb,5,"Phòng xinhh, sạch sẽ và thoáng đãng lắm ạ."
1762220025467727569,10362,2026-09-18,212582,Thảo,3 năm hoạt động trên Airbnb,5,"Rất sạch đẹp, vị trí trung tâm đi đâu cũng tiện, hồ bơi và ban công ngắm hoàng hôn rất chill."
1762220025467727569,10363,2026-07-08,582262,Hoang Phuc,4 năm hoạt động trên Airbnb,5,"Ấm cúng, trang thiết bị hiện đại, giường nệm êm ái ngủ rất ngon."
1316486153101246651,10364,2026-08-13,396673,Thảo,3 năm hoạt động trên Airbnb,5,"Rất sạch đẹp, vị trí trung tâm đi đâu cũng tiện, hồ bơi và ban công ngắm hoàng hôn rất chill."
1316486153101246651,10365,2026-08-10,483152,Hoang Phuc,4 năm hoạt động trên Airbnb,5,"Ấm cúng, trang thiết bị hiện đại, giường nệm êm ái ngủ rất ngon."
1316486153101246651,10366,2026-09-15,541737,Lan Hương,5 năm hoạt động trên Airbnb,5,"View đẹp mê ly, căn hộ sáng sủa nhiều ánh sáng tự nhiên. 10/10 điểm cho chất lượng phục vụ!"
1316486153101246651,10367,2026-09-01,532386,Như Hoa,4 năm hoạt động trên Airbnb,5,"Phòng đẹp, xinh. Rất mới. Bày trí rất có gu, chủ nhà nhiệt tình hỗ trợ check-in sớm."
1316486153101246651,10368,2026-07-28,551952,Chimmiii,Mới tham gia Airbnb,5,"Phòng xinhh, sạch sẽ và thoáng đãng lắm ạ."
1736738431286370938,10369,2026-09-07,512575,Quốc Anh,2 năm hoạt động trên Airbnb,5,"Trải nghiệm tuyệt vời! Tự nhận phòng với mã khóa cực kỳ tiện lợi, an ninh tốt."
1736738431286370938,10370,2026-09-08,820517,Lan Hương,5 năm hoạt động trên Airbnb,5,"View đẹp mê ly, căn hộ sáng sủa nhiều ánh sáng tự nhiên. 10/10 điểm cho chất lượng phục vụ!"
1736738431286370938,10371,2026-09-14,603619,Như Hoa,4 năm hoạt động trên Airbnb,5,"Phòng đẹp, xinh. Rất mới. Bày trí rất có gu, chủ nhà nhiệt tình hỗ trợ check-in sớm."
1736738431286370938,10372,2026-07-26,421227,Chimmiii,Mới tham gia Airbnb,5,"Phòng xinhh, sạch sẽ và thoáng đãng lắm ạ."
1580082327799482133,10373,2026-09-04,619148,Phương Thảo,Mới tham gia Airbnb,5,"Phòng siêu đẹp y chang trên ảnh, bày trí rất có gu. Phòng mới và sạch sẽ, đầy đủ tiện nghi."
1580082327799482133,10374,2026-09-09,486355,Như Hoa,4 năm hoạt động trên Airbnb,5,"Phòng đẹp, xinh. Rất mới. Bày trí rất có gu, chủ nhà nhiệt tình hỗ trợ check-in sớm."
1580082327799482133,10375,2026-09-03,610298,Quốc Anh,2 năm hoạt động trên Airbnb,5,"Trải nghiệm tuyệt vời! Tự nhận phòng với mã khóa cực kỳ tiện lợi, an ninh tốt."
1580082327799482133,10376,2026-08-16,661679,Hoang Phuc,4 năm hoạt động trên Airbnb,5,"Ấm cúng, trang thiết bị hiện đại, giường nệm êm ái ngủ rất ngon."
1580082327799482133,10377,2026-06-30,681469,Lan Hương,5 năm hoạt động trên Airbnb,5,"View đẹp mê ly, căn hộ sáng sủa nhiều ánh sáng tự nhiên. 10/10 điểm cho chất lượng phục vụ!"
1668788341602905630,10378,2026-07-26,757214,Như Hoa,4 năm hoạt động trên Airbnb,5,"Phòng đẹp, xinh. Rất mới. Bày trí rất có gu, chủ nhà nhiệt tình hỗ trợ check-in sớm."
1668788341602905630,10379,2026-08-18,547907,Béo,1 năm hoạt động trên Airbnb,5,"Chủ nhà thân thiện và hiếu khách, chắc chắn sẽ quay lại khi có dịp ghé thăm thành phố."
1668788341602905630,10380,2026-08-16,633112,Hoang Phuc,4 năm hoạt động trên Airbnb,5,"Ấm cúng, trang thiết bị hiện đại, giường nệm êm ái ngủ rất ngon."
1668788341602905630,10381,2026-09-01,962028,Quốc Anh,2 năm hoạt động trên Airbnb,5,"Trải nghiệm tuyệt vời! Tự nhận phòng với mã khóa cực kỳ tiện lợi, an ninh tốt."
1668788341602905630,10382,2026-09-15,773985,Chimmiii,Mới tham gia Airbnb,5,"Phòng xinhh, sạch sẽ và thoáng đãng lắm ạ."
1668788341602905630,10383,2026-07-07,941060,Phương Thảo,Mới tham gia Airbnb,5,"Phòng siêu đẹp y chang trên ảnh, bày trí rất có gu. Phòng mới và sạch sẽ, đầy đủ tiện nghi."
1541712444118465558,10384,2026-08-01,976529,Phương Thảo,Mới tham gia Airbnb,5,"Phòng siêu đẹp y chang trên ảnh, bày trí rất có gu. Phòng mới và sạch sẽ, đầy đủ tiện nghi."
1541712444118465558,10385,2026-08-08,476323,Thảo,3 năm hoạt động trên Airbnb,5,"Rất sạch đẹp, vị trí trung tâm đi đâu cũng tiện, hồ bơi và ban công ngắm hoàng hôn rất chill."
1541712444118465558,10386,2026-08-11,706670,Béo,1 năm hoạt động trên Airbnb,5,"Chủ nhà thân thiện và hiếu khách, chắc chắn sẽ quay lại khi có dịp ghé thăm thành phố."
1541712444118465558,10387,2026-09-15,538869,Hoang Phuc,4 năm hoạt động trên Airbnb,5,"Ấm cúng, trang thiết bị hiện đại, giường nệm êm ái ngủ rất ngon."
1541712444118465558,10388,2026-09-15,787085,Chimmiii,Mới tham gia Airbnb,5,"Phòng xinhh, sạch sẽ và thoáng đãng lắm ạ."
1541712444118465558,10389,2026-09-14,996889,Lan Hương,5 năm hoạt động trên Airbnb,5,"View đẹp mê ly, căn hộ sáng sủa nhiều ánh sáng tự nhiên. 10/10 điểm cho chất lượng phục vụ!"
1541712444118465558,10390,2026-07-15,350053,Quốc Anh,2 năm hoạt động trên Airbnb,5,"Trải nghiệm tuyệt vời! Tự nhận phòng với mã khóa cực kỳ tiện lợi, an ninh tốt."
1541712444118465558,10391,2026-08-14,759824,Như Hoa,4 năm hoạt động trên Airbnb,5,"Phòng đẹp, xinh. Rất mới. Bày trí rất có gu, chủ nhà nhiệt tình hỗ trợ check-in sớm."
1584087127688774269,10392,2026-09-14,335369,Phương Thảo,Mới tham gia Airbnb,5,"Phòng siêu đẹp y chang trên ảnh, bày trí rất có gu. Phòng mới và sạch sẽ, đầy đủ tiện nghi."
1584087127688774269,10393,2026-09-21,454833,Như Hoa,4 năm hoạt động trên Airbnb,5,"Phòng đẹp, xinh. Rất mới. Bày trí rất có gu, chủ nhà nhiệt tình hỗ trợ check-in sớm."
1584087127688774269,10394,2026-07-31,386095,Thảo,3 năm hoạt động trên Airbnb,5,"Rất sạch đẹp, vị trí trung tâm đi đâu cũng tiện, hồ bơi và ban công ngắm hoàng hôn rất chill."
1584087127688774269,10395,2026-09-17,902886,Béo,1 năm hoạt động trên Airbnb,5,"Chủ nhà thân thiện và hiếu khách, chắc chắn sẽ quay lại khi có dịp ghé thăm thành phố."
1584087127688774269,10396,2026-08-12,472424,Lan Hương,5 năm hoạt động trên Airbnb,5,"View đẹp mê ly, căn hộ sáng sủa nhiều ánh sáng tự nhiên. 10/10 điểm cho chất lượng phục vụ!"
1584087127688774269,10397,2026-08-22,776697,Quốc Anh,2 năm hoạt động trên Airbnb,5,"Trải nghiệm tuyệt vời! Tự nhận phòng với mã khóa cực kỳ tiện lợi, an ninh tốt."
1584087127688774269,10398,2026-09-11,521680,Chimmiii,Mới tham gia Airbnb,5,"Phòng xinhh, sạch sẽ và thoáng đãng lắm ạ."
1584087127688774269,10399,2026-09-21,916791,Hoang Phuc,4 năm hoạt động trên Airbnb,5,"Ấm cúng, trang thiết bị hiện đại, giường nệm êm ái ngủ rất ngon."
1738977660612019321,10400,2026-09-12,231705,Thảo,3 năm hoạt động trên Airbnb,5,"Rất sạch đẹp, vị trí trung tâm đi đâu cũng tiện, hồ bơi và ban công ngắm hoàng hôn rất chill."
1738977660612019321,10401,2026-09-14,412966,Lan Hương,5 năm hoạt động trên Airbnb,5,"View đẹp mê ly, căn hộ sáng sủa nhiều ánh sáng tự nhiên. 10/10 điểm cho chất lượng phục vụ!"
1738977660612019321,10402,2026-09-05,713636,Phương Thảo,Mới tham gia Airbnb,5,"Phòng siêu đẹp y chang trên ảnh, bày trí rất có gu. Phòng mới và sạch sẽ, đầy đủ tiện nghi."
1738977660612019321,10403,2026-07-21,485738,Béo,1 năm hoạt động trên Airbnb,5,"Chủ nhà thân thiện và hiếu khách, chắc chắn sẽ quay lại khi có dịp ghé thăm thành phố."
1738977660612019321,10404,2026-07-10,279927,Hoang Phuc,4 năm hoạt động trên Airbnb,5,"Ấm cúng, trang thiết bị hiện đại, giường nệm êm ái ngủ rất ngon."
1738977660612019321,10405,2026-09-03,984804,Chimmiii,Mới tham gia Airbnb,5,"Phòng xinhh, sạch sẽ và thoáng đãng lắm ạ."
1738977660612019321,10406,2026-09-04,610651,Như Hoa,4 năm hoạt động trên Airbnb,5,"Phòng đẹp, xinh. Rất mới. Bày trí rất có gu, chủ nhà nhiệt tình hỗ trợ check-in sớm."
1689244379425678330,10407,2026-07-08,491952,Béo,1 năm hoạt động trên Airbnb,5,"Chủ nhà thân thiện và hiếu khách, chắc chắn sẽ quay lại khi có dịp ghé thăm thành phố."
1689244379425678330,10408,2026-08-10,343644,Như Hoa,4 năm hoạt động trên Airbnb,5,"Phòng đẹp, xinh. Rất mới. Bày trí rất có gu, chủ nhà nhiệt tình hỗ trợ check-in sớm."
1689244379425678330,10409,2026-09-15,830748,Thảo,3 năm hoạt động trên Airbnb,5,"Rất sạch đẹp, vị trí trung tâm đi đâu cũng tiện, hồ bơi và ban công ngắm hoàng hôn rất chill."
1689244379425678330,10410,2026-08-05,945232,Phương Thảo,Mới tham gia Airbnb,5,"Phòng siêu đẹp y chang trên ảnh, bày trí rất có gu. Phòng mới và sạch sẽ, đầy đủ tiện nghi."
1485018848887730054,10411,2026-09-12,393016,Quốc Anh,2 năm hoạt động trên Airbnb,5,"Trải nghiệm tuyệt vời! Tự nhận phòng với mã khóa cực kỳ tiện lợi, an ninh tốt."
1485018848887730054,10412,2026-09-08,260107,Béo,1 năm hoạt động trên Airbnb,5,"Chủ nhà thân thiện và hiếu khách, chắc chắn sẽ quay lại khi có dịp ghé thăm thành phố."
1485018848887730054,10413,2026-07-07,868760,Như Hoa,4 năm hoạt động trên Airbnb,5,"Phòng đẹp, xinh. Rất mới. Bày trí rất có gu, chủ nhà nhiệt tình hỗ trợ check-in sớm."
1485018848887730054,10414,2026-09-01,789762,Chimmiii,Mới tham gia Airbnb,5,"Phòng xinhh, sạch sẽ và thoáng đãng lắm ạ."
1485018848887730054,10415,2026-09-08,347626,Thảo,3 năm hoạt động trên Airbnb,5,"Rất sạch đẹp, vị trí trung tâm đi đâu cũng tiện, hồ bơi và ban công ngắm hoàng hôn rất chill."
1485018848887730054,10416,2026-07-28,551735,Lan Hương,5 năm hoạt động trên Airbnb,5,"View đẹp mê ly, căn hộ sáng sủa nhiều ánh sáng tự nhiên. 10/10 điểm cho chất lượng phục vụ!"
1485018848887730054,10417,2026-08-10,662194,Phương Thảo,Mới tham gia Airbnb,5,"Phòng siêu đẹp y chang trên ảnh, bày trí rất có gu. Phòng mới và sạch sẽ, đầy đủ tiện nghi."
1485018848887730054,10418,2026-09-07,961932,Hoang Phuc,4 năm hoạt động trên Airbnb,5,"Ấm cúng, trang thiết bị hiện đại, giường nệm êm ái ngủ rất ngon."
1660705307001809149,10419,2026-07-05,653421,Quốc Anh,2 năm hoạt động trên Airbnb,5,"Trải nghiệm tuyệt vời! Tự nhận phòng với mã khóa cực kỳ tiện lợi, an ninh tốt."
1660705307001809149,10420,2026-08-21,563934,Hoang Phuc,4 năm hoạt động trên Airbnb,5,"Ấm cúng, trang thiết bị hiện đại, giường nệm êm ái ngủ rất ngon."
1660705307001809149,10421,2026-07-27,883476,Chimmiii,Mới tham gia Airbnb,5,"Phòng xinhh, sạch sẽ và thoáng đãng lắm ạ."
1660705307001809149,10422,2026-07-09,504991,Thảo,3 năm hoạt động trên Airbnb,5,"Rất sạch đẹp, vị trí trung tâm đi đâu cũng tiện, hồ bơi và ban công ngắm hoàng hôn rất chill."
1660705307001809149,10423,2026-08-05,977263,Béo,1 năm hoạt động trên Airbnb,5,"Chủ nhà thân thiện và hiếu khách, chắc chắn sẽ quay lại khi có dịp ghé thăm thành phố."
1660705307001809149,10424,2026-08-30,807094,Lan Hương,5 năm hoạt động trên Airbnb,5,"View đẹp mê ly, căn hộ sáng sủa nhiều ánh sáng tự nhiên. 10/10 điểm cho chất lượng phục vụ!"
1489186547122112746,10425,2026-07-01,852934,Hoang Phuc,4 năm hoạt động trên Airbnb,5,"Ấm cúng, trang thiết bị hiện đại, giường nệm êm ái ngủ rất ngon."
1489186547122112746,10426,2026-07-14,919407,Phương Thảo,Mới tham gia Airbnb,5,"Phòng siêu đẹp y chang trên ảnh, bày trí rất có gu. Phòng mới và sạch sẽ, đầy đủ tiện nghi."
1489186547122112746,10427,2026-07-03,994052,Quốc Anh,2 năm hoạt động trên Airbnb,5,"Trải nghiệm tuyệt vời! Tự nhận phòng với mã khóa cực kỳ tiện lợi, an ninh tốt."
1489186547122112746,10428,2026-09-09,694735,Thảo,3 năm hoạt động trên Airbnb,5,"Rất sạch đẹp, vị trí trung tâm đi đâu cũng tiện, hồ bơi và ban công ngắm hoàng hôn rất chill."
1489186547122112746,10429,2026-07-24,793599,Béo,1 năm hoạt động trên Airbnb,5,"Chủ nhà thân thiện và hiếu khách, chắc chắn sẽ quay lại khi có dịp ghé thăm thành phố."
1489186547122112746,10430,2026-09-12,246074,Chimmiii,Mới tham gia Airbnb,5,"Phòng xinhh, sạch sẽ và thoáng đãng lắm ạ."
1489186547122112746,10431,2026-07-20,711653,Lan Hương,5 năm hoạt động trên Airbnb,5,"View đẹp mê ly, căn hộ sáng sủa nhiều ánh sáng tự nhiên. 10/10 điểm cho chất lượng phục vụ!"
1666701272357520586,10432,2026-07-19,949410,Thảo,3 năm hoạt động trên Airbnb,5,"Rất sạch đẹp, vị trí trung tâm đi đâu cũng tiện, hồ bơi và ban công ngắm hoàng hôn rất chill."
1666701272357520586,10433,2026-09-15,754266,Hoang Phuc,4 năm hoạt động trên Airbnb,5,"Ấm cúng, trang thiết bị hiện đại, giường nệm êm ái ngủ rất ngon."
1666701272357520586,10434,2026-09-13,310327,Lan Hương,5 năm hoạt động trên Airbnb,5,"View đẹp mê ly, căn hộ sáng sủa nhiều ánh sáng tự nhiên. 10/10 điểm cho chất lượng phục vụ!"
1666701272357520586,10435,2026-08-01,402165,Phương Thảo,Mới tham gia Airbnb,5,"Phòng siêu đẹp y chang trên ảnh, bày trí rất có gu. Phòng mới và sạch sẽ, đầy đủ tiện nghi."
1666701272357520586,10436,2026-09-22,743407,Chimmiii,Mới tham gia Airbnb,5,"Phòng xinhh, sạch sẽ và thoáng đãng lắm ạ."
1666701272357520586,10437,2026-07-29,619428,Béo,1 năm hoạt động trên Airbnb,5,"Chủ nhà thân thiện và hiếu khách, chắc chắn sẽ quay lại khi có dịp ghé thăm thành phố."
1677567116777759048,10438,2026-07-15,255943,Béo,1 năm hoạt động trên Airbnb,5,"Chủ nhà thân thiện và hiếu khách, chắc chắn sẽ quay lại khi có dịp ghé thăm thành phố."
1677567116777759048,10439,2026-08-19,536818,Lan Hương,5 năm hoạt động trên Airbnb,5,"View đẹp mê ly, căn hộ sáng sủa nhiều ánh sáng tự nhiên. 10/10 điểm cho chất lượng phục vụ!"
1677567116777759048,10440,2026-09-04,961914,Quốc Anh,2 năm hoạt động trên Airbnb,5,"Trải nghiệm tuyệt vời! Tự nhận phòng với mã khóa cực kỳ tiện lợi, an ninh tốt."
1677567116777759048,10441,2026-07-10,546558,Chimmiii,Mới tham gia Airbnb,5,"Phòng xinhh, sạch sẽ và thoáng đãng lắm ạ."
1677567116777759048,10442,2026-07-24,795950,Hoang Phuc,4 năm hoạt động trên Airbnb,5,"Ấm cúng, trang thiết bị hiện đại, giường nệm êm ái ngủ rất ngon."
1677567116777759048,10443,2026-09-19,898220,Phương Thảo,Mới tham gia Airbnb,5,"Phòng siêu đẹp y chang trên ảnh, bày trí rất có gu. Phòng mới và sạch sẽ, đầy đủ tiện nghi."
1677567116777759048,10444,2026-09-21,789306,Thảo,3 năm hoạt động trên Airbnb,5,"Rất sạch đẹp, vị trí trung tâm đi đâu cũng tiện, hồ bơi và ban công ngắm hoàng hôn rất chill."
1677567116777759048,10445,2026-08-26,751232,Như Hoa,4 năm hoạt động trên Airbnb,5,"Phòng đẹp, xinh. Rất mới. Bày trí rất có gu, chủ nhà nhiệt tình hỗ trợ check-in sớm."
1665746250684633778,10446,2026-08-01,302051,Quốc Anh,2 năm hoạt động trên Airbnb,5,"Trải nghiệm tuyệt vời! Tự nhận phòng với mã khóa cực kỳ tiện lợi, an ninh tốt."
1665746250684633778,10447,2026-07-17,212253,Béo,1 năm hoạt động trên Airbnb,5,"Chủ nhà thân thiện và hiếu khách, chắc chắn sẽ quay lại khi có dịp ghé thăm thành phố."
1665746250684633778,10448,2026-08-15,560920,Chimmiii,Mới tham gia Airbnb,5,"Phòng xinhh, sạch sẽ và thoáng đãng lắm ạ."
1665746250684633778,10449,2026-09-16,589623,Như Hoa,4 năm hoạt động trên Airbnb,5,"Phòng đẹp, xinh. Rất mới. Bày trí rất có gu, chủ nhà nhiệt tình hỗ trợ check-in sớm."
1665746250684633778,10450,2026-09-16,587837,Hoang Phuc,4 năm hoạt động trên Airbnb,5,"Ấm cúng, trang thiết bị hiện đại, giường nệm êm ái ngủ rất ngon."
1665746250684633778,10451,2026-07-16,790244,Thảo,3 năm hoạt động trên Airbnb,5,"Rất sạch đẹp, vị trí trung tâm đi đâu cũng tiện, hồ bơi và ban công ngắm hoàng hôn rất chill."
1392574230580334818,10452,2026-07-03,916157,Quốc Anh,2 năm hoạt động trên Airbnb,5,"Trải nghiệm tuyệt vời! Tự nhận phòng với mã khóa cực kỳ tiện lợi, an ninh tốt."
1392574230580334818,10453,2026-07-18,651344,Chimmiii,Mới tham gia Airbnb,5,"Phòng xinhh, sạch sẽ và thoáng đãng lắm ạ."
1392574230580334818,10454,2026-07-05,385679,Phương Thảo,Mới tham gia Airbnb,5,"Phòng siêu đẹp y chang trên ảnh, bày trí rất có gu. Phòng mới và sạch sẽ, đầy đủ tiện nghi."
1392574230580334818,10455,2026-07-24,865756,Như Hoa,4 năm hoạt động trên Airbnb,5,"Phòng đẹp, xinh. Rất mới. Bày trí rất có gu, chủ nhà nhiệt tình hỗ trợ check-in sớm."
1392574230580334818,10456,2026-07-06,864449,Lan Hương,5 năm hoạt động trên Airbnb,5,"View đẹp mê ly, căn hộ sáng sủa nhiều ánh sáng tự nhiên. 10/10 điểm cho chất lượng phục vụ!"
1598552974133460418,10457,2026-07-13,556187,Hoang Phuc,4 năm hoạt động trên Airbnb,5,"Ấm cúng, trang thiết bị hiện đại, giường nệm êm ái ngủ rất ngon."
1598552974133460418,10458,2026-07-06,565306,Quốc Anh,2 năm hoạt động trên Airbnb,5,"Trải nghiệm tuyệt vời! Tự nhận phòng với mã khóa cực kỳ tiện lợi, an ninh tốt."
1598552974133460418,10459,2026-08-21,274091,Chimmiii,Mới tham gia Airbnb,5,"Phòng xinhh, sạch sẽ và thoáng đãng lắm ạ."
1598552974133460418,10460,2026-07-01,219673,Lan Hương,5 năm hoạt động trên Airbnb,5,"View đẹp mê ly, căn hộ sáng sủa nhiều ánh sáng tự nhiên. 10/10 điểm cho chất lượng phục vụ!"
1598552974133460418,10461,2026-08-21,762623,Phương Thảo,Mới tham gia Airbnb,5,"Phòng siêu đẹp y chang trên ảnh, bày trí rất có gu. Phòng mới và sạch sẽ, đầy đủ tiện nghi."
1598552974133460418,10462,2026-07-05,928472,Béo,1 năm hoạt động trên Airbnb,5,"Chủ nhà thân thiện và hiếu khách, chắc chắn sẽ quay lại khi có dịp ghé thăm thành phố."
1598552974133460418,10463,2026-08-11,331546,Thảo,3 năm hoạt động trên Airbnb,5,"Rất sạch đẹp, vị trí trung tâm đi đâu cũng tiện, hồ bơi và ban công ngắm hoàng hôn rất chill."
1598552974133460418,10464,2026-07-09,897548,Như Hoa,4 năm hoạt động trên Airbnb,5,"Phòng đẹp, xinh. Rất mới. Bày trí rất có gu, chủ nhà nhiệt tình hỗ trợ check-in sớm."
1706581157350017402,10465,2026-07-04,700335,Quốc Anh,2 năm hoạt động trên Airbnb,5,"Trải nghiệm tuyệt vời! Tự nhận phòng với mã khóa cực kỳ tiện lợi, an ninh tốt."
1706581157350017402,10466,2026-08-20,729494,Chimmiii,Mới tham gia Airbnb,5,"Phòng xinhh, sạch sẽ và thoáng đãng lắm ạ."
1706581157350017402,10467,2026-08-14,593782,Phương Thảo,Mới tham gia Airbnb,5,"Phòng siêu đẹp y chang trên ảnh, bày trí rất có gu. Phòng mới và sạch sẽ, đầy đủ tiện nghi."
1706581157350017402,10468,2026-08-05,511389,Hoang Phuc,4 năm hoạt động trên Airbnb,5,"Ấm cúng, trang thiết bị hiện đại, giường nệm êm ái ngủ rất ngon."
1706581157350017402,10469,2026-08-12,283053,Thảo,3 năm hoạt động trên Airbnb,5,"Rất sạch đẹp, vị trí trung tâm đi đâu cũng tiện, hồ bơi và ban công ngắm hoàng hôn rất chill."
1706581157350017402,10470,2026-09-18,378927,Lan Hương,5 năm hoạt động trên Airbnb,5,"View đẹp mê ly, căn hộ sáng sủa nhiều ánh sáng tự nhiên. 10/10 điểm cho chất lượng phục vụ!"
1680150135503111191,10471,2026-07-22,664914,Phương Thảo,Mới tham gia Airbnb,5,"Phòng siêu đẹp y chang trên ảnh, bày trí rất có gu. Phòng mới và sạch sẽ, đầy đủ tiện nghi."
1680150135503111191,10472,2026-07-05,479719,Béo,1 năm hoạt động trên Airbnb,5,"Chủ nhà thân thiện và hiếu khách, chắc chắn sẽ quay lại khi có dịp ghé thăm thành phố."
1680150135503111191,10473,2026-09-18,284985,Như Hoa,4 năm hoạt động trên Airbnb,5,"Phòng đẹp, xinh. Rất mới. Bày trí rất có gu, chủ nhà nhiệt tình hỗ trợ check-in sớm."
1680150135503111191,10474,2026-07-31,621966,Lan Hương,5 năm hoạt động trên Airbnb,5,"View đẹp mê ly, căn hộ sáng sủa nhiều ánh sáng tự nhiên. 10/10 điểm cho chất lượng phục vụ!"
1680150135503111191,10475,2026-07-26,694046,Quốc Anh,2 năm hoạt động trên Airbnb,5,"Trải nghiệm tuyệt vời! Tự nhận phòng với mã khóa cực kỳ tiện lợi, an ninh tốt."
1644045845371673458,10476,2026-07-22,896405,Phương Thảo,Mới tham gia Airbnb,5,"Phòng siêu đẹp y chang trên ảnh, bày trí rất có gu. Phòng mới và sạch sẽ, đầy đủ tiện nghi."
1644045845371673458,10477,2026-09-10,225707,Hoang Phuc,4 năm hoạt động trên Airbnb,5,"Ấm cúng, trang thiết bị hiện đại, giường nệm êm ái ngủ rất ngon."
1644045845371673458,10478,2026-07-23,201990,Quốc Anh,2 năm hoạt động trên Airbnb,5,"Trải nghiệm tuyệt vời! Tự nhận phòng với mã khóa cực kỳ tiện lợi, an ninh tốt."
1644045845371673458,10479,2026-09-22,375950,Như Hoa,4 năm hoạt động trên Airbnb,5,"Phòng đẹp, xinh. Rất mới. Bày trí rất có gu, chủ nhà nhiệt tình hỗ trợ check-in sớm."
1644045845371673458,10480,2026-07-22,349765,Béo,1 năm hoạt động trên Airbnb,5,"Chủ nhà thân thiện và hiếu khách, chắc chắn sẽ quay lại khi có dịp ghé thăm thành phố."
669030877760478450,10481,2026-09-21,400492,Lan Hương,5 năm hoạt động trên Airbnb,5,"View đẹp mê ly, căn hộ sáng sủa nhiều ánh sáng tự nhiên. 10/10 điểm cho chất lượng phục vụ!"
669030877760478450,10482,2026-09-04,759059,Phương Thảo,Mới tham gia Airbnb,5,"Phòng siêu đẹp y chang trên ảnh, bày trí rất có gu. Phòng mới và sạch sẽ, đầy đủ tiện nghi."
669030877760478450,10483,2026-08-17,441810,Thảo,3 năm hoạt động trên Airbnb,5,"Rất sạch đẹp, vị trí trung tâm đi đâu cũng tiện, hồ bơi và ban công ngắm hoàng hôn rất chill."
669030877760478450,10484,2026-08-09,544134,Hoang Phuc,4 năm hoạt động trên Airbnb,5,"Ấm cúng, trang thiết bị hiện đại, giường nệm êm ái ngủ rất ngon."
669030877760478450,10485,2026-08-15,438246,Béo,1 năm hoạt động trên Airbnb,5,"Chủ nhà thân thiện và hiếu khách, chắc chắn sẽ quay lại khi có dịp ghé thăm thành phố."
669030877760478450,10486,2026-08-30,494774,Quốc Anh,2 năm hoạt động trên Airbnb,5,"Trải nghiệm tuyệt vời! Tự nhận phòng với mã khóa cực kỳ tiện lợi, an ninh tốt."
669030877760478450,10487,2026-08-19,794318,Như Hoa,4 năm hoạt động trên Airbnb,5,"Phòng đẹp, xinh. Rất mới. Bày trí rất có gu, chủ nhà nhiệt tình hỗ trợ check-in sớm."
1713931997924157612,10488,2026-09-22,374737,Quốc Anh,2 năm hoạt động trên Airbnb,5,"Trải nghiệm tuyệt vời! Tự nhận phòng với mã khóa cực kỳ tiện lợi, an ninh tốt."
1713931997924157612,10489,2026-07-11,745315,Chimmiii,Mới tham gia Airbnb,5,"Phòng xinhh, sạch sẽ và thoáng đãng lắm ạ."
1713931997924157612,10490,2026-07-30,675706,Như Hoa,4 năm hoạt động trên Airbnb,5,"Phòng đẹp, xinh. Rất mới. Bày trí rất có gu, chủ nhà nhiệt tình hỗ trợ check-in sớm."
1713931997924157612,10491,2026-08-15,992043,Hoang Phuc,4 năm hoạt động trên Airbnb,5,"Ấm cúng, trang thiết bị hiện đại, giường nệm êm ái ngủ rất ngon."
1713931997924157612,10492,2026-09-13,585394,Phương Thảo,Mới tham gia Airbnb,5,"Phòng siêu đẹp y chang trên ảnh, bày trí rất có gu. Phòng mới và sạch sẽ, đầy đủ tiện nghi."
1713931997924157612,10493,2026-07-19,200217,Béo,1 năm hoạt động trên Airbnb,5,"Chủ nhà thân thiện và hiếu khách, chắc chắn sẽ quay lại khi có dịp ghé thăm thành phố."
1759554596058595926,10494,2026-08-07,386245,Hoang Phuc,4 năm hoạt động trên Airbnb,5,"Ấm cúng, trang thiết bị hiện đại, giường nệm êm ái ngủ rất ngon."
1759554596058595926,10495,2026-07-13,576592,Thảo,3 năm hoạt động trên Airbnb,5,"Rất sạch đẹp, vị trí trung tâm đi đâu cũng tiện, hồ bơi và ban công ngắm hoàng hôn rất chill."
1759554596058595926,10496,2026-09-21,811971,Quốc Anh,2 năm hoạt động trên Airbnb,5,"Trải nghiệm tuyệt vời! Tự nhận phòng với mã khóa cực kỳ tiện lợi, an ninh tốt."
1759554596058595926,10497,2026-07-30,538366,Chimmiii,Mới tham gia Airbnb,5,"Phòng xinhh, sạch sẽ và thoáng đãng lắm ạ."
1759554596058595926,10498,2026-09-08,682414,Như Hoa,4 năm hoạt động trên Airbnb,5,"Phòng đẹp, xinh. Rất mới. Bày trí rất có gu, chủ nhà nhiệt tình hỗ trợ check-in sớm."
1759554596058595926,10499,2026-07-11,298237,Phương Thảo,Mới tham gia Airbnb,5,"Phòng siêu đẹp y chang trên ảnh, bày trí rất có gu. Phòng mới và sạch sẽ, đầy đủ tiện nghi."
1759554596058595926,10500,2026-07-07,767714,Lan Hương,5 năm hoạt động trên Airbnb,5,"View đẹp mê ly, căn hộ sáng sủa nhiều ánh sáng tự nhiên. 10/10 điểm cho chất lượng phục vụ!"
1173211442030746156,10501,2026-09-19,518559,Lan Hương,5 năm hoạt động trên Airbnb,5,"View đẹp mê ly, căn hộ sáng sủa nhiều ánh sáng tự nhiên. 10/10 điểm cho chất lượng phục vụ!"
1173211442030746156,10502,2026-07-26,932568,Béo,1 năm hoạt động trên Airbnb,5,"Chủ nhà thân thiện và hiếu khách, chắc chắn sẽ quay lại khi có dịp ghé thăm thành phố."
1173211442030746156,10503,2026-08-23,736652,Quốc Anh,2 năm hoạt động trên Airbnb,5,"Trải nghiệm tuyệt vời! Tự nhận phòng với mã khóa cực kỳ tiện lợi, an ninh tốt."
1173211442030746156,10504,2026-07-07,525416,Chimmiii,Mới tham gia Airbnb,5,"Phòng xinhh, sạch sẽ và thoáng đãng lắm ạ."
1173211442030746156,10505,2026-08-01,557576,Hoang Phuc,4 năm hoạt động trên Airbnb,5,"Ấm cúng, trang thiết bị hiện đại, giường nệm êm ái ngủ rất ngon."
1173211442030746156,10506,2026-09-03,208241,Thảo,3 năm hoạt động trên Airbnb,5,"Rất sạch đẹp, vị trí trung tâm đi đâu cũng tiện, hồ bơi và ban công ngắm hoàng hôn rất chill."
914381815748479335,10507,2026-07-20,853407,Hoang Phuc,4 năm hoạt động trên Airbnb,5,"Ấm cúng, trang thiết bị hiện đại, giường nệm êm ái ngủ rất ngon."
914381815748479335,10508,2026-08-07,315100,Quốc Anh,2 năm hoạt động trên Airbnb,5,"Trải nghiệm tuyệt vời! Tự nhận phòng với mã khóa cực kỳ tiện lợi, an ninh tốt."
914381815748479335,10509,2026-08-07,696074,Béo,1 năm hoạt động trên Airbnb,5,"Chủ nhà thân thiện và hiếu khách, chắc chắn sẽ quay lại khi có dịp ghé thăm thành phố."
914381815748479335,10510,2026-09-17,286839,Thảo,3 năm hoạt động trên Airbnb,5,"Rất sạch đẹp, vị trí trung tâm đi đâu cũng tiện, hồ bơi và ban công ngắm hoàng hôn rất chill."
914381815748479335,10511,2026-08-20,891071,Phương Thảo,Mới tham gia Airbnb,5,"Phòng siêu đẹp y chang trên ảnh, bày trí rất có gu. Phòng mới và sạch sẽ, đầy đủ tiện nghi."
914381815748479335,10512,2026-07-26,953633,Chimmiii,Mới tham gia Airbnb,5,"Phòng xinhh, sạch sẽ và thoáng đãng lắm ạ."
914381815748479335,10513,2026-07-31,382013,Lan Hương,5 năm hoạt động trên Airbnb,5,"View đẹp mê ly, căn hộ sáng sủa nhiều ánh sáng tự nhiên. 10/10 điểm cho chất lượng phục vụ!"
1534099604464296826,10514,2026-07-16,743680,Quốc Anh,2 năm hoạt động trên Airbnb,5,"Trải nghiệm tuyệt vời! Tự nhận phòng với mã khóa cực kỳ tiện lợi, an ninh tốt."
1534099604464296826,10515,2026-07-09,513538,Lan Hương,5 năm hoạt động trên Airbnb,5,"View đẹp mê ly, căn hộ sáng sủa nhiều ánh sáng tự nhiên. 10/10 điểm cho chất lượng phục vụ!"
1534099604464296826,10516,2026-09-21,383873,Béo,1 năm hoạt động trên Airbnb,5,"Chủ nhà thân thiện và hiếu khách, chắc chắn sẽ quay lại khi có dịp ghé thăm thành phố."
1534099604464296826,10517,2026-07-08,949078,Thảo,3 năm hoạt động trên Airbnb,5,"Rất sạch đẹp, vị trí trung tâm đi đâu cũng tiện, hồ bơi và ban công ngắm hoàng hôn rất chill."
1534099604464296826,10518,2026-07-28,502244,Như Hoa,4 năm hoạt động trên Airbnb,5,"Phòng đẹp, xinh. Rất mới. Bày trí rất có gu, chủ nhà nhiệt tình hỗ trợ check-in sớm."
1534099604464296826,10519,2026-06-28,338527,Hoang Phuc,4 năm hoạt động trên Airbnb,5,"Ấm cúng, trang thiết bị hiện đại, giường nệm êm ái ngủ rất ngon."
1534099604464296826,10520,2026-08-09,742280,Chimmiii,Mới tham gia Airbnb,5,"Phòng xinhh, sạch sẽ và thoáng đãng lắm ạ."
1534099604464296826,10521,2026-09-04,572091,Phương Thảo,Mới tham gia Airbnb,5,"Phòng siêu đẹp y chang trên ảnh, bày trí rất có gu. Phòng mới và sạch sẽ, đầy đủ tiện nghi."
1417186988526473111,10522,2026-07-14,209728,Hoang Phuc,4 năm hoạt động trên Airbnb,5,"Ấm cúng, trang thiết bị hiện đại, giường nệm êm ái ngủ rất ngon."
1417186988526473111,10523,2026-08-08,292310,Lan Hương,5 năm hoạt động trên Airbnb,5,"View đẹp mê ly, căn hộ sáng sủa nhiều ánh sáng tự nhiên. 10/10 điểm cho chất lượng phục vụ!"
1417186988526473111,10524,2026-09-01,588139,Thảo,3 năm hoạt động trên Airbnb,5,"Rất sạch đẹp, vị trí trung tâm đi đâu cũng tiện, hồ bơi và ban công ngắm hoàng hôn rất chill."
1417186988526473111,10525,2026-07-20,875886,Quốc Anh,2 năm hoạt động trên Airbnb,5,"Trải nghiệm tuyệt vời! Tự nhận phòng với mã khóa cực kỳ tiện lợi, an ninh tốt."
1528353159475021176,10526,2026-08-17,283691,Như Hoa,4 năm hoạt động trên Airbnb,5,"Phòng đẹp, xinh. Rất mới. Bày trí rất có gu, chủ nhà nhiệt tình hỗ trợ check-in sớm."
1528353159475021176,10527,2026-07-21,806934,Quốc Anh,2 năm hoạt động trên Airbnb,5,"Trải nghiệm tuyệt vời! Tự nhận phòng với mã khóa cực kỳ tiện lợi, an ninh tốt."
1528353159475021176,10528,2026-07-08,549707,Chimmiii,Mới tham gia Airbnb,5,"Phòng xinhh, sạch sẽ và thoáng đãng lắm ạ."
1528353159475021176,10529,2026-09-22,304292,Lan Hương,5 năm hoạt động trên Airbnb,5,"View đẹp mê ly, căn hộ sáng sủa nhiều ánh sáng tự nhiên. 10/10 điểm cho chất lượng phục vụ!"
1528353159475021176,10530,2026-09-14,335173,Béo,1 năm hoạt động trên Airbnb,5,"Chủ nhà thân thiện và hiếu khách, chắc chắn sẽ quay lại khi có dịp ghé thăm thành phố."
1755849370564123218,10531,2026-08-06,269504,Béo,1 năm hoạt động trên Airbnb,5,"Chủ nhà thân thiện và hiếu khách, chắc chắn sẽ quay lại khi có dịp ghé thăm thành phố."
1755849370564123218,10532,2026-08-08,680939,Quốc Anh,2 năm hoạt động trên Airbnb,5,"Trải nghiệm tuyệt vời! Tự nhận phòng với mã khóa cực kỳ tiện lợi, an ninh tốt."
1755849370564123218,10533,2026-09-01,686629,Lan Hương,5 năm hoạt động trên Airbnb,5,"View đẹp mê ly, căn hộ sáng sủa nhiều ánh sáng tự nhiên. 10/10 điểm cho chất lượng phục vụ!"
1755849370564123218,10534,2026-06-28,736738,Chimmiii,Mới tham gia Airbnb,5,"Phòng xinhh, sạch sẽ và thoáng đãng lắm ạ."
1594185928364774936,10535,2026-08-15,218825,Quốc Anh,2 năm hoạt động trên Airbnb,5,"Trải nghiệm tuyệt vời! Tự nhận phòng với mã khóa cực kỳ tiện lợi, an ninh tốt."
1594185928364774936,10536,2026-09-11,990184,Như Hoa,4 năm hoạt động trên Airbnb,5,"Phòng đẹp, xinh. Rất mới. Bày trí rất có gu, chủ nhà nhiệt tình hỗ trợ check-in sớm."
1594185928364774936,10537,2026-08-24,941979,Hoang Phuc,4 năm hoạt động trên Airbnb,5,"Ấm cúng, trang thiết bị hiện đại, giường nệm êm ái ngủ rất ngon."
1594185928364774936,10538,2026-08-22,779773,Phương Thảo,Mới tham gia Airbnb,5,"Phòng siêu đẹp y chang trên ảnh, bày trí rất có gu. Phòng mới và sạch sẽ, đầy đủ tiện nghi."
1594185928364774936,10539,2026-07-29,833247,Béo,1 năm hoạt động trên Airbnb,5,"Chủ nhà thân thiện và hiếu khách, chắc chắn sẽ quay lại khi có dịp ghé thăm thành phố."
1708033902776576600,10540,2026-08-08,611305,Chimmiii,Mới tham gia Airbnb,5,"Phòng xinhh, sạch sẽ và thoáng đãng lắm ạ."
1708033902776576600,10541,2026-09-17,777987,Béo,1 năm hoạt động trên Airbnb,5,"Chủ nhà thân thiện và hiếu khách, chắc chắn sẽ quay lại khi có dịp ghé thăm thành phố."
1708033902776576600,10542,2026-07-07,845564,Thảo,3 năm hoạt động trên Airbnb,5,"Rất sạch đẹp, vị trí trung tâm đi đâu cũng tiện, hồ bơi và ban công ngắm hoàng hôn rất chill."
1708033902776576600,10543,2026-08-26,522642,Lan Hương,5 năm hoạt động trên Airbnb,5,"View đẹp mê ly, căn hộ sáng sủa nhiều ánh sáng tự nhiên. 10/10 điểm cho chất lượng phục vụ!"
1708033902776576600,10544,2026-07-06,696213,Phương Thảo,Mới tham gia Airbnb,5,"Phòng siêu đẹp y chang trên ảnh, bày trí rất có gu. Phòng mới và sạch sẽ, đầy đủ tiện nghi."
1665665191070155881,10545,2026-08-25,387823,Lan Hương,5 năm hoạt động trên Airbnb,5,"View đẹp mê ly, căn hộ sáng sủa nhiều ánh sáng tự nhiên. 10/10 điểm cho chất lượng phục vụ!"
1665665191070155881,10546,2026-07-14,706135,Béo,1 năm hoạt động trên Airbnb,5,"Chủ nhà thân thiện và hiếu khách, chắc chắn sẽ quay lại khi có dịp ghé thăm thành phố."
1665665191070155881,10547,2026-09-15,430482,Thảo,3 năm hoạt động trên Airbnb,5,"Rất sạch đẹp, vị trí trung tâm đi đâu cũng tiện, hồ bơi và ban công ngắm hoàng hôn rất chill."
1665665191070155881,10548,2026-07-07,772044,Như Hoa,4 năm hoạt động trên Airbnb,5,"Phòng đẹp, xinh. Rất mới. Bày trí rất có gu, chủ nhà nhiệt tình hỗ trợ check-in sớm."
1665665191070155881,10549,2026-08-26,825306,Quốc Anh,2 năm hoạt động trên Airbnb,5,"Trải nghiệm tuyệt vời! Tự nhận phòng với mã khóa cực kỳ tiện lợi, an ninh tốt."
1665665191070155881,10550,2026-07-31,572960,Chimmiii,Mới tham gia Airbnb,5,"Phòng xinhh, sạch sẽ và thoáng đãng lắm ạ."
1665665191070155881,10551,2026-07-16,364800,Hoang Phuc,4 năm hoạt động trên Airbnb,5,"Ấm cúng, trang thiết bị hiện đại, giường nệm êm ái ngủ rất ngon."
1727290601476899907,10552,2026-07-30,827199,Như Hoa,4 năm hoạt động trên Airbnb,5,"Phòng đẹp, xinh. Rất mới. Bày trí rất có gu, chủ nhà nhiệt tình hỗ trợ check-in sớm."
1727290601476899907,10553,2026-07-15,346289,Hoang Phuc,4 năm hoạt động trên Airbnb,5,"Ấm cúng, trang thiết bị hiện đại, giường nệm êm ái ngủ rất ngon."
1727290601476899907,10554,2026-07-18,978790,Chimmiii,Mới tham gia Airbnb,5,"Phòng xinhh, sạch sẽ và thoáng đãng lắm ạ."
1727290601476899907,10555,2026-07-18,783919,Phương Thảo,Mới tham gia Airbnb,5,"Phòng siêu đẹp y chang trên ảnh, bày trí rất có gu. Phòng mới và sạch sẽ, đầy đủ tiện nghi."
1539242242683287704,10556,2026-09-03,452718,Thảo,3 năm hoạt động trên Airbnb,5,"Rất sạch đẹp, vị trí trung tâm đi đâu cũng tiện, hồ bơi và ban công ngắm hoàng hôn rất chill."
1539242242683287704,10557,2026-09-06,840337,Béo,1 năm hoạt động trên Airbnb,5,"Chủ nhà thân thiện và hiếu khách, chắc chắn sẽ quay lại khi có dịp ghé thăm thành phố."
1539242242683287704,10558,2026-09-14,535805,Lan Hương,5 năm hoạt động trên Airbnb,5,"View đẹp mê ly, căn hộ sáng sủa nhiều ánh sáng tự nhiên. 10/10 điểm cho chất lượng phục vụ!"
1539242242683287704,10559,2026-07-27,260195,Hoang Phuc,4 năm hoạt động trên Airbnb,5,"Ấm cúng, trang thiết bị hiện đại, giường nệm êm ái ngủ rất ngon."
1539242242683287704,10560,2026-08-25,559443,Như Hoa,4 năm hoạt động trên Airbnb,5,"Phòng đẹp, xinh. Rất mới. Bày trí rất có gu, chủ nhà nhiệt tình hỗ trợ check-in sớm."
1539242242683287704,10561,2026-07-11,477037,Chimmiii,Mới tham gia Airbnb,5,"Phòng xinhh, sạch sẽ và thoáng đãng lắm ạ."
1539242242683287704,10562,2026-08-09,933913,Phương Thảo,Mới tham gia Airbnb,5,"Phòng siêu đẹp y chang trên ảnh, bày trí rất có gu. Phòng mới và sạch sẽ, đầy đủ tiện nghi."
1539242242683287704,10563,2026-08-28,804641,Quốc Anh,2 năm hoạt động trên Airbnb,5,"Trải nghiệm tuyệt vời! Tự nhận phòng với mã khóa cực kỳ tiện lợi, an ninh tốt."
1541858952432723970,10564,2026-06-28,485362,Thảo,3 năm hoạt động trên Airbnb,5,"Rất sạch đẹp, vị trí trung tâm đi đâu cũng tiện, hồ bơi và ban công ngắm hoàng hôn rất chill."
1541858952432723970,10565,2026-07-05,675182,Như Hoa,4 năm hoạt động trên Airbnb,5,"Phòng đẹp, xinh. Rất mới. Bày trí rất có gu, chủ nhà nhiệt tình hỗ trợ check-in sớm."
1541858952432723970,10566,2026-08-02,542221,Phương Thảo,Mới tham gia Airbnb,5,"Phòng siêu đẹp y chang trên ảnh, bày trí rất có gu. Phòng mới và sạch sẽ, đầy đủ tiện nghi."
1541858952432723970,10567,2026-07-12,440252,Béo,1 năm hoạt động trên Airbnb,5,"Chủ nhà thân thiện và hiếu khách, chắc chắn sẽ quay lại khi có dịp ghé thăm thành phố."
1541858952432723970,10568,2026-07-07,952205,Lan Hương,5 năm hoạt động trên Airbnb,5,"View đẹp mê ly, căn hộ sáng sủa nhiều ánh sáng tự nhiên. 10/10 điểm cho chất lượng phục vụ!"
1392426868118313679,10569,2026-06-30,234283,Chimmiii,Mới tham gia Airbnb,5,"Phòng xinhh, sạch sẽ và thoáng đãng lắm ạ."
1392426868118313679,10570,2026-07-11,316018,Quốc Anh,2 năm hoạt động trên Airbnb,5,"Trải nghiệm tuyệt vời! Tự nhận phòng với mã khóa cực kỳ tiện lợi, an ninh tốt."
1392426868118313679,10571,2026-09-23,566104,Béo,1 năm hoạt động trên Airbnb,5,"Chủ nhà thân thiện và hiếu khách, chắc chắn sẽ quay lại khi có dịp ghé thăm thành phố."
1392426868118313679,10572,2026-09-20,748903,Lan Hương,5 năm hoạt động trên Airbnb,5,"View đẹp mê ly, căn hộ sáng sủa nhiều ánh sáng tự nhiên. 10/10 điểm cho chất lượng phục vụ!"
1392426868118313679,10573,2026-08-13,222922,Thảo,3 năm hoạt động trên Airbnb,5,"Rất sạch đẹp, vị trí trung tâm đi đâu cũng tiện, hồ bơi và ban công ngắm hoàng hôn rất chill."
1392426868118313679,10574,2026-07-29,649490,Như Hoa,4 năm hoạt động trên Airbnb,5,"Phòng đẹp, xinh. Rất mới. Bày trí rất có gu, chủ nhà nhiệt tình hỗ trợ check-in sớm."
1392426868118313679,10575,2026-07-17,452044,Phương Thảo,Mới tham gia Airbnb,5,"Phòng siêu đẹp y chang trên ảnh, bày trí rất có gu. Phòng mới và sạch sẽ, đầy đủ tiện nghi."
1683902656241028496,10576,2026-09-16,689797,Lan Hương,5 năm hoạt động trên Airbnb,5,"View đẹp mê ly, căn hộ sáng sủa nhiều ánh sáng tự nhiên. 10/10 điểm cho chất lượng phục vụ!"
1683902656241028496,10577,2026-09-08,711035,Như Hoa,4 năm hoạt động trên Airbnb,5,"Phòng đẹp, xinh. Rất mới. Bày trí rất có gu, chủ nhà nhiệt tình hỗ trợ check-in sớm."
1683902656241028496,10578,2026-09-05,462223,Chimmiii,Mới tham gia Airbnb,5,"Phòng xinhh, sạch sẽ và thoáng đãng lắm ạ."
1683902656241028496,10579,2026-08-21,387058,Hoang Phuc,4 năm hoạt động trên Airbnb,5,"Ấm cúng, trang thiết bị hiện đại, giường nệm êm ái ngủ rất ngon."
1683902656241028496,10580,2026-07-26,551585,Béo,1 năm hoạt động trên Airbnb,5,"Chủ nhà thân thiện và hiếu khách, chắc chắn sẽ quay lại khi có dịp ghé thăm thành phố."
1661665527409400846,10581,2026-09-03,413489,Thảo,3 năm hoạt động trên Airbnb,5,"Rất sạch đẹp, vị trí trung tâm đi đâu cũng tiện, hồ bơi và ban công ngắm hoàng hôn rất chill."
1661665527409400846,10582,2026-07-17,631291,Phương Thảo,Mới tham gia Airbnb,5,"Phòng siêu đẹp y chang trên ảnh, bày trí rất có gu. Phòng mới và sạch sẽ, đầy đủ tiện nghi."
1661665527409400846,10583,2026-08-27,649737,Như Hoa,4 năm hoạt động trên Airbnb,5,"Phòng đẹp, xinh. Rất mới. Bày trí rất có gu, chủ nhà nhiệt tình hỗ trợ check-in sớm."
1661665527409400846,10584,2026-09-01,645685,Béo,1 năm hoạt động trên Airbnb,5,"Chủ nhà thân thiện và hiếu khách, chắc chắn sẽ quay lại khi có dịp ghé thăm thành phố."
1661665527409400846,10585,2026-06-29,472252,Quốc Anh,2 năm hoạt động trên Airbnb,5,"Trải nghiệm tuyệt vời! Tự nhận phòng với mã khóa cực kỳ tiện lợi, an ninh tốt."
1661665527409400846,10586,2026-07-26,737609,Lan Hương,5 năm hoạt động trên Airbnb,5,"View đẹp mê ly, căn hộ sáng sủa nhiều ánh sáng tự nhiên. 10/10 điểm cho chất lượng phục vụ!"
1744796228565118143,10587,2026-09-09,975248,Chimmiii,Mới tham gia Airbnb,5,"Phòng xinhh, sạch sẽ và thoáng đãng lắm ạ."
1744796228565118143,10588,2026-09-09,348470,Thảo,3 năm hoạt động trên Airbnb,5,"Rất sạch đẹp, vị trí trung tâm đi đâu cũng tiện, hồ bơi và ban công ngắm hoàng hôn rất chill."
1744796228565118143,10589,2026-07-15,318554,Như Hoa,4 năm hoạt động trên Airbnb,5,"Phòng đẹp, xinh. Rất mới. Bày trí rất có gu, chủ nhà nhiệt tình hỗ trợ check-in sớm."
1744796228565118143,10590,2026-07-24,343133,Lan Hương,5 năm hoạt động trên Airbnb,5,"View đẹp mê ly, căn hộ sáng sủa nhiều ánh sáng tự nhiên. 10/10 điểm cho chất lượng phục vụ!"
1744796228565118143,10591,2026-09-04,936266,Hoang Phuc,4 năm hoạt động trên Airbnb,5,"Ấm cúng, trang thiết bị hiện đại, giường nệm êm ái ngủ rất ngon."
1744796228565118143,10592,2026-08-24,283330,Phương Thảo,Mới tham gia Airbnb,5,"Phòng siêu đẹp y chang trên ảnh, bày trí rất có gu. Phòng mới và sạch sẽ, đầy đủ tiện nghi."
1744796228565118143,10593,2026-07-03,784335,Quốc Anh,2 năm hoạt động trên Airbnb,5,"Trải nghiệm tuyệt vời! Tự nhận phòng với mã khóa cực kỳ tiện lợi, an ninh tốt."
1672472912243343397,10594,2026-07-11,203322,Thảo,3 năm hoạt động trên Airbnb,5,"Rất sạch đẹp, vị trí trung tâm đi đâu cũng tiện, hồ bơi và ban công ngắm hoàng hôn rất chill."
1672472912243343397,10595,2026-07-18,526994,Béo,1 năm hoạt động trên Airbnb,5,"Chủ nhà thân thiện và hiếu khách, chắc chắn sẽ quay lại khi có dịp ghé thăm thành phố."
1672472912243343397,10596,2026-09-16,220388,Hoang Phuc,4 năm hoạt động trên Airbnb,5,"Ấm cúng, trang thiết bị hiện đại, giường nệm êm ái ngủ rất ngon."
1672472912243343397,10597,2026-08-13,378716,Phương Thảo,Mới tham gia Airbnb,5,"Phòng siêu đẹp y chang trên ảnh, bày trí rất có gu. Phòng mới và sạch sẽ, đầy đủ tiện nghi."
1672472912243343397,10598,2026-08-19,310841,Chimmiii,Mới tham gia Airbnb,5,"Phòng xinhh, sạch sẽ và thoáng đãng lắm ạ."
1672472912243343397,10599,2026-09-18,976926,Như Hoa,4 năm hoạt động trên Airbnb,5,"Phòng đẹp, xinh. Rất mới. Bày trí rất có gu, chủ nhà nhiệt tình hỗ trợ check-in sớm."
1773460169532879155,10600,2026-08-22,842778,Lan Hương,5 năm hoạt động trên Airbnb,5,"View đẹp mê ly, căn hộ sáng sủa nhiều ánh sáng tự nhiên. 10/10 điểm cho chất lượng phục vụ!"
1773460169532879155,10601,2026-08-18,584906,Phương Thảo,Mới tham gia Airbnb,5,"Phòng siêu đẹp y chang trên ảnh, bày trí rất có gu. Phòng mới và sạch sẽ, đầy đủ tiện nghi."
1773460169532879155,10602,2026-07-16,408180,Hoang Phuc,4 năm hoạt động trên Airbnb,5,"Ấm cúng, trang thiết bị hiện đại, giường nệm êm ái ngủ rất ngon."
1773460169532879155,10603,2026-08-23,758734,Chimmiii,Mới tham gia Airbnb,5,"Phòng xinhh, sạch sẽ và thoáng đãng lắm ạ."
1773460169532879155,10604,2026-07-27,998146,Béo,1 năm hoạt động trên Airbnb,5,"Chủ nhà thân thiện và hiếu khách, chắc chắn sẽ quay lại khi có dịp ghé thăm thành phố."
1773936556408081774,10605,2026-09-01,415894,Béo,1 năm hoạt động trên Airbnb,5,"Chủ nhà thân thiện và hiếu khách, chắc chắn sẽ quay lại khi có dịp ghé thăm thành phố."
1773936556408081774,10606,2026-07-20,373777,Chimmiii,Mới tham gia Airbnb,5,"Phòng xinhh, sạch sẽ và thoáng đãng lắm ạ."
1773936556408081774,10607,2026-07-24,292580,Thảo,3 năm hoạt động trên Airbnb,5,"Rất sạch đẹp, vị trí trung tâm đi đâu cũng tiện, hồ bơi và ban công ngắm hoàng hôn rất chill."
1773936556408081774,10608,2026-09-04,484690,Hoang Phuc,4 năm hoạt động trên Airbnb,5,"Ấm cúng, trang thiết bị hiện đại, giường nệm êm ái ngủ rất ngon."
1773936556408081774,10609,2026-07-04,258732,Như Hoa,4 năm hoạt động trên Airbnb,5,"Phòng đẹp, xinh. Rất mới. Bày trí rất có gu, chủ nhà nhiệt tình hỗ trợ check-in sớm."
1773936556408081774,10610,2026-07-10,836076,Quốc Anh,2 năm hoạt động trên Airbnb,5,"Trải nghiệm tuyệt vời! Tự nhận phòng với mã khóa cực kỳ tiện lợi, an ninh tốt."
1773936556408081774,10611,2026-07-24,221289,Lan Hương,5 năm hoạt động trên Airbnb,5,"View đẹp mê ly, căn hộ sáng sủa nhiều ánh sáng tự nhiên. 10/10 điểm cho chất lượng phục vụ!"
1458572872775608131,10612,2026-08-21,202368,Như Hoa,4 năm hoạt động trên Airbnb,5,"Phòng đẹp, xinh. Rất mới. Bày trí rất có gu, chủ nhà nhiệt tình hỗ trợ check-in sớm."
1458572872775608131,10613,2026-09-01,819008,Thảo,3 năm hoạt động trên Airbnb,5,"Rất sạch đẹp, vị trí trung tâm đi đâu cũng tiện, hồ bơi và ban công ngắm hoàng hôn rất chill."
1458572872775608131,10614,2026-07-23,656694,Chimmiii,Mới tham gia Airbnb,5,"Phòng xinhh, sạch sẽ và thoáng đãng lắm ạ."
1458572872775608131,10615,2026-07-27,278584,Quốc Anh,2 năm hoạt động trên Airbnb,5,"Trải nghiệm tuyệt vời! Tự nhận phòng với mã khóa cực kỳ tiện lợi, an ninh tốt."
1458572872775608131,10616,2026-08-07,310235,Béo,1 năm hoạt động trên Airbnb,5,"Chủ nhà thân thiện và hiếu khách, chắc chắn sẽ quay lại khi có dịp ghé thăm thành phố."
1458572872775608131,10617,2026-07-26,298752,Hoang Phuc,4 năm hoạt động trên Airbnb,5,"Ấm cúng, trang thiết bị hiện đại, giường nệm êm ái ngủ rất ngon."
1752034129142984845,10618,2026-08-08,872529,Phương Thảo,Mới tham gia Airbnb,5,"Phòng siêu đẹp y chang trên ảnh, bày trí rất có gu. Phòng mới và sạch sẽ, đầy đủ tiện nghi."
1752034129142984845,10619,2026-09-05,314551,Thảo,3 năm hoạt động trên Airbnb,5,"Rất sạch đẹp, vị trí trung tâm đi đâu cũng tiện, hồ bơi và ban công ngắm hoàng hôn rất chill."
1752034129142984845,10620,2026-07-14,216967,Chimmiii,Mới tham gia Airbnb,5,"Phòng xinhh, sạch sẽ và thoáng đãng lắm ạ."
1752034129142984845,10621,2026-07-19,567681,Lan Hương,5 năm hoạt động trên Airbnb,5,"View đẹp mê ly, căn hộ sáng sủa nhiều ánh sáng tự nhiên. 10/10 điểm cho chất lượng phục vụ!"
1454041992187961002,10622,2026-07-14,401715,Như Hoa,4 năm hoạt động trên Airbnb,5,"Phòng đẹp, xinh. Rất mới. Bày trí rất có gu, chủ nhà nhiệt tình hỗ trợ check-in sớm."
1454041992187961002,10623,2026-09-13,994911,Chimmiii,Mới tham gia Airbnb,5,"Phòng xinhh, sạch sẽ và thoáng đãng lắm ạ."
1454041992187961002,10624,2026-08-19,453412,Quốc Anh,2 năm hoạt động trên Airbnb,5,"Trải nghiệm tuyệt vời! Tự nhận phòng với mã khóa cực kỳ tiện lợi, an ninh tốt."
1454041992187961002,10625,2026-07-21,565590,Béo,1 năm hoạt động trên Airbnb,5,"Chủ nhà thân thiện và hiếu khách, chắc chắn sẽ quay lại khi có dịp ghé thăm thành phố."
1454041992187961002,10626,2026-08-15,525170,Phương Thảo,Mới tham gia Airbnb,5,"Phòng siêu đẹp y chang trên ảnh, bày trí rất có gu. Phòng mới và sạch sẽ, đầy đủ tiện nghi."
1454041992187961002,10627,2026-08-14,390081,Thảo,3 năm hoạt động trên Airbnb,5,"Rất sạch đẹp, vị trí trung tâm đi đâu cũng tiện, hồ bơi và ban công ngắm hoàng hôn rất chill."
1631819992639835956,10628,2026-09-17,973255,Lan Hương,5 năm hoạt động trên Airbnb,5,"View đẹp mê ly, căn hộ sáng sủa nhiều ánh sáng tự nhiên. 10/10 điểm cho chất lượng phục vụ!"
1631819992639835956,10629,2026-09-02,494841,Hoang Phuc,4 năm hoạt động trên Airbnb,5,"Ấm cúng, trang thiết bị hiện đại, giường nệm êm ái ngủ rất ngon."
1631819992639835956,10630,2026-09-02,510540,Chimmiii,Mới tham gia Airbnb,5,"Phòng xinhh, sạch sẽ và thoáng đãng lắm ạ."
1631819992639835956,10631,2026-07-29,868752,Như Hoa,4 năm hoạt động trên Airbnb,5,"Phòng đẹp, xinh. Rất mới. Bày trí rất có gu, chủ nhà nhiệt tình hỗ trợ check-in sớm."
1631819992639835956,10632,2026-08-04,616432,Quốc Anh,2 năm hoạt động trên Airbnb,5,"Trải nghiệm tuyệt vời! Tự nhận phòng với mã khóa cực kỳ tiện lợi, an ninh tốt."
1348307996975028732,10633,2026-07-02,439940,Quốc Anh,2 năm hoạt động trên Airbnb,5,"Trải nghiệm tuyệt vời! Tự nhận phòng với mã khóa cực kỳ tiện lợi, an ninh tốt."
1348307996975028732,10634,2026-08-23,706591,Lan Hương,5 năm hoạt động trên Airbnb,5,"View đẹp mê ly, căn hộ sáng sủa nhiều ánh sáng tự nhiên. 10/10 điểm cho chất lượng phục vụ!"
1348307996975028732,10635,2026-07-29,761212,Như Hoa,4 năm hoạt động trên Airbnb,5,"Phòng đẹp, xinh. Rất mới. Bày trí rất có gu, chủ nhà nhiệt tình hỗ trợ check-in sớm."
1348307996975028732,10636,2026-08-20,224333,Béo,1 năm hoạt động trên Airbnb,5,"Chủ nhà thân thiện và hiếu khách, chắc chắn sẽ quay lại khi có dịp ghé thăm thành phố."
1639654585476401634,10637,2026-07-27,804179,Quốc Anh,2 năm hoạt động trên Airbnb,5,"Trải nghiệm tuyệt vời! Tự nhận phòng với mã khóa cực kỳ tiện lợi, an ninh tốt."
1639654585476401634,10638,2026-07-27,859202,Lan Hương,5 năm hoạt động trên Airbnb,5,"View đẹp mê ly, căn hộ sáng sủa nhiều ánh sáng tự nhiên. 10/10 điểm cho chất lượng phục vụ!"
1639654585476401634,10639,2026-07-29,304126,Như Hoa,4 năm hoạt động trên Airbnb,5,"Phòng đẹp, xinh. Rất mới. Bày trí rất có gu, chủ nhà nhiệt tình hỗ trợ check-in sớm."
1639654585476401634,10640,2026-08-29,769718,Chimmiii,Mới tham gia Airbnb,5,"Phòng xinhh, sạch sẽ và thoáng đãng lắm ạ."
1639654585476401634,10641,2026-08-06,219501,Béo,1 năm hoạt động trên Airbnb,5,"Chủ nhà thân thiện và hiếu khách, chắc chắn sẽ quay lại khi có dịp ghé thăm thành phố."
1671492068058763422,10642,2026-07-12,594922,Quốc Anh,2 năm hoạt động trên Airbnb,5,"Trải nghiệm tuyệt vời! Tự nhận phòng với mã khóa cực kỳ tiện lợi, an ninh tốt."
1671492068058763422,10643,2026-08-18,226211,Như Hoa,4 năm hoạt động trên Airbnb,5,"Phòng đẹp, xinh. Rất mới. Bày trí rất có gu, chủ nhà nhiệt tình hỗ trợ check-in sớm."
1671492068058763422,10644,2026-08-31,970664,Thảo,3 năm hoạt động trên Airbnb,5,"Rất sạch đẹp, vị trí trung tâm đi đâu cũng tiện, hồ bơi và ban công ngắm hoàng hôn rất chill."
1671492068058763422,10645,2026-08-28,784878,Phương Thảo,Mới tham gia Airbnb,5,"Phòng siêu đẹp y chang trên ảnh, bày trí rất có gu. Phòng mới và sạch sẽ, đầy đủ tiện nghi."
1616332704328567151,10646,2026-09-17,689574,Béo,1 năm hoạt động trên Airbnb,5,"Chủ nhà thân thiện và hiếu khách, chắc chắn sẽ quay lại khi có dịp ghé thăm thành phố."
1616332704328567151,10647,2026-07-05,259388,Hoang Phuc,4 năm hoạt động trên Airbnb,5,"Ấm cúng, trang thiết bị hiện đại, giường nệm êm ái ngủ rất ngon."
1616332704328567151,10648,2026-08-16,279456,Lan Hương,5 năm hoạt động trên Airbnb,5,"View đẹp mê ly, căn hộ sáng sủa nhiều ánh sáng tự nhiên. 10/10 điểm cho chất lượng phục vụ!"
1616332704328567151,10649,2026-09-06,221695,Thảo,3 năm hoạt động trên Airbnb,5,"Rất sạch đẹp, vị trí trung tâm đi đâu cũng tiện, hồ bơi và ban công ngắm hoàng hôn rất chill."
1616332704328567151,10650,2026-09-13,930705,Phương Thảo,Mới tham gia Airbnb,5,"Phòng siêu đẹp y chang trên ảnh, bày trí rất có gu. Phòng mới và sạch sẽ, đầy đủ tiện nghi."
1616332704328567151,10651,2026-07-23,636865,Quốc Anh,2 năm hoạt động trên Airbnb,5,"Trải nghiệm tuyệt vời! Tự nhận phòng với mã khóa cực kỳ tiện lợi, an ninh tốt."
1163529695434156300,10652,2026-08-13,320087,Phương Thảo,Mới tham gia Airbnb,5,"Phòng siêu đẹp y chang trên ảnh, bày trí rất có gu. Phòng mới và sạch sẽ, đầy đủ tiện nghi."
1163529695434156300,10653,2026-07-07,523204,Chimmiii,Mới tham gia Airbnb,5,"Phòng xinhh, sạch sẽ và thoáng đãng lắm ạ."
1163529695434156300,10654,2026-07-12,626467,Thảo,3 năm hoạt động trên Airbnb,5,"Rất sạch đẹp, vị trí trung tâm đi đâu cũng tiện, hồ bơi và ban công ngắm hoàng hôn rất chill."
1163529695434156300,10655,2026-08-07,427391,Béo,1 năm hoạt động trên Airbnb,5,"Chủ nhà thân thiện và hiếu khách, chắc chắn sẽ quay lại khi có dịp ghé thăm thành phố."
1163529695434156300,10656,2026-09-03,921666,Hoang Phuc,4 năm hoạt động trên Airbnb,5,"Ấm cúng, trang thiết bị hiện đại, giường nệm êm ái ngủ rất ngon."
1163529695434156300,10657,2026-09-16,648267,Quốc Anh,2 năm hoạt động trên Airbnb,5,"Trải nghiệm tuyệt vời! Tự nhận phòng với mã khóa cực kỳ tiện lợi, an ninh tốt."
1661665711491466794,10658,2026-09-16,737766,Lan Hương,5 năm hoạt động trên Airbnb,5,"View đẹp mê ly, căn hộ sáng sủa nhiều ánh sáng tự nhiên. 10/10 điểm cho chất lượng phục vụ!"
1661665711491466794,10659,2026-08-08,780465,Thảo,3 năm hoạt động trên Airbnb,5,"Rất sạch đẹp, vị trí trung tâm đi đâu cũng tiện, hồ bơi và ban công ngắm hoàng hôn rất chill."
1661665711491466794,10660,2026-08-25,644574,Béo,1 năm hoạt động trên Airbnb,5,"Chủ nhà thân thiện và hiếu khách, chắc chắn sẽ quay lại khi có dịp ghé thăm thành phố."
1661665711491466794,10661,2026-09-16,971307,Phương Thảo,Mới tham gia Airbnb,5,"Phòng siêu đẹp y chang trên ảnh, bày trí rất có gu. Phòng mới và sạch sẽ, đầy đủ tiện nghi."
1738748585413813834,10662,2026-09-23,356514,Béo,1 năm hoạt động trên Airbnb,5,"Chủ nhà thân thiện và hiếu khách, chắc chắn sẽ quay lại khi có dịp ghé thăm thành phố."
1738748585413813834,10663,2026-08-02,342786,Hoang Phuc,4 năm hoạt động trên Airbnb,5,"Ấm cúng, trang thiết bị hiện đại, giường nệm êm ái ngủ rất ngon."
1738748585413813834,10664,2026-07-11,730172,Lan Hương,5 năm hoạt động trên Airbnb,5,"View đẹp mê ly, căn hộ sáng sủa nhiều ánh sáng tự nhiên. 10/10 điểm cho chất lượng phục vụ!"
1738748585413813834,10665,2026-08-01,380495,Thảo,3 năm hoạt động trên Airbnb,5,"Rất sạch đẹp, vị trí trung tâm đi đâu cũng tiện, hồ bơi và ban công ngắm hoàng hôn rất chill."
1738748585413813834,10666,2026-09-22,391719,Phương Thảo,Mới tham gia Airbnb,5,"Phòng siêu đẹp y chang trên ảnh, bày trí rất có gu. Phòng mới và sạch sẽ, đầy đủ tiện nghi."
1738748585413813834,10667,2026-09-14,873862,Quốc Anh,2 năm hoạt động trên Airbnb,5,"Trải nghiệm tuyệt vời! Tự nhận phòng với mã khóa cực kỳ tiện lợi, an ninh tốt."
1565254747533791557,10668,2026-08-25,743019,Lan Hương,5 năm hoạt động trên Airbnb,5,"View đẹp mê ly, căn hộ sáng sủa nhiều ánh sáng tự nhiên. 10/10 điểm cho chất lượng phục vụ!"
1565254747533791557,10669,2026-08-09,273233,Quốc Anh,2 năm hoạt động trên Airbnb,5,"Trải nghiệm tuyệt vời! Tự nhận phòng với mã khóa cực kỳ tiện lợi, an ninh tốt."
1565254747533791557,10670,2026-09-04,997659,Phương Thảo,Mới tham gia Airbnb,5,"Phòng siêu đẹp y chang trên ảnh, bày trí rất có gu. Phòng mới và sạch sẽ, đầy đủ tiện nghi."
1565254747533791557,10671,2026-08-27,665170,Hoang Phuc,4 năm hoạt động trên Airbnb,5,"Ấm cúng, trang thiết bị hiện đại, giường nệm êm ái ngủ rất ngon."
1565254747533791557,10672,2026-08-27,449798,Béo,1 năm hoạt động trên Airbnb,5,"Chủ nhà thân thiện và hiếu khách, chắc chắn sẽ quay lại khi có dịp ghé thăm thành phố."
1565254747533791557,10673,2026-07-04,758480,Thảo,3 năm hoạt động trên Airbnb,5,"Rất sạch đẹp, vị trí trung tâm đi đâu cũng tiện, hồ bơi và ban công ngắm hoàng hôn rất chill."
1565254747533791557,10674,2026-06-28,448125,Như Hoa,4 năm hoạt động trên Airbnb,5,"Phòng đẹp, xinh. Rất mới. Bày trí rất có gu, chủ nhà nhiệt tình hỗ trợ check-in sớm."
1735536158917761687,10675,2026-07-06,693856,Béo,1 năm hoạt động trên Airbnb,5,"Chủ nhà thân thiện và hiếu khách, chắc chắn sẽ quay lại khi có dịp ghé thăm thành phố."
1735536158917761687,10676,2026-09-15,770241,Chimmiii,Mới tham gia Airbnb,5,"Phòng xinhh, sạch sẽ và thoáng đãng lắm ạ."
1735536158917761687,10677,2026-09-07,531779,Lan Hương,5 năm hoạt động trên Airbnb,5,"View đẹp mê ly, căn hộ sáng sủa nhiều ánh sáng tự nhiên. 10/10 điểm cho chất lượng phục vụ!"
1735536158917761687,10678,2026-07-10,533453,Phương Thảo,Mới tham gia Airbnb,5,"Phòng siêu đẹp y chang trên ảnh, bày trí rất có gu. Phòng mới và sạch sẽ, đầy đủ tiện nghi."
1754900409959613132,10679,2026-08-23,894420,Hoang Phuc,4 năm hoạt động trên Airbnb,5,"Ấm cúng, trang thiết bị hiện đại, giường nệm êm ái ngủ rất ngon."
1754900409959613132,10680,2026-07-19,694904,Lan Hương,5 năm hoạt động trên Airbnb,5,"View đẹp mê ly, căn hộ sáng sủa nhiều ánh sáng tự nhiên. 10/10 điểm cho chất lượng phục vụ!"
1754900409959613132,10681,2026-08-15,985582,Quốc Anh,2 năm hoạt động trên Airbnb,5,"Trải nghiệm tuyệt vời! Tự nhận phòng với mã khóa cực kỳ tiện lợi, an ninh tốt."
1754900409959613132,10682,2026-07-08,431391,Như Hoa,4 năm hoạt động trên Airbnb,5,"Phòng đẹp, xinh. Rất mới. Bày trí rất có gu, chủ nhà nhiệt tình hỗ trợ check-in sớm."
1754900409959613132,10683,2026-07-15,458464,Chimmiii,Mới tham gia Airbnb,5,"Phòng xinhh, sạch sẽ và thoáng đãng lắm ạ."
1754900409959613132,10684,2026-07-01,691941,Béo,1 năm hoạt động trên Airbnb,5,"Chủ nhà thân thiện và hiếu khách, chắc chắn sẽ quay lại khi có dịp ghé thăm thành phố."
1754900409959613132,10685,2026-07-14,462874,Thảo,3 năm hoạt động trên Airbnb,5,"Rất sạch đẹp, vị trí trung tâm đi đâu cũng tiện, hồ bơi và ban công ngắm hoàng hôn rất chill."
1754900409959613132,10686,2026-07-04,601066,Phương Thảo,Mới tham gia Airbnb,5,"Phòng siêu đẹp y chang trên ảnh, bày trí rất có gu. Phòng mới và sạch sẽ, đầy đủ tiện nghi."
1490340292094048526,10687,2026-09-10,296106,Như Hoa,4 năm hoạt động trên Airbnb,5,"Phòng đẹp, xinh. Rất mới. Bày trí rất có gu, chủ nhà nhiệt tình hỗ trợ check-in sớm."
1490340292094048526,10688,2026-07-13,837046,Béo,1 năm hoạt động trên Airbnb,5,"Chủ nhà thân thiện và hiếu khách, chắc chắn sẽ quay lại khi có dịp ghé thăm thành phố."
1490340292094048526,10689,2026-08-22,233520,Lan Hương,5 năm hoạt động trên Airbnb,5,"View đẹp mê ly, căn hộ sáng sủa nhiều ánh sáng tự nhiên. 10/10 điểm cho chất lượng phục vụ!"
1490340292094048526,10690,2026-08-16,709038,Hoang Phuc,4 năm hoạt động trên Airbnb,5,"Ấm cúng, trang thiết bị hiện đại, giường nệm êm ái ngủ rất ngon."
1490340292094048526,10691,2026-07-31,725575,Thảo,3 năm hoạt động trên Airbnb,5,"Rất sạch đẹp, vị trí trung tâm đi đâu cũng tiện, hồ bơi và ban công ngắm hoàng hôn rất chill."
1541850337861003228,10692,2026-08-06,534955,Quốc Anh,2 năm hoạt động trên Airbnb,5,"Trải nghiệm tuyệt vời! Tự nhận phòng với mã khóa cực kỳ tiện lợi, an ninh tốt."
1541850337861003228,10693,2026-07-05,769205,Béo,1 năm hoạt động trên Airbnb,5,"Chủ nhà thân thiện và hiếu khách, chắc chắn sẽ quay lại khi có dịp ghé thăm thành phố."
1541850337861003228,10694,2026-08-17,241365,Như Hoa,4 năm hoạt động trên Airbnb,5,"Phòng đẹp, xinh. Rất mới. Bày trí rất có gu, chủ nhà nhiệt tình hỗ trợ check-in sớm."
1541850337861003228,10695,2026-07-06,531381,Chimmiii,Mới tham gia Airbnb,5,"Phòng xinhh, sạch sẽ và thoáng đãng lắm ạ."
1541850337861003228,10696,2026-07-30,341188,Lan Hương,5 năm hoạt động trên Airbnb,5,"View đẹp mê ly, căn hộ sáng sủa nhiều ánh sáng tự nhiên. 10/10 điểm cho chất lượng phục vụ!"
1541850337861003228,10697,2026-09-21,967008,Hoang Phuc,4 năm hoạt động trên Airbnb,5,"Ấm cúng, trang thiết bị hiện đại, giường nệm êm ái ngủ rất ngon."
1541850337861003228,10698,2026-07-19,574570,Thảo,3 năm hoạt động trên Airbnb,5,"Rất sạch đẹp, vị trí trung tâm đi đâu cũng tiện, hồ bơi và ban công ngắm hoàng hôn rất chill."
1182689694966338050,10699,2026-07-16,732631,Lan Hương,5 năm hoạt động trên Airbnb,5,"View đẹp mê ly, căn hộ sáng sủa nhiều ánh sáng tự nhiên. 10/10 điểm cho chất lượng phục vụ!"
1182689694966338050,10700,2026-07-05,787607,Béo,1 năm hoạt động trên Airbnb,5,"Chủ nhà thân thiện và hiếu khách, chắc chắn sẽ quay lại khi có dịp ghé thăm thành phố."
1182689694966338050,10701,2026-07-21,555545,Phương Thảo,Mới tham gia Airbnb,5,"Phòng siêu đẹp y chang trên ảnh, bày trí rất có gu. Phòng mới và sạch sẽ, đầy đủ tiện nghi."
1182689694966338050,10702,2026-09-11,592744,Thảo,3 năm hoạt động trên Airbnb,5,"Rất sạch đẹp, vị trí trung tâm đi đâu cũng tiện, hồ bơi và ban công ngắm hoàng hôn rất chill."
1182689694966338050,10703,2026-08-28,558011,Chimmiii,Mới tham gia Airbnb,5,"Phòng xinhh, sạch sẽ và thoáng đãng lắm ạ."
1631964040560854886,10704,2026-07-30,541795,Thảo,3 năm hoạt động trên Airbnb,5,"Rất sạch đẹp, vị trí trung tâm đi đâu cũng tiện, hồ bơi và ban công ngắm hoàng hôn rất chill."
1631964040560854886,10705,2026-07-21,468096,Béo,1 năm hoạt động trên Airbnb,5,"Chủ nhà thân thiện và hiếu khách, chắc chắn sẽ quay lại khi có dịp ghé thăm thành phố."
1631964040560854886,10706,2026-09-06,958187,Hoang Phuc,4 năm hoạt động trên Airbnb,5,"Ấm cúng, trang thiết bị hiện đại, giường nệm êm ái ngủ rất ngon."
1631964040560854886,10707,2026-08-21,712307,Quốc Anh,2 năm hoạt động trên Airbnb,5,"Trải nghiệm tuyệt vời! Tự nhận phòng với mã khóa cực kỳ tiện lợi, an ninh tốt."
1631964040560854886,10708,2026-07-29,872551,Như Hoa,4 năm hoạt động trên Airbnb,5,"Phòng đẹp, xinh. Rất mới. Bày trí rất có gu, chủ nhà nhiệt tình hỗ trợ check-in sớm."
1631964040560854886,10709,2026-08-17,755147,Phương Thảo,Mới tham gia Airbnb,5,"Phòng siêu đẹp y chang trên ảnh, bày trí rất có gu. Phòng mới và sạch sẽ, đầy đủ tiện nghi."
1631964040560854886,10710,2026-07-17,250618,Chimmiii,Mới tham gia Airbnb,5,"Phòng xinhh, sạch sẽ và thoáng đãng lắm ạ."
1631964040560854886,10711,2026-07-29,286975,Lan Hương,5 năm hoạt động trên Airbnb,5,"View đẹp mê ly, căn hộ sáng sủa nhiều ánh sáng tự nhiên. 10/10 điểm cho chất lượng phục vụ!"
1704914959419297464,10712,2026-07-10,652924,Như Hoa,4 năm hoạt động trên Airbnb,5,"Phòng đẹp, xinh. Rất mới. Bày trí rất có gu, chủ nhà nhiệt tình hỗ trợ check-in sớm."
1704914959419297464,10713,2026-08-31,337502,Chimmiii,Mới tham gia Airbnb,5,"Phòng xinhh, sạch sẽ và thoáng đãng lắm ạ."
1704914959419297464,10714,2026-07-22,696273,Béo,1 năm hoạt động trên Airbnb,5,"Chủ nhà thân thiện và hiếu khách, chắc chắn sẽ quay lại khi có dịp ghé thăm thành phố."
1704914959419297464,10715,2026-07-27,942357,Lan Hương,5 năm hoạt động trên Airbnb,5,"View đẹp mê ly, căn hộ sáng sủa nhiều ánh sáng tự nhiên. 10/10 điểm cho chất lượng phục vụ!"
1704914959419297464,10716,2026-09-18,926470,Quốc Anh,2 năm hoạt động trên Airbnb,5,"Trải nghiệm tuyệt vời! Tự nhận phòng với mã khóa cực kỳ tiện lợi, an ninh tốt."
1704914959419297464,10717,2026-07-27,815661,Phương Thảo,Mới tham gia Airbnb,5,"Phòng siêu đẹp y chang trên ảnh, bày trí rất có gu. Phòng mới và sạch sẽ, đầy đủ tiện nghi."
1704914959419297464,10718,2026-07-18,832583,Thảo,3 năm hoạt động trên Airbnb,5,"Rất sạch đẹp, vị trí trung tâm đi đâu cũng tiện, hồ bơi và ban công ngắm hoàng hôn rất chill."
1182923479408852444,10719,2026-07-02,433461,Quốc Anh,2 năm hoạt động trên Airbnb,5,"Trải nghiệm tuyệt vời! Tự nhận phòng với mã khóa cực kỳ tiện lợi, an ninh tốt."
1182923479408852444,10720,2026-07-01,521900,Chimmiii,Mới tham gia Airbnb,5,"Phòng xinhh, sạch sẽ và thoáng đãng lắm ạ."
1182923479408852444,10721,2026-08-10,568670,Lan Hương,5 năm hoạt động trên Airbnb,5,"View đẹp mê ly, căn hộ sáng sủa nhiều ánh sáng tự nhiên. 10/10 điểm cho chất lượng phục vụ!"
1182923479408852444,10722,2026-07-27,883403,Béo,1 năm hoạt động trên Airbnb,5,"Chủ nhà thân thiện và hiếu khách, chắc chắn sẽ quay lại khi có dịp ghé thăm thành phố."
1182923479408852444,10723,2026-09-15,618326,Như Hoa,4 năm hoạt động trên Airbnb,5,"Phòng đẹp, xinh. Rất mới. Bày trí rất có gu, chủ nhà nhiệt tình hỗ trợ check-in sớm."
1774371006156201295,10724,2026-08-10,800863,Quốc Anh,2 năm hoạt động trên Airbnb,5,"Trải nghiệm tuyệt vời! Tự nhận phòng với mã khóa cực kỳ tiện lợi, an ninh tốt."
1774371006156201295,10725,2026-08-16,952683,Phương Thảo,Mới tham gia Airbnb,5,"Phòng siêu đẹp y chang trên ảnh, bày trí rất có gu. Phòng mới và sạch sẽ, đầy đủ tiện nghi."
1774371006156201295,10726,2026-08-17,496198,Thảo,3 năm hoạt động trên Airbnb,5,"Rất sạch đẹp, vị trí trung tâm đi đâu cũng tiện, hồ bơi và ban công ngắm hoàng hôn rất chill."
1774371006156201295,10727,2026-06-29,957232,Chimmiii,Mới tham gia Airbnb,5,"Phòng xinhh, sạch sẽ và thoáng đãng lắm ạ."
1774371006156201295,10728,2026-08-10,527763,Hoang Phuc,4 năm hoạt động trên Airbnb,5,"Ấm cúng, trang thiết bị hiện đại, giường nệm êm ái ngủ rất ngon."
1774371006156201295,10729,2026-08-22,748103,Béo,1 năm hoạt động trên Airbnb,5,"Chủ nhà thân thiện và hiếu khách, chắc chắn sẽ quay lại khi có dịp ghé thăm thành phố."
1774371006156201295,10730,2026-07-26,314724,Như Hoa,4 năm hoạt động trên Airbnb,5,"Phòng đẹp, xinh. Rất mới. Bày trí rất có gu, chủ nhà nhiệt tình hỗ trợ check-in sớm."
1758667000595221898,10731,2026-08-26,803041,Thảo,3 năm hoạt động trên Airbnb,5,"Rất sạch đẹp, vị trí trung tâm đi đâu cũng tiện, hồ bơi và ban công ngắm hoàng hôn rất chill."
1758667000595221898,10732,2026-09-01,838847,Lan Hương,5 năm hoạt động trên Airbnb,5,"View đẹp mê ly, căn hộ sáng sủa nhiều ánh sáng tự nhiên. 10/10 điểm cho chất lượng phục vụ!"
1758667000595221898,10733,2026-07-07,856100,Như Hoa,4 năm hoạt động trên Airbnb,5,"Phòng đẹp, xinh. Rất mới. Bày trí rất có gu, chủ nhà nhiệt tình hỗ trợ check-in sớm."
1758667000595221898,10734,2026-08-20,481861,Quốc Anh,2 năm hoạt động trên Airbnb,5,"Trải nghiệm tuyệt vời! Tự nhận phòng với mã khóa cực kỳ tiện lợi, an ninh tốt."
668963745990563646,10735,2026-07-10,764761,Như Hoa,4 năm hoạt động trên Airbnb,5,"Phòng đẹp, xinh. Rất mới. Bày trí rất có gu, chủ nhà nhiệt tình hỗ trợ check-in sớm."
668963745990563646,10736,2026-07-04,363553,Phương Thảo,Mới tham gia Airbnb,5,"Phòng siêu đẹp y chang trên ảnh, bày trí rất có gu. Phòng mới và sạch sẽ, đầy đủ tiện nghi."
668963745990563646,10737,2026-07-16,822860,Hoang Phuc,4 năm hoạt động trên Airbnb,5,"Ấm cúng, trang thiết bị hiện đại, giường nệm êm ái ngủ rất ngon."
668963745990563646,10738,2026-09-19,281163,Chimmiii,Mới tham gia Airbnb,5,"Phòng xinhh, sạch sẽ và thoáng đãng lắm ạ."
668963745990563646,10739,2026-08-29,623314,Lan Hương,5 năm hoạt động trên Airbnb,5,"View đẹp mê ly, căn hộ sáng sủa nhiều ánh sáng tự nhiên. 10/10 điểm cho chất lượng phục vụ!"
1641353519032045579,10740,2026-09-15,440126,Thảo,3 năm hoạt động trên Airbnb,5,"Rất sạch đẹp, vị trí trung tâm đi đâu cũng tiện, hồ bơi và ban công ngắm hoàng hôn rất chill."
1641353519032045579,10741,2026-07-27,919309,Chimmiii,Mới tham gia Airbnb,5,"Phòng xinhh, sạch sẽ và thoáng đãng lắm ạ."
1641353519032045579,10742,2026-09-16,218481,Phương Thảo,Mới tham gia Airbnb,5,"Phòng siêu đẹp y chang trên ảnh, bày trí rất có gu. Phòng mới và sạch sẽ, đầy đủ tiện nghi."
1641353519032045579,10743,2026-09-19,981608,Lan Hương,5 năm hoạt động trên Airbnb,5,"View đẹp mê ly, căn hộ sáng sủa nhiều ánh sáng tự nhiên. 10/10 điểm cho chất lượng phục vụ!"
1385460587558572689,10744,2026-09-07,947877,Phương Thảo,Mới tham gia Airbnb,5,"Phòng siêu đẹp y chang trên ảnh, bày trí rất có gu. Phòng mới và sạch sẽ, đầy đủ tiện nghi."
1385460587558572689,10745,2026-09-11,400746,Lan Hương,5 năm hoạt động trên Airbnb,5,"View đẹp mê ly, căn hộ sáng sủa nhiều ánh sáng tự nhiên. 10/10 điểm cho chất lượng phục vụ!"
1385460587558572689,10746,2026-07-21,693365,Thảo,3 năm hoạt động trên Airbnb,5,"Rất sạch đẹp, vị trí trung tâm đi đâu cũng tiện, hồ bơi và ban công ngắm hoàng hôn rất chill."
1385460587558572689,10747,2026-08-03,782105,Béo,1 năm hoạt động trên Airbnb,5,"Chủ nhà thân thiện và hiếu khách, chắc chắn sẽ quay lại khi có dịp ghé thăm thành phố."
1524449626636834799,10748,2026-08-18,404758,Phương Thảo,Mới tham gia Airbnb,5,"Phòng siêu đẹp y chang trên ảnh, bày trí rất có gu. Phòng mới và sạch sẽ, đầy đủ tiện nghi."
1524449626636834799,10749,2026-09-08,249221,Béo,1 năm hoạt động trên Airbnb,5,"Chủ nhà thân thiện và hiếu khách, chắc chắn sẽ quay lại khi có dịp ghé thăm thành phố."
1524449626636834799,10750,2026-08-17,242345,Thảo,3 năm hoạt động trên Airbnb,5,"Rất sạch đẹp, vị trí trung tâm đi đâu cũng tiện, hồ bơi và ban công ngắm hoàng hôn rất chill."
1524449626636834799,10751,2026-08-24,237812,Quốc Anh,2 năm hoạt động trên Airbnb,5,"Trải nghiệm tuyệt vời! Tự nhận phòng với mã khóa cực kỳ tiện lợi, an ninh tốt."
1524449626636834799,10752,2026-07-21,515769,Hoang Phuc,4 năm hoạt động trên Airbnb,5,"Ấm cúng, trang thiết bị hiện đại, giường nệm êm ái ngủ rất ngon."
1738762473550641129,10753,2026-07-12,696865,Thảo,3 năm hoạt động trên Airbnb,5,"Rất sạch đẹp, vị trí trung tâm đi đâu cũng tiện, hồ bơi và ban công ngắm hoàng hôn rất chill."
1738762473550641129,10754,2026-07-11,397361,Quốc Anh,2 năm hoạt động trên Airbnb,5,"Trải nghiệm tuyệt vời! Tự nhận phòng với mã khóa cực kỳ tiện lợi, an ninh tốt."
1738762473550641129,10755,2026-07-27,504813,Hoang Phuc,4 năm hoạt động trên Airbnb,5,"Ấm cúng, trang thiết bị hiện đại, giường nệm êm ái ngủ rất ngon."
1738762473550641129,10756,2026-09-10,893552,Chimmiii,Mới tham gia Airbnb,5,"Phòng xinhh, sạch sẽ và thoáng đãng lắm ạ."
1738762473550641129,10757,2026-09-15,871911,Như Hoa,4 năm hoạt động trên Airbnb,5,"Phòng đẹp, xinh. Rất mới. Bày trí rất có gu, chủ nhà nhiệt tình hỗ trợ check-in sớm."
1738762473550641129,10758,2026-07-22,819630,Lan Hương,5 năm hoạt động trên Airbnb,5,"View đẹp mê ly, căn hộ sáng sủa nhiều ánh sáng tự nhiên. 10/10 điểm cho chất lượng phục vụ!"
1738762473550641129,10759,2026-09-01,931541,Béo,1 năm hoạt động trên Airbnb,5,"Chủ nhà thân thiện và hiếu khách, chắc chắn sẽ quay lại khi có dịp ghé thăm thành phố."
1639938043034069269,10760,2026-08-18,272864,Quốc Anh,2 năm hoạt động trên Airbnb,5,"Trải nghiệm tuyệt vời! Tự nhận phòng với mã khóa cực kỳ tiện lợi, an ninh tốt."
1639938043034069269,10761,2026-07-01,891765,Béo,1 năm hoạt động trên Airbnb,5,"Chủ nhà thân thiện và hiếu khách, chắc chắn sẽ quay lại khi có dịp ghé thăm thành phố."
1639938043034069269,10762,2026-09-20,583654,Phương Thảo,Mới tham gia Airbnb,5,"Phòng siêu đẹp y chang trên ảnh, bày trí rất có gu. Phòng mới và sạch sẽ, đầy đủ tiện nghi."
1639938043034069269,10763,2026-07-07,901380,Thảo,3 năm hoạt động trên Airbnb,5,"Rất sạch đẹp, vị trí trung tâm đi đâu cũng tiện, hồ bơi và ban công ngắm hoàng hôn rất chill."
1639938043034069269,10764,2026-08-12,443513,Chimmiii,Mới tham gia Airbnb,5,"Phòng xinhh, sạch sẽ và thoáng đãng lắm ạ."
1639938043034069269,10765,2026-08-26,710322,Hoang Phuc,4 năm hoạt động trên Airbnb,5,"Ấm cúng, trang thiết bị hiện đại, giường nệm êm ái ngủ rất ngon."
1639938043034069269,10766,2026-07-02,434109,Lan Hương,5 năm hoạt động trên Airbnb,5,"View đẹp mê ly, căn hộ sáng sủa nhiều ánh sáng tự nhiên. 10/10 điểm cho chất lượng phục vụ!"
1639938043034069269,10767,2026-08-10,266724,Như Hoa,4 năm hoạt động trên Airbnb,5,"Phòng đẹp, xinh. Rất mới. Bày trí rất có gu, chủ nhà nhiệt tình hỗ trợ check-in sớm."
1567456346756627149,10768,2026-08-10,541915,Lan Hương,5 năm hoạt động trên Airbnb,5,"View đẹp mê ly, căn hộ sáng sủa nhiều ánh sáng tự nhiên. 10/10 điểm cho chất lượng phục vụ!"
1567456346756627149,10769,2026-07-15,926105,Béo,1 năm hoạt động trên Airbnb,5,"Chủ nhà thân thiện và hiếu khách, chắc chắn sẽ quay lại khi có dịp ghé thăm thành phố."
1567456346756627149,10770,2026-09-23,987165,Như Hoa,4 năm hoạt động trên Airbnb,5,"Phòng đẹp, xinh. Rất mới. Bày trí rất có gu, chủ nhà nhiệt tình hỗ trợ check-in sớm."
1567456346756627149,10771,2026-07-19,875105,Hoang Phuc,4 năm hoạt động trên Airbnb,5,"Ấm cúng, trang thiết bị hiện đại, giường nệm êm ái ngủ rất ngon."
1759929157624463744,10772,2026-07-22,356058,Thảo,3 năm hoạt động trên Airbnb,5,"Rất sạch đẹp, vị trí trung tâm đi đâu cũng tiện, hồ bơi và ban công ngắm hoàng hôn rất chill."
1759929157624463744,10773,2026-07-03,245900,Béo,1 năm hoạt động trên Airbnb,5,"Chủ nhà thân thiện và hiếu khách, chắc chắn sẽ quay lại khi có dịp ghé thăm thành phố."
1759929157624463744,10774,2026-08-25,351742,Chimmiii,Mới tham gia Airbnb,5,"Phòng xinhh, sạch sẽ và thoáng đãng lắm ạ."
1759929157624463744,10775,2026-07-25,652828,Quốc Anh,2 năm hoạt động trên Airbnb,5,"Trải nghiệm tuyệt vời! Tự nhận phòng với mã khóa cực kỳ tiện lợi, an ninh tốt."
1633750155400113510,10776,2026-08-24,678639,Lan Hương,5 năm hoạt động trên Airbnb,5,"View đẹp mê ly, căn hộ sáng sủa nhiều ánh sáng tự nhiên. 10/10 điểm cho chất lượng phục vụ!"
1633750155400113510,10777,2026-08-27,849123,Hoang Phuc,4 năm hoạt động trên Airbnb,5,"Ấm cúng, trang thiết bị hiện đại, giường nệm êm ái ngủ rất ngon."
1633750155400113510,10778,2026-08-17,508061,Chimmiii,Mới tham gia Airbnb,5,"Phòng xinhh, sạch sẽ và thoáng đãng lắm ạ."
1633750155400113510,10779,2026-07-22,427534,Béo,1 năm hoạt động trên Airbnb,5,"Chủ nhà thân thiện và hiếu khách, chắc chắn sẽ quay lại khi có dịp ghé thăm thành phố."
1633750155400113510,10780,2026-09-23,689697,Như Hoa,4 năm hoạt động trên Airbnb,5,"Phòng đẹp, xinh. Rất mới. Bày trí rất có gu, chủ nhà nhiệt tình hỗ trợ check-in sớm."
1633750155400113510,10781,2026-07-07,743860,Phương Thảo,Mới tham gia Airbnb,5,"Phòng siêu đẹp y chang trên ảnh, bày trí rất có gu. Phòng mới và sạch sẽ, đầy đủ tiện nghi."
1633750155400113510,10782,2026-07-09,738193,Quốc Anh,2 năm hoạt động trên Airbnb,5,"Trải nghiệm tuyệt vời! Tự nhận phòng với mã khóa cực kỳ tiện lợi, an ninh tốt."
1770753497215030797,10783,2026-07-26,496011,Béo,1 năm hoạt động trên Airbnb,5,"Chủ nhà thân thiện và hiếu khách, chắc chắn sẽ quay lại khi có dịp ghé thăm thành phố."
1770753497215030797,10784,2026-09-08,808325,Như Hoa,4 năm hoạt động trên Airbnb,5,"Phòng đẹp, xinh. Rất mới. Bày trí rất có gu, chủ nhà nhiệt tình hỗ trợ check-in sớm."
1770753497215030797,10785,2026-07-02,797075,Phương Thảo,Mới tham gia Airbnb,5,"Phòng siêu đẹp y chang trên ảnh, bày trí rất có gu. Phòng mới và sạch sẽ, đầy đủ tiện nghi."
1770753497215030797,10786,2026-08-30,258795,Thảo,3 năm hoạt động trên Airbnb,5,"Rất sạch đẹp, vị trí trung tâm đi đâu cũng tiện, hồ bơi và ban công ngắm hoàng hôn rất chill."
1467808943464546716,10787,2026-08-10,270817,Như Hoa,4 năm hoạt động trên Airbnb,5,"Phòng đẹp, xinh. Rất mới. Bày trí rất có gu, chủ nhà nhiệt tình hỗ trợ check-in sớm."
1467808943464546716,10788,2026-07-10,274786,Chimmiii,Mới tham gia Airbnb,5,"Phòng xinhh, sạch sẽ và thoáng đãng lắm ạ."
1467808943464546716,10789,2026-07-18,372984,Phương Thảo,Mới tham gia Airbnb,5,"Phòng siêu đẹp y chang trên ảnh, bày trí rất có gu. Phòng mới và sạch sẽ, đầy đủ tiện nghi."
1467808943464546716,10790,2026-07-15,778371,Béo,1 năm hoạt động trên Airbnb,5,"Chủ nhà thân thiện và hiếu khách, chắc chắn sẽ quay lại khi có dịp ghé thăm thành phố."
1467808943464546716,10791,2026-08-23,930766,Hoang Phuc,4 năm hoạt động trên Airbnb,5,"Ấm cúng, trang thiết bị hiện đại, giường nệm êm ái ngủ rất ngon."
1467808943464546716,10792,2026-08-29,682200,Quốc Anh,2 năm hoạt động trên Airbnb,5,"Trải nghiệm tuyệt vời! Tự nhận phòng với mã khóa cực kỳ tiện lợi, an ninh tốt."
1467808943464546716,10793,2026-09-01,796197,Lan Hương,5 năm hoạt động trên Airbnb,5,"View đẹp mê ly, căn hộ sáng sủa nhiều ánh sáng tự nhiên. 10/10 điểm cho chất lượng phục vụ!"
1573205276570417124,10794,2026-07-08,258664,Lan Hương,5 năm hoạt động trên Airbnb,5,"View đẹp mê ly, căn hộ sáng sủa nhiều ánh sáng tự nhiên. 10/10 điểm cho chất lượng phục vụ!"
1573205276570417124,10795,2026-07-31,855793,Hoang Phuc,4 năm hoạt động trên Airbnb,5,"Ấm cúng, trang thiết bị hiện đại, giường nệm êm ái ngủ rất ngon."
1573205276570417124,10796,2026-09-10,543824,Phương Thảo,Mới tham gia Airbnb,5,"Phòng siêu đẹp y chang trên ảnh, bày trí rất có gu. Phòng mới và sạch sẽ, đầy đủ tiện nghi."
1573205276570417124,10797,2026-07-25,903326,Béo,1 năm hoạt động trên Airbnb,5,"Chủ nhà thân thiện và hiếu khách, chắc chắn sẽ quay lại khi có dịp ghé thăm thành phố."
1573205276570417124,10798,2026-08-21,773575,Như Hoa,4 năm hoạt động trên Airbnb,5,"Phòng đẹp, xinh. Rất mới. Bày trí rất có gu, chủ nhà nhiệt tình hỗ trợ check-in sớm."
1573205276570417124,10799,2026-07-07,694913,Chimmiii,Mới tham gia Airbnb,5,"Phòng xinhh, sạch sẽ và thoáng đãng lắm ạ."
1573205276570417124,10800,2026-07-03,392806,Thảo,3 năm hoạt động trên Airbnb,5,"Rất sạch đẹp, vị trí trung tâm đi đâu cũng tiện, hồ bơi và ban công ngắm hoàng hôn rất chill."
1573205276570417124,10801,2026-07-22,368459,Quốc Anh,2 năm hoạt động trên Airbnb,5,"Trải nghiệm tuyệt vời! Tự nhận phòng với mã khóa cực kỳ tiện lợi, an ninh tốt."
1214262434521031135,10802,2026-09-19,655713,Như Hoa,4 năm hoạt động trên Airbnb,5,"Phòng đẹp, xinh. Rất mới. Bày trí rất có gu, chủ nhà nhiệt tình hỗ trợ check-in sớm."
1214262434521031135,10803,2026-07-15,689926,Béo,1 năm hoạt động trên Airbnb,5,"Chủ nhà thân thiện và hiếu khách, chắc chắn sẽ quay lại khi có dịp ghé thăm thành phố."
1214262434521031135,10804,2026-09-19,541110,Phương Thảo,Mới tham gia Airbnb,5,"Phòng siêu đẹp y chang trên ảnh, bày trí rất có gu. Phòng mới và sạch sẽ, đầy đủ tiện nghi."
1214262434521031135,10805,2026-06-29,831715,Hoang Phuc,4 năm hoạt động trên Airbnb,5,"Ấm cúng, trang thiết bị hiện đại, giường nệm êm ái ngủ rất ngon."
1672354431536894859,10806,2026-07-02,941251,Hoang Phuc,4 năm hoạt động trên Airbnb,5,"Ấm cúng, trang thiết bị hiện đại, giường nệm êm ái ngủ rất ngon."
1672354431536894859,10807,2026-07-05,537608,Lan Hương,5 năm hoạt động trên Airbnb,5,"View đẹp mê ly, căn hộ sáng sủa nhiều ánh sáng tự nhiên. 10/10 điểm cho chất lượng phục vụ!"
1672354431536894859,10808,2026-09-05,609588,Béo,1 năm hoạt động trên Airbnb,5,"Chủ nhà thân thiện và hiếu khách, chắc chắn sẽ quay lại khi có dịp ghé thăm thành phố."
1672354431536894859,10809,2026-08-22,776201,Quốc Anh,2 năm hoạt động trên Airbnb,5,"Trải nghiệm tuyệt vời! Tự nhận phòng với mã khóa cực kỳ tiện lợi, an ninh tốt."
1596070868372196208,10810,2026-09-07,530898,Lan Hương,5 năm hoạt động trên Airbnb,5,"View đẹp mê ly, căn hộ sáng sủa nhiều ánh sáng tự nhiên. 10/10 điểm cho chất lượng phục vụ!"
1596070868372196208,10811,2026-09-03,748993,Thảo,3 năm hoạt động trên Airbnb,5,"Rất sạch đẹp, vị trí trung tâm đi đâu cũng tiện, hồ bơi và ban công ngắm hoàng hôn rất chill."
1596070868372196208,10812,2026-08-11,550212,Phương Thảo,Mới tham gia Airbnb,5,"Phòng siêu đẹp y chang trên ảnh, bày trí rất có gu. Phòng mới và sạch sẽ, đầy đủ tiện nghi."
1596070868372196208,10813,2026-08-15,301033,Quốc Anh,2 năm hoạt động trên Airbnb,5,"Trải nghiệm tuyệt vời! Tự nhận phòng với mã khóa cực kỳ tiện lợi, an ninh tốt."
1596070868372196208,10814,2026-08-17,790183,Như Hoa,4 năm hoạt động trên Airbnb,5,"Phòng đẹp, xinh. Rất mới. Bày trí rất có gu, chủ nhà nhiệt tình hỗ trợ check-in sớm."
1596070868372196208,10815,2026-09-13,740118,Hoang Phuc,4 năm hoạt động trên Airbnb,5,"Ấm cúng, trang thiết bị hiện đại, giường nệm êm ái ngủ rất ngon."
1596070868372196208,10816,2026-09-09,873185,Chimmiii,Mới tham gia Airbnb,5,"Phòng xinhh, sạch sẽ và thoáng đãng lắm ạ."
1640393770158091627,10817,2026-07-25,979460,Như Hoa,4 năm hoạt động trên Airbnb,5,"Phòng đẹp, xinh. Rất mới. Bày trí rất có gu, chủ nhà nhiệt tình hỗ trợ check-in sớm."
1640393770158091627,10818,2026-09-10,410773,Thảo,3 năm hoạt động trên Airbnb,5,"Rất sạch đẹp, vị trí trung tâm đi đâu cũng tiện, hồ bơi và ban công ngắm hoàng hôn rất chill."
1640393770158091627,10819,2026-09-18,555943,Phương Thảo,Mới tham gia Airbnb,5,"Phòng siêu đẹp y chang trên ảnh, bày trí rất có gu. Phòng mới và sạch sẽ, đầy đủ tiện nghi."
1640393770158091627,10820,2026-08-03,654953,Béo,1 năm hoạt động trên Airbnb,5,"Chủ nhà thân thiện và hiếu khách, chắc chắn sẽ quay lại khi có dịp ghé thăm thành phố."
1683897441594839927,10821,2026-07-05,763473,Lan Hương,5 năm hoạt động trên Airbnb,5,"View đẹp mê ly, căn hộ sáng sủa nhiều ánh sáng tự nhiên. 10/10 điểm cho chất lượng phục vụ!"
1683897441594839927,10822,2026-07-04,283685,Hoang Phuc,4 năm hoạt động trên Airbnb,5,"Ấm cúng, trang thiết bị hiện đại, giường nệm êm ái ngủ rất ngon."
1683897441594839927,10823,2026-08-26,356892,Quốc Anh,2 năm hoạt động trên Airbnb,5,"Trải nghiệm tuyệt vời! Tự nhận phòng với mã khóa cực kỳ tiện lợi, an ninh tốt."
1683897441594839927,10824,2026-07-15,593752,Béo,1 năm hoạt động trên Airbnb,5,"Chủ nhà thân thiện và hiếu khách, chắc chắn sẽ quay lại khi có dịp ghé thăm thành phố."
1683897441594839927,10825,2026-08-25,374737,Phương Thảo,Mới tham gia Airbnb,5,"Phòng siêu đẹp y chang trên ảnh, bày trí rất có gu. Phòng mới và sạch sẽ, đầy đủ tiện nghi."
1683897441594839927,10826,2026-08-10,933726,Thảo,3 năm hoạt động trên Airbnb,5,"Rất sạch đẹp, vị trí trung tâm đi đâu cũng tiện, hồ bơi và ban công ngắm hoàng hôn rất chill."
1775313430059513848,10827,2026-07-27,234720,Hoang Phuc,4 năm hoạt động trên Airbnb,5,"Ấm cúng, trang thiết bị hiện đại, giường nệm êm ái ngủ rất ngon."
1775313430059513848,10828,2026-07-13,295773,Lan Hương,5 năm hoạt động trên Airbnb,5,"View đẹp mê ly, căn hộ sáng sủa nhiều ánh sáng tự nhiên. 10/10 điểm cho chất lượng phục vụ!"
1775313430059513848,10829,2026-08-21,207711,Chimmiii,Mới tham gia Airbnb,5,"Phòng xinhh, sạch sẽ và thoáng đãng lắm ạ."
1775313430059513848,10830,2026-08-01,991352,Béo,1 năm hoạt động trên Airbnb,5,"Chủ nhà thân thiện và hiếu khách, chắc chắn sẽ quay lại khi có dịp ghé thăm thành phố."
1775313430059513848,10831,2026-09-06,600812,Thảo,3 năm hoạt động trên Airbnb,5,"Rất sạch đẹp, vị trí trung tâm đi đâu cũng tiện, hồ bơi và ban công ngắm hoàng hôn rất chill."
1775313430059513848,10832,2026-08-14,921774,Phương Thảo,Mới tham gia Airbnb,5,"Phòng siêu đẹp y chang trên ảnh, bày trí rất có gu. Phòng mới và sạch sẽ, đầy đủ tiện nghi."
1775313430059513848,10833,2026-09-18,952918,Quốc Anh,2 năm hoạt động trên Airbnb,5,"Trải nghiệm tuyệt vời! Tự nhận phòng với mã khóa cực kỳ tiện lợi, an ninh tốt."
1775852736171229978,10834,2026-08-18,574063,Quốc Anh,2 năm hoạt động trên Airbnb,5,"Trải nghiệm tuyệt vời! Tự nhận phòng với mã khóa cực kỳ tiện lợi, an ninh tốt."
1775852736171229978,10835,2026-08-20,548186,Lan Hương,5 năm hoạt động trên Airbnb,5,"View đẹp mê ly, căn hộ sáng sủa nhiều ánh sáng tự nhiên. 10/10 điểm cho chất lượng phục vụ!"
1775852736171229978,10836,2026-07-06,993024,Như Hoa,4 năm hoạt động trên Airbnb,5,"Phòng đẹp, xinh. Rất mới. Bày trí rất có gu, chủ nhà nhiệt tình hỗ trợ check-in sớm."
1775852736171229978,10837,2026-08-24,936945,Thảo,3 năm hoạt động trên Airbnb,5,"Rất sạch đẹp, vị trí trung tâm đi đâu cũng tiện, hồ bơi và ban công ngắm hoàng hôn rất chill."
1775852736171229978,10838,2026-08-11,296920,Hoang Phuc,4 năm hoạt động trên Airbnb,5,"Ấm cúng, trang thiết bị hiện đại, giường nệm êm ái ngủ rất ngon."
1539256680758617895,10839,2026-07-03,342561,Phương Thảo,Mới tham gia Airbnb,5,"Phòng siêu đẹp y chang trên ảnh, bày trí rất có gu. Phòng mới và sạch sẽ, đầy đủ tiện nghi."
1539256680758617895,10840,2026-07-06,513113,Thảo,3 năm hoạt động trên Airbnb,5,"Rất sạch đẹp, vị trí trung tâm đi đâu cũng tiện, hồ bơi và ban công ngắm hoàng hôn rất chill."
1539256680758617895,10841,2026-08-19,444999,Lan Hương,5 năm hoạt động trên Airbnb,5,"View đẹp mê ly, căn hộ sáng sủa nhiều ánh sáng tự nhiên. 10/10 điểm cho chất lượng phục vụ!"
1539256680758617895,10842,2026-07-25,934274,Hoang Phuc,4 năm hoạt động trên Airbnb,5,"Ấm cúng, trang thiết bị hiện đại, giường nệm êm ái ngủ rất ngon."
1333942610231002782,10843,2026-08-16,935385,Béo,1 năm hoạt động trên Airbnb,5,"Chủ nhà thân thiện và hiếu khách, chắc chắn sẽ quay lại khi có dịp ghé thăm thành phố."
1333942610231002782,10844,2026-08-01,784835,Như Hoa,4 năm hoạt động trên Airbnb,5,"Phòng đẹp, xinh. Rất mới. Bày trí rất có gu, chủ nhà nhiệt tình hỗ trợ check-in sớm."
1333942610231002782,10845,2026-09-13,607124,Chimmiii,Mới tham gia Airbnb,5,"Phòng xinhh, sạch sẽ và thoáng đãng lắm ạ."
1333942610231002782,10846,2026-08-02,316852,Quốc Anh,2 năm hoạt động trên Airbnb,5,"Trải nghiệm tuyệt vời! Tự nhận phòng với mã khóa cực kỳ tiện lợi, an ninh tốt."
1333942610231002782,10847,2026-07-01,594658,Hoang Phuc,4 năm hoạt động trên Airbnb,5,"Ấm cúng, trang thiết bị hiện đại, giường nệm êm ái ngủ rất ngon."
1333942610231002782,10848,2026-07-10,828304,Phương Thảo,Mới tham gia Airbnb,5,"Phòng siêu đẹp y chang trên ảnh, bày trí rất có gu. Phòng mới và sạch sẽ, đầy đủ tiện nghi."
1333942610231002782,10849,2026-09-06,857543,Thảo,3 năm hoạt động trên Airbnb,5,"Rất sạch đẹp, vị trí trung tâm đi đâu cũng tiện, hồ bơi và ban công ngắm hoàng hôn rất chill."
1539199121080077966,10850,2026-06-29,493314,Như Hoa,4 năm hoạt động trên Airbnb,5,"Phòng đẹp, xinh. Rất mới. Bày trí rất có gu, chủ nhà nhiệt tình hỗ trợ check-in sớm."
1539199121080077966,10851,2026-09-17,885935,Phương Thảo,Mới tham gia Airbnb,5,"Phòng siêu đẹp y chang trên ảnh, bày trí rất có gu. Phòng mới và sạch sẽ, đầy đủ tiện nghi."
1539199121080077966,10852,2026-09-15,816749,Hoang Phuc,4 năm hoạt động trên Airbnb,5,"Ấm cúng, trang thiết bị hiện đại, giường nệm êm ái ngủ rất ngon."
1539199121080077966,10853,2026-07-30,550372,Quốc Anh,2 năm hoạt động trên Airbnb,5,"Trải nghiệm tuyệt vời! Tự nhận phòng với mã khóa cực kỳ tiện lợi, an ninh tốt."
1539199121080077966,10854,2026-07-30,672122,Thảo,3 năm hoạt động trên Airbnb,5,"Rất sạch đẹp, vị trí trung tâm đi đâu cũng tiện, hồ bơi và ban công ngắm hoàng hôn rất chill."
1539199121080077966,10855,2026-09-13,305330,Lan Hương,5 năm hoạt động trên Airbnb,5,"View đẹp mê ly, căn hộ sáng sủa nhiều ánh sáng tự nhiên. 10/10 điểm cho chất lượng phục vụ!"
1539199121080077966,10856,2026-09-22,685005,Béo,1 năm hoạt động trên Airbnb,5,"Chủ nhà thân thiện và hiếu khách, chắc chắn sẽ quay lại khi có dịp ghé thăm thành phố."
1355558634799350782,10857,2026-06-29,308817,Chimmiii,Mới tham gia Airbnb,5,"Phòng xinhh, sạch sẽ và thoáng đãng lắm ạ."
1355558634799350782,10858,2026-06-30,385782,Như Hoa,4 năm hoạt động trên Airbnb,5,"Phòng đẹp, xinh. Rất mới. Bày trí rất có gu, chủ nhà nhiệt tình hỗ trợ check-in sớm."
1355558634799350782,10859,2026-08-19,575868,Lan Hương,5 năm hoạt động trên Airbnb,5,"View đẹp mê ly, căn hộ sáng sủa nhiều ánh sáng tự nhiên. 10/10 điểm cho chất lượng phục vụ!"
1355558634799350782,10860,2026-08-30,236602,Thảo,3 năm hoạt động trên Airbnb,5,"Rất sạch đẹp, vị trí trung tâm đi đâu cũng tiện, hồ bơi và ban công ngắm hoàng hôn rất chill."
1355558634799350782,10861,2026-09-06,338487,Hoang Phuc,4 năm hoạt động trên Airbnb,5,"Ấm cúng, trang thiết bị hiện đại, giường nệm êm ái ngủ rất ngon."
1355558634799350782,10862,2026-06-29,707293,Quốc Anh,2 năm hoạt động trên Airbnb,5,"Trải nghiệm tuyệt vời! Tự nhận phòng với mã khóa cực kỳ tiện lợi, an ninh tốt."
1355558634799350782,10863,2026-08-24,635147,Béo,1 năm hoạt động trên Airbnb,5,"Chủ nhà thân thiện và hiếu khách, chắc chắn sẽ quay lại khi có dịp ghé thăm thành phố."
1745487052212472929,10864,2026-07-19,801122,Lan Hương,5 năm hoạt động trên Airbnb,5,"View đẹp mê ly, căn hộ sáng sủa nhiều ánh sáng tự nhiên. 10/10 điểm cho chất lượng phục vụ!"
1745487052212472929,10865,2026-07-30,709998,Béo,1 năm hoạt động trên Airbnb,5,"Chủ nhà thân thiện và hiếu khách, chắc chắn sẽ quay lại khi có dịp ghé thăm thành phố."
1745487052212472929,10866,2026-08-29,987496,Thảo,3 năm hoạt động trên Airbnb,5,"Rất sạch đẹp, vị trí trung tâm đi đâu cũng tiện, hồ bơi và ban công ngắm hoàng hôn rất chill."
1745487052212472929,10867,2026-08-12,651224,Quốc Anh,2 năm hoạt động trên Airbnb,5,"Trải nghiệm tuyệt vời! Tự nhận phòng với mã khóa cực kỳ tiện lợi, an ninh tốt."
1745487052212472929,10868,2026-08-15,216037,Chimmiii,Mới tham gia Airbnb,5,"Phòng xinhh, sạch sẽ và thoáng đãng lắm ạ."
1641877057884164908,10869,2026-08-02,756469,Hoang Phuc,4 năm hoạt động trên Airbnb,5,"Ấm cúng, trang thiết bị hiện đại, giường nệm êm ái ngủ rất ngon."
1641877057884164908,10870,2026-09-03,992308,Như Hoa,4 năm hoạt động trên Airbnb,5,"Phòng đẹp, xinh. Rất mới. Bày trí rất có gu, chủ nhà nhiệt tình hỗ trợ check-in sớm."
1641877057884164908,10871,2026-09-09,872011,Quốc Anh,2 năm hoạt động trên Airbnb,5,"Trải nghiệm tuyệt vời! Tự nhận phòng với mã khóa cực kỳ tiện lợi, an ninh tốt."
1641877057884164908,10872,2026-09-19,700042,Béo,1 năm hoạt động trên Airbnb,5,"Chủ nhà thân thiện và hiếu khách, chắc chắn sẽ quay lại khi có dịp ghé thăm thành phố."
1760644344363975745,10873,2026-07-28,350840,Hoang Phuc,4 năm hoạt động trên Airbnb,5,"Ấm cúng, trang thiết bị hiện đại, giường nệm êm ái ngủ rất ngon."
1760644344363975745,10874,2026-08-09,650905,Béo,1 năm hoạt động trên Airbnb,5,"Chủ nhà thân thiện và hiếu khách, chắc chắn sẽ quay lại khi có dịp ghé thăm thành phố."
1760644344363975745,10875,2026-07-15,587087,Thảo,3 năm hoạt động trên Airbnb,5,"Rất sạch đẹp, vị trí trung tâm đi đâu cũng tiện, hồ bơi và ban công ngắm hoàng hôn rất chill."
1760644344363975745,10876,2026-08-11,971995,Quốc Anh,2 năm hoạt động trên Airbnb,5,"Trải nghiệm tuyệt vời! Tự nhận phòng với mã khóa cực kỳ tiện lợi, an ninh tốt."
1760644344363975745,10877,2026-09-09,521292,Lan Hương,5 năm hoạt động trên Airbnb,5,"View đẹp mê ly, căn hộ sáng sủa nhiều ánh sáng tự nhiên. 10/10 điểm cho chất lượng phục vụ!"
1760644344363975745,10878,2026-07-18,223824,Chimmiii,Mới tham gia Airbnb,5,"Phòng xinhh, sạch sẽ và thoáng đãng lắm ạ."
1760644344363975745,10879,2026-09-21,954694,Như Hoa,4 năm hoạt động trên Airbnb,5,"Phòng đẹp, xinh. Rất mới. Bày trí rất có gu, chủ nhà nhiệt tình hỗ trợ check-in sớm."
1738862453030284618,10880,2026-07-08,473970,Phương Thảo,Mới tham gia Airbnb,5,"Phòng siêu đẹp y chang trên ảnh, bày trí rất có gu. Phòng mới và sạch sẽ, đầy đủ tiện nghi."
1738862453030284618,10881,2026-09-14,228637,Như Hoa,4 năm hoạt động trên Airbnb,5,"Phòng đẹp, xinh. Rất mới. Bày trí rất có gu, chủ nhà nhiệt tình hỗ trợ check-in sớm."
1738862453030284618,10882,2026-07-30,237209,Lan Hương,5 năm hoạt động trên Airbnb,5,"View đẹp mê ly, căn hộ sáng sủa nhiều ánh sáng tự nhiên. 10/10 điểm cho chất lượng phục vụ!"
1738862453030284618,10883,2026-08-22,621523,Béo,1 năm hoạt động trên Airbnb,5,"Chủ nhà thân thiện và hiếu khách, chắc chắn sẽ quay lại khi có dịp ghé thăm thành phố."
1738862453030284618,10884,2026-07-17,316033,Quốc Anh,2 năm hoạt động trên Airbnb,5,"Trải nghiệm tuyệt vời! Tự nhận phòng với mã khóa cực kỳ tiện lợi, an ninh tốt."
1738862453030284618,10885,2026-07-09,925598,Thảo,3 năm hoạt động trên Airbnb,5,"Rất sạch đẹp, vị trí trung tâm đi đâu cũng tiện, hồ bơi và ban công ngắm hoàng hôn rất chill."
1738862453030284618,10886,2026-08-14,960914,Hoang Phuc,4 năm hoạt động trên Airbnb,5,"Ấm cúng, trang thiết bị hiện đại, giường nệm êm ái ngủ rất ngon."
1738862453030284618,10887,2026-08-23,541320,Chimmiii,Mới tham gia Airbnb,5,"Phòng xinhh, sạch sẽ và thoáng đãng lắm ạ."
1584603610544938792,10888,2026-08-03,832778,Hoang Phuc,4 năm hoạt động trên Airbnb,5,"Ấm cúng, trang thiết bị hiện đại, giường nệm êm ái ngủ rất ngon."
1584603610544938792,10889,2026-07-22,813942,Phương Thảo,Mới tham gia Airbnb,5,"Phòng siêu đẹp y chang trên ảnh, bày trí rất có gu. Phòng mới và sạch sẽ, đầy đủ tiện nghi."
1584603610544938792,10890,2026-08-02,714014,Thảo,3 năm hoạt động trên Airbnb,5,"Rất sạch đẹp, vị trí trung tâm đi đâu cũng tiện, hồ bơi và ban công ngắm hoàng hôn rất chill."
1584603610544938792,10891,2026-08-28,221921,Béo,1 năm hoạt động trên Airbnb,5,"Chủ nhà thân thiện và hiếu khách, chắc chắn sẽ quay lại khi có dịp ghé thăm thành phố."
1584603610544938792,10892,2026-07-12,234860,Chimmiii,Mới tham gia Airbnb,5,"Phòng xinhh, sạch sẽ và thoáng đãng lắm ạ."
1584603610544938792,10893,2026-07-18,705857,Quốc Anh,2 năm hoạt động trên Airbnb,5,"Trải nghiệm tuyệt vời! Tự nhận phòng với mã khóa cực kỳ tiện lợi, an ninh tốt."
1584603610544938792,10894,2026-07-28,236848,Lan Hương,5 năm hoạt động trên Airbnb,5,"View đẹp mê ly, căn hộ sáng sủa nhiều ánh sáng tự nhiên. 10/10 điểm cho chất lượng phục vụ!"
1751179607047333272,10895,2026-09-21,508796,Như Hoa,4 năm hoạt động trên Airbnb,5,"Phòng đẹp, xinh. Rất mới. Bày trí rất có gu, chủ nhà nhiệt tình hỗ trợ check-in sớm."
1751179607047333272,10896,2026-08-18,678754,Lan Hương,5 năm hoạt động trên Airbnb,5,"View đẹp mê ly, căn hộ sáng sủa nhiều ánh sáng tự nhiên. 10/10 điểm cho chất lượng phục vụ!"
1751179607047333272,10897,2026-09-21,584894,Thảo,3 năm hoạt động trên Airbnb,5,"Rất sạch đẹp, vị trí trung tâm đi đâu cũng tiện, hồ bơi và ban công ngắm hoàng hôn rất chill."
1751179607047333272,10898,2026-08-10,412948,Quốc Anh,2 năm hoạt động trên Airbnb,5,"Trải nghiệm tuyệt vời! Tự nhận phòng với mã khóa cực kỳ tiện lợi, an ninh tốt."
1736115902862592916,10899,2026-09-04,215042,Phương Thảo,Mới tham gia Airbnb,5,"Phòng siêu đẹp y chang trên ảnh, bày trí rất có gu. Phòng mới và sạch sẽ, đầy đủ tiện nghi."
1736115902862592916,10900,2026-07-22,396398,Quốc Anh,2 năm hoạt động trên Airbnb,5,"Trải nghiệm tuyệt vời! Tự nhận phòng với mã khóa cực kỳ tiện lợi, an ninh tốt."
1736115902862592916,10901,2026-07-18,428547,Thảo,3 năm hoạt động trên Airbnb,5,"Rất sạch đẹp, vị trí trung tâm đi đâu cũng tiện, hồ bơi và ban công ngắm hoàng hôn rất chill."
1736115902862592916,10902,2026-09-15,590831,Như Hoa,4 năm hoạt động trên Airbnb,5,"Phòng đẹp, xinh. Rất mới. Bày trí rất có gu, chủ nhà nhiệt tình hỗ trợ check-in sớm."
1736115902862592916,10903,2026-07-30,447877,Lan Hương,5 năm hoạt động trên Airbnb,5,"View đẹp mê ly, căn hộ sáng sủa nhiều ánh sáng tự nhiên. 10/10 điểm cho chất lượng phục vụ!"
1736115902862592916,10904,2026-09-17,903452,Hoang Phuc,4 năm hoạt động trên Airbnb,5,"Ấm cúng, trang thiết bị hiện đại, giường nệm êm ái ngủ rất ngon."
1736115902862592916,10905,2026-07-04,949932,Chimmiii,Mới tham gia Airbnb,5,"Phòng xinhh, sạch sẽ và thoáng đãng lắm ạ."
1060805635857333364,10906,2026-07-03,562221,Hoang Phuc,4 năm hoạt động trên Airbnb,5,"Ấm cúng, trang thiết bị hiện đại, giường nệm êm ái ngủ rất ngon."
1060805635857333364,10907,2026-07-18,886648,Như Hoa,4 năm hoạt động trên Airbnb,5,"Phòng đẹp, xinh. Rất mới. Bày trí rất có gu, chủ nhà nhiệt tình hỗ trợ check-in sớm."
1060805635857333364,10908,2026-08-03,993568,Lan Hương,5 năm hoạt động trên Airbnb,5,"View đẹp mê ly, căn hộ sáng sủa nhiều ánh sáng tự nhiên. 10/10 điểm cho chất lượng phục vụ!"
1060805635857333364,10909,2026-07-04,842638,Phương Thảo,Mới tham gia Airbnb,5,"Phòng siêu đẹp y chang trên ảnh, bày trí rất có gu. Phòng mới và sạch sẽ, đầy đủ tiện nghi."
1060805635857333364,10910,2026-06-29,550226,Béo,1 năm hoạt động trên Airbnb,5,"Chủ nhà thân thiện và hiếu khách, chắc chắn sẽ quay lại khi có dịp ghé thăm thành phố."
1060805635857333364,10911,2026-09-03,341282,Chimmiii,Mới tham gia Airbnb,5,"Phòng xinhh, sạch sẽ và thoáng đãng lắm ạ."
1060805635857333364,10912,2026-09-08,309495,Quốc Anh,2 năm hoạt động trên Airbnb,5,"Trải nghiệm tuyệt vời! Tự nhận phòng với mã khóa cực kỳ tiện lợi, an ninh tốt."
1060805635857333364,10913,2026-08-14,381313,Thảo,3 năm hoạt động trên Airbnb,5,"Rất sạch đẹp, vị trí trung tâm đi đâu cũng tiện, hồ bơi và ban công ngắm hoàng hôn rất chill."
1638964624315323375,10914,2026-09-21,254734,Quốc Anh,2 năm hoạt động trên Airbnb,5,"Trải nghiệm tuyệt vời! Tự nhận phòng với mã khóa cực kỳ tiện lợi, an ninh tốt."
1638964624315323375,10915,2026-09-04,411503,Phương Thảo,Mới tham gia Airbnb,5,"Phòng siêu đẹp y chang trên ảnh, bày trí rất có gu. Phòng mới và sạch sẽ, đầy đủ tiện nghi."
1638964624315323375,10916,2026-07-29,463490,Béo,1 năm hoạt động trên Airbnb,5,"Chủ nhà thân thiện và hiếu khách, chắc chắn sẽ quay lại khi có dịp ghé thăm thành phố."
1638964624315323375,10917,2026-07-15,889846,Thảo,3 năm hoạt động trên Airbnb,5,"Rất sạch đẹp, vị trí trung tâm đi đâu cũng tiện, hồ bơi và ban công ngắm hoàng hôn rất chill."
1372564441565942302,10918,2026-09-09,825449,Lan Hương,5 năm hoạt động trên Airbnb,5,"View đẹp mê ly, căn hộ sáng sủa nhiều ánh sáng tự nhiên. 10/10 điểm cho chất lượng phục vụ!"
1372564441565942302,10919,2026-08-09,457622,Chimmiii,Mới tham gia Airbnb,5,"Phòng xinhh, sạch sẽ và thoáng đãng lắm ạ."
1372564441565942302,10920,2026-09-02,763279,Phương Thảo,Mới tham gia Airbnb,5,"Phòng siêu đẹp y chang trên ảnh, bày trí rất có gu. Phòng mới và sạch sẽ, đầy đủ tiện nghi."
1372564441565942302,10921,2026-08-07,679036,Quốc Anh,2 năm hoạt động trên Airbnb,5,"Trải nghiệm tuyệt vời! Tự nhận phòng với mã khóa cực kỳ tiện lợi, an ninh tốt."
1372564441565942302,10922,2026-09-21,935885,Béo,1 năm hoạt động trên Airbnb,5,"Chủ nhà thân thiện và hiếu khách, chắc chắn sẽ quay lại khi có dịp ghé thăm thành phố."
1372564441565942302,10923,2026-08-24,239803,Thảo,3 năm hoạt động trên Airbnb,5,"Rất sạch đẹp, vị trí trung tâm đi đâu cũng tiện, hồ bơi và ban công ngắm hoàng hôn rất chill."
1679557229931447684,10924,2026-07-28,514384,Như Hoa,4 năm hoạt động trên Airbnb,5,"Phòng đẹp, xinh. Rất mới. Bày trí rất có gu, chủ nhà nhiệt tình hỗ trợ check-in sớm."
1679557229931447684,10925,2026-09-10,301077,Thảo,3 năm hoạt động trên Airbnb,5,"Rất sạch đẹp, vị trí trung tâm đi đâu cũng tiện, hồ bơi và ban công ngắm hoàng hôn rất chill."
1679557229931447684,10926,2026-09-10,239271,Lan Hương,5 năm hoạt động trên Airbnb,5,"View đẹp mê ly, căn hộ sáng sủa nhiều ánh sáng tự nhiên. 10/10 điểm cho chất lượng phục vụ!"
1679557229931447684,10927,2026-08-07,818925,Chimmiii,Mới tham gia Airbnb,5,"Phòng xinhh, sạch sẽ và thoáng đãng lắm ạ."
1679557229931447684,10928,2026-09-16,529599,Béo,1 năm hoạt động trên Airbnb,5,"Chủ nhà thân thiện và hiếu khách, chắc chắn sẽ quay lại khi có dịp ghé thăm thành phố."
1679557229931447684,10929,2026-08-03,448261,Quốc Anh,2 năm hoạt động trên Airbnb,5,"Trải nghiệm tuyệt vời! Tự nhận phòng với mã khóa cực kỳ tiện lợi, an ninh tốt."
1486052936561612723,10930,2026-07-22,350421,Quốc Anh,2 năm hoạt động trên Airbnb,5,"Trải nghiệm tuyệt vời! Tự nhận phòng với mã khóa cực kỳ tiện lợi, an ninh tốt."
1486052936561612723,10931,2026-09-11,799535,Chimmiii,Mới tham gia Airbnb,5,"Phòng xinhh, sạch sẽ và thoáng đãng lắm ạ."
1486052936561612723,10932,2026-06-28,230259,Hoang Phuc,4 năm hoạt động trên Airbnb,5,"Ấm cúng, trang thiết bị hiện đại, giường nệm êm ái ngủ rất ngon."
1486052936561612723,10933,2026-07-12,455985,Như Hoa,4 năm hoạt động trên Airbnb,5,"Phòng đẹp, xinh. Rất mới. Bày trí rất có gu, chủ nhà nhiệt tình hỗ trợ check-in sớm."
1486052936561612723,10934,2026-08-04,755859,Phương Thảo,Mới tham gia Airbnb,5,"Phòng siêu đẹp y chang trên ảnh, bày trí rất có gu. Phòng mới và sạch sẽ, đầy đủ tiện nghi."
1486052936561612723,10935,2026-07-30,837370,Thảo,3 năm hoạt động trên Airbnb,5,"Rất sạch đẹp, vị trí trung tâm đi đâu cũng tiện, hồ bơi và ban công ngắm hoàng hôn rất chill."
1768534671985126329,10936,2026-07-17,385492,Như Hoa,4 năm hoạt động trên Airbnb,5,"Phòng đẹp, xinh. Rất mới. Bày trí rất có gu, chủ nhà nhiệt tình hỗ trợ check-in sớm."
1768534671985126329,10937,2026-07-02,364889,Lan Hương,5 năm hoạt động trên Airbnb,5,"View đẹp mê ly, căn hộ sáng sủa nhiều ánh sáng tự nhiên. 10/10 điểm cho chất lượng phục vụ!"
1768534671985126329,10938,2026-07-31,977244,Thảo,3 năm hoạt động trên Airbnb,5,"Rất sạch đẹp, vị trí trung tâm đi đâu cũng tiện, hồ bơi và ban công ngắm hoàng hôn rất chill."
1768534671985126329,10939,2026-08-06,988743,Chimmiii,Mới tham gia Airbnb,5,"Phòng xinhh, sạch sẽ và thoáng đãng lắm ạ."
1768534671985126329,10940,2026-08-11,337384,Hoang Phuc,4 năm hoạt động trên Airbnb,5,"Ấm cúng, trang thiết bị hiện đại, giường nệm êm ái ngủ rất ngon."
1768534671985126329,10941,2026-09-02,229577,Quốc Anh,2 năm hoạt động trên Airbnb,5,"Trải nghiệm tuyệt vời! Tự nhận phòng với mã khóa cực kỳ tiện lợi, an ninh tốt."
1768534671985126329,10942,2026-09-07,971530,Béo,1 năm hoạt động trên Airbnb,5,"Chủ nhà thân thiện và hiếu khách, chắc chắn sẽ quay lại khi có dịp ghé thăm thành phố."
1214328139448551875,10943,2026-07-08,775885,Hoang Phuc,4 năm hoạt động trên Airbnb,5,"Ấm cúng, trang thiết bị hiện đại, giường nệm êm ái ngủ rất ngon."
1214328139448551875,10944,2026-08-30,235011,Phương Thảo,Mới tham gia Airbnb,5,"Phòng siêu đẹp y chang trên ảnh, bày trí rất có gu. Phòng mới và sạch sẽ, đầy đủ tiện nghi."
1214328139448551875,10945,2026-08-26,631708,Béo,1 năm hoạt động trên Airbnb,5,"Chủ nhà thân thiện và hiếu khách, chắc chắn sẽ quay lại khi có dịp ghé thăm thành phố."
1214328139448551875,10946,2026-08-04,602147,Lan Hương,5 năm hoạt động trên Airbnb,5,"View đẹp mê ly, căn hộ sáng sủa nhiều ánh sáng tự nhiên. 10/10 điểm cho chất lượng phục vụ!"
1567907382350123466,10947,2026-08-18,201826,Chimmiii,Mới tham gia Airbnb,5,"Phòng xinhh, sạch sẽ và thoáng đãng lắm ạ."
1567907382350123466,10948,2026-08-07,955384,Thảo,3 năm hoạt động trên Airbnb,5,"Rất sạch đẹp, vị trí trung tâm đi đâu cũng tiện, hồ bơi và ban công ngắm hoàng hôn rất chill."
1567907382350123466,10949,2026-09-21,680370,Lan Hương,5 năm hoạt động trên Airbnb,5,"View đẹp mê ly, căn hộ sáng sủa nhiều ánh sáng tự nhiên. 10/10 điểm cho chất lượng phục vụ!"
1567907382350123466,10950,2026-08-01,202958,Hoang Phuc,4 năm hoạt động trên Airbnb,5,"Ấm cúng, trang thiết bị hiện đại, giường nệm êm ái ngủ rất ngon."
1567907382350123466,10951,2026-09-05,983977,Như Hoa,4 năm hoạt động trên Airbnb,5,"Phòng đẹp, xinh. Rất mới. Bày trí rất có gu, chủ nhà nhiệt tình hỗ trợ check-in sớm."
1567907382350123466,10952,2026-08-29,913447,Béo,1 năm hoạt động trên Airbnb,5,"Chủ nhà thân thiện và hiếu khách, chắc chắn sẽ quay lại khi có dịp ghé thăm thành phố."
1727989491499804720,10953,2026-08-26,563722,Chimmiii,Mới tham gia Airbnb,5,"Phòng xinhh, sạch sẽ và thoáng đãng lắm ạ."
1727989491499804720,10954,2026-08-18,342592,Béo,1 năm hoạt động trên Airbnb,5,"Chủ nhà thân thiện và hiếu khách, chắc chắn sẽ quay lại khi có dịp ghé thăm thành phố."
1727989491499804720,10955,2026-08-05,376870,Quốc Anh,2 năm hoạt động trên Airbnb,5,"Trải nghiệm tuyệt vời! Tự nhận phòng với mã khóa cực kỳ tiện lợi, an ninh tốt."
1727989491499804720,10956,2026-09-16,972336,Phương Thảo,Mới tham gia Airbnb,5,"Phòng siêu đẹp y chang trên ảnh, bày trí rất có gu. Phòng mới và sạch sẽ, đầy đủ tiện nghi."
1494462771415223386,10957,2026-08-10,827621,Như Hoa,4 năm hoạt động trên Airbnb,5,"Phòng đẹp, xinh. Rất mới. Bày trí rất có gu, chủ nhà nhiệt tình hỗ trợ check-in sớm."
1494462771415223386,10958,2026-07-02,586303,Hoang Phuc,4 năm hoạt động trên Airbnb,5,"Ấm cúng, trang thiết bị hiện đại, giường nệm êm ái ngủ rất ngon."
1494462771415223386,10959,2026-07-23,551325,Chimmiii,Mới tham gia Airbnb,5,"Phòng xinhh, sạch sẽ và thoáng đãng lắm ạ."
1494462771415223386,10960,2026-08-16,433680,Phương Thảo,Mới tham gia Airbnb,5,"Phòng siêu đẹp y chang trên ảnh, bày trí rất có gu. Phòng mới và sạch sẽ, đầy đủ tiện nghi."
1494462771415223386,10961,2026-07-03,308483,Quốc Anh,2 năm hoạt động trên Airbnb,5,"Trải nghiệm tuyệt vời! Tự nhận phòng với mã khóa cực kỳ tiện lợi, an ninh tốt."
1494462771415223386,10962,2026-08-07,950021,Béo,1 năm hoạt động trên Airbnb,5,"Chủ nhà thân thiện và hiếu khách, chắc chắn sẽ quay lại khi có dịp ghé thăm thành phố."
1494462771415223386,10963,2026-09-18,287079,Lan Hương,5 năm hoạt động trên Airbnb,5,"View đẹp mê ly, căn hộ sáng sủa nhiều ánh sáng tự nhiên. 10/10 điểm cho chất lượng phục vụ!"
1747742480709944081,10964,2026-07-14,996003,Phương Thảo,Mới tham gia Airbnb,5,"Phòng siêu đẹp y chang trên ảnh, bày trí rất có gu. Phòng mới và sạch sẽ, đầy đủ tiện nghi."
1747742480709944081,10965,2026-09-09,256483,Thảo,3 năm hoạt động trên Airbnb,5,"Rất sạch đẹp, vị trí trung tâm đi đâu cũng tiện, hồ bơi và ban công ngắm hoàng hôn rất chill."
1747742480709944081,10966,2026-08-09,547811,Chimmiii,Mới tham gia Airbnb,5,"Phòng xinhh, sạch sẽ và thoáng đãng lắm ạ."
1747742480709944081,10967,2026-08-18,777026,Lan Hương,5 năm hoạt động trên Airbnb,5,"View đẹp mê ly, căn hộ sáng sủa nhiều ánh sáng tự nhiên. 10/10 điểm cho chất lượng phục vụ!"
1747742480709944081,10968,2026-08-26,565930,Béo,1 năm hoạt động trên Airbnb,5,"Chủ nhà thân thiện và hiếu khách, chắc chắn sẽ quay lại khi có dịp ghé thăm thành phố."
1747742480709944081,10969,2026-09-18,832445,Quốc Anh,2 năm hoạt động trên Airbnb,5,"Trải nghiệm tuyệt vời! Tự nhận phòng với mã khóa cực kỳ tiện lợi, an ninh tốt."
900285991129555426,10970,2026-08-17,267661,Béo,1 năm hoạt động trên Airbnb,5,"Chủ nhà thân thiện và hiếu khách, chắc chắn sẽ quay lại khi có dịp ghé thăm thành phố."
900285991129555426,10971,2026-07-31,635538,Hoang Phuc,4 năm hoạt động trên Airbnb,5,"Ấm cúng, trang thiết bị hiện đại, giường nệm êm ái ngủ rất ngon."
900285991129555426,10972,2026-08-01,342751,Thảo,3 năm hoạt động trên Airbnb,5,"Rất sạch đẹp, vị trí trung tâm đi đâu cũng tiện, hồ bơi và ban công ngắm hoàng hôn rất chill."
900285991129555426,10973,2026-09-14,987968,Lan Hương,5 năm hoạt động trên Airbnb,5,"View đẹp mê ly, căn hộ sáng sủa nhiều ánh sáng tự nhiên. 10/10 điểm cho chất lượng phục vụ!"
900285991129555426,10974,2026-07-19,723424,Quốc Anh,2 năm hoạt động trên Airbnb,5,"Trải nghiệm tuyệt vời! Tự nhận phòng với mã khóa cực kỳ tiện lợi, an ninh tốt."
900285991129555426,10975,2026-08-20,544872,Chimmiii,Mới tham gia Airbnb,5,"Phòng xinhh, sạch sẽ và thoáng đãng lắm ạ."
1060831891914129533,10976,2026-09-20,655742,Hoang Phuc,4 năm hoạt động trên Airbnb,5,"Ấm cúng, trang thiết bị hiện đại, giường nệm êm ái ngủ rất ngon."
1060831891914129533,10977,2026-08-08,235762,Lan Hương,5 năm hoạt động trên Airbnb,5,"View đẹp mê ly, căn hộ sáng sủa nhiều ánh sáng tự nhiên. 10/10 điểm cho chất lượng phục vụ!"
1060831891914129533,10978,2026-08-29,529315,Quốc Anh,2 năm hoạt động trên Airbnb,5,"Trải nghiệm tuyệt vời! Tự nhận phòng với mã khóa cực kỳ tiện lợi, an ninh tốt."
1060831891914129533,10979,2026-07-02,854527,Béo,1 năm hoạt động trên Airbnb,5,"Chủ nhà thân thiện và hiếu khách, chắc chắn sẽ quay lại khi có dịp ghé thăm thành phố."
1060831891914129533,10980,2026-09-05,357780,Phương Thảo,Mới tham gia Airbnb,5,"Phòng siêu đẹp y chang trên ảnh, bày trí rất có gu. Phòng mới và sạch sẽ, đầy đủ tiện nghi."
1060831891914129533,10981,2026-09-01,533931,Chimmiii,Mới tham gia Airbnb,5,"Phòng xinhh, sạch sẽ và thoáng đãng lắm ạ."
1060831891914129533,10982,2026-07-18,473344,Thảo,3 năm hoạt động trên Airbnb,5,"Rất sạch đẹp, vị trí trung tâm đi đâu cũng tiện, hồ bơi và ban công ngắm hoàng hôn rất chill."
1591764170232288164,10983,2026-09-17,597632,Lan Hương,5 năm hoạt động trên Airbnb,5,"View đẹp mê ly, căn hộ sáng sủa nhiều ánh sáng tự nhiên. 10/10 điểm cho chất lượng phục vụ!"
1591764170232288164,10984,2026-09-09,424189,Quốc Anh,2 năm hoạt động trên Airbnb,5,"Trải nghiệm tuyệt vời! Tự nhận phòng với mã khóa cực kỳ tiện lợi, an ninh tốt."
1591764170232288164,10985,2026-09-16,536194,Chimmiii,Mới tham gia Airbnb,5,"Phòng xinhh, sạch sẽ và thoáng đãng lắm ạ."
1591764170232288164,10986,2026-08-02,453338,Hoang Phuc,4 năm hoạt động trên Airbnb,5,"Ấm cúng, trang thiết bị hiện đại, giường nệm êm ái ngủ rất ngon."
1591764170232288164,10987,2026-07-16,595287,Béo,1 năm hoạt động trên Airbnb,5,"Chủ nhà thân thiện và hiếu khách, chắc chắn sẽ quay lại khi có dịp ghé thăm thành phố."
1591764170232288164,10988,2026-08-16,725096,Thảo,3 năm hoạt động trên Airbnb,5,"Rất sạch đẹp, vị trí trung tâm đi đâu cũng tiện, hồ bơi và ban công ngắm hoàng hôn rất chill."
1591764170232288164,10989,2026-07-27,212012,Phương Thảo,Mới tham gia Airbnb,5,"Phòng siêu đẹp y chang trên ảnh, bày trí rất có gu. Phòng mới và sạch sẽ, đầy đủ tiện nghi."
1591764170232288164,10990,2026-08-10,524115,Như Hoa,4 năm hoạt động trên Airbnb,5,"Phòng đẹp, xinh. Rất mới. Bày trí rất có gu, chủ nhà nhiệt tình hỗ trợ check-in sớm."
1554171586551764247,10991,2026-09-01,368595,Béo,1 năm hoạt động trên Airbnb,5,"Chủ nhà thân thiện và hiếu khách, chắc chắn sẽ quay lại khi có dịp ghé thăm thành phố."
1554171586551764247,10992,2026-07-10,205393,Hoang Phuc,4 năm hoạt động trên Airbnb,5,"Ấm cúng, trang thiết bị hiện đại, giường nệm êm ái ngủ rất ngon."
1554171586551764247,10993,2026-07-04,612976,Thảo,3 năm hoạt động trên Airbnb,5,"Rất sạch đẹp, vị trí trung tâm đi đâu cũng tiện, hồ bơi và ban công ngắm hoàng hôn rất chill."
1554171586551764247,10994,2026-09-07,251945,Lan Hương,5 năm hoạt động trên Airbnb,5,"View đẹp mê ly, căn hộ sáng sủa nhiều ánh sáng tự nhiên. 10/10 điểm cho chất lượng phục vụ!"
1554171586551764247,10995,2026-08-05,725866,Phương Thảo,Mới tham gia Airbnb,5,"Phòng siêu đẹp y chang trên ảnh, bày trí rất có gu. Phòng mới và sạch sẽ, đầy đủ tiện nghi."
1554171586551764247,10996,2026-07-08,339802,Quốc Anh,2 năm hoạt động trên Airbnb,5,"Trải nghiệm tuyệt vời! Tự nhận phòng với mã khóa cực kỳ tiện lợi, an ninh tốt."
1554171586551764247,10997,2026-08-29,575466,Như Hoa,4 năm hoạt động trên Airbnb,5,"Phòng đẹp, xinh. Rất mới. Bày trí rất có gu, chủ nhà nhiệt tình hỗ trợ check-in sớm."
1554171586551764247,10998,2026-09-02,382754,Chimmiii,Mới tham gia Airbnb,5,"Phòng xinhh, sạch sẽ và thoáng đãng lắm ạ."
1730410165585850268,10999,2026-08-08,921085,Lan Hương,5 năm hoạt động trên Airbnb,5,"View đẹp mê ly, căn hộ sáng sủa nhiều ánh sáng tự nhiên. 10/10 điểm cho chất lượng phục vụ!"
1730410165585850268,11000,2026-09-21,740732,Thảo,3 năm hoạt động trên Airbnb,5,"Rất sạch đẹp, vị trí trung tâm đi đâu cũng tiện, hồ bơi và ban công ngắm hoàng hôn rất chill."
1730410165585850268,11001,2026-07-28,980771,Béo,1 năm hoạt động trên Airbnb,5,"Chủ nhà thân thiện và hiếu khách, chắc chắn sẽ quay lại khi có dịp ghé thăm thành phố."
1730410165585850268,11002,2026-09-10,919147,Phương Thảo,Mới tham gia Airbnb,5,"Phòng siêu đẹp y chang trên ảnh, bày trí rất có gu. Phòng mới và sạch sẽ, đầy đủ tiện nghi."
1730410165585850268,11003,2026-07-31,305912,Quốc Anh,2 năm hoạt động trên Airbnb,5,"Trải nghiệm tuyệt vời! Tự nhận phòng với mã khóa cực kỳ tiện lợi, an ninh tốt."
50715217,11004,2026-07-12,467309,Quốc Anh,2 năm hoạt động trên Airbnb,5,"Trải nghiệm tuyệt vời! Tự nhận phòng với mã khóa cực kỳ tiện lợi, an ninh tốt."
50715217,11005,2026-07-30,432349,Phương Thảo,Mới tham gia Airbnb,5,"Phòng siêu đẹp y chang trên ảnh, bày trí rất có gu. Phòng mới và sạch sẽ, đầy đủ tiện nghi."
50715217,11006,2026-09-07,803763,Thảo,3 năm hoạt động trên Airbnb,5,"Rất sạch đẹp, vị trí trung tâm đi đâu cũng tiện, hồ bơi và ban công ngắm hoàng hôn rất chill."
50715217,11007,2026-09-12,906412,Hoang Phuc,4 năm hoạt động trên Airbnb,5,"Ấm cúng, trang thiết bị hiện đại, giường nệm êm ái ngủ rất ngon."
50715217,11008,2026-08-06,417435,Như Hoa,4 năm hoạt động trên Airbnb,5,"Phòng đẹp, xinh. Rất mới. Bày trí rất có gu, chủ nhà nhiệt tình hỗ trợ check-in sớm."
50715217,11009,2026-08-08,390144,Lan Hương,5 năm hoạt động trên Airbnb,5,"View đẹp mê ly, căn hộ sáng sủa nhiều ánh sáng tự nhiên. 10/10 điểm cho chất lượng phục vụ!"
50715217,11010,2026-08-09,671981,Chimmiii,Mới tham gia Airbnb,5,"Phòng xinhh, sạch sẽ và thoáng đãng lắm ạ."
1454734502091228341,11011,2026-08-27,598168,Quốc Anh,2 năm hoạt động trên Airbnb,5,"Trải nghiệm tuyệt vời! Tự nhận phòng với mã khóa cực kỳ tiện lợi, an ninh tốt."
1454734502091228341,11012,2026-09-06,830386,Phương Thảo,Mới tham gia Airbnb,5,"Phòng siêu đẹp y chang trên ảnh, bày trí rất có gu. Phòng mới và sạch sẽ, đầy đủ tiện nghi."
1454734502091228341,11013,2026-09-05,203509,Béo,1 năm hoạt động trên Airbnb,5,"Chủ nhà thân thiện và hiếu khách, chắc chắn sẽ quay lại khi có dịp ghé thăm thành phố."
1454734502091228341,11014,2026-09-02,686766,Lan Hương,5 năm hoạt động trên Airbnb,5,"View đẹp mê ly, căn hộ sáng sủa nhiều ánh sáng tự nhiên. 10/10 điểm cho chất lượng phục vụ!"
1454734502091228341,11015,2026-09-07,359831,Hoang Phuc,4 năm hoạt động trên Airbnb,5,"Ấm cúng, trang thiết bị hiện đại, giường nệm êm ái ngủ rất ngon."
1454734502091228341,11016,2026-09-18,742332,Như Hoa,4 năm hoạt động trên Airbnb,5,"Phòng đẹp, xinh. Rất mới. Bày trí rất có gu, chủ nhà nhiệt tình hỗ trợ check-in sớm."
1687374469487928311,11017,2026-09-16,928151,Quốc Anh,2 năm hoạt động trên Airbnb,5,"Trải nghiệm tuyệt vời! Tự nhận phòng với mã khóa cực kỳ tiện lợi, an ninh tốt."
1687374469487928311,11018,2026-09-04,255726,Lan Hương,5 năm hoạt động trên Airbnb,5,"View đẹp mê ly, căn hộ sáng sủa nhiều ánh sáng tự nhiên. 10/10 điểm cho chất lượng phục vụ!"
1687374469487928311,11019,2026-08-05,207143,Thảo,3 năm hoạt động trên Airbnb,5,"Rất sạch đẹp, vị trí trung tâm đi đâu cũng tiện, hồ bơi và ban công ngắm hoàng hôn rất chill."
1687374469487928311,11020,2026-08-22,429239,Như Hoa,4 năm hoạt động trên Airbnb,5,"Phòng đẹp, xinh. Rất mới. Bày trí rất có gu, chủ nhà nhiệt tình hỗ trợ check-in sớm."
1754127451457399080,11021,2026-08-19,975248,Quốc Anh,2 năm hoạt động trên Airbnb,5,"Trải nghiệm tuyệt vời! Tự nhận phòng với mã khóa cực kỳ tiện lợi, an ninh tốt."
1754127451457399080,11022,2026-08-27,357590,Thảo,3 năm hoạt động trên Airbnb,5,"Rất sạch đẹp, vị trí trung tâm đi đâu cũng tiện, hồ bơi và ban công ngắm hoàng hôn rất chill."
1754127451457399080,11023,2026-07-11,916498,Hoang Phuc,4 năm hoạt động trên Airbnb,5,"Ấm cúng, trang thiết bị hiện đại, giường nệm êm ái ngủ rất ngon."
1754127451457399080,11024,2026-08-09,460730,Béo,1 năm hoạt động trên Airbnb,5,"Chủ nhà thân thiện và hiếu khách, chắc chắn sẽ quay lại khi có dịp ghé thăm thành phố."
1754127451457399080,11025,2026-08-20,810455,Phương Thảo,Mới tham gia Airbnb,5,"Phòng siêu đẹp y chang trên ảnh, bày trí rất có gu. Phòng mới và sạch sẽ, đầy đủ tiện nghi."
1754127451457399080,11026,2026-07-24,681698,Như Hoa,4 năm hoạt động trên Airbnb,5,"Phòng đẹp, xinh. Rất mới. Bày trí rất có gu, chủ nhà nhiệt tình hỗ trợ check-in sớm."
1719276061376482855,11027,2026-08-05,443830,Chimmiii,Mới tham gia Airbnb,5,"Phòng xinhh, sạch sẽ và thoáng đãng lắm ạ."
1719276061376482855,11028,2026-08-04,260243,Thảo,3 năm hoạt động trên Airbnb,5,"Rất sạch đẹp, vị trí trung tâm đi đâu cũng tiện, hồ bơi và ban công ngắm hoàng hôn rất chill."
1719276061376482855,11029,2026-07-07,628974,Quốc Anh,2 năm hoạt động trên Airbnb,5,"Trải nghiệm tuyệt vời! Tự nhận phòng với mã khóa cực kỳ tiện lợi, an ninh tốt."
1719276061376482855,11030,2026-08-04,539938,Như Hoa,4 năm hoạt động trên Airbnb,5,"Phòng đẹp, xinh. Rất mới. Bày trí rất có gu, chủ nhà nhiệt tình hỗ trợ check-in sớm."
1719276061376482855,11031,2026-08-16,332026,Phương Thảo,Mới tham gia Airbnb,5,"Phòng siêu đẹp y chang trên ảnh, bày trí rất có gu. Phòng mới và sạch sẽ, đầy đủ tiện nghi."
1719276061376482855,11032,2026-07-30,896853,Lan Hương,5 năm hoạt động trên Airbnb,5,"View đẹp mê ly, căn hộ sáng sủa nhiều ánh sáng tự nhiên. 10/10 điểm cho chất lượng phục vụ!"
1719276061376482855,11033,2026-07-30,507738,Béo,1 năm hoạt động trên Airbnb,5,"Chủ nhà thân thiện và hiếu khách, chắc chắn sẽ quay lại khi có dịp ghé thăm thành phố."
1738482955436473965,11034,2026-07-18,728734,Thảo,3 năm hoạt động trên Airbnb,5,"Rất sạch đẹp, vị trí trung tâm đi đâu cũng tiện, hồ bơi và ban công ngắm hoàng hôn rất chill."
1738482955436473965,11035,2026-07-10,503229,Như Hoa,4 năm hoạt động trên Airbnb,5,"Phòng đẹp, xinh. Rất mới. Bày trí rất có gu, chủ nhà nhiệt tình hỗ trợ check-in sớm."
1738482955436473965,11036,2026-07-30,893869,Hoang Phuc,4 năm hoạt động trên Airbnb,5,"Ấm cúng, trang thiết bị hiện đại, giường nệm êm ái ngủ rất ngon."
1738482955436473965,11037,2026-08-20,805414,Quốc Anh,2 năm hoạt động trên Airbnb,5,"Trải nghiệm tuyệt vời! Tự nhận phòng với mã khóa cực kỳ tiện lợi, an ninh tốt."
1738482955436473965,11038,2026-08-28,247915,Lan Hương,5 năm hoạt động trên Airbnb,5,"View đẹp mê ly, căn hộ sáng sủa nhiều ánh sáng tự nhiên. 10/10 điểm cho chất lượng phục vụ!"
1738482955436473965,11039,2026-07-09,657737,Chimmiii,Mới tham gia Airbnb,5,"Phòng xinhh, sạch sẽ và thoáng đãng lắm ạ."
1738482955436473965,11040,2026-07-26,695628,Phương Thảo,Mới tham gia Airbnb,5,"Phòng siêu đẹp y chang trên ảnh, bày trí rất có gu. Phòng mới và sạch sẽ, đầy đủ tiện nghi."
1738482955436473965,11041,2026-08-26,288816,Béo,1 năm hoạt động trên Airbnb,5,"Chủ nhà thân thiện và hiếu khách, chắc chắn sẽ quay lại khi có dịp ghé thăm thành phố."
1773389089302553161,11042,2026-08-28,824897,Béo,1 năm hoạt động trên Airbnb,5,"Chủ nhà thân thiện và hiếu khách, chắc chắn sẽ quay lại khi có dịp ghé thăm thành phố."
1773389089302553161,11043,2026-09-12,721861,Quốc Anh,2 năm hoạt động trên Airbnb,5,"Trải nghiệm tuyệt vời! Tự nhận phòng với mã khóa cực kỳ tiện lợi, an ninh tốt."
1773389089302553161,11044,2026-07-22,712548,Thảo,3 năm hoạt động trên Airbnb,5,"Rất sạch đẹp, vị trí trung tâm đi đâu cũng tiện, hồ bơi và ban công ngắm hoàng hôn rất chill."
1773389089302553161,11045,2026-07-24,306686,Hoang Phuc,4 năm hoạt động trên Airbnb,5,"Ấm cúng, trang thiết bị hiện đại, giường nệm êm ái ngủ rất ngon."
1773389089302553161,11046,2026-08-10,968504,Lan Hương,5 năm hoạt động trên Airbnb,5,"View đẹp mê ly, căn hộ sáng sủa nhiều ánh sáng tự nhiên. 10/10 điểm cho chất lượng phục vụ!"
1773389089302553161,11047,2026-08-07,485130,Chimmiii,Mới tham gia Airbnb,5,"Phòng xinhh, sạch sẽ và thoáng đãng lắm ạ."
1773389089302553161,11048,2026-08-11,309667,Như Hoa,4 năm hoạt động trên Airbnb,5,"Phòng đẹp, xinh. Rất mới. Bày trí rất có gu, chủ nhà nhiệt tình hỗ trợ check-in sớm."
1773389089302553161,11049,2026-09-06,765563,Phương Thảo,Mới tham gia Airbnb,5,"Phòng siêu đẹp y chang trên ảnh, bày trí rất có gu. Phòng mới và sạch sẽ, đầy đủ tiện nghi."
1750050140184578264,11050,2026-09-01,971216,Lan Hương,5 năm hoạt động trên Airbnb,5,"View đẹp mê ly, căn hộ sáng sủa nhiều ánh sáng tự nhiên. 10/10 điểm cho chất lượng phục vụ!"
1750050140184578264,11051,2026-08-03,286281,Quốc Anh,2 năm hoạt động trên Airbnb,5,"Trải nghiệm tuyệt vời! Tự nhận phòng với mã khóa cực kỳ tiện lợi, an ninh tốt."
1750050140184578264,11052,2026-09-09,590917,Thảo,3 năm hoạt động trên Airbnb,5,"Rất sạch đẹp, vị trí trung tâm đi đâu cũng tiện, hồ bơi và ban công ngắm hoàng hôn rất chill."
1750050140184578264,11053,2026-06-29,817898,Chimmiii,Mới tham gia Airbnb,5,"Phòng xinhh, sạch sẽ và thoáng đãng lắm ạ."
1717854862505100708,11054,2026-08-15,763448,Thảo,3 năm hoạt động trên Airbnb,5,"Rất sạch đẹp, vị trí trung tâm đi đâu cũng tiện, hồ bơi và ban công ngắm hoàng hôn rất chill."
1717854862505100708,11055,2026-07-13,335920,Quốc Anh,2 năm hoạt động trên Airbnb,5,"Trải nghiệm tuyệt vời! Tự nhận phòng với mã khóa cực kỳ tiện lợi, an ninh tốt."
1717854862505100708,11056,2026-08-31,979125,Lan Hương,5 năm hoạt động trên Airbnb,5,"View đẹp mê ly, căn hộ sáng sủa nhiều ánh sáng tự nhiên. 10/10 điểm cho chất lượng phục vụ!"
1717854862505100708,11057,2026-08-23,449251,Béo,1 năm hoạt động trên Airbnb,5,"Chủ nhà thân thiện và hiếu khách, chắc chắn sẽ quay lại khi có dịp ghé thăm thành phố."
1717854862505100708,11058,2026-09-16,870396,Hoang Phuc,4 năm hoạt động trên Airbnb,5,"Ấm cúng, trang thiết bị hiện đại, giường nệm êm ái ngủ rất ngon."
1593973536483961793,11059,2026-08-22,587552,Phương Thảo,Mới tham gia Airbnb,5,"Phòng siêu đẹp y chang trên ảnh, bày trí rất có gu. Phòng mới và sạch sẽ, đầy đủ tiện nghi."
1593973536483961793,11060,2026-07-19,735623,Thảo,3 năm hoạt động trên Airbnb,5,"Rất sạch đẹp, vị trí trung tâm đi đâu cũng tiện, hồ bơi và ban công ngắm hoàng hôn rất chill."
1593973536483961793,11061,2026-08-11,594067,Chimmiii,Mới tham gia Airbnb,5,"Phòng xinhh, sạch sẽ và thoáng đãng lắm ạ."
1593973536483961793,11062,2026-07-11,384501,Béo,1 năm hoạt động trên Airbnb,5,"Chủ nhà thân thiện và hiếu khách, chắc chắn sẽ quay lại khi có dịp ghé thăm thành phố."
1593973536483961793,11063,2026-07-06,953555,Quốc Anh,2 năm hoạt động trên Airbnb,5,"Trải nghiệm tuyệt vời! Tự nhận phòng với mã khóa cực kỳ tiện lợi, an ninh tốt."
1750378028371912788,11064,2026-08-11,956765,Béo,1 năm hoạt động trên Airbnb,5,"Chủ nhà thân thiện và hiếu khách, chắc chắn sẽ quay lại khi có dịp ghé thăm thành phố."
1750378028371912788,11065,2026-09-23,614895,Quốc Anh,2 năm hoạt động trên Airbnb,5,"Trải nghiệm tuyệt vời! Tự nhận phòng với mã khóa cực kỳ tiện lợi, an ninh tốt."
1750378028371912788,11066,2026-09-02,248411,Thảo,3 năm hoạt động trên Airbnb,5,"Rất sạch đẹp, vị trí trung tâm đi đâu cũng tiện, hồ bơi và ban công ngắm hoàng hôn rất chill."
1750378028371912788,11067,2026-07-24,510819,Phương Thảo,Mới tham gia Airbnb,5,"Phòng siêu đẹp y chang trên ảnh, bày trí rất có gu. Phòng mới và sạch sẽ, đầy đủ tiện nghi."
1750378028371912788,11068,2026-08-10,571283,Hoang Phuc,4 năm hoạt động trên Airbnb,5,"Ấm cúng, trang thiết bị hiện đại, giường nệm êm ái ngủ rất ngon."
1186531054417679159,11069,2026-07-02,437986,Quốc Anh,2 năm hoạt động trên Airbnb,5,"Trải nghiệm tuyệt vời! Tự nhận phòng với mã khóa cực kỳ tiện lợi, an ninh tốt."
1186531054417679159,11070,2026-08-15,379263,Hoang Phuc,4 năm hoạt động trên Airbnb,5,"Ấm cúng, trang thiết bị hiện đại, giường nệm êm ái ngủ rất ngon."
1186531054417679159,11071,2026-08-05,564362,Như Hoa,4 năm hoạt động trên Airbnb,5,"Phòng đẹp, xinh. Rất mới. Bày trí rất có gu, chủ nhà nhiệt tình hỗ trợ check-in sớm."
1186531054417679159,11072,2026-07-22,916600,Chimmiii,Mới tham gia Airbnb,5,"Phòng xinhh, sạch sẽ và thoáng đãng lắm ạ."
1186531054417679159,11073,2026-08-29,543371,Thảo,3 năm hoạt động trên Airbnb,5,"Rất sạch đẹp, vị trí trung tâm đi đâu cũng tiện, hồ bơi và ban công ngắm hoàng hôn rất chill."
1750062264574222104,11074,2026-08-11,535057,Phương Thảo,Mới tham gia Airbnb,5,"Phòng siêu đẹp y chang trên ảnh, bày trí rất có gu. Phòng mới và sạch sẽ, đầy đủ tiện nghi."
1750062264574222104,11075,2026-09-21,385970,Hoang Phuc,4 năm hoạt động trên Airbnb,5,"Ấm cúng, trang thiết bị hiện đại, giường nệm êm ái ngủ rất ngon."
1750062264574222104,11076,2026-08-04,922925,Béo,1 năm hoạt động trên Airbnb,5,"Chủ nhà thân thiện và hiếu khách, chắc chắn sẽ quay lại khi có dịp ghé thăm thành phố."
1750062264574222104,11077,2026-09-04,593187,Như Hoa,4 năm hoạt động trên Airbnb,5,"Phòng đẹp, xinh. Rất mới. Bày trí rất có gu, chủ nhà nhiệt tình hỗ trợ check-in sớm."
1750062264574222104,11078,2026-07-19,371411,Quốc Anh,2 năm hoạt động trên Airbnb,5,"Trải nghiệm tuyệt vời! Tự nhận phòng với mã khóa cực kỳ tiện lợi, an ninh tốt."
1750062264574222104,11079,2026-07-27,710137,Lan Hương,5 năm hoạt động trên Airbnb,5,"View đẹp mê ly, căn hộ sáng sủa nhiều ánh sáng tự nhiên. 10/10 điểm cho chất lượng phục vụ!"
1750062264574222104,11080,2026-07-13,736517,Chimmiii,Mới tham gia Airbnb,5,"Phòng xinhh, sạch sẽ và thoáng đãng lắm ạ."
1750062264574222104,11081,2026-07-26,316704,Thảo,3 năm hoạt động trên Airbnb,5,"Rất sạch đẹp, vị trí trung tâm đi đâu cũng tiện, hồ bơi và ban công ngắm hoàng hôn rất chill."
1426070997600007308,11082,2026-08-02,770940,Phương Thảo,Mới tham gia Airbnb,5,"Phòng siêu đẹp y chang trên ảnh, bày trí rất có gu. Phòng mới và sạch sẽ, đầy đủ tiện nghi."
1426070997600007308,11083,2026-07-27,260811,Béo,1 năm hoạt động trên Airbnb,5,"Chủ nhà thân thiện và hiếu khách, chắc chắn sẽ quay lại khi có dịp ghé thăm thành phố."
1426070997600007308,11084,2026-07-04,336468,Chimmiii,Mới tham gia Airbnb,5,"Phòng xinhh, sạch sẽ và thoáng đãng lắm ạ."
1426070997600007308,11085,2026-07-26,206105,Hoang Phuc,4 năm hoạt động trên Airbnb,5,"Ấm cúng, trang thiết bị hiện đại, giường nệm êm ái ngủ rất ngon."
1426070997600007308,11086,2026-09-13,472861,Lan Hương,5 năm hoạt động trên Airbnb,5,"View đẹp mê ly, căn hộ sáng sủa nhiều ánh sáng tự nhiên. 10/10 điểm cho chất lượng phục vụ!"
1426070997600007308,11087,2026-09-01,713023,Như Hoa,4 năm hoạt động trên Airbnb,5,"Phòng đẹp, xinh. Rất mới. Bày trí rất có gu, chủ nhà nhiệt tình hỗ trợ check-in sớm."
1426070997600007308,11088,2026-07-21,628585,Thảo,3 năm hoạt động trên Airbnb,5,"Rất sạch đẹp, vị trí trung tâm đi đâu cũng tiện, hồ bơi và ban công ngắm hoàng hôn rất chill."
1426070997600007308,11089,2026-07-14,441253,Quốc Anh,2 năm hoạt động trên Airbnb,5,"Trải nghiệm tuyệt vời! Tự nhận phòng với mã khóa cực kỳ tiện lợi, an ninh tốt."
1360610890701117006,11090,2026-07-23,556642,Lan Hương,5 năm hoạt động trên Airbnb,5,"View đẹp mê ly, căn hộ sáng sủa nhiều ánh sáng tự nhiên. 10/10 điểm cho chất lượng phục vụ!"
1360610890701117006,11091,2026-09-04,530827,Chimmiii,Mới tham gia Airbnb,5,"Phòng xinhh, sạch sẽ và thoáng đãng lắm ạ."
1360610890701117006,11092,2026-07-02,981246,Phương Thảo,Mới tham gia Airbnb,5,"Phòng siêu đẹp y chang trên ảnh, bày trí rất có gu. Phòng mới và sạch sẽ, đầy đủ tiện nghi."
1360610890701117006,11093,2026-07-20,373888,Quốc Anh,2 năm hoạt động trên Airbnb,5,"Trải nghiệm tuyệt vời! Tự nhận phòng với mã khóa cực kỳ tiện lợi, an ninh tốt."
1360610890701117006,11094,2026-07-02,681546,Thảo,3 năm hoạt động trên Airbnb,5,"Rất sạch đẹp, vị trí trung tâm đi đâu cũng tiện, hồ bơi và ban công ngắm hoàng hôn rất chill."
1360610890701117006,11095,2026-07-03,244797,Béo,1 năm hoạt động trên Airbnb,5,"Chủ nhà thân thiện và hiếu khách, chắc chắn sẽ quay lại khi có dịp ghé thăm thành phố."
1360610890701117006,11096,2026-07-02,325171,Như Hoa,4 năm hoạt động trên Airbnb,5,"Phòng đẹp, xinh. Rất mới. Bày trí rất có gu, chủ nhà nhiệt tình hỗ trợ check-in sớm."
1348230529297274931,11097,2026-09-02,250952,Chimmiii,Mới tham gia Airbnb,5,"Phòng xinhh, sạch sẽ và thoáng đãng lắm ạ."
1348230529297274931,11098,2026-08-21,699935,Phương Thảo,Mới tham gia Airbnb,5,"Phòng siêu đẹp y chang trên ảnh, bày trí rất có gu. Phòng mới và sạch sẽ, đầy đủ tiện nghi."
1348230529297274931,11099,2026-08-02,716751,Thảo,3 năm hoạt động trên Airbnb,5,"Rất sạch đẹp, vị trí trung tâm đi đâu cũng tiện, hồ bơi và ban công ngắm hoàng hôn rất chill."
1348230529297274931,11100,2026-07-19,487261,Hoang Phuc,4 năm hoạt động trên Airbnb,5,"Ấm cúng, trang thiết bị hiện đại, giường nệm êm ái ngủ rất ngon."
1746055644936642310,11101,2026-07-16,343780,Lan Hương,5 năm hoạt động trên Airbnb,5,"View đẹp mê ly, căn hộ sáng sủa nhiều ánh sáng tự nhiên. 10/10 điểm cho chất lượng phục vụ!"
1746055644936642310,11102,2026-08-19,674849,Như Hoa,4 năm hoạt động trên Airbnb,5,"Phòng đẹp, xinh. Rất mới. Bày trí rất có gu, chủ nhà nhiệt tình hỗ trợ check-in sớm."
1746055644936642310,11103,2026-08-28,561591,Béo,1 năm hoạt động trên Airbnb,5,"Chủ nhà thân thiện và hiếu khách, chắc chắn sẽ quay lại khi có dịp ghé thăm thành phố."
1746055644936642310,11104,2026-07-02,692564,Thảo,3 năm hoạt động trên Airbnb,5,"Rất sạch đẹp, vị trí trung tâm đi đâu cũng tiện, hồ bơi và ban công ngắm hoàng hôn rất chill."
1746055644936642310,11105,2026-09-20,484933,Phương Thảo,Mới tham gia Airbnb,5,"Phòng siêu đẹp y chang trên ảnh, bày trí rất có gu. Phòng mới và sạch sẽ, đầy đủ tiện nghi."
1746055644936642310,11106,2026-07-28,434724,Quốc Anh,2 năm hoạt động trên Airbnb,5,"Trải nghiệm tuyệt vời! Tự nhận phòng với mã khóa cực kỳ tiện lợi, an ninh tốt."
1282971557432387153,11107,2026-07-23,578974,Béo,1 năm hoạt động trên Airbnb,5,"Chủ nhà thân thiện và hiếu khách, chắc chắn sẽ quay lại khi có dịp ghé thăm thành phố."
1282971557432387153,11108,2026-08-22,975879,Quốc Anh,2 năm hoạt động trên Airbnb,5,"Trải nghiệm tuyệt vời! Tự nhận phòng với mã khóa cực kỳ tiện lợi, an ninh tốt."
1282971557432387153,11109,2026-08-21,831804,Hoang Phuc,4 năm hoạt động trên Airbnb,5,"Ấm cúng, trang thiết bị hiện đại, giường nệm êm ái ngủ rất ngon."
1282971557432387153,11110,2026-08-17,594309,Thảo,3 năm hoạt động trên Airbnb,5,"Rất sạch đẹp, vị trí trung tâm đi đâu cũng tiện, hồ bơi và ban công ngắm hoàng hôn rất chill."
1282971557432387153,11111,2026-09-17,786371,Như Hoa,4 năm hoạt động trên Airbnb,5,"Phòng đẹp, xinh. Rất mới. Bày trí rất có gu, chủ nhà nhiệt tình hỗ trợ check-in sớm."
1675978460186855507,11112,2026-07-18,457032,Như Hoa,4 năm hoạt động trên Airbnb,5,"Phòng đẹp, xinh. Rất mới. Bày trí rất có gu, chủ nhà nhiệt tình hỗ trợ check-in sớm."
1675978460186855507,11113,2026-07-30,961312,Hoang Phuc,4 năm hoạt động trên Airbnb,5,"Ấm cúng, trang thiết bị hiện đại, giường nệm êm ái ngủ rất ngon."
1675978460186855507,11114,2026-07-23,989052,Lan Hương,5 năm hoạt động trên Airbnb,5,"View đẹp mê ly, căn hộ sáng sủa nhiều ánh sáng tự nhiên. 10/10 điểm cho chất lượng phục vụ!"
1675978460186855507,11115,2026-08-17,380816,Chimmiii,Mới tham gia Airbnb,5,"Phòng xinhh, sạch sẽ và thoáng đãng lắm ạ."
1675978460186855507,11116,2026-09-19,641188,Quốc Anh,2 năm hoạt động trên Airbnb,5,"Trải nghiệm tuyệt vời! Tự nhận phòng với mã khóa cực kỳ tiện lợi, an ninh tốt."
1675978460186855507,11117,2026-09-21,799223,Phương Thảo,Mới tham gia Airbnb,5,"Phòng siêu đẹp y chang trên ảnh, bày trí rất có gu. Phòng mới và sạch sẽ, đầy đủ tiện nghi."
1675978460186855507,11118,2026-07-20,270942,Thảo,3 năm hoạt động trên Airbnb,5,"Rất sạch đẹp, vị trí trung tâm đi đâu cũng tiện, hồ bơi và ban công ngắm hoàng hôn rất chill."
1443285682888010697,11119,2026-08-10,549012,Lan Hương,5 năm hoạt động trên Airbnb,5,"View đẹp mê ly, căn hộ sáng sủa nhiều ánh sáng tự nhiên. 10/10 điểm cho chất lượng phục vụ!"
1443285682888010697,11120,2026-08-28,822047,Như Hoa,4 năm hoạt động trên Airbnb,5,"Phòng đẹp, xinh. Rất mới. Bày trí rất có gu, chủ nhà nhiệt tình hỗ trợ check-in sớm."
1443285682888010697,11121,2026-07-19,716464,Chimmiii,Mới tham gia Airbnb,5,"Phòng xinhh, sạch sẽ và thoáng đãng lắm ạ."
1443285682888010697,11122,2026-07-18,798316,Quốc Anh,2 năm hoạt động trên Airbnb,5,"Trải nghiệm tuyệt vời! Tự nhận phòng với mã khóa cực kỳ tiện lợi, an ninh tốt."
1443285682888010697,11123,2026-08-20,691537,Phương Thảo,Mới tham gia Airbnb,5,"Phòng siêu đẹp y chang trên ảnh, bày trí rất có gu. Phòng mới và sạch sẽ, đầy đủ tiện nghi."
1443285682888010697,11124,2026-09-07,966832,Hoang Phuc,4 năm hoạt động trên Airbnb,5,"Ấm cúng, trang thiết bị hiện đại, giường nệm êm ái ngủ rất ngon."
1443285682888010697,11125,2026-07-28,832278,Béo,1 năm hoạt động trên Airbnb,5,"Chủ nhà thân thiện và hiếu khách, chắc chắn sẽ quay lại khi có dịp ghé thăm thành phố."
1443285682888010697,11126,2026-07-05,632213,Thảo,3 năm hoạt động trên Airbnb,5,"Rất sạch đẹp, vị trí trung tâm đi đâu cũng tiện, hồ bơi và ban công ngắm hoàng hôn rất chill."
1727814233300788219,11127,2026-07-01,630779,Lan Hương,5 năm hoạt động trên Airbnb,5,"View đẹp mê ly, căn hộ sáng sủa nhiều ánh sáng tự nhiên. 10/10 điểm cho chất lượng phục vụ!"
1727814233300788219,11128,2026-07-23,300949,Như Hoa,4 năm hoạt động trên Airbnb,5,"Phòng đẹp, xinh. Rất mới. Bày trí rất có gu, chủ nhà nhiệt tình hỗ trợ check-in sớm."
1727814233300788219,11129,2026-08-21,681531,Chimmiii,Mới tham gia Airbnb,5,"Phòng xinhh, sạch sẽ và thoáng đãng lắm ạ."
1727814233300788219,11130,2026-09-03,213663,Phương Thảo,Mới tham gia Airbnb,5,"Phòng siêu đẹp y chang trên ảnh, bày trí rất có gu. Phòng mới và sạch sẽ, đầy đủ tiện nghi."
1727814233300788219,11131,2026-07-15,443694,Hoang Phuc,4 năm hoạt động trên Airbnb,5,"Ấm cúng, trang thiết bị hiện đại, giường nệm êm ái ngủ rất ngon."
1727814233300788219,11132,2026-09-06,892256,Béo,1 năm hoạt động trên Airbnb,5,"Chủ nhà thân thiện và hiếu khách, chắc chắn sẽ quay lại khi có dịp ghé thăm thành phố."
1727814233300788219,11133,2026-08-24,730553,Thảo,3 năm hoạt động trên Airbnb,5,"Rất sạch đẹp, vị trí trung tâm đi đâu cũng tiện, hồ bơi và ban công ngắm hoàng hôn rất chill."
1615747157754003345,11134,2026-07-04,547896,Hoang Phuc,4 năm hoạt động trên Airbnb,5,"Ấm cúng, trang thiết bị hiện đại, giường nệm êm ái ngủ rất ngon."
1615747157754003345,11135,2026-07-07,219660,Như Hoa,4 năm hoạt động trên Airbnb,5,"Phòng đẹp, xinh. Rất mới. Bày trí rất có gu, chủ nhà nhiệt tình hỗ trợ check-in sớm."
1615747157754003345,11136,2026-08-12,296854,Quốc Anh,2 năm hoạt động trên Airbnb,5,"Trải nghiệm tuyệt vời! Tự nhận phòng với mã khóa cực kỳ tiện lợi, an ninh tốt."
1615747157754003345,11137,2026-08-10,291214,Lan Hương,5 năm hoạt động trên Airbnb,5,"View đẹp mê ly, căn hộ sáng sủa nhiều ánh sáng tự nhiên. 10/10 điểm cho chất lượng phục vụ!"
1615747157754003345,11138,2026-07-26,507169,Béo,1 năm hoạt động trên Airbnb,5,"Chủ nhà thân thiện và hiếu khách, chắc chắn sẽ quay lại khi có dịp ghé thăm thành phố."
1615747157754003345,11139,2026-09-11,854476,Phương Thảo,Mới tham gia Airbnb,5,"Phòng siêu đẹp y chang trên ảnh, bày trí rất có gu. Phòng mới và sạch sẽ, đầy đủ tiện nghi."
1615747157754003345,11140,2026-07-03,850302,Thảo,3 năm hoạt động trên Airbnb,5,"Rất sạch đẹp, vị trí trung tâm đi đâu cũng tiện, hồ bơi và ban công ngắm hoàng hôn rất chill."
1615747157754003345,11141,2026-06-30,822259,Chimmiii,Mới tham gia Airbnb,5,"Phòng xinhh, sạch sẽ và thoáng đãng lắm ạ."
885869633465097817,11142,2026-06-28,867775,Như Hoa,4 năm hoạt động trên Airbnb,5,"Phòng đẹp, xinh. Rất mới. Bày trí rất có gu, chủ nhà nhiệt tình hỗ trợ check-in sớm."
885869633465097817,11143,2026-08-14,627362,Lan Hương,5 năm hoạt động trên Airbnb,5,"View đẹp mê ly, căn hộ sáng sủa nhiều ánh sáng tự nhiên. 10/10 điểm cho chất lượng phục vụ!"
885869633465097817,11144,2026-08-07,692410,Chimmiii,Mới tham gia Airbnb,5,"Phòng xinhh, sạch sẽ và thoáng đãng lắm ạ."
885869633465097817,11145,2026-08-10,977635,Thảo,3 năm hoạt động trên Airbnb,5,"Rất sạch đẹp, vị trí trung tâm đi đâu cũng tiện, hồ bơi và ban công ngắm hoàng hôn rất chill."
885869633465097817,11146,2026-07-20,958297,Phương Thảo,Mới tham gia Airbnb,5,"Phòng siêu đẹp y chang trên ảnh, bày trí rất có gu. Phòng mới và sạch sẽ, đầy đủ tiện nghi."
885869633465097817,11147,2026-07-16,286704,Quốc Anh,2 năm hoạt động trên Airbnb,5,"Trải nghiệm tuyệt vời! Tự nhận phòng với mã khóa cực kỳ tiện lợi, an ninh tốt."
885869633465097817,11148,2026-08-12,319917,Hoang Phuc,4 năm hoạt động trên Airbnb,5,"Ấm cúng, trang thiết bị hiện đại, giường nệm êm ái ngủ rất ngon."
1706357047140239650,11149,2026-08-04,213847,Quốc Anh,2 năm hoạt động trên Airbnb,5,"Trải nghiệm tuyệt vời! Tự nhận phòng với mã khóa cực kỳ tiện lợi, an ninh tốt."
1706357047140239650,11150,2026-06-28,538141,Béo,1 năm hoạt động trên Airbnb,5,"Chủ nhà thân thiện và hiếu khách, chắc chắn sẽ quay lại khi có dịp ghé thăm thành phố."
1706357047140239650,11151,2026-07-18,366273,Lan Hương,5 năm hoạt động trên Airbnb,5,"View đẹp mê ly, căn hộ sáng sủa nhiều ánh sáng tự nhiên. 10/10 điểm cho chất lượng phục vụ!"
1706357047140239650,11152,2026-08-05,376405,Như Hoa,4 năm hoạt động trên Airbnb,5,"Phòng đẹp, xinh. Rất mới. Bày trí rất có gu, chủ nhà nhiệt tình hỗ trợ check-in sớm."
1706357047140239650,11153,2026-08-27,885122,Hoang Phuc,4 năm hoạt động trên Airbnb,5,"Ấm cúng, trang thiết bị hiện đại, giường nệm êm ái ngủ rất ngon."
1706357047140239650,11154,2026-06-30,549937,Chimmiii,Mới tham gia Airbnb,5,"Phòng xinhh, sạch sẽ và thoáng đãng lắm ạ."
1706357047140239650,11155,2026-08-27,306406,Thảo,3 năm hoạt động trên Airbnb,5,"Rất sạch đẹp, vị trí trung tâm đi đâu cũng tiện, hồ bơi và ban công ngắm hoàng hôn rất chill."
1760182618782896386,11156,2026-07-17,715538,Quốc Anh,2 năm hoạt động trên Airbnb,5,"Trải nghiệm tuyệt vời! Tự nhận phòng với mã khóa cực kỳ tiện lợi, an ninh tốt."
1760182618782896386,11157,2026-08-03,326020,Béo,1 năm hoạt động trên Airbnb,5,"Chủ nhà thân thiện và hiếu khách, chắc chắn sẽ quay lại khi có dịp ghé thăm thành phố."
1760182618782896386,11158,2026-07-04,862851,Thảo,3 năm hoạt động trên Airbnb,5,"Rất sạch đẹp, vị trí trung tâm đi đâu cũng tiện, hồ bơi và ban công ngắm hoàng hôn rất chill."
1760182618782896386,11159,2026-07-02,587483,Phương Thảo,Mới tham gia Airbnb,5,"Phòng siêu đẹp y chang trên ảnh, bày trí rất có gu. Phòng mới và sạch sẽ, đầy đủ tiện nghi."
1760182618782896386,11160,2026-07-14,985538,Như Hoa,4 năm hoạt động trên Airbnb,5,"Phòng đẹp, xinh. Rất mới. Bày trí rất có gu, chủ nhà nhiệt tình hỗ trợ check-in sớm."
1760182618782896386,11161,2026-07-03,528759,Lan Hương,5 năm hoạt động trên Airbnb,5,"View đẹp mê ly, căn hộ sáng sủa nhiều ánh sáng tự nhiên. 10/10 điểm cho chất lượng phục vụ!"
937395048859395141,11162,2026-08-04,816445,Béo,1 năm hoạt động trên Airbnb,5,"Chủ nhà thân thiện và hiếu khách, chắc chắn sẽ quay lại khi có dịp ghé thăm thành phố."
937395048859395141,11163,2026-07-23,447121,Như Hoa,4 năm hoạt động trên Airbnb,5,"Phòng đẹp, xinh. Rất mới. Bày trí rất có gu, chủ nhà nhiệt tình hỗ trợ check-in sớm."
937395048859395141,11164,2026-08-23,381291,Thảo,3 năm hoạt động trên Airbnb,5,"Rất sạch đẹp, vị trí trung tâm đi đâu cũng tiện, hồ bơi và ban công ngắm hoàng hôn rất chill."
937395048859395141,11165,2026-08-12,740381,Hoang Phuc,4 năm hoạt động trên Airbnb,5,"Ấm cúng, trang thiết bị hiện đại, giường nệm êm ái ngủ rất ngon."
937395048859395141,11166,2026-08-10,811739,Lan Hương,5 năm hoạt động trên Airbnb,5,"View đẹp mê ly, căn hộ sáng sủa nhiều ánh sáng tự nhiên. 10/10 điểm cho chất lượng phục vụ!"
937395048859395141,11167,2026-08-01,872084,Chimmiii,Mới tham gia Airbnb,5,"Phòng xinhh, sạch sẽ và thoáng đãng lắm ạ."
937395048859395141,11168,2026-09-12,913820,Phương Thảo,Mới tham gia Airbnb,5,"Phòng siêu đẹp y chang trên ảnh, bày trí rất có gu. Phòng mới và sạch sẽ, đầy đủ tiện nghi."
1574426191088088512,11169,2026-07-31,882088,Hoang Phuc,4 năm hoạt động trên Airbnb,5,"Ấm cúng, trang thiết bị hiện đại, giường nệm êm ái ngủ rất ngon."
1574426191088088512,11170,2026-07-26,569957,Quốc Anh,2 năm hoạt động trên Airbnb,5,"Trải nghiệm tuyệt vời! Tự nhận phòng với mã khóa cực kỳ tiện lợi, an ninh tốt."
1574426191088088512,11171,2026-08-15,436272,Thảo,3 năm hoạt động trên Airbnb,5,"Rất sạch đẹp, vị trí trung tâm đi đâu cũng tiện, hồ bơi và ban công ngắm hoàng hôn rất chill."
1574426191088088512,11172,2026-08-07,728462,Lan Hương,5 năm hoạt động trên Airbnb,5,"View đẹp mê ly, căn hộ sáng sủa nhiều ánh sáng tự nhiên. 10/10 điểm cho chất lượng phục vụ!"
1574426191088088512,11173,2026-07-29,781619,Phương Thảo,Mới tham gia Airbnb,5,"Phòng siêu đẹp y chang trên ảnh, bày trí rất có gu. Phòng mới và sạch sẽ, đầy đủ tiện nghi."
1759266528055939569,11174,2026-09-05,310098,Lan Hương,5 năm hoạt động trên Airbnb,5,"View đẹp mê ly, căn hộ sáng sủa nhiều ánh sáng tự nhiên. 10/10 điểm cho chất lượng phục vụ!"
1759266528055939569,11175,2026-07-28,440326,Quốc Anh,2 năm hoạt động trên Airbnb,5,"Trải nghiệm tuyệt vời! Tự nhận phòng với mã khóa cực kỳ tiện lợi, an ninh tốt."
1759266528055939569,11176,2026-07-03,982825,Như Hoa,4 năm hoạt động trên Airbnb,5,"Phòng đẹp, xinh. Rất mới. Bày trí rất có gu, chủ nhà nhiệt tình hỗ trợ check-in sớm."
1759266528055939569,11177,2026-09-03,415167,Phương Thảo,Mới tham gia Airbnb,5,"Phòng siêu đẹp y chang trên ảnh, bày trí rất có gu. Phòng mới và sạch sẽ, đầy đủ tiện nghi."
1767210507428005720,11178,2026-08-31,948026,Phương Thảo,Mới tham gia Airbnb,5,"Phòng siêu đẹp y chang trên ảnh, bày trí rất có gu. Phòng mới và sạch sẽ, đầy đủ tiện nghi."
1767210507428005720,11179,2026-07-09,274557,Chimmiii,Mới tham gia Airbnb,5,"Phòng xinhh, sạch sẽ và thoáng đãng lắm ạ."
1767210507428005720,11180,2026-07-08,878047,Như Hoa,4 năm hoạt động trên Airbnb,5,"Phòng đẹp, xinh. Rất mới. Bày trí rất có gu, chủ nhà nhiệt tình hỗ trợ check-in sớm."
1767210507428005720,11181,2026-07-02,458826,Thảo,3 năm hoạt động trên Airbnb,5,"Rất sạch đẹp, vị trí trung tâm đi đâu cũng tiện, hồ bơi và ban công ngắm hoàng hôn rất chill."
1767210507428005720,11182,2026-07-16,491087,Quốc Anh,2 năm hoạt động trên Airbnb,5,"Trải nghiệm tuyệt vời! Tự nhận phòng với mã khóa cực kỳ tiện lợi, an ninh tốt."
1767210507428005720,11183,2026-08-18,606678,Hoang Phuc,4 năm hoạt động trên Airbnb,5,"Ấm cúng, trang thiết bị hiện đại, giường nệm êm ái ngủ rất ngon."
1767210507428005720,11184,2026-08-25,242410,Lan Hương,5 năm hoạt động trên Airbnb,5,"View đẹp mê ly, căn hộ sáng sủa nhiều ánh sáng tự nhiên. 10/10 điểm cho chất lượng phục vụ!"
1767210507428005720,11185,2026-07-27,730916,Béo,1 năm hoạt động trên Airbnb,5,"Chủ nhà thân thiện và hiếu khách, chắc chắn sẽ quay lại khi có dịp ghé thăm thành phố."
1745542626862482009,11186,2026-07-23,448132,Phương Thảo,Mới tham gia Airbnb,5,"Phòng siêu đẹp y chang trên ảnh, bày trí rất có gu. Phòng mới và sạch sẽ, đầy đủ tiện nghi."
1745542626862482009,11187,2026-08-20,561239,Thảo,3 năm hoạt động trên Airbnb,5,"Rất sạch đẹp, vị trí trung tâm đi đâu cũng tiện, hồ bơi và ban công ngắm hoàng hôn rất chill."
1745542626862482009,11188,2026-08-20,818379,Quốc Anh,2 năm hoạt động trên Airbnb,5,"Trải nghiệm tuyệt vời! Tự nhận phòng với mã khóa cực kỳ tiện lợi, an ninh tốt."
1745542626862482009,11189,2026-08-19,841134,Lan Hương,5 năm hoạt động trên Airbnb,5,"View đẹp mê ly, căn hộ sáng sủa nhiều ánh sáng tự nhiên. 10/10 điểm cho chất lượng phục vụ!"
