listing_id,id,date,reviewer_id,reviewer_name,reviewer_tenure,rating,comments
1754375395830042120,10001,2026-09-15,925227,Béo,1 năm hoạt động trên Airbnb,5,"Chủ nhà thân thiện và hiếu khách, chắc chắn sẽ quay lại khi có dịp ghé thăm thành phố."
1754375395830042120,10002,2026-08-05,633417,Như Hoa,4 năm hoạt động trên Airbnb,5,"Phòng đẹp, xinh. Rất mới. Bày trí rất có gu, chủ nhà nhiệt tình hỗ trợ check-in sớm."
1754375395830042120,10003,2026-07-06,388172,Hoang Phuc,4 năm hoạt động trên Airbnb,5,"Ấm cúng, trang thiết bị hiện đại, giường nệm êm ái ngủ rất ngon."
1754375395830042120,10004,2026-07-09,243748,Quốc Anh,2 năm hoạt động trên Airbnb,5,"Trải nghiệm tuyệt vời! Tự nhận phòng với mã khóa cực kỳ tiện lợi, an ninh tốt."
1754375395830042120,10005,2026-08-27,963081,Thảo,3 năm hoạt động trên Airbnb,5,"Rất sạch đẹp, vị trí trung tâm đi đâu cũng tiện, hồ bơi và ban công ngắm hoàng hôn rất chill."
1754375395830042120,10006,2026-09-12,670699,Lan Hương,5 năm hoạt động trên Airbnb,5,"View đẹp mê ly, căn hộ sáng sủa nhiều ánh sáng tự nhiên. 10/10 điểm cho chất lượng phục vụ!"
1754375395830042120,10007,2026-08-12,315030,Phương Thảo,Mới tham gia Airbnb,5,"Phòng siêu đẹp y chang trên ảnh, bày trí rất có gu. Phòng mới và sạch sẽ, đầy đủ tiện nghi."
1779795835883707145,10008,2026-08-02,247776,Thảo,3 năm hoạt động trên Airbnb,5,"Rất sạch đẹp, vị trí trung tâm đi đâu cũng tiện, hồ bơi và ban công ngắm hoàng hôn rất chill."
1779795835883707145,10009,2026-09-21,762349,Như Hoa,4 năm hoạt động trên Airbnb,5,"Phòng đẹp, xinh. Rất mới. Bày trí rất có gu, chủ nhà nhiệt tình hỗ trợ check-in sớm."
1779795835883707145,10010,2026-08-07,600375,Hoang Phuc,4 năm hoạt động trên Airbnb,5,"Ấm cúng, trang thiết bị hiện đại, giường nệm êm ái ngủ rất ngon."
1779795835883707145,10011,2026-07-16,497885,Chimmiii,Mới tham gia Airbnb,5,"Phòng xinhh, sạch sẽ và thoáng đãng lắm ạ."
1779795835883707145,10012,2026-08-06,688695,Phương Thảo,Mới tham gia Airbnb,5,"Phòng siêu đẹp y chang trên ảnh, bày trí rất có gu. Phòng mới và sạch sẽ, đầy đủ tiện nghi."
1779795835883707145,10013,2026-09-19,262076,Quốc Anh,2 năm hoạt động trên Airbnb,5,"Trải nghiệm tuyệt vời! Tự nhận phòng với mã khóa cực kỳ tiện lợi, an ninh tốt."
1779795835883707145,10014,2026-07-10,636212,Béo,1 năm hoạt động trên Airbnb,5,"Chủ nhà thân thiện và hiếu khách, chắc chắn sẽ quay lại khi có dịp ghé thăm thành phố."
1779795835883707145,10015,2026-08-16,438355,Lan Hương,5 năm hoạt động trên Airbnb,5,"View đẹp mê ly, căn hộ sáng sủa nhiều ánh sáng tự nhiên. 10/10 điểm cho chất lượng phục vụ!"
1546929296117825535,10016,2026-07-30,901509,Lan Hương,5 năm hoạt động trên Airbnb,5,"View đẹp mê ly, căn hộ sáng sủa nhiều ánh sáng tự nhiên. 10/10 điểm cho chất lượng phục vụ!"
1546929296117825535,10017,2026-07-16,543731,Chimmiii,Mới tham gia Airbnb,5,"Phòng xinhh, sạch sẽ và thoáng đãng lắm ạ."
1546929296117825535,10018,2026-09-14,501832,Như Hoa,4 năm hoạt động trên Airbnb,5,"Phòng đẹp, xinh. Rất mới. Bày trí rất có gu, chủ nhà nhiệt tình hỗ trợ check-in sớm."
1546929296117825535,10019,2026-09-16,967761,Phương Thảo,Mới tham gia Airbnb,5,"Phòng siêu đẹp y chang trên ảnh, bày trí rất có gu. Phòng mới và sạch sẽ, đầy đủ tiện nghi."
1546929296117825535,10020,2026-09-18,516034,Thảo,3 năm hoạt động trên Airbnb,5,"Rất sạch đẹp, vị trí trung tâm đi đâu cũng tiện, hồ bơi và ban công ngắm hoàng hôn rất chill."
1546929296117825535,10021,2026-09-21,414685,Quốc Anh,2 năm hoạt động trên Airbnb,5,"Trải nghiệm tuyệt vời! Tự nhận phòng với mã khóa cực kỳ tiện lợi, an ninh tốt."
1774374214348440285,10022,2026-09-02,599151,Như Hoa,4 năm hoạt động trên Airbnb,5,"Phòng đẹp, xinh. Rất mới. Bày trí rất có gu, chủ nhà nhiệt tình hỗ trợ check-in sớm."
1774374214348440285,10023,2026-07-31,869056,Phương Thảo,Mới tham gia Airbnb,5,"Phòng siêu đẹp y chang trên ảnh, bày trí rất có gu. Phòng mới và sạch sẽ, đầy đủ tiện nghi."
1774374214348440285,10024,2026-09-15,438048,Lan Hương,5 năm hoạt động trên Airbnb,5,"View đẹp mê ly, căn hộ sáng sủa nhiều ánh sáng tự nhiên. 10/10 điểm cho chất lượng phục vụ!"
1774374214348440285,10025,2026-09-15,478258,Thảo,3 năm hoạt động trên Airbnb,5,"Rất sạch đẹp, vị trí trung tâm đi đâu cũng tiện, hồ bơi và ban công ngắm hoàng hôn rất chill."
1774374214348440285,10026,2026-08-04,830281,Chimmiii,Mới tham gia Airbnb,5,"Phòng xinhh, sạch sẽ và thoáng đãng lắm ạ."
1774374214348440285,10027,2026-09-09,620003,Hoang Phuc,4 năm hoạt động trên Airbnb,5,"Ấm cúng, trang thiết bị hiện đại, giường nệm êm ái ngủ rất ngon."
1643855940082641613,10028,2026-09-19,863094,Lan Hương,5 năm hoạt động trên Airbnb,5,"View đẹp mê ly, căn hộ sáng sủa nhiều ánh sáng tự nhiên. 10/10 điểm cho chất lượng phục vụ!"
1643855940082641613,10029,2026-08-09,509058,Thảo,3 năm hoạt động trên Airbnb,5,"Rất sạch đẹp, vị trí trung tâm đi đâu cũng tiện, hồ bơi và ban công ngắm hoàng hôn rất chill."
1643855940082641613,10030,2026-09-22,928015,Béo,1 năm hoạt động trên Airbnb,5,"Chủ nhà thân thiện và hiếu khách, chắc chắn sẽ quay lại khi có dịp ghé thăm thành phố."
1643855940082641613,10031,2026-06-29,860712,Như Hoa,4 năm hoạt động trên Airbnb,5,"Phòng đẹp, xinh. Rất mới. Bày trí rất có gu, chủ nhà nhiệt tình hỗ trợ check-in sớm."
1715071157493381458,10032,2026-06-28,375705,Quốc Anh,2 năm hoạt động trên Airbnb,5,"Trải nghiệm tuyệt vời! Tự nhận phòng với mã khóa cực kỳ tiện lợi, an ninh tốt."
1715071157493381458,10033,2026-07-20,954112,Chimmiii,Mới tham gia Airbnb,5,"Phòng xinhh, sạch sẽ và thoáng đãng lắm ạ."
1715071157493381458,10034,2026-08-23,770518,Hoang Phuc,4 năm hoạt động trên Airbnb,5,"Ấm cúng, trang thiết bị hiện đại, giường nệm êm ái ngủ rất ngon."
1715071157493381458,10035,2026-09-23,262586,Như Hoa,4 năm hoạt động trên Airbnb,5,"Phòng đẹp, xinh. Rất mới. Bày trí rất có gu, chủ nhà nhiệt tình hỗ trợ check-in sớm."
1715071157493381458,10036,2026-09-08,361296,Béo,1 năm hoạt động trên Airbnb,5,"Chủ nhà thân thiện và hiếu khách, chắc chắn sẽ quay lại khi có dịp ghé thăm thành phố."
1715071157493381458,10037,2026-08-28,855208,Thảo,3 năm hoạt động trên Airbnb,5,"Rất sạch đẹp, vị trí trung tâm đi đâu cũng tiện, hồ bơi và ban công ngắm hoàng hôn rất chill."
1762948674969403280,10038,2026-07-18,555867,Béo,1 năm hoạt động trên Airbnb,5,"Chủ nhà thân thiện và hiếu khách, chắc chắn sẽ quay lại khi có dịp ghé thăm thành phố."
1762948674969403280,10039,2026-09-05,855275,Quốc Anh,2 năm hoạt động trên Airbnb,5,"Trải nghiệm tuyệt vời! Tự nhận phòng với mã khóa cực kỳ tiện lợi, an ninh tốt."
1762948674969403280,10040,2026-08-17,980180,Lan Hương,5 năm hoạt động trên Airbnb,5,"View đẹp mê ly, căn hộ sáng sủa nhiều ánh sáng tự nhiên. 10/10 điểm cho chất lượng phục vụ!"
1762948674969403280,10041,2026-08-08,655727,Thảo,3 năm hoạt động trên Airbnb,5,"Rất sạch đẹp, vị trí trung tâm đi đâu cũng tiện, hồ bơi và ban công ngắm hoàng hôn rất chill."
1762948674969403280,10042,2026-08-06,393831,Chimmiii,Mới tham gia Airbnb,5,"Phòng xinhh, sạch sẽ và thoáng đãng lắm ạ."
1762948674969403280,10043,2026-08-09,908570,Hoang Phuc,4 năm hoạt động trên Airbnb,5,"Ấm cúng, trang thiết bị hiện đại, giường nệm êm ái ngủ rất ngon."
1762948674969403280,10044,2026-09-12,234054,Như Hoa,4 năm hoạt động trên Airbnb,5,"Phòng đẹp, xinh. Rất mới. Bày trí rất có gu, chủ nhà nhiệt tình hỗ trợ check-in sớm."
1762948674969403280,10045,2026-07-18,758442,Phương Thảo,Mới tham gia Airbnb,5,"Phòng siêu đẹp y chang trên ảnh, bày trí rất có gu. Phòng mới và sạch sẽ, đầy đủ tiện nghi."
1564194137128541551,10046,2026-09-18,721884,Béo,1 năm hoạt động trên Airbnb,5,"Chủ nhà thân thiện và hiếu khách, chắc chắn sẽ quay lại khi có dịp ghé thăm thành phố."
1564194137128541551,10047,2026-09-02,657343,Thảo,3 năm hoạt động trên Airbnb,5,"Rất sạch đẹp, vị trí trung tâm đi đâu cũng tiện, hồ bơi và ban công ngắm hoàng hôn rất chill."
1564194137128541551,10048,2026-09-12,524555,Hoang Phuc,4 năm hoạt động trên Airbnb,5,"Ấm cúng, trang thiết bị hiện đại, giường nệm êm ái ngủ rất ngon."
1564194137128541551,10049,2026-08-28,690003,Phương Thảo,Mới tham gia Airbnb,5,"Phòng siêu đẹp y chang trên ảnh, bày trí rất có gu. Phòng mới và sạch sẽ, đầy đủ tiện nghi."
1564194137128541551,10050,2026-07-03,420175,Chimmiii,Mới tham gia Airbnb,5,"Phòng xinhh, sạch sẽ và thoáng đãng lắm ạ."
1564194137128541551,10051,2026-07-03,786308,Lan Hương,5 năm hoạt động trên Airbnb,5,"View đẹp mê ly, căn hộ sáng sủa nhiều ánh sáng tự nhiên. 10/10 điểm cho chất lượng phục vụ!"
41135252,10052,2026-09-13,928714,Lan Hương,5 năm hoạt động trên Airbnb,5,"View đẹp mê ly, căn hộ sáng sủa nhiều ánh sáng tự nhiên. 10/10 điểm cho chất lượng phục vụ!"
41135252,10053,2026-08-10,969745,Hoang Phuc,4 năm hoạt động trên Airbnb,5,"Ấm cúng, trang thiết bị hiện đại, giường nệm êm ái ngủ rất ngon."
41135252,10054,2026-08-20,805727,Béo,1 năm hoạt động trên Airbnb,5,"Chủ nhà thân thiện và hiếu khách, chắc chắn sẽ quay lại khi có dịp ghé thăm thành phố."
41135252,10055,2026-07-07,608623,Quốc Anh,2 năm hoạt động trên Airbnb,5,"Trải nghiệm tuyệt vời! Tự nhận phòng với mã khóa cực kỳ tiện lợi, an ninh tốt."
41135252,10056,2026-07-03,462390,Thảo,3 năm hoạt động trên Airbnb,5,"Rất sạch đẹp, vị trí trung tâm đi đâu cũng tiện, hồ bơi và ban công ngắm hoàng hôn rất chill."
39040355,10057,2026-08-17,443462,Chimmiii,Mới tham gia Airbnb,5,"Phòng xinhh, sạch sẽ và thoáng đãng lắm ạ."
39040355,10058,2026-09-02,734438,Hoang Phuc,4 năm hoạt động trên Airbnb,5,"Ấm cúng, trang thiết bị hiện đại, giường nệm êm ái ngủ rất ngon."
39040355,10059,2026-07-17,338206,Như Hoa,4 năm hoạt động trên Airbnb,5,"Phòng đẹp, xinh. Rất mới. Bày trí rất có gu, chủ nhà nhiệt tình hỗ trợ check-in sớm."
39040355,10060,2026-09-11,858423,Lan Hương,5 năm hoạt động trên Airbnb,5,"View đẹp mê ly, căn hộ sáng sủa nhiều ánh sáng tự nhiên. 10/10 điểm cho chất lượng phục vụ!"
39040355,10061,2026-07-02,282035,Quốc Anh,2 năm hoạt động trên Airbnb,5,"Trải nghiệm tuyệt vời! Tự nhận phòng với mã khóa cực kỳ tiện lợi, an ninh tốt."
1013391653698905435,10062,2026-09-04,875890,Béo,1 năm hoạt động trên Airbnb,5,"Chủ nhà thân thiện và hiếu khách, chắc chắn sẽ quay lại khi có dịp ghé thăm thành phố."
1013391653698905435,10063,2026-08-07,772239,Chimmiii,Mới tham gia Airbnb,5,"Phòng xinhh, sạch sẽ và thoáng đãng lắm ạ."
1013391653698905435,10064,2026-07-31,206265,Thảo,3 năm hoạt động trên Airbnb,5,"Rất sạch đẹp, vị trí trung tâm đi đâu cũng tiện, hồ bơi và ban công ngắm hoàng hôn rất chill."
1013391653698905435,10065,2026-09-03,629976,Phương Thảo,Mới tham gia Airbnb,5,"Phòng siêu đẹp y chang trên ảnh, bày trí rất có gu. Phòng mới và sạch sẽ, đầy đủ tiện nghi."
1013391653698905435,10066,2026-09-22,458531,Như Hoa,4 năm hoạt động trên Airbnb,5,"Phòng đẹp, xinh. Rất mới. Bày trí rất có gu, chủ nhà nhiệt tình hỗ trợ check-in sớm."
1013391653698905435,10067,2026-09-02,681286,Lan Hương,5 năm hoạt động trên Airbnb,5,"View đẹp mê ly, căn hộ sáng sủa nhiều ánh sáng tự nhiên. 10/10 điểm cho chất lượng phục vụ!"
1013391653698905435,10068,2026-06-30,865159,Quốc Anh,2 năm hoạt động trên Airbnb,5,"Trải nghiệm tuyệt vời! Tự nhận phòng với mã khóa cực kỳ tiện lợi, an ninh tốt."
1767209882965680602,10069,2026-07-30,443479,Lan Hương,5 năm hoạt động trên Airbnb,5,"View đẹp mê ly, căn hộ sáng sủa nhiều ánh sáng tự nhiên. 10/10 điểm cho chất lượng phục vụ!"
1767209882965680602,10070,2026-08-09,928097,Chimmiii,Mới tham gia Airbnb,5,"Phòng xinhh, sạch sẽ và thoáng đãng lắm ạ."
1767209882965680602,10071,2026-09-04,867820,Hoang Phuc,4 năm hoạt động trên Airbnb,5,"Ấm cúng, trang thiết bị hiện đại, giường nệm êm ái ngủ rất ngon."
1767209882965680602,10072,2026-06-28,595787,Như Hoa,4 năm hoạt động trên Airbnb,5,"Phòng đẹp, xinh. Rất mới. Bày trí rất có gu, chủ nhà nhiệt tình hỗ trợ check-in sớm."
1767209882965680602,10073,2026-08-29,507181,Béo,1 năm hoạt động trên Airbnb,5,"Chủ nhà thân thiện và hiếu khách, chắc chắn sẽ quay lại khi có dịp ghé thăm thành phố."
1767209882965680602,10074,2026-09-07,833262,Thảo,3 năm hoạt động trên Airbnb,5,"Rất sạch đẹp, vị trí trung tâm đi đâu cũng tiện, hồ bơi và ban công ngắm hoàng hôn rất chill."
1767209882965680602,10075,2026-08-26,486883,Phương Thảo,Mới tham gia Airbnb,5,"Phòng siêu đẹp y chang trên ảnh, bày trí rất có gu. Phòng mới và sạch sẽ, đầy đủ tiện nghi."
1767209882965680602,10076,2026-09-20,447895,Quốc Anh,2 năm hoạt động trên Airbnb,5,"Trải nghiệm tuyệt vời! Tự nhận phòng với mã khóa cực kỳ tiện lợi, an ninh tốt."
1716678250223860210,10077,2026-07-31,220088,Quốc Anh,2 năm hoạt động trên Airbnb,5,"Trải nghiệm tuyệt vời! Tự nhận phòng với mã khóa cực kỳ tiện lợi, an ninh tốt."
1716678250223860210,10078,2026-07-29,500238,Như Hoa,4 năm hoạt động trên Airbnb,5,"Phòng đẹp, xinh. Rất mới. Bày trí rất có gu, chủ nhà nhiệt tình hỗ trợ check-in sớm."
1716678250223860210,10079,2026-09-22,382393,Chimmiii,Mới tham gia Airbnb,5,"Phòng xinhh, sạch sẽ và thoáng đãng lắm ạ."
1716678250223860210,10080,2026-08-09,798346,Phương Thảo,Mới tham gia Airbnb,5,"Phòng siêu đẹp y chang trên ảnh, bày trí rất có gu. Phòng mới và sạch sẽ, đầy đủ tiện nghi."
1748360747530543896,10081,2026-09-04,224921,Hoang Phuc,4 năm hoạt động trên Airbnb,5,"Ấm cúng, trang thiết bị hiện đại, giường nệm êm ái ngủ rất ngon."
1748360747530543896,10082,2026-07-11,864318,Như Hoa,4 năm hoạt động trên Airbnb,5,"Phòng đẹp, xinh. Rất mới. Bày trí rất có gu, chủ nhà nhiệt tình hỗ trợ check-in sớm."
1748360747530543896,10083,2026-09-04,776706,Lan Hương,5 năm hoạt động trên Airbnb,5,"View đẹp mê ly, căn hộ sáng sủa nhiều ánh sáng tự nhiên. 10/10 điểm cho chất lượng phục vụ!"
1748360747530543896,10084,2026-07-09,883259,Béo,1 năm hoạt động trên Airbnb,5,"Chủ nhà thân thiện và hiếu khách, chắc chắn sẽ quay lại khi có dịp ghé thăm thành phố."
1748360747530543896,10085,2026-08-18,717805,Chimmiii,Mới tham gia Airbnb,5,"Phòng xinhh, sạch sẽ và thoáng đãng lắm ạ."
1748360747530543896,10086,2026-07-18,285952,Thảo,3 năm hoạt động trên Airbnb,5,"Rất sạch đẹp, vị trí trung tâm đi đâu cũng tiện, hồ bơi và ban công ngắm hoàng hôn rất chill."
1713678631873610933,10087,2026-08-18,681236,Chimmiii,Mới tham gia Airbnb,5,"Phòng xinhh, sạch sẽ và thoáng đãng lắm ạ."
1713678631873610933,10088,2026-08-02,561302,Quốc Anh,2 năm hoạt động trên Airbnb,5,"Trải nghiệm tuyệt vời! Tự nhận phòng với mã khóa cực kỳ tiện lợi, an ninh tốt."
1713678631873610933,10089,2026-07-11,365253,Béo,1 năm hoạt động trên Airbnb,5,"Chủ nhà thân thiện và hiếu khách, chắc chắn sẽ quay lại khi có dịp ghé thăm thành phố."
1713678631873610933,10090,2026-08-24,506334,Lan Hương,5 năm hoạt động trên Airbnb,5,"View đẹp mê ly, căn hộ sáng sủa nhiều ánh sáng tự nhiên. 10/10 điểm cho chất lượng phục vụ!"
1713678631873610933,10091,2026-08-21,970263,Thảo,3 năm hoạt động trên Airbnb,5,"Rất sạch đẹp, vị trí trung tâm đi đâu cũng tiện, hồ bơi và ban công ngắm hoàng hôn rất chill."
1699890849357064790,10092,2026-09-17,336611,Như Hoa,4 năm hoạt động trên Airbnb,5,"Phòng đẹp, xinh. Rất mới. Bày trí rất có gu, chủ nhà nhiệt tình hỗ trợ check-in sớm."
1699890849357064790,10093,2026-07-22,222252,Béo,1 năm hoạt động trên Airbnb,5,"Chủ nhà thân thiện và hiếu khách, chắc chắn sẽ quay lại khi có dịp ghé thăm thành phố."
1699890849357064790,10094,2026-07-28,938855,Hoang Phuc,4 năm hoạt động trên Airbnb,5,"Ấm cúng, trang thiết bị hiện đại, giường nệm êm ái ngủ rất ngon."
1699890849357064790,10095,2026-08-01,402976,Quốc Anh,2 năm hoạt động trên Airbnb,5,"Trải nghiệm tuyệt vời! Tự nhận phòng với mã khóa cực kỳ tiện lợi, an ninh tốt."
1679070974010154043,10096,2026-07-21,794181,Lan Hương,5 năm hoạt động trên Airbnb,5,"View đẹp mê ly, căn hộ sáng sủa nhiều ánh sáng tự nhiên. 10/10 điểm cho chất lượng phục vụ!"
1679070974010154043,10097,2026-08-17,274271,Như Hoa,4 năm hoạt động trên Airbnb,5,"Phòng đẹp, xinh. Rất mới. Bày trí rất có gu, chủ nhà nhiệt tình hỗ trợ check-in sớm."
1679070974010154043,10098,2026-07-21,228146,Thảo,3 năm hoạt động trên Airbnb,5,"Rất sạch đẹp, vị trí trung tâm đi đâu cũng tiện, hồ bơi và ban công ngắm hoàng hôn rất chill."
1679070974010154043,10099,2026-07-30,253544,Phương Thảo,Mới tham gia Airbnb,5,"Phòng siêu đẹp y chang trên ảnh, bày trí rất có gu. Phòng mới và sạch sẽ, đầy đủ tiện nghi."
1679070974010154043,10100,2026-08-12,474136,Béo,1 năm hoạt động trên Airbnb,5,"Chủ nhà thân thiện và hiếu khách, chắc chắn sẽ quay lại khi có dịp ghé thăm thành phố."
1679070974010154043,10101,2026-07-11,500945,Chimmiii,Mới tham gia Airbnb,5,"Phòng xinhh, sạch sẽ và thoáng đãng lắm ạ."
1679070974010154043,10102,2026-09-21,666784,Hoang Phuc,4 năm hoạt động trên Airbnb,5,"Ấm cúng, trang thiết bị hiện đại, giường nệm êm ái ngủ rất ngon."
1679070974010154043,10103,2026-09-21,549514,Quốc Anh,2 năm hoạt động trên Airbnb,5,"Trải nghiệm tuyệt vời! Tự nhận phòng với mã khóa cực kỳ tiện lợi, an ninh tốt."
1610923954705783591,10104,2026-07-25,942384,Phương Thảo,Mới tham gia Airbnb,5,"Phòng siêu đẹp y chang trên ảnh, bày trí rất có gu. Phòng mới và sạch sẽ, đầy đủ tiện nghi."
1610923954705783591,10105,2026-07-25,596436,Quốc Anh,2 năm hoạt động trên Airbnb,5,"Trải nghiệm tuyệt vời! Tự nhận phòng với mã khóa cực kỳ tiện lợi, an ninh tốt."
1610923954705783591,10106,2026-07-31,791389,Lan Hương,5 năm hoạt động trên Airbnb,5,"View đẹp mê ly, căn hộ sáng sủa nhiều ánh sáng tự nhiên. 10/10 điểm cho chất lượng phục vụ!"
1610923954705783591,10107,2026-08-23,462389,Hoang Phuc,4 năm hoạt động trên Airbnb,5,"Ấm cúng, trang thiết bị hiện đại, giường nệm êm ái ngủ rất ngon."
1610923954705783591,10108,2026-07-12,528902,Thảo,3 năm hoạt động trên Airbnb,5,"Rất sạch đẹp, vị trí trung tâm đi đâu cũng tiện, hồ bơi và ban công ngắm hoàng hôn rất chill."
1610923954705783591,10109,2026-08-07,686845,Chimmiii,Mới tham gia Airbnb,5,"Phòng xinhh, sạch sẽ và thoáng đãng lắm ạ."
1610923954705783591,10110,2026-08-02,456747,Béo,1 năm hoạt động trên Airbnb,5,"Chủ nhà thân thiện và hiếu khách, chắc chắn sẽ quay lại khi có dịp ghé thăm thành phố."
1610923954705783591,10111,2026-07-12,363914,Như Hoa,4 năm hoạt động trên Airbnb,5,"Phòng đẹp, xinh. Rất mới. Bày trí rất có gu, chủ nhà nhiệt tình hỗ trợ check-in sớm."
1779635729957064135,10112,2026-08-21,737105,Như Hoa,4 năm hoạt động trên Airbnb,5,"Phòng đẹp, xinh. Rất mới. Bày trí rất có gu, chủ nhà nhiệt tình hỗ trợ check-in sớm."
1779635729957064135,10113,2026-08-08,945022,Hoang Phuc,4 năm hoạt động trên Airbnb,5,"Ấm cúng, trang thiết bị hiện đại, giường nệm êm ái ngủ rất ngon."
1779635729957064135,10114,2026-07-18,289574,Thảo,3 năm hoạt động trên Airbnb,5,"Rất sạch đẹp, vị trí trung tâm đi đâu cũng tiện, hồ bơi và ban công ngắm hoàng hôn rất chill."
1779635729957064135,10115,2026-08-20,360201,Lan Hương,5 năm hoạt động trên Airbnb,5,"View đẹp mê ly, căn hộ sáng sủa nhiều ánh sáng tự nhiên. 10/10 điểm cho chất lượng phục vụ!"
1779635729957064135,10116,2026-09-23,985036,Phương Thảo,Mới tham gia Airbnb,5,"Phòng siêu đẹp y chang trên ảnh, bày trí rất có gu. Phòng mới và sạch sẽ, đầy đủ tiện nghi."
1779635729957064135,10117,2026-08-14,282849,Chimmiii,Mới tham gia Airbnb,5,"Phòng xinhh, sạch sẽ và thoáng đãng lắm ạ."
1779635729957064135,10118,2026-08-04,713772,Béo,1 năm hoạt động trên Airbnb,5,"Chủ nhà thân thiện và hiếu khách, chắc chắn sẽ quay lại khi có dịp ghé thăm thành phố."
1638256476749924498,10119,2026-07-18,373079,Phương Thảo,Mới tham gia Airbnb,5,"Phòng siêu đẹp y chang trên ảnh, bày trí rất có gu. Phòng mới và sạch sẽ, đầy đủ tiện nghi."
1638256476749924498,10120,2026-07-08,888773,Như Hoa,4 năm hoạt động trên Airbnb,5,"Phòng đẹp, xinh. Rất mới. Bày trí rất có gu, chủ nhà nhiệt tình hỗ trợ check-in sớm."
1638256476749924498,10121,2026-09-19,589879,Béo,1 năm hoạt động trên Airbnb,5,"Chủ nhà thân thiện và hiếu khách, chắc chắn sẽ quay lại khi có dịp ghé thăm thành phố."
1638256476749924498,10122,2026-08-09,260441,Hoang Phuc,4 năm hoạt động trên Airbnb,5,"Ấm cúng, trang thiết bị hiện đại, giường nệm êm ái ngủ rất ngon."
1638256476749924498,10123,2026-07-19,381724,Quốc Anh,2 năm hoạt động trên Airbnb,5,"Trải nghiệm tuyệt vời! Tự nhận phòng với mã khóa cực kỳ tiện lợi, an ninh tốt."
1638256476749924498,10124,2026-09-23,285494,Chimmiii,Mới tham gia Airbnb,5,"Phòng xinhh, sạch sẽ và thoáng đãng lắm ạ."
1707890693214325506,10125,2026-08-30,606977,Béo,1 năm hoạt động trên Airbnb,5,"Chủ nhà thân thiện và hiếu khách, chắc chắn sẽ quay lại khi có dịp ghé thăm thành phố."
1707890693214325506,10126,2026-09-17,326032,Hoang Phuc,4 năm hoạt động trên Airbnb,5,"Ấm cúng, trang thiết bị hiện đại, giường nệm êm ái ngủ rất ngon."
1707890693214325506,10127,2026-09-08,398778,Quốc Anh,2 năm hoạt động trên Airbnb,5,"Trải nghiệm tuyệt vời! Tự nhận phòng với mã khóa cực kỳ tiện lợi, an ninh tốt."
1707890693214325506,10128,2026-09-06,277895,Chimmiii,Mới tham gia Airbnb,5,"Phòng xinhh, sạch sẽ và thoáng đãng lắm ạ."
1707890693214325506,10129,2026-08-12,688535,Thảo,3 năm hoạt động trên Airbnb,5,"Rất sạch đẹp, vị trí trung tâm đi đâu cũng tiện, hồ bơi và ban công ngắm hoàng hôn rất chill."
1707890693214325506,10130,2026-09-11,462306,Phương Thảo,Mới tham gia Airbnb,5,"Phòng siêu đẹp y chang trên ảnh, bày trí rất có gu. Phòng mới và sạch sẽ, đầy đủ tiện nghi."
1707890693214325506,10131,2026-09-22,766247,Lan Hương,5 năm hoạt động trên Airbnb,5,"View đẹp mê ly, căn hộ sáng sủa nhiều ánh sáng tự nhiên. 10/10 điểm cho chất lượng phục vụ!"
1707890693214325506,10132,2026-09-22,558336,Như Hoa,4 năm hoạt động trên Airbnb,5,"Phòng đẹp, xinh. Rất mới. Bày trí rất có gu, chủ nhà nhiệt tình hỗ trợ check-in sớm."
1778375525646344708,10133,2026-09-01,498295,Chimmiii,Mới tham gia Airbnb,5,"Phòng xinhh, sạch sẽ và thoáng đãng lắm ạ."
1778375525646344708,10134,2026-08-07,346594,Hoang Phuc,4 năm hoạt động trên Airbnb,5,"Ấm cúng, trang thiết bị hiện đại, giường nệm êm ái ngủ rất ngon."
1778375525646344708,10135,2026-09-20,346498,Thảo,3 năm hoạt động trên Airbnb,5,"Rất sạch đẹp, vị trí trung tâm đi đâu cũng tiện, hồ bơi và ban công ngắm hoàng hôn rất chill."
1778375525646344708,10136,2026-09-06,467662,Quốc Anh,2 năm hoạt động trên Airbnb,5,"Trải nghiệm tuyệt vời! Tự nhận phòng với mã khóa cực kỳ tiện lợi, an ninh tốt."
1771066998450411196,10137,2026-07-10,357254,Thảo,3 năm hoạt động trên Airbnb,5,"Rất sạch đẹp, vị trí trung tâm đi đâu cũng tiện, hồ bơi và ban công ngắm hoàng hôn rất chill."
1771066998450411196,10138,2026-09-08,403363,Phương Thảo,Mới tham gia Airbnb,5,"Phòng siêu đẹp y chang trên ảnh, bày trí rất có gu. Phòng mới và sạch sẽ, đầy đủ tiện nghi."
1771066998450411196,10139,2026-07-07,685897,Béo,1 năm hoạt động trên Airbnb,5,"Chủ nhà thân thiện và hiếu khách, chắc chắn sẽ quay lại khi có dịp ghé thăm thành phố."
1771066998450411196,10140,2026-07-07,349378,Hoang Phuc,4 năm hoạt động trên Airbnb,5,"Ấm cúng, trang thiết bị hiện đại, giường nệm êm ái ngủ rất ngon."
1771066998450411196,10141,2026-08-25,813492,Như Hoa,4 năm hoạt động trên Airbnb,5,"Phòng đẹp, xinh. Rất mới. Bày trí rất có gu, chủ nhà nhiệt tình hỗ trợ check-in sớm."
1771066998450411196,10142,2026-09-03,612169,Chimmiii,Mới tham gia Airbnb,5,"Phòng xinhh, sạch sẽ và thoáng đãng lắm ạ."
1753387044518725161,10143,2026-07-18,306591,Thảo,3 năm hoạt động trên Airbnb,5,"Rất sạch đẹp, vị trí trung tâm đi đâu cũng tiện, hồ bơi và ban công ngắm hoàng hôn rất chill."
1753387044518725161,10144,2026-08-05,509323,Béo,1 năm hoạt động trên Airbnb,5,"Chủ nhà thân thiện và hiếu khách, chắc chắn sẽ quay lại khi có dịp ghé thăm thành phố."
1753387044518725161,10145,2026-08-11,789518,Phương Thảo,Mới tham gia Airbnb,5,"Phòng siêu đẹp y chang trên ảnh, bày trí rất có gu. Phòng mới và sạch sẽ, đầy đủ tiện nghi."
1753387044518725161,10146,2026-07-29,714171,Quốc Anh,2 năm hoạt động trên Airbnb,5,"Trải nghiệm tuyệt vời! Tự nhận phòng với mã khóa cực kỳ tiện lợi, an ninh tốt."
1753387044518725161,10147,2026-09-06,564133,Hoang Phuc,4 năm hoạt động trên Airbnb,5,"Ấm cúng, trang thiết bị hiện đại, giường nệm êm ái ngủ rất ngon."
1753387044518725161,10148,2026-07-27,414990,Chimmiii,Mới tham gia Airbnb,5,"Phòng xinhh, sạch sẽ và thoáng đãng lắm ạ."
1762845458519248255,10149,2026-09-03,887368,Chimmiii,Mới tham gia Airbnb,5,"Phòng xinhh, sạch sẽ và thoáng đãng lắm ạ."
1762845458519248255,10150,2026-07-06,649494,Thảo,3 năm hoạt động trên Airbnb,5,"Rất sạch đẹp, vị trí trung tâm đi đâu cũng tiện, hồ bơi và ban công ngắm hoàng hôn rất chill."
1762845458519248255,10151,2026-09-23,556693,Quốc Anh,2 năm hoạt động trên Airbnb,5,"Trải nghiệm tuyệt vời! Tự nhận phòng với mã khóa cực kỳ tiện lợi, an ninh tốt."
1762845458519248255,10152,2026-08-06,868457,Phương Thảo,Mới tham gia Airbnb,5,"Phòng siêu đẹp y chang trên ảnh, bày trí rất có gu. Phòng mới và sạch sẽ, đầy đủ tiện nghi."
1591788109684989223,10153,2026-08-29,933372,Như Hoa,4 năm hoạt động trên Airbnb,5,"Phòng đẹp, xinh. Rất mới. Bày trí rất có gu, chủ nhà nhiệt tình hỗ trợ check-in sớm."
1591788109684989223,10154,2026-09-01,745670,Phương Thảo,Mới tham gia Airbnb,5,"Phòng siêu đẹp y chang trên ảnh, bày trí rất có gu. Phòng mới và sạch sẽ, đầy đủ tiện nghi."
1591788109684989223,10155,2026-07-01,931898,Hoang Phuc,4 năm hoạt động trên Airbnb,5,"Ấm cúng, trang thiết bị hiện đại, giường nệm êm ái ngủ rất ngon."
1591788109684989223,10156,2026-08-22,791807,Béo,1 năm hoạt động trên Airbnb,5,"Chủ nhà thân thiện và hiếu khách, chắc chắn sẽ quay lại khi có dịp ghé thăm thành phố."
1591788109684989223,10157,2026-09-08,662012,Chimmiii,Mới tham gia Airbnb,5,"Phòng xinhh, sạch sẽ và thoáng đãng lắm ạ."
1472930202555544122,10158,2026-09-19,255302,Thảo,3 năm hoạt động trên Airbnb,5,"Rất sạch đẹp, vị trí trung tâm đi đâu cũng tiện, hồ bơi và ban công ngắm hoàng hôn rất chill."
1472930202555544122,10159,2026-07-23,232305,Như Hoa,4 năm hoạt động trên Airbnb,5,"Phòng đẹp, xinh. Rất mới. Bày trí rất có gu, chủ nhà nhiệt tình hỗ trợ check-in sớm."
1472930202555544122,10160,2026-07-08,300333,Chimmiii,Mới tham gia Airbnb,5,"Phòng xinhh, sạch sẽ và thoáng đãng lắm ạ."
1472930202555544122,10161,2026-08-29,434680,Hoang Phuc,4 năm hoạt động trên Airbnb,5,"Ấm cúng, trang thiết bị hiện đại, giường nệm êm ái ngủ rất ngon."
1472930202555544122,10162,2026-07-28,591793,Quốc Anh,2 năm hoạt động trên Airbnb,5,"Trải nghiệm tuyệt vời! Tự nhận phòng với mã khóa cực kỳ tiện lợi, an ninh tốt."
1699830502748328784,10163,2026-07-09,801824,Như Hoa,4 năm hoạt động trên Airbnb,5,"Phòng đẹp, xinh. Rất mới. Bày trí rất có gu, chủ nhà nhiệt tình hỗ trợ check-in sớm."
1699830502748328784,10164,2026-08-20,840284,Béo,1 năm hoạt động trên Airbnb,5,"Chủ nhà thân thiện và hiếu khách, chắc chắn sẽ quay lại khi có dịp ghé thăm thành phố."
1699830502748328784,10165,2026-09-09,509492,Hoang Phuc,4 năm hoạt động trên Airbnb,5,"Ấm cúng, trang thiết bị hiện đại, giường nệm êm ái ngủ rất ngon."
1699830502748328784,10166,2026-07-10,304602,Quốc Anh,2 năm hoạt động trên Airbnb,5,"Trải nghiệm tuyệt vời! Tự nhận phòng với mã khóa cực kỳ tiện lợi, an ninh tốt."
1699830502748328784,10167,2026-07-28,234675,Thảo,3 năm hoạt động trên Airbnb,5,"Rất sạch đẹp, vị trí trung tâm đi đâu cũng tiện, hồ bơi và ban công ngắm hoàng hôn rất chill."
1699830502748328784,10168,2026-07-19,720134,Lan Hương,5 năm hoạt động trên Airbnb,5,"View đẹp mê ly, căn hộ sáng sủa nhiều ánh sáng tự nhiên. 10/10 điểm cho chất lượng phục vụ!"
1699830502748328784,10169,2026-07-28,649018,Phương Thảo,Mới tham gia Airbnb,5,"Phòng siêu đẹp y chang trên ảnh, bày trí rất có gu. Phòng mới và sạch sẽ, đầy đủ tiện nghi."
1564158935486798358,10170,2026-08-25,386175,Béo,1 năm hoạt động trên Airbnb,5,"Chủ nhà thân thiện và hiếu khách, chắc chắn sẽ quay lại khi có dịp ghé thăm thành phố."
1564158935486798358,10171,2026-08-06,409559,Quốc Anh,2 năm hoạt động trên Airbnb,5,"Trải nghiệm tuyệt vời! Tự nhận phòng với mã khóa cực kỳ tiện lợi, an ninh tốt."
1564158935486798358,10172,2026-07-14,888957,Như Hoa,4 năm hoạt động trên Airbnb,5,"Phòng đẹp, xinh. Rất mới. Bày trí rất có gu, chủ nhà nhiệt tình hỗ trợ check-in sớm."
1564158935486798358,10173,2026-09-10,250160,Chimmiii,Mới tham gia Airbnb,5,"Phòng xinhh, sạch sẽ và thoáng đãng lắm ạ."
1564158935486798358,10174,2026-07-19,787129,Lan Hương,5 năm hoạt động trên Airbnb,5,"View đẹp mê ly, căn hộ sáng sủa nhiều ánh sáng tự nhiên. 10/10 điểm cho chất lượng phục vụ!"
1564158935486798358,10175,2026-08-29,578999,Phương Thảo,Mới tham gia Airbnb,5,"Phòng siêu đẹp y chang trên ảnh, bày trí rất có gu. Phòng mới và sạch sẽ, đầy đủ tiện nghi."
1564158935486798358,10176,2026-09-14,476616,Hoang Phuc,4 năm hoạt động trên Airbnb,5,"Ấm cúng, trang thiết bị hiện đại, giường nệm êm ái ngủ rất ngon."
1012028704332748336,10177,2026-08-31,246734,Như Hoa,4 năm hoạt động trên Airbnb,5,"Phòng đẹp, xinh. Rất mới. Bày trí rất có gu, chủ nhà nhiệt tình hỗ trợ check-in sớm."
1012028704332748336,10178,2026-09-02,623762,Chimmiii,Mới tham gia Airbnb,5,"Phòng xinhh, sạch sẽ và thoáng đãng lắm ạ."
1012028704332748336,10179,2026-07-15,287726,Béo,1 năm hoạt động trên Airbnb,5,"Chủ nhà thân thiện và hiếu khách, chắc chắn sẽ quay lại khi có dịp ghé thăm thành phố."
1012028704332748336,10180,2026-06-30,712050,Thảo,3 năm hoạt động trên Airbnb,5,"Rất sạch đẹp, vị trí trung tâm đi đâu cũng tiện, hồ bơi và ban công ngắm hoàng hôn rất chill."
1554093190189965021,10181,2026-09-08,612131,Thảo,3 năm hoạt động trên Airbnb,5,"Rất sạch đẹp, vị trí trung tâm đi đâu cũng tiện, hồ bơi và ban công ngắm hoàng hôn rất chill."
1554093190189965021,10182,2026-07-26,295758,Quốc Anh,2 năm hoạt động trên Airbnb,5,"Trải nghiệm tuyệt vời! Tự nhận phòng với mã khóa cực kỳ tiện lợi, an ninh tốt."
1554093190189965021,10183,2026-06-28,972063,Như Hoa,4 năm hoạt động trên Airbnb,5,"Phòng đẹp, xinh. Rất mới. Bày trí rất có gu, chủ nhà nhiệt tình hỗ trợ check-in sớm."
1554093190189965021,10184,2026-06-29,671888,Lan Hương,5 năm hoạt động trên Airbnb,5,"View đẹp mê ly, căn hộ sáng sủa nhiều ánh sáng tự nhiên. 10/10 điểm cho chất lượng phục vụ!"
1554093190189965021,10185,2026-09-13,280135,Phương Thảo,Mới tham gia Airbnb,5,"Phòng siêu đẹp y chang trên ảnh, bày trí rất có gu. Phòng mới và sạch sẽ, đầy đủ tiện nghi."
1763672500525467073,10186,2026-07-30,562818,Thảo,3 năm hoạt động trên Airbnb,5,"Rất sạch đẹp, vị trí trung tâm đi đâu cũng tiện, hồ bơi và ban công ngắm hoàng hôn rất chill."
1763672500525467073,10187,2026-09-17,534007,Phương Thảo,Mới tham gia Airbnb,5,"Phòng siêu đẹp y chang trên ảnh, bày trí rất có gu. Phòng mới và sạch sẽ, đầy đủ tiện nghi."
1763672500525467073,10188,2026-07-31,267087,Chimmiii,Mới tham gia Airbnb,5,"Phòng xinhh, sạch sẽ và thoáng đãng lắm ạ."
1763672500525467073,10189,2026-09-18,708323,Như Hoa,4 năm hoạt động trên Airbnb,5,"Phòng đẹp, xinh. Rất mới. Bày trí rất có gu, chủ nhà nhiệt tình hỗ trợ check-in sớm."
1763672500525467073,10190,2026-07-19,491143,Béo,1 năm hoạt động trên Airbnb,5,"Chủ nhà thân thiện và hiếu khách, chắc chắn sẽ quay lại khi có dịp ghé thăm thành phố."
1763672500525467073,10191,2026-07-29,375987,Lan Hương,5 năm hoạt động trên Airbnb,5,"View đẹp mê ly, căn hộ sáng sủa nhiều ánh sáng tự nhiên. 10/10 điểm cho chất lượng phục vụ!"
1666521587055454881,10192,2026-08-01,396804,Như Hoa,4 năm hoạt động trên Airbnb,5,"Phòng đẹp, xinh. Rất mới. Bày trí rất có gu, chủ nhà nhiệt tình hỗ trợ check-in sớm."
1666521587055454881,10193,2026-08-26,327180,Hoang Phuc,4 năm hoạt động trên Airbnb,5,"Ấm cúng, trang thiết bị hiện đại, giường nệm êm ái ngủ rất ngon."
1666521587055454881,10194,2026-08-06,581272,Chimmiii,Mới tham gia Airbnb,5,"Phòng xinhh, sạch sẽ và thoáng đãng lắm ạ."
1666521587055454881,10195,2026-07-03,847449,Béo,1 năm hoạt động trên Airbnb,5,"Chủ nhà thân thiện và hiếu khách, chắc chắn sẽ quay lại khi có dịp ghé thăm thành phố."
1666521587055454881,10196,2026-07-07,990037,Thảo,3 năm hoạt động trên Airbnb,5,"Rất sạch đẹp, vị trí trung tâm đi đâu cũng tiện, hồ bơi và ban công ngắm hoàng hôn rất chill."
1666521587055454881,10197,2026-07-08,858036,Quốc Anh,2 năm hoạt động trên Airbnb,5,"Trải nghiệm tuyệt vời! Tự nhận phòng với mã khóa cực kỳ tiện lợi, an ninh tốt."
1666521587055454881,10198,2026-08-27,274172,Lan Hương,5 năm hoạt động trên Airbnb,5,"View đẹp mê ly, căn hộ sáng sủa nhiều ánh sáng tự nhiên. 10/10 điểm cho chất lượng phục vụ!"
1666521587055454881,10199,2026-07-18,952010,Phương Thảo,Mới tham gia Airbnb,5,"Phòng siêu đẹp y chang trên ảnh, bày trí rất có gu. Phòng mới và sạch sẽ, đầy đủ tiện nghi."
806202342733325288,10200,2026-07-03,491757,Hoang Phuc,4 năm hoạt động trên Airbnb,5,"Ấm cúng, trang thiết bị hiện đại, giường nệm êm ái ngủ rất ngon."
806202342733325288,10201,2026-07-31,759948,Lan Hương,5 năm hoạt động trên Airbnb,5,"View đẹp mê ly, căn hộ sáng sủa nhiều ánh sáng tự nhiên. 10/10 điểm cho chất lượng phục vụ!"
806202342733325288,10202,2026-07-06,609753,Chimmiii,Mới tham gia Airbnb,5,"Phòng xinhh, sạch sẽ và thoáng đãng lắm ạ."
806202342733325288,10203,2026-08-19,459133,Phương Thảo,Mới tham gia Airbnb,5,"Phòng siêu đẹp y chang trên ảnh, bày trí rất có gu. Phòng mới và sạch sẽ, đầy đủ tiện nghi."
806202342733325288,10204,2026-07-24,997149,Như Hoa,4 năm hoạt động trên Airbnb,5,"Phòng đẹp, xinh. Rất mới. Bày trí rất có gu, chủ nhà nhiệt tình hỗ trợ check-in sớm."
1691865507166775752,10205,2026-08-24,802553,Béo,1 năm hoạt động trên Airbnb,5,"Chủ nhà thân thiện và hiếu khách, chắc chắn sẽ quay lại khi có dịp ghé thăm thành phố."
1691865507166775752,10206,2026-07-15,289463,Phương Thảo,Mới tham gia Airbnb,5,"Phòng siêu đẹp y chang trên ảnh, bày trí rất có gu. Phòng mới và sạch sẽ, đầy đủ tiện nghi."
1691865507166775752,10207,2026-08-14,360162,Thảo,3 năm hoạt động trên Airbnb,5,"Rất sạch đẹp, vị trí trung tâm đi đâu cũng tiện, hồ bơi và ban công ngắm hoàng hôn rất chill."
1691865507166775752,10208,2026-08-23,793898,Lan Hương,5 năm hoạt động trên Airbnb,5,"View đẹp mê ly, căn hộ sáng sủa nhiều ánh sáng tự nhiên. 10/10 điểm cho chất lượng phục vụ!"
1691865507166775752,10209,2026-07-29,395195,Như Hoa,4 năm hoạt động trên Airbnb,5,"Phòng đẹp, xinh. Rất mới. Bày trí rất có gu, chủ nhà nhiệt tình hỗ trợ check-in sớm."
1691865507166775752,10210,2026-07-02,956490,Chimmiii,Mới tham gia Airbnb,5,"Phòng xinhh, sạch sẽ và thoáng đãng lắm ạ."
1691865507166775752,10211,2026-07-01,734719,Quốc Anh,2 năm hoạt động trên Airbnb,5,"Trải nghiệm tuyệt vời! Tự nhận phòng với mã khóa cực kỳ tiện lợi, an ninh tốt."
1691865507166775752,10212,2026-07-14,924511,Hoang Phuc,4 năm hoạt động trên Airbnb,5,"Ấm cúng, trang thiết bị hiện đại, giường nệm êm ái ngủ rất ngon."
1262058635945967582,10213,2026-09-03,753057,Như Hoa,4 năm hoạt động trên Airbnb,5,"Phòng đẹp, xinh. Rất mới. Bày trí rất có gu, chủ nhà nhiệt tình hỗ trợ check-in sớm."
1262058635945967582,10214,2026-08-16,516886,Béo,1 năm hoạt động trên Airbnb,5,"Chủ nhà thân thiện và hiếu khách, chắc chắn sẽ quay lại khi có dịp ghé thăm thành phố."
1262058635945967582,10215,2026-09-13,548230,Chimmiii,Mới tham gia Airbnb,5,"Phòng xinhh, sạch sẽ và thoáng đãng lắm ạ."
1262058635945967582,10216,2026-09-20,741129,Phương Thảo,Mới tham gia Airbnb,5,"Phòng siêu đẹp y chang trên ảnh, bày trí rất có gu. Phòng mới và sạch sẽ, đầy đủ tiện nghi."
1262058635945967582,10217,2026-08-10,976472,Quốc Anh,2 năm hoạt động trên Airbnb,5,"Trải nghiệm tuyệt vời! Tự nhận phòng với mã khóa cực kỳ tiện lợi, an ninh tốt."
1262058635945967582,10218,2026-08-24,776933,Thảo,3 năm hoạt động trên Airbnb,5,"Rất sạch đẹp, vị trí trung tâm đi đâu cũng tiện, hồ bơi và ban công ngắm hoàng hôn rất chill."
1584447501124595432,10219,2026-08-20,759085,Lan Hương,5 năm hoạt động trên Airbnb,5,"View đẹp mê ly, căn hộ sáng sủa nhiều ánh sáng tự nhiên. 10/10 điểm cho chất lượng phục vụ!"
1584447501124595432,10220,2026-09-21,630934,Quốc Anh,2 năm hoạt động trên Airbnb,5,"Trải nghiệm tuyệt vời! Tự nhận phòng với mã khóa cực kỳ tiện lợi, an ninh tốt."
1584447501124595432,10221,2026-09-12,275467,Phương Thảo,Mới tham gia Airbnb,5,"Phòng siêu đẹp y chang trên ảnh, bày trí rất có gu. Phòng mới và sạch sẽ, đầy đủ tiện nghi."
1584447501124595432,10222,2026-06-28,577048,Béo,1 năm hoạt động trên Airbnb,5,"Chủ nhà thân thiện và hiếu khách, chắc chắn sẽ quay lại khi có dịp ghé thăm thành phố."
1584447501124595432,10223,2026-09-01,912524,Như Hoa,4 năm hoạt động trên Airbnb,5,"Phòng đẹp, xinh. Rất mới. Bày trí rất có gu, chủ nhà nhiệt tình hỗ trợ check-in sớm."
1606355518564308820,10224,2026-07-07,406092,Chimmiii,Mới tham gia Airbnb,5,"Phòng xinhh, sạch sẽ và thoáng đãng lắm ạ."
1606355518564308820,10225,2026-07-19,596711,Thảo,3 năm hoạt động trên Airbnb,5,"Rất sạch đẹp, vị trí trung tâm đi đâu cũng tiện, hồ bơi và ban công ngắm hoàng hôn rất chill."
1606355518564308820,10226,2026-09-13,490398,Lan Hương,5 năm hoạt động trên Airbnb,5,"View đẹp mê ly, căn hộ sáng sủa nhiều ánh sáng tự nhiên. 10/10 điểm cho chất lượng phục vụ!"
1606355518564308820,10227,2026-09-16,406451,Quốc Anh,2 năm hoạt động trên Airbnb,5,"Trải nghiệm tuyệt vời! Tự nhận phòng với mã khóa cực kỳ tiện lợi, an ninh tốt."
1606355518564308820,10228,2026-08-27,829366,Béo,1 năm hoạt động trên Airbnb,5,"Chủ nhà thân thiện và hiếu khách, chắc chắn sẽ quay lại khi có dịp ghé thăm thành phố."
1606355518564308820,10229,2026-09-18,933864,Như Hoa,4 năm hoạt động trên Airbnb,5,"Phòng đẹp, xinh. Rất mới. Bày trí rất có gu, chủ nhà nhiệt tình hỗ trợ check-in sớm."
1430181205410018472,10230,2026-08-15,949033,Lan Hương,5 năm hoạt động trên Airbnb,5,"View đẹp mê ly, căn hộ sáng sủa nhiều ánh sáng tự nhiên. 10/10 điểm cho chất lượng phục vụ!"
1430181205410018472,10231,2026-07-31,914779,Chimmiii,Mới tham gia Airbnb,5,"Phòng xinhh, sạch sẽ và thoáng đãng lắm ạ."
1430181205410018472,10232,2026-07-28,630535,Hoang Phuc,4 năm hoạt động trên Airbnb,5,"Ấm cúng, trang thiết bị hiện đại, giường nệm êm ái ngủ rất ngon."
1430181205410018472,10233,2026-08-31,771058,Phương Thảo,Mới tham gia Airbnb,5,"Phòng siêu đẹp y chang trên ảnh, bày trí rất có gu. Phòng mới và sạch sẽ, đầy đủ tiện nghi."
1430181205410018472,10234,2026-06-28,918535,Thảo,3 năm hoạt động trên Airbnb,5,"Rất sạch đẹp, vị trí trung tâm đi đâu cũng tiện, hồ bơi và ban công ngắm hoàng hôn rất chill."
1430181205410018472,10235,2026-07-20,247568,Như Hoa,4 năm hoạt động trên Airbnb,5,"Phòng đẹp, xinh. Rất mới. Bày trí rất có gu, chủ nhà nhiệt tình hỗ trợ check-in sớm."
1591820748379483356,10236,2026-08-20,749965,Phương Thảo,Mới tham gia Airbnb,5,"Phòng siêu đẹp y chang trên ảnh, bày trí rất có gu. Phòng mới và sạch sẽ, đầy đủ tiện nghi."
1591820748379483356,10237,2026-07-26,813804,Như Hoa,4 năm hoạt động trên Airbnb,5,"Phòng đẹp, xinh. Rất mới. Bày trí rất có gu, chủ nhà nhiệt tình hỗ trợ check-in sớm."
1591820748379483356,10238,2026-09-06,589524,Lan Hương,5 năm hoạt động trên Airbnb,5,"View đẹp mê ly, căn hộ sáng sủa nhiều ánh sáng tự nhiên. 10/10 điểm cho chất lượng phục vụ!"
1591820748379483356,10239,2026-08-16,805951,Béo,1 năm hoạt động trên Airbnb,5,"Chủ nhà thân thiện và hiếu khách, chắc chắn sẽ quay lại khi có dịp ghé thăm thành phố."
1591820748379483356,10240,2026-09-17,822324,Thảo,3 năm hoạt động trên Airbnb,5,"Rất sạch đẹp, vị trí trung tâm đi đâu cũng tiện, hồ bơi và ban công ngắm hoàng hôn rất chill."
1591820748379483356,10241,2026-08-24,224550,Quốc Anh,2 năm hoạt động trên Airbnb,5,"Trải nghiệm tuyệt vời! Tự nhận phòng với mã khóa cực kỳ tiện lợi, an ninh tốt."
1591820748379483356,10242,2026-08-04,305815,Hoang Phuc,4 năm hoạt động trên Airbnb,5,"Ấm cúng, trang thiết bị hiện đại, giường nệm êm ái ngủ rất ngon."
1773710178989182600,10243,2026-09-21,397907,Quốc Anh,2 năm hoạt động trên Airbnb,5,"Trải nghiệm tuyệt vời! Tự nhận phòng với mã khóa cực kỳ tiện lợi, an ninh tốt."
1773710178989182600,10244,2026-08-11,212563,Như Hoa,4 năm hoạt động trên Airbnb,5,"Phòng đẹp, xinh. Rất mới. Bày trí rất có gu, chủ nhà nhiệt tình hỗ trợ check-in sớm."
1773710178989182600,10245,2026-08-24,614394,Thảo,3 năm hoạt động trên Airbnb,5,"Rất sạch đẹp, vị trí trung tâm đi đâu cũng tiện, hồ bơi và ban công ngắm hoàng hôn rất chill."
1773710178989182600,10246,2026-09-19,674059,Lan Hương,5 năm hoạt động trên Airbnb,5,"View đẹp mê ly, căn hộ sáng sủa nhiều ánh sáng tự nhiên. 10/10 điểm cho chất lượng phục vụ!"
1773710178989182600,10247,2026-08-29,235235,Chimmiii,Mới tham gia Airbnb,5,"Phòng xinhh, sạch sẽ và thoáng đãng lắm ạ."
1773710178989182600,10248,2026-06-29,687974,Phương Thảo,Mới tham gia Airbnb,5,"Phòng siêu đẹp y chang trên ảnh, bày trí rất có gu. Phòng mới và sạch sẽ, đầy đủ tiện nghi."
1106862870469275001,10249,2026-09-07,316759,Như Hoa,4 năm hoạt động trên Airbnb,5,"Phòng đẹp, xinh. Rất mới. Bày trí rất có gu, chủ nhà nhiệt tình hỗ trợ check-in sớm."
1106862870469275001,10250,2026-08-26,649005,Chimmiii,Mới tham gia Airbnb,5,"Phòng xinhh, sạch sẽ và thoáng đãng lắm ạ."
1106862870469275001,10251,2026-08-27,598126,Phương Thảo,Mới tham gia Airbnb,5,"Phòng siêu đẹp y chang trên ảnh, bày trí rất có gu. Phòng mới và sạch sẽ, đầy đủ tiện nghi."
1106862870469275001,10252,2026-09-17,745539,Béo,1 năm hoạt động trên Airbnb,5,"Chủ nhà thân thiện và hiếu khách, chắc chắn sẽ quay lại khi có dịp ghé thăm thành phố."
1106862870469275001,10253,2026-09-08,243854,Quốc Anh,2 năm hoạt động trên Airbnb,5,"Trải nghiệm tuyệt vời! Tự nhận phòng với mã khóa cực kỳ tiện lợi, an ninh tốt."
1106862870469275001,10254,2026-08-16,848775,Lan Hương,5 năm hoạt động trên Airbnb,5,"View đẹp mê ly, căn hộ sáng sủa nhiều ánh sáng tự nhiên. 10/10 điểm cho chất lượng phục vụ!"
1106862870469275001,10255,2026-08-02,829581,Thảo,3 năm hoạt động trên Airbnb,5,"Rất sạch đẹp, vị trí trung tâm đi đâu cũng tiện, hồ bơi và ban công ngắm hoàng hôn rất chill."
1715093372297849200,10256,2026-08-10,756115,Béo,1 năm hoạt động trên Airbnb,5,"Chủ nhà thân thiện và hiếu khách, chắc chắn sẽ quay lại khi có dịp ghé thăm thành phố."
1715093372297849200,10257,2026-09-22,636173,Chimmiii,Mới tham gia Airbnb,5,"Phòng xinhh, sạch sẽ và thoáng đãng lắm ạ."
1715093372297849200,10258,2026-06-29,336119,Phương Thảo,Mới tham gia Airbnb,5,"Phòng siêu đẹp y chang trên ảnh, bày trí rất có gu. Phòng mới và sạch sẽ, đầy đủ tiện nghi."
1715093372297849200,10259,2026-09-15,477705,Quốc Anh,2 năm hoạt động trên Airbnb,5,"Trải nghiệm tuyệt vời! Tự nhận phòng với mã khóa cực kỳ tiện lợi, an ninh tốt."
1720827279524021872,10260,2026-08-03,361566,Phương Thảo,Mới tham gia Airbnb,5,"Phòng siêu đẹp y chang trên ảnh, bày trí rất có gu. Phòng mới và sạch sẽ, đầy đủ tiện nghi."
1720827279524021872,10261,2026-07-12,769904,Hoang Phuc,4 năm hoạt động trên Airbnb,5,"Ấm cúng, trang thiết bị hiện đại, giường nệm êm ái ngủ rất ngon."
1720827279524021872,10262,2026-09-05,418030,Lan Hương,5 năm hoạt động trên Airbnb,5,"View đẹp mê ly, căn hộ sáng sủa nhiều ánh sáng tự nhiên. 10/10 điểm cho chất lượng phục vụ!"
1720827279524021872,10263,2026-07-16,598587,Quốc Anh,2 năm hoạt động trên Airbnb,5,"Trải nghiệm tuyệt vời! Tự nhận phòng với mã khóa cực kỳ tiện lợi, an ninh tốt."
1720827279524021872,10264,2026-08-31,702064,Béo,1 năm hoạt động trên Airbnb,5,"Chủ nhà thân thiện và hiếu khách, chắc chắn sẽ quay lại khi có dịp ghé thăm thành phố."
1679047442857057513,10265,2026-07-23,902786,Như Hoa,4 năm hoạt động trên Airbnb,5,"Phòng đẹp, xinh. Rất mới. Bày trí rất có gu, chủ nhà nhiệt tình hỗ trợ check-in sớm."
1679047442857057513,10266,2026-07-23,944934,Thảo,3 năm hoạt động trên Airbnb,5,"Rất sạch đẹp, vị trí trung tâm đi đâu cũng tiện, hồ bơi và ban công ngắm hoàng hôn rất chill."
1679047442857057513,10267,2026-08-06,527467,Phương Thảo,Mới tham gia Airbnb,5,"Phòng siêu đẹp y chang trên ảnh, bày trí rất có gu. Phòng mới và sạch sẽ, đầy đủ tiện nghi."
1679047442857057513,10268,2026-08-11,945673,Hoang Phuc,4 năm hoạt động trên Airbnb,5,"Ấm cúng, trang thiết bị hiện đại, giường nệm êm ái ngủ rất ngon."
1679047442857057513,10269,2026-07-15,584115,Béo,1 năm hoạt động trên Airbnb,5,"Chủ nhà thân thiện và hiếu khách, chắc chắn sẽ quay lại khi có dịp ghé thăm thành phố."
1679047442857057513,10270,2026-07-02,339192,Lan Hương,5 năm hoạt động trên Airbnb,5,"View đẹp mê ly, căn hộ sáng sủa nhiều ánh sáng tự nhiên. 10/10 điểm cho chất lượng phục vụ!"
1744214679293155537,10271,2026-07-09,903439,Béo,1 năm hoạt động trên Airbnb,5,"Chủ nhà thân thiện và hiếu khách, chắc chắn sẽ quay lại khi có dịp ghé thăm thành phố."
1744214679293155537,10272,2026-08-11,268763,Hoang Phuc,4 năm hoạt động trên Airbnb,5,"Ấm cúng, trang thiết bị hiện đại, giường nệm êm ái ngủ rất ngon."
1744214679293155537,10273,2026-07-13,235948,Phương Thảo,Mới tham gia Airbnb,5,"Phòng siêu đẹp y chang trên ảnh, bày trí rất có gu. Phòng mới và sạch sẽ, đầy đủ tiện nghi."
1744214679293155537,10274,2026-07-25,220078,Chimmiii,Mới tham gia Airbnb,5,"Phòng xinhh, sạch sẽ và thoáng đãng lắm ạ."
955493668075378699,10275,2026-08-27,527261,Phương Thảo,Mới tham gia Airbnb,5,"Phòng siêu đẹp y chang trên ảnh, bày trí rất có gu. Phòng mới và sạch sẽ, đầy đủ tiện nghi."
955493668075378699,10276,2026-09-10,400118,Thảo,3 năm hoạt động trên Airbnb,5,"Rất sạch đẹp, vị trí trung tâm đi đâu cũng tiện, hồ bơi và ban công ngắm hoàng hôn rất chill."
955493668075378699,10277,2026-08-27,314769,Chimmiii,Mới tham gia Airbnb,5,"Phòng xinhh, sạch sẽ và thoáng đãng lắm ạ."
955493668075378699,10278,2026-09-14,480840,Quốc Anh,2 năm hoạt động trên Airbnb,5,"Trải nghiệm tuyệt vời! Tự nhận phòng với mã khóa cực kỳ tiện lợi, an ninh tốt."
955493668075378699,10279,2026-07-02,657548,Như Hoa,4 năm hoạt động trên Airbnb,5,"Phòng đẹp, xinh. Rất mới. Bày trí rất có gu, chủ nhà nhiệt tình hỗ trợ check-in sớm."
955493668075378699,10280,2026-07-14,970904,Béo,1 năm hoạt động trên Airbnb,5,"Chủ nhà thân thiện và hiếu khách, chắc chắn sẽ quay lại khi có dịp ghé thăm thành phố."
955493668075378699,10281,2026-08-25,519207,Hoang Phuc,4 năm hoạt động trên Airbnb,5,"Ấm cúng, trang thiết bị hiện đại, giường nệm êm ái ngủ rất ngon."
36982201,10282,2026-08-29,935328,Hoang Phuc,4 năm hoạt động trên Airbnb,5,"Ấm cúng, trang thiết bị hiện đại, giường nệm êm ái ngủ rất ngon."
36982201,10283,2026-08-17,217228,Béo,1 năm hoạt động trên Airbnb,5,"Chủ nhà thân thiện và hiếu khách, chắc chắn sẽ quay lại khi có dịp ghé thăm thành phố."
36982201,10284,2026-07-18,564339,Lan Hương,5 năm hoạt động trên Airbnb,5,"View đẹp mê ly, căn hộ sáng sủa nhiều ánh sáng tự nhiên. 10/10 điểm cho chất lượng phục vụ!"
36982201,10285,2026-06-29,255558,Thảo,3 năm hoạt động trên Airbnb,5,"Rất sạch đẹp, vị trí trung tâm đi đâu cũng tiện, hồ bơi và ban công ngắm hoàng hôn rất chill."
36982201,10286,2026-08-23,515318,Quốc Anh,2 năm hoạt động trên Airbnb,5,"Trải nghiệm tuyệt vời! Tự nhận phòng với mã khóa cực kỳ tiện lợi, an ninh tốt."
1125134532213066763,10287,2026-07-07,763902,Lan Hương,5 năm hoạt động trên Airbnb,5,"View đẹp mê ly, căn hộ sáng sủa nhiều ánh sáng tự nhiên. 10/10 điểm cho chất lượng phục vụ!"
1125134532213066763,10288,2026-06-29,585404,Hoang Phuc,4 năm hoạt động trên Airbnb,5,"Ấm cúng, trang thiết bị hiện đại, giường nệm êm ái ngủ rất ngon."
1125134532213066763,10289,2026-07-13,269404,Như Hoa,4 năm hoạt động trên Airbnb,5,"Phòng đẹp, xinh. Rất mới. Bày trí rất có gu, chủ nhà nhiệt tình hỗ trợ check-in sớm."
1125134532213066763,10290,2026-09-19,764936,Phương Thảo,Mới tham gia Airbnb,5,"Phòng siêu đẹp y chang trên ảnh, bày trí rất có gu. Phòng mới và sạch sẽ, đầy đủ tiện nghi."
1125134532213066763,10291,2026-07-25,820493,Thảo,3 năm hoạt động trên Airbnb,5,"Rất sạch đẹp, vị trí trung tâm đi đâu cũng tiện, hồ bơi và ban công ngắm hoàng hôn rất chill."
1125134532213066763,10292,2026-07-29,283491,Quốc Anh,2 năm hoạt động trên Airbnb,5,"Trải nghiệm tuyệt vời! Tự nhận phòng với mã khóa cực kỳ tiện lợi, an ninh tốt."
1125134532213066763,10293,2026-08-13,475025,Chimmiii,Mới tham gia Airbnb,5,"Phòng xinhh, sạch sẽ và thoáng đãng lắm ạ."
1602301381468715957,10294,2026-07-31,667956,Quốc Anh,2 năm hoạt động trên Airbnb,5,"Trải nghiệm tuyệt vời! Tự nhận phòng với mã khóa cực kỳ tiện lợi, an ninh tốt."
1602301381468715957,10295,2026-08-22,359177,Thảo,3 năm hoạt động trên Airbnb,5,"Rất sạch đẹp, vị trí trung tâm đi đâu cũng tiện, hồ bơi và ban công ngắm hoàng hôn rất chill."
1602301381468715957,10296,2026-09-03,295863,Hoang Phuc,4 năm hoạt động trên Airbnb,5,"Ấm cúng, trang thiết bị hiện đại, giường nệm êm ái ngủ rất ngon."
1602301381468715957,10297,2026-09-06,651074,Như Hoa,4 năm hoạt động trên Airbnb,5,"Phòng đẹp, xinh. Rất mới. Bày trí rất có gu, chủ nhà nhiệt tình hỗ trợ check-in sớm."
1602301381468715957,10298,2026-08-17,509726,Chimmiii,Mới tham gia Airbnb,5,"Phòng xinhh, sạch sẽ và thoáng đãng lắm ạ."
1483355559414643120,10299,2026-07-14,805201,Thảo,3 năm hoạt động trên Airbnb,5,"Rất sạch đẹp, vị trí trung tâm đi đâu cũng tiện, hồ bơi và ban công ngắm hoàng hôn rất chill."
1483355559414643120,10300,2026-09-02,516451,Quốc Anh,2 năm hoạt động trên Airbnb,5,"Trải nghiệm tuyệt vời! Tự nhận phòng với mã khóa cực kỳ tiện lợi, an ninh tốt."
1483355559414643120,10301,2026-09-22,779816,Lan Hương,5 năm hoạt động trên Airbnb,5,"View đẹp mê ly, căn hộ sáng sủa nhiều ánh sáng tự nhiên. 10/10 điểm cho chất lượng phục vụ!"
1483355559414643120,10302,2026-07-16,581059,Hoang Phuc,4 năm hoạt động trên Airbnb,5,"Ấm cúng, trang thiết bị hiện đại, giường nệm êm ái ngủ rất ngon."
1483355559414643120,10303,2026-08-14,309476,Béo,1 năm hoạt động trên Airbnb,5,"Chủ nhà thân thiện và hiếu khách, chắc chắn sẽ quay lại khi có dịp ghé thăm thành phố."
41159137,10304,2026-08-13,814345,Chimmiii,Mới tham gia Airbnb,5,"Phòng xinhh, sạch sẽ và thoáng đãng lắm ạ."
41159137,10305,2026-08-28,932642,Hoang Phuc,4 năm hoạt động trên Airbnb,5,"Ấm cúng, trang thiết bị hiện đại, giường nệm êm ái ngủ rất ngon."
41159137,10306,2026-07-14,919144,Lan Hương,5 năm hoạt động trên Airbnb,5,"View đẹp mê ly, căn hộ sáng sủa nhiều ánh sáng tự nhiên. 10/10 điểm cho chất lượng phục vụ!"
41159137,10307,2026-08-22,661925,Như Hoa,4 năm hoạt động trên Airbnb,5,"Phòng đẹp, xinh. Rất mới. Bày trí rất có gu, chủ nhà nhiệt tình hỗ trợ check-in sớm."
1151131522672903986,10308,2026-08-30,800435,Chimmiii,Mới tham gia Airbnb,5,"Phòng xinhh, sạch sẽ và thoáng đãng lắm ạ."
1151131522672903986,10309,2026-09-19,743711,Lan Hương,5 năm hoạt động trên Airbnb,5,"View đẹp mê ly, căn hộ sáng sủa nhiều ánh sáng tự nhiên. 10/10 điểm cho chất lượng phục vụ!"
1151131522672903986,10310,2026-07-11,480025,Phương Thảo,Mới tham gia Airbnb,5,"Phòng siêu đẹp y chang trên ảnh, bày trí rất có gu. Phòng mới và sạch sẽ, đầy đủ tiện nghi."
1151131522672903986,10311,2026-09-15,976820,Như Hoa,4 năm hoạt động trên Airbnb,5,"Phòng đẹp, xinh. Rất mới. Bày trí rất có gu, chủ nhà nhiệt tình hỗ trợ check-in sớm."
1151131522672903986,10312,2026-08-24,759416,Quốc Anh,2 năm hoạt động trên Airbnb,5,"Trải nghiệm tuyệt vời! Tự nhận phòng với mã khóa cực kỳ tiện lợi, an ninh tốt."
1151131522672903986,10313,2026-09-21,787636,Béo,1 năm hoạt động trên Airbnb,5,"Chủ nhà thân thiện và hiếu khách, chắc chắn sẽ quay lại khi có dịp ghé thăm thành phố."
1151131522672903986,10314,2026-07-22,823313,Hoang Phuc,4 năm hoạt động trên Airbnb,5,"Ấm cúng, trang thiết bị hiện đại, giường nệm êm ái ngủ rất ngon."
1151131522672903986,10315,2026-07-28,230594,Thảo,3 năm hoạt động trên Airbnb,5,"Rất sạch đẹp, vị trí trung tâm đi đâu cũng tiện, hồ bơi và ban công ngắm hoàng hôn rất chill."
1766309003679280858,10316,2026-09-21,851921,Phương Thảo,Mới tham gia Airbnb,5,"Phòng siêu đẹp y chang trên ảnh, bày trí rất có gu. Phòng mới và sạch sẽ, đầy đủ tiện nghi."
1766309003679280858,10317,2026-09-01,228857,Béo,1 năm hoạt động trên Airbnb,5,"Chủ nhà thân thiện và hiếu khách, chắc chắn sẽ quay lại khi có dịp ghé thăm thành phố."
1766309003679280858,10318,2026-08-24,392434,Chimmiii,Mới tham gia Airbnb,5,"Phòng xinhh, sạch sẽ và thoáng đãng lắm ạ."
1766309003679280858,10319,2026-08-20,789493,Quốc Anh,2 năm hoạt động trên Airbnb,5,"Trải nghiệm tuyệt vời! Tự nhận phòng với mã khóa cực kỳ tiện lợi, an ninh tốt."
1748551106472599144,10320,2026-09-12,549187,Lan Hương,5 năm hoạt động trên Airbnb,5,"View đẹp mê ly, căn hộ sáng sủa nhiều ánh sáng tự nhiên. 10/10 điểm cho chất lượng phục vụ!"
1748551106472599144,10321,2026-08-21,702806,Chimmiii,Mới tham gia Airbnb,5,"Phòng xinhh, sạch sẽ và thoáng đãng lắm ạ."
1748551106472599144,10322,2026-08-24,923708,Quốc Anh,2 năm hoạt động trên Airbnb,5,"Trải nghiệm tuyệt vời! Tự nhận phòng với mã khóa cực kỳ tiện lợi, an ninh tốt."
1748551106472599144,10323,2026-09-13,658781,Phương Thảo,Mới tham gia Airbnb,5,"Phòng siêu đẹp y chang trên ảnh, bày trí rất có gu. Phòng mới và sạch sẽ, đầy đủ tiện nghi."
1748551106472599144,10324,2026-09-20,203576,Hoang Phuc,4 năm hoạt động trên Airbnb,5,"Ấm cúng, trang thiết bị hiện đại, giường nệm êm ái ngủ rất ngon."
1748551106472599144,10325,2026-07-25,631008,Thảo,3 năm hoạt động trên Airbnb,5,"Rất sạch đẹp, vị trí trung tâm đi đâu cũng tiện, hồ bơi và ban công ngắm hoàng hôn rất chill."
1715077334095845511,10326,2026-07-12,357671,Như Hoa,4 năm hoạt động trên Airbnb,5,"Phòng đẹp, xinh. Rất mới. Bày trí rất có gu, chủ nhà nhiệt tình hỗ trợ check-in sớm."
1715077334095845511,10327,2026-07-03,878419,Thảo,3 năm hoạt động trên Airbnb,5,"Rất sạch đẹp, vị trí trung tâm đi đâu cũng tiện, hồ bơi và ban công ngắm hoàng hôn rất chill."
1715077334095845511,10328,2026-09-14,267827,Chimmiii,Mới tham gia Airbnb,5,"Phòng xinhh, sạch sẽ và thoáng đãng lắm ạ."
1715077334095845511,10329,2026-06-28,500325,Béo,1 năm hoạt động trên Airbnb,5,"Chủ nhà thân thiện và hiếu khách, chắc chắn sẽ quay lại khi có dịp ghé thăm thành phố."
1733086375568196270,10330,2026-07-30,420577,Như Hoa,4 năm hoạt động trên Airbnb,5,"Phòng đẹp, xinh. Rất mới. Bày trí rất có gu, chủ nhà nhiệt tình hỗ trợ check-in sớm."
1733086375568196270,10331,2026-07-10,756995,Quốc Anh,2 năm hoạt động trên Airbnb,5,"Trải nghiệm tuyệt vời! Tự nhận phòng với mã khóa cực kỳ tiện lợi, an ninh tốt."
1733086375568196270,10332,2026-07-20,409042,Lan Hương,5 năm hoạt động trên Airbnb,5,"View đẹp mê ly, căn hộ sáng sủa nhiều ánh sáng tự nhiên. 10/10 điểm cho chất lượng phục vụ!"
1733086375568196270,10333,2026-08-29,640372,Béo,1 năm hoạt động trên Airbnb,5,"Chủ nhà thân thiện và hiếu khách, chắc chắn sẽ quay lại khi có dịp ghé thăm thành phố."
1733086375568196270,10334,2026-09-14,910278,Phương Thảo,Mới tham gia Airbnb,5,"Phòng siêu đẹp y chang trên ảnh, bày trí rất có gu. Phòng mới và sạch sẽ, đầy đủ tiện nghi."
1733086375568196270,10335,2026-07-08,913619,Chimmiii,Mới tham gia Airbnb,5,"Phòng xinhh, sạch sẽ và thoáng đãng lắm ạ."
1733086375568196270,10336,2026-09-13,743786,Hoang Phuc,4 năm hoạt động trên Airbnb,5,"Ấm cúng, trang thiết bị hiện đại, giường nệm êm ái ngủ rất ngon."
1733086375568196270,10337,2026-07-05,504012,Thảo,3 năm hoạt động trên Airbnb,5,"Rất sạch đẹp, vị trí trung tâm đi đâu cũng tiện, hồ bơi và ban công ngắm hoàng hôn rất chill."
1599690187257549167,10338,2026-08-27,634158,Phương Thảo,Mới tham gia Airbnb,5,"Phòng siêu đẹp y chang trên ảnh, bày trí rất có gu. Phòng mới và sạch sẽ, đầy đủ tiện nghi."
1599690187257549167,10339,2026-07-17,862216,Như Hoa,4 năm hoạt động trên Airbnb,5,"Phòng đẹp, xinh. Rất mới. Bày trí rất có gu, chủ nhà nhiệt tình hỗ trợ check-in sớm."
1599690187257549167,10340,2026-07-06,403501,Thảo,3 năm hoạt động trên Airbnb,5,"Rất sạch đẹp, vị trí trung tâm đi đâu cũng tiện, hồ bơi và ban công ngắm hoàng hôn rất chill."
1599690187257549167,10341,2026-08-02,888187,Chimmiii,Mới tham gia Airbnb,5,"Phòng xinhh, sạch sẽ và thoáng đãng lắm ạ."
1455459349427940281,10342,2026-07-28,624727,Như Hoa,4 năm hoạt động trên Airbnb,5,"Phòng đẹp, xinh. Rất mới. Bày trí rất có gu, chủ nhà nhiệt tình hỗ trợ check-in sớm."
1455459349427940281,10343,2026-07-07,474485,Chimmiii,Mới tham gia Airbnb,5,"Phòng xinhh, sạch sẽ và thoáng đãng lắm ạ."
1455459349427940281,10344,2026-07-24,621990,Béo,1 năm hoạt động trên Airbnb,5,"Chủ nhà thân thiện và hiếu khách, chắc chắn sẽ quay lại khi có dịp ghé thăm thành phố."
1455459349427940281,10345,2026-07-26,449510,Lan Hương,5 năm hoạt động trên Airbnb,5,"View đẹp mê ly, căn hộ sáng sủa nhiều ánh sáng tự nhiên. 10/10 điểm cho chất lượng phục vụ!"
1455459349427940281,10346,2026-07-03,823186,Quốc Anh,2 năm hoạt động trên Airbnb,5,"Trải nghiệm tuyệt vời! Tự nhận phòng với mã khóa cực kỳ tiện lợi, an ninh tốt."
1455459349427940281,10347,2026-07-16,246563,Thảo,3 năm hoạt động trên Airbnb,5,"Rất sạch đẹp, vị trí trung tâm đi đâu cũng tiện, hồ bơi và ban công ngắm hoàng hôn rất chill."
1455459349427940281,10348,2026-08-28,318608,Phương Thảo,Mới tham gia Airbnb,5,"Phòng siêu đẹp y chang trên ảnh, bày trí rất có gu. Phòng mới và sạch sẽ, đầy đủ tiện nghi."
1455459349427940281,10349,2026-09-23,964904,Hoang Phuc,4 năm hoạt động trên Airbnb,5,"Ấm cúng, trang thiết bị hiện đại, giường nệm êm ái ngủ rất ngon."
1750749022529098752,10350,2026-07-20,979374,Thảo,3 năm hoạt động trên Airbnb,5,"Rất sạch đẹp, vị trí trung tâm đi đâu cũng tiện, hồ bơi và ban công ngắm hoàng hôn rất chill."
1750749022529098752,10351,2026-07-28,800521,Phương Thảo,Mới tham gia Airbnb,5,"Phòng siêu đẹp y chang trên ảnh, bày trí rất có gu. Phòng mới và sạch sẽ, đầy đủ tiện nghi."
1750749022529098752,10352,2026-08-17,271167,Quốc Anh,2 năm hoạt động trên Airbnb,5,"Trải nghiệm tuyệt vời! Tự nhận phòng với mã khóa cực kỳ tiện lợi, an ninh tốt."
1750749022529098752,10353,2026-07-24,656357,Như Hoa,4 năm hoạt động trên Airbnb,5,"Phòng đẹp, xinh. Rất mới. Bày trí rất có gu, chủ nhà nhiệt tình hỗ trợ check-in sớm."
1636150472921599036,10354,2026-07-08,566029,Quốc Anh,2 năm hoạt động trên Airbnb,5,"Trải nghiệm tuyệt vời! Tự nhận phòng với mã khóa cực kỳ tiện lợi, an ninh tốt."
1636150472921599036,10355,2026-08-20,411510,Hoang Phuc,4 năm hoạt động trên Airbnb,5,"Ấm cúng, trang thiết bị hiện đại, giường nệm êm ái ngủ rất ngon."
1636150472921599036,10356,2026-07-30,246255,Như Hoa,4 năm hoạt động trên Airbnb,5,"Phòng đẹp, xinh. Rất mới. Bày trí rất có gu, chủ nhà nhiệt tình hỗ trợ check-in sớm."
1636150472921599036,10357,2026-08-25,814087,Béo,1 năm hoạt động trên Airbnb,5,"Chủ nhà thân thiện và hiếu khách, chắc chắn sẽ quay lại khi có dịp ghé thăm thành phố."
1636150472921599036,10358,2026-07-13,540131,Lan Hương,5 năm hoạt động trên Airbnb,5,"View đẹp mê ly, căn hộ sáng sủa nhiều ánh sáng tự nhiên. 10/10 điểm cho chất lượng phục vụ!"
1636150472921599036,10359,2026-07-26,390450,Phương Thảo,Mới tham gia Airbnb,5,"Phòng siêu đẹp y chang trên ảnh, bày trí rất có gu. Phòng mới và sạch sẽ, đầy đủ tiện nghi."
1762279266381242516,10360,2026-08-27,415261,Quốc Anh,2 năm hoạt động trên Airbnb,5,"Trải nghiệm tuyệt vời! Tự nhận phòng với mã khóa cực kỳ tiện lợi, an ninh tốt."
1762279266381242516,10361,2026-07-06,825695,Chimmiii,Mới tham gia Airbnb,5,"Phòng xinhh, sạch sẽ và thoáng đãng lắm ạ."
1762279266381242516,10362,2026-08-19,744311,Béo,1 năm hoạt động trên Airbnb,5,"Chủ nhà thân thiện và hiếu khách, chắc chắn sẽ quay lại khi có dịp ghé thăm thành phố."
1762279266381242516,10363,2026-08-25,590390,Phương Thảo,Mới tham gia Airbnb,5,"Phòng siêu đẹp y chang trên ảnh, bày trí rất có gu. Phòng mới và sạch sẽ, đầy đủ tiện nghi."
1748346483910174427,10364,2026-07-30,729081,Như Hoa,4 năm hoạt động trên Airbnb,5,"Phòng đẹp, xinh. Rất mới. Bày trí rất có gu, chủ nhà nhiệt tình hỗ trợ check-in sớm."
1748346483910174427,10365,2026-08-12,794187,Hoang Phuc,4 năm hoạt động trên Airbnb,5,"Ấm cúng, trang thiết bị hiện đại, giường nệm êm ái ngủ rất ngon."
1748346483910174427,10366,2026-08-10,376074,Chimmiii,Mới tham gia Airbnb,5,"Phòng xinhh, sạch sẽ và thoáng đãng lắm ạ."
1748346483910174427,10367,2026-09-04,455359,Quốc Anh,2 năm hoạt động trên Airbnb,5,"Trải nghiệm tuyệt vời! Tự nhận phòng với mã khóa cực kỳ tiện lợi, an ninh tốt."
1748346483910174427,10368,2026-08-09,268927,Phương Thảo,Mới tham gia Airbnb,5,"Phòng siêu đẹp y chang trên ảnh, bày trí rất có gu. Phòng mới và sạch sẽ, đầy đủ tiện nghi."
1762156993132324900,10369,2026-07-30,201628,Chimmiii,Mới tham gia Airbnb,5,"Phòng xinhh, sạch sẽ và thoáng đãng lắm ạ."
1762156993132324900,10370,2026-08-06,306710,Hoang Phuc,4 năm hoạt động trên Airbnb,5,"Ấm cúng, trang thiết bị hiện đại, giường nệm êm ái ngủ rất ngon."
1762156993132324900,10371,2026-07-17,594343,Quốc Anh,2 năm hoạt động trên Airbnb,5,"Trải nghiệm tuyệt vời! Tự nhận phòng với mã khóa cực kỳ tiện lợi, an ninh tốt."
1762156993132324900,10372,2026-08-27,983581,Béo,1 năm hoạt động trên Airbnb,5,"Chủ nhà thân thiện và hiếu khách, chắc chắn sẽ quay lại khi có dịp ghé thăm thành phố."
1762156993132324900,10373,2026-08-03,442456,Như Hoa,4 năm hoạt động trên Airbnb,5,"Phòng đẹp, xinh. Rất mới. Bày trí rất có gu, chủ nhà nhiệt tình hỗ trợ check-in sớm."
1762156993132324900,10374,2026-06-28,398069,Phương Thảo,Mới tham gia Airbnb,5,"Phòng siêu đẹp y chang trên ảnh, bày trí rất có gu. Phòng mới và sạch sẽ, đầy đủ tiện nghi."
1762156993132324900,10375,2026-08-18,240450,Lan Hương,5 năm hoạt động trên Airbnb,5,"View đẹp mê ly, căn hộ sáng sủa nhiều ánh sáng tự nhiên. 10/10 điểm cho chất lượng phục vụ!"
1665108500113907832,10376,2026-09-05,773805,Béo,1 năm hoạt động trên Airbnb,5,"Chủ nhà thân thiện và hiếu khách, chắc chắn sẽ quay lại khi có dịp ghé thăm thành phố."
1665108500113907832,10377,2026-07-04,434407,Phương Thảo,Mới tham gia Airbnb,5,"Phòng siêu đẹp y chang trên ảnh, bày trí rất có gu. Phòng mới và sạch sẽ, đầy đủ tiện nghi."
1665108500113907832,10378,2026-09-13,880017,Hoang Phuc,4 năm hoạt động trên Airbnb,5,"Ấm cúng, trang thiết bị hiện đại, giường nệm êm ái ngủ rất ngon."
1665108500113907832,10379,2026-09-10,795328,Quốc Anh,2 năm hoạt động trên Airbnb,5,"Trải nghiệm tuyệt vời! Tự nhận phòng với mã khóa cực kỳ tiện lợi, an ninh tốt."
1665108500113907832,10380,2026-09-17,947011,Như Hoa,4 năm hoạt động trên Airbnb,5,"Phòng đẹp, xinh. Rất mới. Bày trí rất có gu, chủ nhà nhiệt tình hỗ trợ check-in sớm."
1665108500113907832,10381,2026-07-26,654227,Chimmiii,Mới tham gia Airbnb,5,"Phòng xinhh, sạch sẽ và thoáng đãng lắm ạ."
1731649840286327652,10382,2026-07-07,402812,Hoang Phuc,4 năm hoạt động trên Airbnb,5,"Ấm cúng, trang thiết bị hiện đại, giường nệm êm ái ngủ rất ngon."
1731649840286327652,10383,2026-07-25,759361,Lan Hương,5 năm hoạt động trên Airbnb,5,"View đẹp mê ly, căn hộ sáng sủa nhiều ánh sáng tự nhiên. 10/10 điểm cho chất lượng phục vụ!"
1731649840286327652,10384,2026-08-30,315360,Như Hoa,4 năm hoạt động trên Airbnb,5,"Phòng đẹp, xinh. Rất mới. Bày trí rất có gu, chủ nhà nhiệt tình hỗ trợ check-in sớm."
1731649840286327652,10385,2026-09-08,472776,Phương Thảo,Mới tham gia Airbnb,5,"Phòng siêu đẹp y chang trên ảnh, bày trí rất có gu. Phòng mới và sạch sẽ, đầy đủ tiện nghi."
1731649840286327652,10386,2026-08-06,305417,Béo,1 năm hoạt động trên Airbnb,5,"Chủ nhà thân thiện và hiếu khách, chắc chắn sẽ quay lại khi có dịp ghé thăm thành phố."
1731649840286327652,10387,2026-07-20,434399,Thảo,3 năm hoạt động trên Airbnb,5,"Rất sạch đẹp, vị trí trung tâm đi đâu cũng tiện, hồ bơi và ban công ngắm hoàng hôn rất chill."
1731649840286327652,10388,2026-08-10,850341,Quốc Anh,2 năm hoạt động trên Airbnb,5,"Trải nghiệm tuyệt vời! Tự nhận phòng với mã khóa cực kỳ tiện lợi, an ninh tốt."
1731649840286327652,10389,2026-07-30,983712,Chimmiii,Mới tham gia Airbnb,5,"Phòng xinhh, sạch sẽ và thoáng đãng lắm ạ."
1704263539397411544,10390,2026-06-28,592980,Chimmiii,Mới tham gia Airbnb,5,"Phòng xinhh, sạch sẽ và thoáng đãng lắm ạ."
1704263539397411544,10391,2026-09-07,673665,Quốc Anh,2 năm hoạt động trên Airbnb,5,"Trải nghiệm tuyệt vời! Tự nhận phòng với mã khóa cực kỳ tiện lợi, an ninh tốt."
1704263539397411544,10392,2026-08-30,715314,Lan Hương,5 năm hoạt động trên Airbnb,5,"View đẹp mê ly, căn hộ sáng sủa nhiều ánh sáng tự nhiên. 10/10 điểm cho chất lượng phục vụ!"
1704263539397411544,10393,2026-08-21,318605,Béo,1 năm hoạt động trên Airbnb,5,"Chủ nhà thân thiện và hiếu khách, chắc chắn sẽ quay lại khi có dịp ghé thăm thành phố."
1704263539397411544,10394,2026-09-21,333844,Phương Thảo,Mới tham gia Airbnb,5,"Phòng siêu đẹp y chang trên ảnh, bày trí rất có gu. Phòng mới và sạch sẽ, đầy đủ tiện nghi."
1704263539397411544,10395,2026-08-25,867448,Thảo,3 năm hoạt động trên Airbnb,5,"Rất sạch đẹp, vị trí trung tâm đi đâu cũng tiện, hồ bơi và ban công ngắm hoàng hôn rất chill."
1704263539397411544,10396,2026-07-02,447330,Hoang Phuc,4 năm hoạt động trên Airbnb,5,"Ấm cúng, trang thiết bị hiện đại, giường nệm êm ái ngủ rất ngon."
1315927078893002806,10397,2026-07-30,455297,Chimmiii,Mới tham gia Airbnb,5,"Phòng xinhh, sạch sẽ và thoáng đãng lắm ạ."
1315927078893002806,10398,2026-08-23,507773,Lan Hương,5 năm hoạt động trên Airbnb,5,"View đẹp mê ly, căn hộ sáng sủa nhiều ánh sáng tự nhiên. 10/10 điểm cho chất lượng phục vụ!"
1315927078893002806,10399,2026-07-07,912319,Béo,1 năm hoạt động trên Airbnb,5,"Chủ nhà thân thiện và hiếu khách, chắc chắn sẽ quay lại khi có dịp ghé thăm thành phố."
1315927078893002806,10400,2026-07-08,759098,Phương Thảo,Mới tham gia Airbnb,5,"Phòng siêu đẹp y chang trên ảnh, bày trí rất có gu. Phòng mới và sạch sẽ, đầy đủ tiện nghi."
1315927078893002806,10401,2026-08-13,427241,Thảo,3 năm hoạt động trên Airbnb,5,"Rất sạch đẹp, vị trí trung tâm đi đâu cũng tiện, hồ bơi và ban công ngắm hoàng hôn rất chill."
1315927078893002806,10402,2026-09-05,356218,Như Hoa,4 năm hoạt động trên Airbnb,5,"Phòng đẹp, xinh. Rất mới. Bày trí rất có gu, chủ nhà nhiệt tình hỗ trợ check-in sớm."
1315927078893002806,10403,2026-09-17,524678,Hoang Phuc,4 năm hoạt động trên Airbnb,5,"Ấm cúng, trang thiết bị hiện đại, giường nệm êm ái ngủ rất ngon."
1315927078893002806,10404,2026-09-02,312460,Quốc Anh,2 năm hoạt động trên Airbnb,5,"Trải nghiệm tuyệt vời! Tự nhận phòng với mã khóa cực kỳ tiện lợi, an ninh tốt."
1750814323135533908,10405,2026-08-14,965896,Quốc Anh,2 năm hoạt động trên Airbnb,5,"Trải nghiệm tuyệt vời! Tự nhận phòng với mã khóa cực kỳ tiện lợi, an ninh tốt."
1750814323135533908,10406,2026-07-13,523855,Thảo,3 năm hoạt động trên Airbnb,5,"Rất sạch đẹp, vị trí trung tâm đi đâu cũng tiện, hồ bơi và ban công ngắm hoàng hôn rất chill."
1750814323135533908,10407,2026-08-07,626301,Béo,1 năm hoạt động trên Airbnb,5,"Chủ nhà thân thiện và hiếu khách, chắc chắn sẽ quay lại khi có dịp ghé thăm thành phố."
1750814323135533908,10408,2026-08-21,600950,Chimmiii,Mới tham gia Airbnb,5,"Phòng xinhh, sạch sẽ và thoáng đãng lắm ạ."
1750814323135533908,10409,2026-09-04,313229,Như Hoa,4 năm hoạt động trên Airbnb,5,"Phòng đẹp, xinh. Rất mới. Bày trí rất có gu, chủ nhà nhiệt tình hỗ trợ check-in sớm."
1750814323135533908,10410,2026-08-18,682649,Phương Thảo,Mới tham gia Airbnb,5,"Phòng siêu đẹp y chang trên ảnh, bày trí rất có gu. Phòng mới và sạch sẽ, đầy đủ tiện nghi."
1750814323135533908,10411,2026-09-22,792219,Hoang Phuc,4 năm hoạt động trên Airbnb,5,"Ấm cúng, trang thiết bị hiện đại, giường nệm êm ái ngủ rất ngon."
1620192536814673059,10412,2026-07-11,548207,Lan Hương,5 năm hoạt động trên Airbnb,5,"View đẹp mê ly, căn hộ sáng sủa nhiều ánh sáng tự nhiên. 10/10 điểm cho chất lượng phục vụ!"
1620192536814673059,10413,2026-08-26,989560,Quốc Anh,2 năm hoạt động trên Airbnb,5,"Trải nghiệm tuyệt vời! Tự nhận phòng với mã khóa cực kỳ tiện lợi, an ninh tốt."
1620192536814673059,10414,2026-08-11,569031,Thảo,3 năm hoạt động trên Airbnb,5,"Rất sạch đẹp, vị trí trung tâm đi đâu cũng tiện, hồ bơi và ban công ngắm hoàng hôn rất chill."
1620192536814673059,10415,2026-08-29,465409,Hoang Phuc,4 năm hoạt động trên Airbnb,5,"Ấm cúng, trang thiết bị hiện đại, giường nệm êm ái ngủ rất ngon."
1620192536814673059,10416,2026-06-28,345195,Phương Thảo,Mới tham gia Airbnb,5,"Phòng siêu đẹp y chang trên ảnh, bày trí rất có gu. Phòng mới và sạch sẽ, đầy đủ tiện nghi."
1620192536814673059,10417,2026-07-02,788713,Béo,1 năm hoạt động trên Airbnb,5,"Chủ nhà thân thiện và hiếu khách, chắc chắn sẽ quay lại khi có dịp ghé thăm thành phố."
1620192536814673059,10418,2026-09-02,964122,Như Hoa,4 năm hoạt động trên Airbnb,5,"Phòng đẹp, xinh. Rất mới. Bày trí rất có gu, chủ nhà nhiệt tình hỗ trợ check-in sớm."
1620192536814673059,10419,2026-07-23,532177,Chimmiii,Mới tham gia Airbnb,5,"Phòng xinhh, sạch sẽ và thoáng đãng lắm ạ."
1701935722004419795,10420,2026-07-07,585268,Béo,1 năm hoạt động trên Airbnb,5,"Chủ nhà thân thiện và hiếu khách, chắc chắn sẽ quay lại khi có dịp ghé thăm thành phố."
1701935722004419795,10421,2026-08-19,565032,Lan Hương,5 năm hoạt động trên Airbnb,5,"View đẹp mê ly, căn hộ sáng sủa nhiều ánh sáng tự nhiên. 10/10 điểm cho chất lượng phục vụ!"
1701935722004419795,10422,2026-07-20,275076,Như Hoa,4 năm hoạt động trên Airbnb,5,"Phòng đẹp, xinh. Rất mới. Bày trí rất có gu, chủ nhà nhiệt tình hỗ trợ check-in sớm."
1701935722004419795,10423,2026-09-07,538974,Phương Thảo,Mới tham gia Airbnb,5,"Phòng siêu đẹp y chang trên ảnh, bày trí rất có gu. Phòng mới và sạch sẽ, đầy đủ tiện nghi."
1701935722004419795,10424,2026-07-07,439909,Hoang Phuc,4 năm hoạt động trên Airbnb,5,"Ấm cúng, trang thiết bị hiện đại, giường nệm êm ái ngủ rất ngon."
1701935722004419795,10425,2026-08-30,733540,Quốc Anh,2 năm hoạt động trên Airbnb,5,"Trải nghiệm tuyệt vời! Tự nhận phòng với mã khóa cực kỳ tiện lợi, an ninh tốt."
1701935722004419795,10426,2026-07-04,636893,Chimmiii,Mới tham gia Airbnb,5,"Phòng xinhh, sạch sẽ và thoáng đãng lắm ạ."
1701935722004419795,10427,2026-09-19,770993,Thảo,3 năm hoạt động trên Airbnb,5,"Rất sạch đẹp, vị trí trung tâm đi đâu cũng tiện, hồ bơi và ban công ngắm hoàng hôn rất chill."
1242494991317197834,10428,2026-08-29,688185,Phương Thảo,Mới tham gia Airbnb,5,"Phòng siêu đẹp y chang trên ảnh, bày trí rất có gu. Phòng mới và sạch sẽ, đầy đủ tiện nghi."
1242494991317197834,10429,2026-07-13,623457,Như Hoa,4 năm hoạt động trên Airbnb,5,"Phòng đẹp, xinh. Rất mới. Bày trí rất có gu, chủ nhà nhiệt tình hỗ trợ check-in sớm."
1242494991317197834,10430,2026-09-11,843358,Béo,1 năm hoạt động trên Airbnb,5,"Chủ nhà thân thiện và hiếu khách, chắc chắn sẽ quay lại khi có dịp ghé thăm thành phố."
1242494991317197834,10431,2026-08-05,569823,Chimmiii,Mới tham gia Airbnb,5,"Phòng xinhh, sạch sẽ và thoáng đãng lắm ạ."
1242494991317197834,10432,2026-07-13,787854,Hoang Phuc,4 năm hoạt động trên Airbnb,5,"Ấm cúng, trang thiết bị hiện đại, giường nệm êm ái ngủ rất ngon."
1242494991317197834,10433,2026-09-16,293105,Quốc Anh,2 năm hoạt động trên Airbnb,5,"Trải nghiệm tuyệt vời! Tự nhận phòng với mã khóa cực kỳ tiện lợi, an ninh tốt."
1242494991317197834,10434,2026-08-17,457067,Thảo,3 năm hoạt động trên Airbnb,5,"Rất sạch đẹp, vị trí trung tâm đi đâu cũng tiện, hồ bơi và ban công ngắm hoàng hôn rất chill."
1242494991317197834,10435,2026-08-06,614867,Lan Hương,5 năm hoạt động trên Airbnb,5,"View đẹp mê ly, căn hộ sáng sủa nhiều ánh sáng tự nhiên. 10/10 điểm cho chất lượng phục vụ!"
1681554104707198108,10436,2026-08-31,963081,Chimmiii,Mới tham gia Airbnb,5,"Phòng xinhh, sạch sẽ và thoáng đãng lắm ạ."
1681554104707198108,10437,2026-07-05,373967,Như Hoa,4 năm hoạt động trên Airbnb,5,"Phòng đẹp, xinh. Rất mới. Bày trí rất có gu, chủ nhà nhiệt tình hỗ trợ check-in sớm."
1681554104707198108,10438,2026-09-06,914675,Phương Thảo,Mới tham gia Airbnb,5,"Phòng siêu đẹp y chang trên ảnh, bày trí rất có gu. Phòng mới và sạch sẽ, đầy đủ tiện nghi."
1681554104707198108,10439,2026-09-08,737871,Hoang Phuc,4 năm hoạt động trên Airbnb,5,"Ấm cúng, trang thiết bị hiện đại, giường nệm êm ái ngủ rất ngon."
1681554104707198108,10440,2026-08-08,349955,Quốc Anh,2 năm hoạt động trên Airbnb,5,"Trải nghiệm tuyệt vời! Tự nhận phòng với mã khóa cực kỳ tiện lợi, an ninh tốt."
1681554104707198108,10441,2026-08-17,855915,Lan Hương,5 năm hoạt động trên Airbnb,5,"View đẹp mê ly, căn hộ sáng sủa nhiều ánh sáng tự nhiên. 10/10 điểm cho chất lượng phục vụ!"
1715037402211818351,10442,2026-07-02,762665,Chimmiii,Mới tham gia Airbnb,5,"Phòng xinhh, sạch sẽ và thoáng đãng lắm ạ."
1715037402211818351,10443,2026-07-31,691942,Lan Hương,5 năm hoạt động trên Airbnb,5,"View đẹp mê ly, căn hộ sáng sủa nhiều ánh sáng tự nhiên. 10/10 điểm cho chất lượng phục vụ!"
1715037402211818351,10444,2026-09-19,815072,Quốc Anh,2 năm hoạt động trên Airbnb,5,"Trải nghiệm tuyệt vời! Tự nhận phòng với mã khóa cực kỳ tiện lợi, an ninh tốt."
1715037402211818351,10445,2026-09-04,370499,Phương Thảo,Mới tham gia Airbnb,5,"Phòng siêu đẹp y chang trên ảnh, bày trí rất có gu. Phòng mới và sạch sẽ, đầy đủ tiện nghi."
1671569400369493213,10446,2026-08-30,950378,Hoang Phuc,4 năm hoạt động trên Airbnb,5,"Ấm cúng, trang thiết bị hiện đại, giường nệm êm ái ngủ rất ngon."
1671569400369493213,10447,2026-07-02,730909,Quốc Anh,2 năm hoạt động trên Airbnb,5,"Trải nghiệm tuyệt vời! Tự nhận phòng với mã khóa cực kỳ tiện lợi, an ninh tốt."
1671569400369493213,10448,2026-09-22,398176,Lan Hương,5 năm hoạt động trên Airbnb,5,"View đẹp mê ly, căn hộ sáng sủa nhiều ánh sáng tự nhiên. 10/10 điểm cho chất lượng phục vụ!"
1671569400369493213,10449,2026-06-28,904353,Thảo,3 năm hoạt động trên Airbnb,5,"Rất sạch đẹp, vị trí trung tâm đi đâu cũng tiện, hồ bơi và ban công ngắm hoàng hôn rất chill."
1671569400369493213,10450,2026-09-03,647372,Béo,1 năm hoạt động trên Airbnb,5,"Chủ nhà thân thiện và hiếu khách, chắc chắn sẽ quay lại khi có dịp ghé thăm thành phố."
1671569400369493213,10451,2026-07-25,306715,Như Hoa,4 năm hoạt động trên Airbnb,5,"Phòng đẹp, xinh. Rất mới. Bày trí rất có gu, chủ nhà nhiệt tình hỗ trợ check-in sớm."
1671569400369493213,10452,2026-08-20,595338,Chimmiii,Mới tham gia Airbnb,5,"Phòng xinhh, sạch sẽ và thoáng đãng lắm ạ."
34721476,10453,2026-07-10,637040,Hoang Phuc,4 năm hoạt động trên Airbnb,5,"Ấm cúng, trang thiết bị hiện đại, giường nệm êm ái ngủ rất ngon."
34721476,10454,2026-07-31,736588,Như Hoa,4 năm hoạt động trên Airbnb,5,"Phòng đẹp, xinh. Rất mới. Bày trí rất có gu, chủ nhà nhiệt tình hỗ trợ check-in sớm."
34721476,10455,2026-07-19,335245,Lan Hương,5 năm hoạt động trên Airbnb,5,"View đẹp mê ly, căn hộ sáng sủa nhiều ánh sáng tự nhiên. 10/10 điểm cho chất lượng phục vụ!"
34721476,10456,2026-09-19,908223,Quốc Anh,2 năm hoạt động trên Airbnb,5,"Trải nghiệm tuyệt vời! Tự nhận phòng với mã khóa cực kỳ tiện lợi, an ninh tốt."
34721476,10457,2026-07-04,926842,Phương Thảo,Mới tham gia Airbnb,5,"Phòng siêu đẹp y chang trên ảnh, bày trí rất có gu. Phòng mới và sạch sẽ, đầy đủ tiện nghi."
34721476,10458,2026-09-10,759000,Béo,1 năm hoạt động trên Airbnb,5,"Chủ nhà thân thiện và hiếu khách, chắc chắn sẽ quay lại khi có dịp ghé thăm thành phố."
34721476,10459,2026-07-02,498819,Chimmiii,Mới tham gia Airbnb,5,"Phòng xinhh, sạch sẽ và thoáng đãng lắm ạ."
1132955511714842074,10460,2026-09-13,284850,Chimmiii,Mới tham gia Airbnb,5,"Phòng xinhh, sạch sẽ và thoáng đãng lắm ạ."
1132955511714842074,10461,2026-09-22,239518,Hoang Phuc,4 năm hoạt động trên Airbnb,5,"Ấm cúng, trang thiết bị hiện đại, giường nệm êm ái ngủ rất ngon."
1132955511714842074,10462,2026-07-06,714668,Béo,1 năm hoạt động trên Airbnb,5,"Chủ nhà thân thiện và hiếu khách, chắc chắn sẽ quay lại khi có dịp ghé thăm thành phố."
1132955511714842074,10463,2026-07-10,725625,Như Hoa,4 năm hoạt động trên Airbnb,5,"Phòng đẹp, xinh. Rất mới. Bày trí rất có gu, chủ nhà nhiệt tình hỗ trợ check-in sớm."
1132955511714842074,10464,2026-08-12,932812,Lan Hương,5 năm hoạt động trên Airbnb,5,"View đẹp mê ly, căn hộ sáng sủa nhiều ánh sáng tự nhiên. 10/10 điểm cho chất lượng phục vụ!"
1395257414050017620,10465,2026-08-08,227932,Như Hoa,4 năm hoạt động trên Airbnb,5,"Phòng đẹp, xinh. Rất mới. Bày trí rất có gu, chủ nhà nhiệt tình hỗ trợ check-in sớm."
1395257414050017620,10466,2026-07-15,974826,Hoang Phuc,4 năm hoạt động trên Airbnb,5,"Ấm cúng, trang thiết bị hiện đại, giường nệm êm ái ngủ rất ngon."
1395257414050017620,10467,2026-09-02,855853,Béo,1 năm hoạt động trên Airbnb,5,"Chủ nhà thân thiện và hiếu khách, chắc chắn sẽ quay lại khi có dịp ghé thăm thành phố."
1395257414050017620,10468,2026-08-02,627836,Chimmiii,Mới tham gia Airbnb,5,"Phòng xinhh, sạch sẽ và thoáng đãng lắm ạ."
1395257414050017620,10469,2026-07-21,645123,Phương Thảo,Mới tham gia Airbnb,5,"Phòng siêu đẹp y chang trên ảnh, bày trí rất có gu. Phòng mới và sạch sẽ, đầy đủ tiện nghi."
1172450545037353759,10470,2026-07-23,238860,Hoang Phuc,4 năm hoạt động trên Airbnb,5,"Ấm cúng, trang thiết bị hiện đại, giường nệm êm ái ngủ rất ngon."
1172450545037353759,10471,2026-07-30,554026,Lan Hương,5 năm hoạt động trên Airbnb,5,"View đẹp mê ly, căn hộ sáng sủa nhiều ánh sáng tự nhiên. 10/10 điểm cho chất lượng phục vụ!"
1172450545037353759,10472,2026-09-10,273908,Béo,1 năm hoạt động trên Airbnb,5,"Chủ nhà thân thiện và hiếu khách, chắc chắn sẽ quay lại khi có dịp ghé thăm thành phố."
1172450545037353759,10473,2026-09-23,535823,Chimmiii,Mới tham gia Airbnb,5,"Phòng xinhh, sạch sẽ và thoáng đãng lắm ạ."
1172450545037353759,10474,2026-07-07,510621,Thảo,3 năm hoạt động trên Airbnb,5,"Rất sạch đẹp, vị trí trung tâm đi đâu cũng tiện, hồ bơi và ban công ngắm hoàng hôn rất chill."
1506438572903265942,10475,2026-07-12,806011,Béo,1 năm hoạt động trên Airbnb,5,"Chủ nhà thân thiện và hiếu khách, chắc chắn sẽ quay lại khi có dịp ghé thăm thành phố."
1506438572903265942,10476,2026-07-06,542713,Hoang Phuc,4 năm hoạt động trên Airbnb,5,"Ấm cúng, trang thiết bị hiện đại, giường nệm êm ái ngủ rất ngon."
1506438572903265942,10477,2026-08-05,704312,Lan Hương,5 năm hoạt động trên Airbnb,5,"View đẹp mê ly, căn hộ sáng sủa nhiều ánh sáng tự nhiên. 10/10 điểm cho chất lượng phục vụ!"
1506438572903265942,10478,2026-08-05,475513,Thảo,3 năm hoạt động trên Airbnb,5,"Rất sạch đẹp, vị trí trung tâm đi đâu cũng tiện, hồ bơi và ban công ngắm hoàng hôn rất chill."
1506438572903265942,10479,2026-07-14,313765,Chimmiii,Mới tham gia Airbnb,5,"Phòng xinhh, sạch sẽ và thoáng đãng lắm ạ."
53205249,10480,2026-09-23,903732,Lan Hương,5 năm hoạt động trên Airbnb,5,"View đẹp mê ly, căn hộ sáng sủa nhiều ánh sáng tự nhiên. 10/10 điểm cho chất lượng phục vụ!"
53205249,10481,2026-08-15,246901,Hoang Phuc,4 năm hoạt động trên Airbnb,5,"Ấm cúng, trang thiết bị hiện đại, giường nệm êm ái ngủ rất ngon."
53205249,10482,2026-08-18,726646,Béo,1 năm hoạt động trên Airbnb,5,"Chủ nhà thân thiện và hiếu khách, chắc chắn sẽ quay lại khi có dịp ghé thăm thành phố."
53205249,10483,2026-08-05,991231,Quốc Anh,2 năm hoạt động trên Airbnb,5,"Trải nghiệm tuyệt vời! Tự nhận phòng với mã khóa cực kỳ tiện lợi, an ninh tốt."
13743081,10484,2026-08-26,254477,Chimmiii,Mới tham gia Airbnb,5,"Phòng xinhh, sạch sẽ và thoáng đãng lắm ạ."
13743081,10485,2026-07-18,543661,Như Hoa,4 năm hoạt động trên Airbnb,5,"Phòng đẹp, xinh. Rất mới. Bày trí rất có gu, chủ nhà nhiệt tình hỗ trợ check-in sớm."
13743081,10486,2026-08-29,231386,Phương Thảo,Mới tham gia Airbnb,5,"Phòng siêu đẹp y chang trên ảnh, bày trí rất có gu. Phòng mới và sạch sẽ, đầy đủ tiện nghi."
13743081,10487,2026-07-30,805869,Béo,1 năm hoạt động trên Airbnb,5,"Chủ nhà thân thiện và hiếu khách, chắc chắn sẽ quay lại khi có dịp ghé thăm thành phố."
13743081,10488,2026-07-08,887486,Hoang Phuc,4 năm hoạt động trên Airbnb,5,"Ấm cúng, trang thiết bị hiện đại, giường nệm êm ái ngủ rất ngon."
13743081,10489,2026-07-11,226050,Lan Hương,5 năm hoạt động trên Airbnb,5,"View đẹp mê ly, căn hộ sáng sủa nhiều ánh sáng tự nhiên. 10/10 điểm cho chất lượng phục vụ!"
13743081,10490,2026-07-18,869023,Thảo,3 năm hoạt động trên Airbnb,5,"Rất sạch đẹp, vị trí trung tâm đi đâu cũng tiện, hồ bơi và ban công ngắm hoàng hôn rất chill."
1777402423947955263,10491,2026-08-09,323542,Hoang Phuc,4 năm hoạt động trên Airbnb,5,"Ấm cúng, trang thiết bị hiện đại, giường nệm êm ái ngủ rất ngon."
1777402423947955263,10492,2026-07-01,479328,Béo,1 năm hoạt động trên Airbnb,5,"Chủ nhà thân thiện và hiếu khách, chắc chắn sẽ quay lại khi có dịp ghé thăm thành phố."
1777402423947955263,10493,2026-07-02,204487,Lan Hương,5 năm hoạt động trên Airbnb,5,"View đẹp mê ly, căn hộ sáng sủa nhiều ánh sáng tự nhiên. 10/10 điểm cho chất lượng phục vụ!"
1777402423947955263,10494,2026-08-29,308520,Phương Thảo,Mới tham gia Airbnb,5,"Phòng siêu đẹp y chang trên ảnh, bày trí rất có gu. Phòng mới và sạch sẽ, đầy đủ tiện nghi."
1699905408564401005,10495,2026-07-19,949398,Lan Hương,5 năm hoạt động trên Airbnb,5,"View đẹp mê ly, căn hộ sáng sủa nhiều ánh sáng tự nhiên. 10/10 điểm cho chất lượng phục vụ!"
1699905408564401005,10496,2026-07-07,736715,Béo,1 năm hoạt động trên Airbnb,5,"Chủ nhà thân thiện và hiếu khách, chắc chắn sẽ quay lại khi có dịp ghé thăm thành phố."
1699905408564401005,10497,2026-07-19,330374,Phương Thảo,Mới tham gia Airbnb,5,"Phòng siêu đẹp y chang trên ảnh, bày trí rất có gu. Phòng mới và sạch sẽ, đầy đủ tiện nghi."
1699905408564401005,10498,2026-07-21,621485,Như Hoa,4 năm hoạt động trên Airbnb,5,"Phòng đẹp, xinh. Rất mới. Bày trí rất có gu, chủ nhà nhiệt tình hỗ trợ check-in sớm."
1699905408564401005,10499,2026-09-02,761517,Hoang Phuc,4 năm hoạt động trên Airbnb,5,"Ấm cúng, trang thiết bị hiện đại, giường nệm êm ái ngủ rất ngon."
1699905408564401005,10500,2026-09-08,779554,Chimmiii,Mới tham gia Airbnb,5,"Phòng xinhh, sạch sẽ và thoáng đãng lắm ạ."
1699905408564401005,10501,2026-07-17,957331,Thảo,3 năm hoạt động trên Airbnb,5,"Rất sạch đẹp, vị trí trung tâm đi đâu cũng tiện, hồ bơi và ban công ngắm hoàng hôn rất chill."
1754033313507555765,10502,2026-08-21,610770,Lan Hương,5 năm hoạt động trên Airbnb,5,"View đẹp mê ly, căn hộ sáng sủa nhiều ánh sáng tự nhiên. 10/10 điểm cho chất lượng phục vụ!"
1754033313507555765,10503,2026-08-17,708860,Quốc Anh,2 năm hoạt động trên Airbnb,5,"Trải nghiệm tuyệt vời! Tự nhận phòng với mã khóa cực kỳ tiện lợi, an ninh tốt."
1754033313507555765,10504,2026-09-04,600058,Chimmiii,Mới tham gia Airbnb,5,"Phòng xinhh, sạch sẽ và thoáng đãng lắm ạ."
1754033313507555765,10505,2026-08-04,786321,Hoang Phuc,4 năm hoạt động trên Airbnb,5,"Ấm cúng, trang thiết bị hiện đại, giường nệm êm ái ngủ rất ngon."
1779560992503537736,10506,2026-07-29,665875,Béo,1 năm hoạt động trên Airbnb,5,"Chủ nhà thân thiện và hiếu khách, chắc chắn sẽ quay lại khi có dịp ghé thăm thành phố."
1779560992503537736,10507,2026-08-31,250490,Quốc Anh,2 năm hoạt động trên Airbnb,5,"Trải nghiệm tuyệt vời! Tự nhận phòng với mã khóa cực kỳ tiện lợi, an ninh tốt."
1779560992503537736,10508,2026-07-25,925101,Hoang Phuc,4 năm hoạt động trên Airbnb,5,"Ấm cúng, trang thiết bị hiện đại, giường nệm êm ái ngủ rất ngon."
1779560992503537736,10509,2026-08-23,652769,Chimmiii,Mới tham gia Airbnb,5,"Phòng xinhh, sạch sẽ và thoáng đãng lắm ạ."
1655473789084612334,10510,2026-08-31,222339,Hoang Phuc,4 năm hoạt động trên Airbnb,5,"Ấm cúng, trang thiết bị hiện đại, giường nệm êm ái ngủ rất ngon."
1655473789084612334,10511,2026-09-09,420031,Thảo,3 năm hoạt động trên Airbnb,5,"Rất sạch đẹp, vị trí trung tâm đi đâu cũng tiện, hồ bơi và ban công ngắm hoàng hôn rất chill."
1655473789084612334,10512,2026-09-08,816677,Như Hoa,4 năm hoạt động trên Airbnb,5,"Phòng đẹp, xinh. Rất mới. Bày trí rất có gu, chủ nhà nhiệt tình hỗ trợ check-in sớm."
1655473789084612334,10513,2026-08-10,498503,Quốc Anh,2 năm hoạt động trên Airbnb,5,"Trải nghiệm tuyệt vời! Tự nhận phòng với mã khóa cực kỳ tiện lợi, an ninh tốt."
1655473789084612334,10514,2026-07-07,318801,Chimmiii,Mới tham gia Airbnb,5,"Phòng xinhh, sạch sẽ và thoáng đãng lắm ạ."
1655473789084612334,10515,2026-08-10,490827,Lan Hương,5 năm hoạt động trên Airbnb,5,"View đẹp mê ly, căn hộ sáng sủa nhiều ánh sáng tự nhiên. 10/10 điểm cho chất lượng phục vụ!"
1655473789084612334,10516,2026-07-21,959523,Béo,1 năm hoạt động trên Airbnb,5,"Chủ nhà thân thiện và hiếu khách, chắc chắn sẽ quay lại khi có dịp ghé thăm thành phố."
1655473789084612334,10517,2026-07-19,765078,Phương Thảo,Mới tham gia Airbnb,5,"Phòng siêu đẹp y chang trên ảnh, bày trí rất có gu. Phòng mới và sạch sẽ, đầy đủ tiện nghi."
1753984946549795411,10518,2026-08-13,429837,Như Hoa,4 năm hoạt động trên Airbnb,5,"Phòng đẹp, xinh. Rất mới. Bày trí rất có gu, chủ nhà nhiệt tình hỗ trợ check-in sớm."
1753984946549795411,10519,2026-07-07,415046,Hoang Phuc,4 năm hoạt động trên Airbnb,5,"Ấm cúng, trang thiết bị hiện đại, giường nệm êm ái ngủ rất ngon."
1753984946549795411,10520,2026-08-15,413414,Béo,1 năm hoạt động trên Airbnb,5,"Chủ nhà thân thiện và hiếu khách, chắc chắn sẽ quay lại khi có dịp ghé thăm thành phố."
1753984946549795411,10521,2026-06-28,978400,Phương Thảo,Mới tham gia Airbnb,5,"Phòng siêu đẹp y chang trên ảnh, bày trí rất có gu. Phòng mới và sạch sẽ, đầy đủ tiện nghi."
1753984946549795411,10522,2026-08-27,824098,Chimmiii,Mới tham gia Airbnb,5,"Phòng xinhh, sạch sẽ và thoáng đãng lắm ạ."
1753984946549795411,10523,2026-08-05,389463,Quốc Anh,2 năm hoạt động trên Airbnb,5,"Trải nghiệm tuyệt vời! Tự nhận phòng với mã khóa cực kỳ tiện lợi, an ninh tốt."
1768914932205141527,10524,2026-08-21,320745,Lan Hương,5 năm hoạt động trên Airbnb,5,"View đẹp mê ly, căn hộ sáng sủa nhiều ánh sáng tự nhiên. 10/10 điểm cho chất lượng phục vụ!"
1768914932205141527,10525,2026-07-16,859308,Béo,1 năm hoạt động trên Airbnb,5,"Chủ nhà thân thiện và hiếu khách, chắc chắn sẽ quay lại khi có dịp ghé thăm thành phố."
1768914932205141527,10526,2026-08-16,481365,Chimmiii,Mới tham gia Airbnb,5,"Phòng xinhh, sạch sẽ và thoáng đãng lắm ạ."
1768914932205141527,10527,2026-09-13,691937,Thảo,3 năm hoạt động trên Airbnb,5,"Rất sạch đẹp, vị trí trung tâm đi đâu cũng tiện, hồ bơi và ban công ngắm hoàng hôn rất chill."
1751362221611695847,10528,2026-08-21,934957,Như Hoa,4 năm hoạt động trên Airbnb,5,"Phòng đẹp, xinh. Rất mới. Bày trí rất có gu, chủ nhà nhiệt tình hỗ trợ check-in sớm."
1751362221611695847,10529,2026-08-22,755912,Béo,1 năm hoạt động trên Airbnb,5,"Chủ nhà thân thiện và hiếu khách, chắc chắn sẽ quay lại khi có dịp ghé thăm thành phố."
1751362221611695847,10530,2026-08-16,644292,Phương Thảo,Mới tham gia Airbnb,5,"Phòng siêu đẹp y chang trên ảnh, bày trí rất có gu. Phòng mới và sạch sẽ, đầy đủ tiện nghi."
1751362221611695847,10531,2026-08-19,340642,Lan Hương,5 năm hoạt động trên Airbnb,5,"View đẹp mê ly, căn hộ sáng sủa nhiều ánh sáng tự nhiên. 10/10 điểm cho chất lượng phục vụ!"
1751362221611695847,10532,2026-08-29,972995,Hoang Phuc,4 năm hoạt động trên Airbnb,5,"Ấm cúng, trang thiết bị hiện đại, giường nệm êm ái ngủ rất ngon."
1751362221611695847,10533,2026-07-27,858613,Chimmiii,Mới tham gia Airbnb,5,"Phòng xinhh, sạch sẽ và thoáng đãng lắm ạ."
1751362221611695847,10534,2026-09-09,843002,Thảo,3 năm hoạt động trên Airbnb,5,"Rất sạch đẹp, vị trí trung tâm đi đâu cũng tiện, hồ bơi và ban công ngắm hoàng hôn rất chill."
1751362221611695847,10535,2026-08-24,859638,Quốc Anh,2 năm hoạt động trên Airbnb,5,"Trải nghiệm tuyệt vời! Tự nhận phòng với mã khóa cực kỳ tiện lợi, an ninh tốt."
1507605707175090693,10536,2026-08-01,922507,Béo,1 năm hoạt động trên Airbnb,5,"Chủ nhà thân thiện và hiếu khách, chắc chắn sẽ quay lại khi có dịp ghé thăm thành phố."
1507605707175090693,10537,2026-09-17,923997,Thảo,3 năm hoạt động trên Airbnb,5,"Rất sạch đẹp, vị trí trung tâm đi đâu cũng tiện, hồ bơi và ban công ngắm hoàng hôn rất chill."
1507605707175090693,10538,2026-07-24,675446,Như Hoa,4 năm hoạt động trên Airbnb,5,"Phòng đẹp, xinh. Rất mới. Bày trí rất có gu, chủ nhà nhiệt tình hỗ trợ check-in sớm."
1507605707175090693,10539,2026-08-22,594743,Quốc Anh,2 năm hoạt động trên Airbnb,5,"Trải nghiệm tuyệt vời! Tự nhận phòng với mã khóa cực kỳ tiện lợi, an ninh tốt."
1507605707175090693,10540,2026-08-25,720682,Lan Hương,5 năm hoạt động trên Airbnb,5,"View đẹp mê ly, căn hộ sáng sủa nhiều ánh sáng tự nhiên. 10/10 điểm cho chất lượng phục vụ!"
29663009,10541,2026-08-01,316911,Quốc Anh,2 năm hoạt động trên Airbnb,5,"Trải nghiệm tuyệt vời! Tự nhận phòng với mã khóa cực kỳ tiện lợi, an ninh tốt."
29663009,10542,2026-07-15,398854,Lan Hương,5 năm hoạt động trên Airbnb,5,"View đẹp mê ly, căn hộ sáng sủa nhiều ánh sáng tự nhiên. 10/10 điểm cho chất lượng phục vụ!"
29663009,10543,2026-08-18,740036,Như Hoa,4 năm hoạt động trên Airbnb,5,"Phòng đẹp, xinh. Rất mới. Bày trí rất có gu, chủ nhà nhiệt tình hỗ trợ check-in sớm."
29663009,10544,2026-09-07,719851,Hoang Phuc,4 năm hoạt động trên Airbnb,5,"Ấm cúng, trang thiết bị hiện đại, giường nệm êm ái ngủ rất ngon."
29663009,10545,2026-07-19,934802,Thảo,3 năm hoạt động trên Airbnb,5,"Rất sạch đẹp, vị trí trung tâm đi đâu cũng tiện, hồ bơi và ban công ngắm hoàng hôn rất chill."
1758518848433330139,10546,2026-09-11,395669,Hoang Phuc,4 năm hoạt động trên Airbnb,5,"Ấm cúng, trang thiết bị hiện đại, giường nệm êm ái ngủ rất ngon."
1758518848433330139,10547,2026-09-15,593786,Như Hoa,4 năm hoạt động trên Airbnb,5,"Phòng đẹp, xinh. Rất mới. Bày trí rất có gu, chủ nhà nhiệt tình hỗ trợ check-in sớm."
1758518848433330139,10548,2026-08-02,669084,Béo,1 năm hoạt động trên Airbnb,5,"Chủ nhà thân thiện và hiếu khách, chắc chắn sẽ quay lại khi có dịp ghé thăm thành phố."
1758518848433330139,10549,2026-07-04,478168,Phương Thảo,Mới tham gia Airbnb,5,"Phòng siêu đẹp y chang trên ảnh, bày trí rất có gu. Phòng mới và sạch sẽ, đầy đủ tiện nghi."
1758518848433330139,10550,2026-08-14,991394,Lan Hương,5 năm hoạt động trên Airbnb,5,"View đẹp mê ly, căn hộ sáng sủa nhiều ánh sáng tự nhiên. 10/10 điểm cho chất lượng phục vụ!"
1310135357660924697,10551,2026-08-12,544872,Béo,1 năm hoạt động trên Airbnb,5,"Chủ nhà thân thiện và hiếu khách, chắc chắn sẽ quay lại khi có dịp ghé thăm thành phố."
1310135357660924697,10552,2026-08-30,980477,Lan Hương,5 năm hoạt động trên Airbnb,5,"View đẹp mê ly, căn hộ sáng sủa nhiều ánh sáng tự nhiên. 10/10 điểm cho chất lượng phục vụ!"
1310135357660924697,10553,2026-09-21,224769,Quốc Anh,2 năm hoạt động trên Airbnb,5,"Trải nghiệm tuyệt vời! Tự nhận phòng với mã khóa cực kỳ tiện lợi, an ninh tốt."
1310135357660924697,10554,2026-07-27,956716,Thảo,3 năm hoạt động trên Airbnb,5,"Rất sạch đẹp, vị trí trung tâm đi đâu cũng tiện, hồ bơi và ban công ngắm hoàng hôn rất chill."
1310135357660924697,10555,2026-07-15,543949,Phương Thảo,Mới tham gia Airbnb,5,"Phòng siêu đẹp y chang trên ảnh, bày trí rất có gu. Phòng mới và sạch sẽ, đầy đủ tiện nghi."
1723343654832099034,10556,2026-08-16,454500,Phương Thảo,Mới tham gia Airbnb,5,"Phòng siêu đẹp y chang trên ảnh, bày trí rất có gu. Phòng mới và sạch sẽ, đầy đủ tiện nghi."
1723343654832099034,10557,2026-08-02,749066,Béo,1 năm hoạt động trên Airbnb,5,"Chủ nhà thân thiện và hiếu khách, chắc chắn sẽ quay lại khi có dịp ghé thăm thành phố."
1723343654832099034,10558,2026-08-03,605649,Chimmiii,Mới tham gia Airbnb,5,"Phòng xinhh, sạch sẽ và thoáng đãng lắm ạ."
1723343654832099034,10559,2026-07-24,350033,Lan Hương,5 năm hoạt động trên Airbnb,5,"View đẹp mê ly, căn hộ sáng sủa nhiều ánh sáng tự nhiên. 10/10 điểm cho chất lượng phục vụ!"
1723343654832099034,10560,2026-07-23,379279,Quốc Anh,2 năm hoạt động trên Airbnb,5,"Trải nghiệm tuyệt vời! Tự nhận phòng với mã khóa cực kỳ tiện lợi, an ninh tốt."
1723343654832099034,10561,2026-07-16,907489,Hoang Phuc,4 năm hoạt động trên Airbnb,5,"Ấm cúng, trang thiết bị hiện đại, giường nệm êm ái ngủ rất ngon."
996176390278655843,10562,2026-08-30,608234,Hoang Phuc,4 năm hoạt động trên Airbnb,5,"Ấm cúng, trang thiết bị hiện đại, giường nệm êm ái ngủ rất ngon."
996176390278655843,10563,2026-07-06,729894,Thảo,3 năm hoạt động trên Airbnb,5,"Rất sạch đẹp, vị trí trung tâm đi đâu cũng tiện, hồ bơi và ban công ngắm hoàng hôn rất chill."
996176390278655843,10564,2026-09-16,250149,Quốc Anh,2 năm hoạt động trên Airbnb,5,"Trải nghiệm tuyệt vời! Tự nhận phòng với mã khóa cực kỳ tiện lợi, an ninh tốt."
996176390278655843,10565,2026-07-23,501276,Như Hoa,4 năm hoạt động trên Airbnb,5,"Phòng đẹp, xinh. Rất mới. Bày trí rất có gu, chủ nhà nhiệt tình hỗ trợ check-in sớm."
1557063547235164110,10566,2026-08-31,681191,Chimmiii,Mới tham gia Airbnb,5,"Phòng xinhh, sạch sẽ và thoáng đãng lắm ạ."
1557063547235164110,10567,2026-09-07,577195,Hoang Phuc,4 năm hoạt động trên Airbnb,5,"Ấm cúng, trang thiết bị hiện đại, giường nệm êm ái ngủ rất ngon."
1557063547235164110,10568,2026-09-13,294314,Lan Hương,5 năm hoạt động trên Airbnb,5,"View đẹp mê ly, căn hộ sáng sủa nhiều ánh sáng tự nhiên. 10/10 điểm cho chất lượng phục vụ!"
1557063547235164110,10569,2026-09-04,260271,Như Hoa,4 năm hoạt động trên Airbnb,5,"Phòng đẹp, xinh. Rất mới. Bày trí rất có gu, chủ nhà nhiệt tình hỗ trợ check-in sớm."
1557063547235164110,10570,2026-09-23,731975,Béo,1 năm hoạt động trên Airbnb,5,"Chủ nhà thân thiện và hiếu khách, chắc chắn sẽ quay lại khi có dịp ghé thăm thành phố."
1573866700704787254,10571,2026-07-07,358019,Béo,1 năm hoạt động trên Airbnb,5,"Chủ nhà thân thiện và hiếu khách, chắc chắn sẽ quay lại khi có dịp ghé thăm thành phố."
1573866700704787254,10572,2026-09-01,549298,Như Hoa,4 năm hoạt động trên Airbnb,5,"Phòng đẹp, xinh. Rất mới. Bày trí rất có gu, chủ nhà nhiệt tình hỗ trợ check-in sớm."
1573866700704787254,10573,2026-09-16,912246,Phương Thảo,Mới tham gia Airbnb,5,"Phòng siêu đẹp y chang trên ảnh, bày trí rất có gu. Phòng mới và sạch sẽ, đầy đủ tiện nghi."
1573866700704787254,10574,2026-07-25,346054,Chimmiii,Mới tham gia Airbnb,5,"Phòng xinhh, sạch sẽ và thoáng đãng lắm ạ."
1573866700704787254,10575,2026-08-13,327748,Quốc Anh,2 năm hoạt động trên Airbnb,5,"Trải nghiệm tuyệt vời! Tự nhận phòng với mã khóa cực kỳ tiện lợi, an ninh tốt."
1573866700704787254,10576,2026-08-15,457114,Thảo,3 năm hoạt động trên Airbnb,5,"Rất sạch đẹp, vị trí trung tâm đi đâu cũng tiện, hồ bơi và ban công ngắm hoàng hôn rất chill."
13269242,10577,2026-09-03,761817,Phương Thảo,Mới tham gia Airbnb,5,"Phòng siêu đẹp y chang trên ảnh, bày trí rất có gu. Phòng mới và sạch sẽ, đầy đủ tiện nghi."
13269242,10578,2026-08-30,699554,Thảo,3 năm hoạt động trên Airbnb,5,"Rất sạch đẹp, vị trí trung tâm đi đâu cũng tiện, hồ bơi và ban công ngắm hoàng hôn rất chill."
13269242,10579,2026-08-22,674419,Hoang Phuc,4 năm hoạt động trên Airbnb,5,"Ấm cúng, trang thiết bị hiện đại, giường nệm êm ái ngủ rất ngon."
13269242,10580,2026-07-21,576774,Béo,1 năm hoạt động trên Airbnb,5,"Chủ nhà thân thiện và hiếu khách, chắc chắn sẽ quay lại khi có dịp ghé thăm thành phố."
13269242,10581,2026-08-22,826240,Quốc Anh,2 năm hoạt động trên Airbnb,5,"Trải nghiệm tuyệt vời! Tự nhận phòng với mã khóa cực kỳ tiện lợi, an ninh tốt."
1713043544752339265,10582,2026-07-14,979784,Phương Thảo,Mới tham gia Airbnb,5,"Phòng siêu đẹp y chang trên ảnh, bày trí rất có gu. Phòng mới và sạch sẽ, đầy đủ tiện nghi."
1713043544752339265,10583,2026-09-17,999812,Như Hoa,4 năm hoạt động trên Airbnb,5,"Phòng đẹp, xinh. Rất mới. Bày trí rất có gu, chủ nhà nhiệt tình hỗ trợ check-in sớm."
1713043544752339265,10584,2026-07-27,867974,Lan Hương,5 năm hoạt động trên Airbnb,5,"View đẹp mê ly, căn hộ sáng sủa nhiều ánh sáng tự nhiên. 10/10 điểm cho chất lượng phục vụ!"
1713043544752339265,10585,2026-08-08,367635,Thảo,3 năm hoạt động trên Airbnb,5,"Rất sạch đẹp, vị trí trung tâm đi đâu cũng tiện, hồ bơi và ban công ngắm hoàng hôn rất chill."
1713043544752339265,10586,2026-09-12,213004,Hoang Phuc,4 năm hoạt động trên Airbnb,5,"Ấm cúng, trang thiết bị hiện đại, giường nệm êm ái ngủ rất ngon."
1713043544752339265,10587,2026-09-13,492727,Béo,1 năm hoạt động trên Airbnb,5,"Chủ nhà thân thiện và hiếu khách, chắc chắn sẽ quay lại khi có dịp ghé thăm thành phố."
1713043544752339265,10588,2026-08-02,898979,Quốc Anh,2 năm hoạt động trên Airbnb,5,"Trải nghiệm tuyệt vời! Tự nhận phòng với mã khóa cực kỳ tiện lợi, an ninh tốt."
33800481,10589,2026-07-06,546157,Quốc Anh,2 năm hoạt động trên Airbnb,5,"Trải nghiệm tuyệt vời! Tự nhận phòng với mã khóa cực kỳ tiện lợi, an ninh tốt."
33800481,10590,2026-08-23,752940,Lan Hương,5 năm hoạt động trên Airbnb,5,"View đẹp mê ly, căn hộ sáng sủa nhiều ánh sáng tự nhiên. 10/10 điểm cho chất lượng phục vụ!"
33800481,10591,2026-08-29,569376,Phương Thảo,Mới tham gia Airbnb,5,"Phòng siêu đẹp y chang trên ảnh, bày trí rất có gu. Phòng mới và sạch sẽ, đầy đủ tiện nghi."
33800481,10592,2026-07-05,434058,Như Hoa,4 năm hoạt động trên Airbnb,5,"Phòng đẹp, xinh. Rất mới. Bày trí rất có gu, chủ nhà nhiệt tình hỗ trợ check-in sớm."
1208260631940006982,10593,2026-07-25,686018,Phương Thảo,Mới tham gia Airbnb,5,"Phòng siêu đẹp y chang trên ảnh, bày trí rất có gu. Phòng mới và sạch sẽ, đầy đủ tiện nghi."
1208260631940006982,10594,2026-08-08,653244,Quốc Anh,2 năm hoạt động trên Airbnb,5,"Trải nghiệm tuyệt vời! Tự nhận phòng với mã khóa cực kỳ tiện lợi, an ninh tốt."
1208260631940006982,10595,2026-07-19,958582,Hoang Phuc,4 năm hoạt động trên Airbnb,5,"Ấm cúng, trang thiết bị hiện đại, giường nệm êm ái ngủ rất ngon."
1208260631940006982,10596,2026-09-23,633094,Thảo,3 năm hoạt động trên Airbnb,5,"Rất sạch đẹp, vị trí trung tâm đi đâu cũng tiện, hồ bơi và ban công ngắm hoàng hôn rất chill."
1208260631940006982,10597,2026-09-15,658979,Như Hoa,4 năm hoạt động trên Airbnb,5,"Phòng đẹp, xinh. Rất mới. Bày trí rất có gu, chủ nhà nhiệt tình hỗ trợ check-in sớm."
1208260631940006982,10598,2026-09-20,730952,Chimmiii,Mới tham gia Airbnb,5,"Phòng xinhh, sạch sẽ và thoáng đãng lắm ạ."
1490329191360521802,10599,2026-07-28,614162,Thảo,3 năm hoạt động trên Airbnb,5,"Rất sạch đẹp, vị trí trung tâm đi đâu cũng tiện, hồ bơi và ban công ngắm hoàng hôn rất chill."
1490329191360521802,10600,2026-07-26,777384,Hoang Phuc,4 năm hoạt động trên Airbnb,5,"Ấm cúng, trang thiết bị hiện đại, giường nệm êm ái ngủ rất ngon."
1490329191360521802,10601,2026-08-16,422345,Quốc Anh,2 năm hoạt động trên Airbnb,5,"Trải nghiệm tuyệt vời! Tự nhận phòng với mã khóa cực kỳ tiện lợi, an ninh tốt."
1490329191360521802,10602,2026-07-02,714689,Béo,1 năm hoạt động trên Airbnb,5,"Chủ nhà thân thiện và hiếu khách, chắc chắn sẽ quay lại khi có dịp ghé thăm thành phố."
1502761478819644065,10603,2026-08-05,313566,Thảo,3 năm hoạt động trên Airbnb,5,"Rất sạch đẹp, vị trí trung tâm đi đâu cũng tiện, hồ bơi và ban công ngắm hoàng hôn rất chill."
1502761478819644065,10604,2026-08-07,443280,Lan Hương,5 năm hoạt động trên Airbnb,5,"View đẹp mê ly, căn hộ sáng sủa nhiều ánh sáng tự nhiên. 10/10 điểm cho chất lượng phục vụ!"
1502761478819644065,10605,2026-07-19,356621,Quốc Anh,2 năm hoạt động trên Airbnb,5,"Trải nghiệm tuyệt vời! Tự nhận phòng với mã khóa cực kỳ tiện lợi, an ninh tốt."
1502761478819644065,10606,2026-07-15,273513,Béo,1 năm hoạt động trên Airbnb,5,"Chủ nhà thân thiện và hiếu khách, chắc chắn sẽ quay lại khi có dịp ghé thăm thành phố."
1502761478819644065,10607,2026-09-01,664723,Chimmiii,Mới tham gia Airbnb,5,"Phòng xinhh, sạch sẽ và thoáng đãng lắm ạ."
1762754095139041659,10608,2026-09-01,998945,Thảo,3 năm hoạt động trên Airbnb,5,"Rất sạch đẹp, vị trí trung tâm đi đâu cũng tiện, hồ bơi và ban công ngắm hoàng hôn rất chill."
1762754095139041659,10609,2026-06-30,499354,Chimmiii,Mới tham gia Airbnb,5,"Phòng xinhh, sạch sẽ và thoáng đãng lắm ạ."
1762754095139041659,10610,2026-06-29,711495,Hoang Phuc,4 năm hoạt động trên Airbnb,5,"Ấm cúng, trang thiết bị hiện đại, giường nệm êm ái ngủ rất ngon."
1762754095139041659,10611,2026-07-28,786224,Như Hoa,4 năm hoạt động trên Airbnb,5,"Phòng đẹp, xinh. Rất mới. Bày trí rất có gu, chủ nhà nhiệt tình hỗ trợ check-in sớm."
1762754095139041659,10612,2026-09-15,497095,Phương Thảo,Mới tham gia Airbnb,5,"Phòng siêu đẹp y chang trên ảnh, bày trí rất có gu. Phòng mới và sạch sẽ, đầy đủ tiện nghi."
1762754095139041659,10613,2026-08-31,891337,Lan Hương,5 năm hoạt động trên Airbnb,5,"View đẹp mê ly, căn hộ sáng sủa nhiều ánh sáng tự nhiên. 10/10 điểm cho chất lượng phục vụ!"
1683897369494566769,10614,2026-07-11,930849,Lan Hương,5 năm hoạt động trên Airbnb,5,"View đẹp mê ly, căn hộ sáng sủa nhiều ánh sáng tự nhiên. 10/10 điểm cho chất lượng phục vụ!"
1683897369494566769,10615,2026-07-30,773718,Hoang Phuc,4 năm hoạt động trên Airbnb,5,"Ấm cúng, trang thiết bị hiện đại, giường nệm êm ái ngủ rất ngon."
1683897369494566769,10616,2026-07-02,565657,Chimmiii,Mới tham gia Airbnb,5,"Phòng xinhh, sạch sẽ và thoáng đãng lắm ạ."
1683897369494566769,10617,2026-07-20,745798,Thảo,3 năm hoạt động trên Airbnb,5,"Rất sạch đẹp, vị trí trung tâm đi đâu cũng tiện, hồ bơi và ban công ngắm hoàng hôn rất chill."
1683897369494566769,10618,2026-08-14,919320,Như Hoa,4 năm hoạt động trên Airbnb,5,"Phòng đẹp, xinh. Rất mới. Bày trí rất có gu, chủ nhà nhiệt tình hỗ trợ check-in sớm."
1683897369494566769,10619,2026-08-29,332214,Phương Thảo,Mới tham gia Airbnb,5,"Phòng siêu đẹp y chang trên ảnh, bày trí rất có gu. Phòng mới và sạch sẽ, đầy đủ tiện nghi."
1683897369494566769,10620,2026-09-22,420826,Quốc Anh,2 năm hoạt động trên Airbnb,5,"Trải nghiệm tuyệt vời! Tự nhận phòng với mã khóa cực kỳ tiện lợi, an ninh tốt."
1683897369494566769,10621,2026-07-10,985356,Béo,1 năm hoạt động trên Airbnb,5,"Chủ nhà thân thiện và hiếu khách, chắc chắn sẽ quay lại khi có dịp ghé thăm thành phố."
1608393042684035276,10622,2026-08-21,765595,Lan Hương,5 năm hoạt động trên Airbnb,5,"View đẹp mê ly, căn hộ sáng sủa nhiều ánh sáng tự nhiên. 10/10 điểm cho chất lượng phục vụ!"
1608393042684035276,10623,2026-07-10,844242,Như Hoa,4 năm hoạt động trên Airbnb,5,"Phòng đẹp, xinh. Rất mới. Bày trí rất có gu, chủ nhà nhiệt tình hỗ trợ check-in sớm."
1608393042684035276,10624,2026-07-03,450985,Quốc Anh,2 năm hoạt động trên Airbnb,5,"Trải nghiệm tuyệt vời! Tự nhận phòng với mã khóa cực kỳ tiện lợi, an ninh tốt."
1608393042684035276,10625,2026-07-24,353772,Thảo,3 năm hoạt động trên Airbnb,5,"Rất sạch đẹp, vị trí trung tâm đi đâu cũng tiện, hồ bơi và ban công ngắm hoàng hôn rất chill."
1608393042684035276,10626,2026-07-29,577294,Chimmiii,Mới tham gia Airbnb,5,"Phòng xinhh, sạch sẽ và thoáng đãng lắm ạ."
1608393042684035276,10627,2026-09-08,648125,Hoang Phuc,4 năm hoạt động trên Airbnb,5,"Ấm cúng, trang thiết bị hiện đại, giường nệm êm ái ngủ rất ngon."
1606308051791265832,10628,2026-08-16,346278,Chimmiii,Mới tham gia Airbnb,5,"Phòng xinhh, sạch sẽ và thoáng đãng lắm ạ."
1606308051791265832,10629,2026-07-01,295515,Phương Thảo,Mới tham gia Airbnb,5,"Phòng siêu đẹp y chang trên ảnh, bày trí rất có gu. Phòng mới và sạch sẽ, đầy đủ tiện nghi."
1606308051791265832,10630,2026-09-19,945841,Béo,1 năm hoạt động trên Airbnb,5,"Chủ nhà thân thiện và hiếu khách, chắc chắn sẽ quay lại khi có dịp ghé thăm thành phố."
1606308051791265832,10631,2026-09-03,961520,Quốc Anh,2 năm hoạt động trên Airbnb,5,"Trải nghiệm tuyệt vời! Tự nhận phòng với mã khóa cực kỳ tiện lợi, an ninh tốt."
1609221884465908453,10632,2026-07-26,796755,Lan Hương,5 năm hoạt động trên Airbnb,5,"View đẹp mê ly, căn hộ sáng sủa nhiều ánh sáng tự nhiên. 10/10 điểm cho chất lượng phục vụ!"
1609221884465908453,10633,2026-07-14,748064,Quốc Anh,2 năm hoạt động trên Airbnb,5,"Trải nghiệm tuyệt vời! Tự nhận phòng với mã khóa cực kỳ tiện lợi, an ninh tốt."
1609221884465908453,10634,2026-07-15,398801,Hoang Phuc,4 năm hoạt động trên Airbnb,5,"Ấm cúng, trang thiết bị hiện đại, giường nệm êm ái ngủ rất ngon."
1609221884465908453,10635,2026-08-02,636669,Béo,1 năm hoạt động trên Airbnb,5,"Chủ nhà thân thiện và hiếu khách, chắc chắn sẽ quay lại khi có dịp ghé thăm thành phố."
1609221884465908453,10636,2026-08-14,200031,Phương Thảo,Mới tham gia Airbnb,5,"Phòng siêu đẹp y chang trên ảnh, bày trí rất có gu. Phòng mới và sạch sẽ, đầy đủ tiện nghi."
685295492184731141,10637,2026-08-06,703374,Lan Hương,5 năm hoạt động trên Airbnb,5,"View đẹp mê ly, căn hộ sáng sủa nhiều ánh sáng tự nhiên. 10/10 điểm cho chất lượng phục vụ!"
685295492184731141,10638,2026-07-06,697190,Như Hoa,4 năm hoạt động trên Airbnb,5,"Phòng đẹp, xinh. Rất mới. Bày trí rất có gu, chủ nhà nhiệt tình hỗ trợ check-in sớm."
685295492184731141,10639,2026-08-05,287255,Phương Thảo,Mới tham gia Airbnb,5,"Phòng siêu đẹp y chang trên ảnh, bày trí rất có gu. Phòng mới và sạch sẽ, đầy đủ tiện nghi."
685295492184731141,10640,2026-08-17,661324,Quốc Anh,2 năm hoạt động trên Airbnb,5,"Trải nghiệm tuyệt vời! Tự nhận phòng với mã khóa cực kỳ tiện lợi, an ninh tốt."
685295492184731141,10641,2026-09-18,324956,Béo,1 năm hoạt động trên Airbnb,5,"Chủ nhà thân thiện và hiếu khách, chắc chắn sẽ quay lại khi có dịp ghé thăm thành phố."
685295492184731141,10642,2026-08-25,604989,Hoang Phuc,4 năm hoạt động trên Airbnb,5,"Ấm cúng, trang thiết bị hiện đại, giường nệm êm ái ngủ rất ngon."
685295492184731141,10643,2026-08-06,200575,Thảo,3 năm hoạt động trên Airbnb,5,"Rất sạch đẹp, vị trí trung tâm đi đâu cũng tiện, hồ bơi và ban công ngắm hoàng hôn rất chill."
1697842234349318039,10644,2026-07-28,603988,Béo,1 năm hoạt động trên Airbnb,5,"Chủ nhà thân thiện và hiếu khách, chắc chắn sẽ quay lại khi có dịp ghé thăm thành phố."
1697842234349318039,10645,2026-08-27,528393,Lan Hương,5 năm hoạt động trên Airbnb,5,"View đẹp mê ly, căn hộ sáng sủa nhiều ánh sáng tự nhiên. 10/10 điểm cho chất lượng phục vụ!"
1697842234349318039,10646,2026-08-27,250901,Như Hoa,4 năm hoạt động trên Airbnb,5,"Phòng đẹp, xinh. Rất mới. Bày trí rất có gu, chủ nhà nhiệt tình hỗ trợ check-in sớm."
1697842234349318039,10647,2026-09-20,745006,Thảo,3 năm hoạt động trên Airbnb,5,"Rất sạch đẹp, vị trí trung tâm đi đâu cũng tiện, hồ bơi và ban công ngắm hoàng hôn rất chill."
1697842234349318039,10648,2026-09-17,705492,Chimmiii,Mới tham gia Airbnb,5,"Phòng xinhh, sạch sẽ và thoáng đãng lắm ạ."
1697842234349318039,10649,2026-08-03,419145,Quốc Anh,2 năm hoạt động trên Airbnb,5,"Trải nghiệm tuyệt vời! Tự nhận phòng với mã khóa cực kỳ tiện lợi, an ninh tốt."
1697842234349318039,10650,2026-08-27,585320,Phương Thảo,Mới tham gia Airbnb,5,"Phòng siêu đẹp y chang trên ảnh, bày trí rất có gu. Phòng mới và sạch sẽ, đầy đủ tiện nghi."
1697842234349318039,10651,2026-07-29,638635,Hoang Phuc,4 năm hoạt động trên Airbnb,5,"Ấm cúng, trang thiết bị hiện đại, giường nệm êm ái ngủ rất ngon."
1764638010722179787,10652,2026-07-29,723587,Béo,1 năm hoạt động trên Airbnb,5,"Chủ nhà thân thiện và hiếu khách, chắc chắn sẽ quay lại khi có dịp ghé thăm thành phố."
1764638010722179787,10653,2026-09-01,528548,Quốc Anh,2 năm hoạt động trên Airbnb,5,"Trải nghiệm tuyệt vời! Tự nhận phòng với mã khóa cực kỳ tiện lợi, an ninh tốt."
1764638010722179787,10654,2026-07-05,922636,Chimmiii,Mới tham gia Airbnb,5,"Phòng xinhh, sạch sẽ và thoáng đãng lắm ạ."
1764638010722179787,10655,2026-07-11,460244,Hoang Phuc,4 năm hoạt động trên Airbnb,5,"Ấm cúng, trang thiết bị hiện đại, giường nệm êm ái ngủ rất ngon."
1710054467098222469,10656,2026-08-09,463558,Hoang Phuc,4 năm hoạt động trên Airbnb,5,"Ấm cúng, trang thiết bị hiện đại, giường nệm êm ái ngủ rất ngon."
1710054467098222469,10657,2026-09-22,925400,Thảo,3 năm hoạt động trên Airbnb,5,"Rất sạch đẹp, vị trí trung tâm đi đâu cũng tiện, hồ bơi và ban công ngắm hoàng hôn rất chill."
1710054467098222469,10658,2026-07-20,260571,Quốc Anh,2 năm hoạt động trên Airbnb,5,"Trải nghiệm tuyệt vời! Tự nhận phòng với mã khóa cực kỳ tiện lợi, an ninh tốt."
1710054467098222469,10659,2026-08-18,987396,Phương Thảo,Mới tham gia Airbnb,5,"Phòng siêu đẹp y chang trên ảnh, bày trí rất có gu. Phòng mới và sạch sẽ, đầy đủ tiện nghi."
1710054467098222469,10660,2026-08-14,431678,Lan Hương,5 năm hoạt động trên Airbnb,5,"View đẹp mê ly, căn hộ sáng sủa nhiều ánh sáng tự nhiên. 10/10 điểm cho chất lượng phục vụ!"
1710054467098222469,10661,2026-06-29,823378,Chimmiii,Mới tham gia Airbnb,5,"Phòng xinhh, sạch sẽ và thoáng đãng lắm ạ."
1705220488915741268,10662,2026-07-07,395723,Thảo,3 năm hoạt động trên Airbnb,5,"Rất sạch đẹp, vị trí trung tâm đi đâu cũng tiện, hồ bơi và ban công ngắm hoàng hôn rất chill."
1705220488915741268,10663,2026-08-10,963244,Như Hoa,4 năm hoạt động trên Airbnb,5,"Phòng đẹp, xinh. Rất mới. Bày trí rất có gu, chủ nhà nhiệt tình hỗ trợ check-in sớm."
1705220488915741268,10664,2026-09-02,429130,Quốc Anh,2 năm hoạt động trên Airbnb,5,"Trải nghiệm tuyệt vời! Tự nhận phòng với mã khóa cực kỳ tiện lợi, an ninh tốt."
1705220488915741268,10665,2026-07-12,794939,Hoang Phuc,4 năm hoạt động trên Airbnb,5,"Ấm cúng, trang thiết bị hiện đại, giường nệm êm ái ngủ rất ngon."
1705220488915741268,10666,2026-08-19,459908,Lan Hương,5 năm hoạt động trên Airbnb,5,"View đẹp mê ly, căn hộ sáng sủa nhiều ánh sáng tự nhiên. 10/10 điểm cho chất lượng phục vụ!"
1705220488915741268,10667,2026-08-28,469591,Phương Thảo,Mới tham gia Airbnb,5,"Phòng siêu đẹp y chang trên ảnh, bày trí rất có gu. Phòng mới và sạch sẽ, đầy đủ tiện nghi."
1760180491423743666,10668,2026-07-27,969775,Chimmiii,Mới tham gia Airbnb,5,"Phòng xinhh, sạch sẽ và thoáng đãng lắm ạ."
1760180491423743666,10669,2026-09-05,328770,Phương Thảo,Mới tham gia Airbnb,5,"Phòng siêu đẹp y chang trên ảnh, bày trí rất có gu. Phòng mới và sạch sẽ, đầy đủ tiện nghi."
1760180491423743666,10670,2026-09-04,491077,Thảo,3 năm hoạt động trên Airbnb,5,"Rất sạch đẹp, vị trí trung tâm đi đâu cũng tiện, hồ bơi và ban công ngắm hoàng hôn rất chill."
1760180491423743666,10671,2026-09-01,984090,Lan Hương,5 năm hoạt động trên Airbnb,5,"View đẹp mê ly, căn hộ sáng sủa nhiều ánh sáng tự nhiên. 10/10 điểm cho chất lượng phục vụ!"
1760180491423743666,10672,2026-07-15,741787,Hoang Phuc,4 năm hoạt động trên Airbnb,5,"Ấm cúng, trang thiết bị hiện đại, giường nệm êm ái ngủ rất ngon."
1760180491423743666,10673,2026-07-08,330881,Như Hoa,4 năm hoạt động trên Airbnb,5,"Phòng đẹp, xinh. Rất mới. Bày trí rất có gu, chủ nhà nhiệt tình hỗ trợ check-in sớm."
27426806,10674,2026-07-26,844586,Chimmiii,Mới tham gia Airbnb,5,"Phòng xinhh, sạch sẽ và thoáng đãng lắm ạ."
27426806,10675,2026-08-21,456227,Như Hoa,4 năm hoạt động trên Airbnb,5,"Phòng đẹp, xinh. Rất mới. Bày trí rất có gu, chủ nhà nhiệt tình hỗ trợ check-in sớm."
27426806,10676,2026-06-30,606972,Quốc Anh,2 năm hoạt động trên Airbnb,5,"Trải nghiệm tuyệt vời! Tự nhận phòng với mã khóa cực kỳ tiện lợi, an ninh tốt."
27426806,10677,2026-09-16,726594,Lan Hương,5 năm hoạt động trên Airbnb,5,"View đẹp mê ly, căn hộ sáng sủa nhiều ánh sáng tự nhiên. 10/10 điểm cho chất lượng phục vụ!"
27426806,10678,2026-07-13,872146,Béo,1 năm hoạt động trên Airbnb,5,"Chủ nhà thân thiện và hiếu khách, chắc chắn sẽ quay lại khi có dịp ghé thăm thành phố."
27426806,10679,2026-07-05,910608,Thảo,3 năm hoạt động trên Airbnb,5,"Rất sạch đẹp, vị trí trung tâm đi đâu cũng tiện, hồ bơi và ban công ngắm hoàng hôn rất chill."
1704878291570507983,10680,2026-06-28,418191,Thảo,3 năm hoạt động trên Airbnb,5,"Rất sạch đẹp, vị trí trung tâm đi đâu cũng tiện, hồ bơi và ban công ngắm hoàng hôn rất chill."
1704878291570507983,10681,2026-09-17,602490,Quốc Anh,2 năm hoạt động trên Airbnb,5,"Trải nghiệm tuyệt vời! Tự nhận phòng với mã khóa cực kỳ tiện lợi, an ninh tốt."
1704878291570507983,10682,2026-09-10,505484,Chimmiii,Mới tham gia Airbnb,5,"Phòng xinhh, sạch sẽ và thoáng đãng lắm ạ."
1704878291570507983,10683,2026-09-15,947482,Như Hoa,4 năm hoạt động trên Airbnb,5,"Phòng đẹp, xinh. Rất mới. Bày trí rất có gu, chủ nhà nhiệt tình hỗ trợ check-in sớm."
1704878291570507983,10684,2026-07-22,769687,Phương Thảo,Mới tham gia Airbnb,5,"Phòng siêu đẹp y chang trên ảnh, bày trí rất có gu. Phòng mới và sạch sẽ, đầy đủ tiện nghi."
1584510889010705436,10685,2026-08-29,869790,Phương Thảo,Mới tham gia Airbnb,5,"Phòng siêu đẹp y chang trên ảnh, bày trí rất có gu. Phòng mới và sạch sẽ, đầy đủ tiện nghi."
1584510889010705436,10686,2026-09-18,399636,Hoang Phuc,4 năm hoạt động trên Airbnb,5,"Ấm cúng, trang thiết bị hiện đại, giường nệm êm ái ngủ rất ngon."
1584510889010705436,10687,2026-09-22,976114,Chimmiii,Mới tham gia Airbnb,5,"Phòng xinhh, sạch sẽ và thoáng đãng lắm ạ."
1584510889010705436,10688,2026-07-16,666652,Thảo,3 năm hoạt động trên Airbnb,5,"Rất sạch đẹp, vị trí trung tâm đi đâu cũng tiện, hồ bơi và ban công ngắm hoàng hôn rất chill."
1584510889010705436,10689,2026-07-27,843172,Quốc Anh,2 năm hoạt động trên Airbnb,5,"Trải nghiệm tuyệt vời! Tự nhận phòng với mã khóa cực kỳ tiện lợi, an ninh tốt."
1584510889010705436,10690,2026-08-26,997013,Béo,1 năm hoạt động trên Airbnb,5,"Chủ nhà thân thiện và hiếu khách, chắc chắn sẽ quay lại khi có dịp ghé thăm thành phố."
1584510889010705436,10691,2026-07-27,848772,Như Hoa,4 năm hoạt động trên Airbnb,5,"Phòng đẹp, xinh. Rất mới. Bày trí rất có gu, chủ nhà nhiệt tình hỗ trợ check-in sớm."
33840031,10692,2026-08-30,793212,Thảo,3 năm hoạt động trên Airbnb,5,"Rất sạch đẹp, vị trí trung tâm đi đâu cũng tiện, hồ bơi và ban công ngắm hoàng hôn rất chill."
33840031,10693,2026-09-20,551062,Chimmiii,Mới tham gia Airbnb,5,"Phòng xinhh, sạch sẽ và thoáng đãng lắm ạ."
33840031,10694,2026-09-17,304645,Hoang Phuc,4 năm hoạt động trên Airbnb,5,"Ấm cúng, trang thiết bị hiện đại, giường nệm êm ái ngủ rất ngon."
33840031,10695,2026-07-24,658546,Như Hoa,4 năm hoạt động trên Airbnb,5,"Phòng đẹp, xinh. Rất mới. Bày trí rất có gu, chủ nhà nhiệt tình hỗ trợ check-in sớm."
33840031,10696,2026-07-15,249590,Quốc Anh,2 năm hoạt động trên Airbnb,5,"Trải nghiệm tuyệt vời! Tự nhận phòng với mã khóa cực kỳ tiện lợi, an ninh tốt."
33840031,10697,2026-08-15,420070,Phương Thảo,Mới tham gia Airbnb,5,"Phòng siêu đẹp y chang trên ảnh, bày trí rất có gu. Phòng mới và sạch sẽ, đầy đủ tiện nghi."
33840031,10698,2026-07-11,569580,Lan Hương,5 năm hoạt động trên Airbnb,5,"View đẹp mê ly, căn hộ sáng sủa nhiều ánh sáng tự nhiên. 10/10 điểm cho chất lượng phục vụ!"
33840031,10699,2026-09-16,253848,Béo,1 năm hoạt động trên Airbnb,5,"Chủ nhà thân thiện và hiếu khách, chắc chắn sẽ quay lại khi có dịp ghé thăm thành phố."
1312846016099377409,10700,2026-08-16,320238,Phương Thảo,Mới tham gia Airbnb,5,"Phòng siêu đẹp y chang trên ảnh, bày trí rất có gu. Phòng mới và sạch sẽ, đầy đủ tiện nghi."
1312846016099377409,10701,2026-08-27,712416,Chimmiii,Mới tham gia Airbnb,5,"Phòng xinhh, sạch sẽ và thoáng đãng lắm ạ."
1312846016099377409,10702,2026-09-04,288259,Như Hoa,4 năm hoạt động trên Airbnb,5,"Phòng đẹp, xinh. Rất mới. Bày trí rất có gu, chủ nhà nhiệt tình hỗ trợ check-in sớm."
1312846016099377409,10703,2026-08-05,990445,Hoang Phuc,4 năm hoạt động trên Airbnb,5,"Ấm cúng, trang thiết bị hiện đại, giường nệm êm ái ngủ rất ngon."
1312846016099377409,10704,2026-08-07,475512,Quốc Anh,2 năm hoạt động trên Airbnb,5,"Trải nghiệm tuyệt vời! Tự nhận phòng với mã khóa cực kỳ tiện lợi, an ninh tốt."
1312846016099377409,10705,2026-08-24,552742,Béo,1 năm hoạt động trên Airbnb,5,"Chủ nhà thân thiện và hiếu khách, chắc chắn sẽ quay lại khi có dịp ghé thăm thành phố."
1312846016099377409,10706,2026-08-13,648367,Thảo,3 năm hoạt động trên Airbnb,5,"Rất sạch đẹp, vị trí trung tâm đi đâu cũng tiện, hồ bơi và ban công ngắm hoàng hôn rất chill."
1312846016099377409,10707,2026-07-27,475663,Lan Hương,5 năm hoạt động trên Airbnb,5,"View đẹp mê ly, căn hộ sáng sủa nhiều ánh sáng tự nhiên. 10/10 điểm cho chất lượng phục vụ!"
1699018806572601136,10708,2026-07-02,317484,Như Hoa,4 năm hoạt động trên Airbnb,5,"Phòng đẹp, xinh. Rất mới. Bày trí rất có gu, chủ nhà nhiệt tình hỗ trợ check-in sớm."
1699018806572601136,10709,2026-09-04,713142,Phương Thảo,Mới tham gia Airbnb,5,"Phòng siêu đẹp y chang trên ảnh, bày trí rất có gu. Phòng mới và sạch sẽ, đầy đủ tiện nghi."
1699018806572601136,10710,2026-08-09,671251,Béo,1 năm hoạt động trên Airbnb,5,"Chủ nhà thân thiện và hiếu khách, chắc chắn sẽ quay lại khi có dịp ghé thăm thành phố."
1699018806572601136,10711,2026-08-09,346788,Thảo,3 năm hoạt động trên Airbnb,5,"Rất sạch đẹp, vị trí trung tâm đi đâu cũng tiện, hồ bơi và ban công ngắm hoàng hôn rất chill."
1699018806572601136,10712,2026-08-03,824794,Quốc Anh,2 năm hoạt động trên Airbnb,5,"Trải nghiệm tuyệt vời! Tự nhận phòng với mã khóa cực kỳ tiện lợi, an ninh tốt."
1699018806572601136,10713,2026-08-08,566322,Hoang Phuc,4 năm hoạt động trên Airbnb,5,"Ấm cúng, trang thiết bị hiện đại, giường nệm êm ái ngủ rất ngon."
1699018806572601136,10714,2026-07-18,351374,Lan Hương,5 năm hoạt động trên Airbnb,5,"View đẹp mê ly, căn hộ sáng sủa nhiều ánh sáng tự nhiên. 10/10 điểm cho chất lượng phục vụ!"
1699018806572601136,10715,2026-09-06,861374,Chimmiii,Mới tham gia Airbnb,5,"Phòng xinhh, sạch sẽ và thoáng đãng lắm ạ."
1170764607853331886,10716,2026-08-10,366400,Quốc Anh,2 năm hoạt động trên Airbnb,5,"Trải nghiệm tuyệt vời! Tự nhận phòng với mã khóa cực kỳ tiện lợi, an ninh tốt."
1170764607853331886,10717,2026-09-07,823641,Lan Hương,5 năm hoạt động trên Airbnb,5,"View đẹp mê ly, căn hộ sáng sủa nhiều ánh sáng tự nhiên. 10/10 điểm cho chất lượng phục vụ!"
1170764607853331886,10718,2026-07-29,253194,Chimmiii,Mới tham gia Airbnb,5,"Phòng xinhh, sạch sẽ và thoáng đãng lắm ạ."
1170764607853331886,10719,2026-07-24,376569,Hoang Phuc,4 năm hoạt động trên Airbnb,5,"Ấm cúng, trang thiết bị hiện đại, giường nệm êm ái ngủ rất ngon."
1170764607853331886,10720,2026-08-11,611974,Thảo,3 năm hoạt động trên Airbnb,5,"Rất sạch đẹp, vị trí trung tâm đi đâu cũng tiện, hồ bơi và ban công ngắm hoàng hôn rất chill."
1170764607853331886,10721,2026-08-08,635674,Béo,1 năm hoạt động trên Airbnb,5,"Chủ nhà thân thiện và hiếu khách, chắc chắn sẽ quay lại khi có dịp ghé thăm thành phố."
1170764607853331886,10722,2026-09-15,629420,Phương Thảo,Mới tham gia Airbnb,5,"Phòng siêu đẹp y chang trên ảnh, bày trí rất có gu. Phòng mới và sạch sẽ, đầy đủ tiện nghi."
1538262385435255997,10723,2026-09-07,459364,Thảo,3 năm hoạt động trên Airbnb,5,"Rất sạch đẹp, vị trí trung tâm đi đâu cũng tiện, hồ bơi và ban công ngắm hoàng hôn rất chill."
1538262385435255997,10724,2026-07-10,638224,Quốc Anh,2 năm hoạt động trên Airbnb,5,"Trải nghiệm tuyệt vời! Tự nhận phòng với mã khóa cực kỳ tiện lợi, an ninh tốt."
1538262385435255997,10725,2026-07-22,341828,Như Hoa,4 năm hoạt động trên Airbnb,5,"Phòng đẹp, xinh. Rất mới. Bày trí rất có gu, chủ nhà nhiệt tình hỗ trợ check-in sớm."
1538262385435255997,10726,2026-07-03,799964,Béo,1 năm hoạt động trên Airbnb,5,"Chủ nhà thân thiện và hiếu khách, chắc chắn sẽ quay lại khi có dịp ghé thăm thành phố."
1538262385435255997,10727,2026-08-17,669124,Chimmiii,Mới tham gia Airbnb,5,"Phòng xinhh, sạch sẽ và thoáng đãng lắm ạ."
1538262385435255997,10728,2026-07-30,247697,Phương Thảo,Mới tham gia Airbnb,5,"Phòng siêu đẹp y chang trên ảnh, bày trí rất có gu. Phòng mới và sạch sẽ, đầy đủ tiện nghi."
1671732107652338601,10729,2026-07-29,216702,Thảo,3 năm hoạt động trên Airbnb,5,"Rất sạch đẹp, vị trí trung tâm đi đâu cũng tiện, hồ bơi và ban công ngắm hoàng hôn rất chill."
1671732107652338601,10730,2026-07-15,715353,Phương Thảo,Mới tham gia Airbnb,5,"Phòng siêu đẹp y chang trên ảnh, bày trí rất có gu. Phòng mới và sạch sẽ, đầy đủ tiện nghi."
1671732107652338601,10731,2026-08-15,385627,Quốc Anh,2 năm hoạt động trên Airbnb,5,"Trải nghiệm tuyệt vời! Tự nhận phòng với mã khóa cực kỳ tiện lợi, an ninh tốt."
1671732107652338601,10732,2026-08-17,384963,Chimmiii,Mới tham gia Airbnb,5,"Phòng xinhh, sạch sẽ và thoáng đãng lắm ạ."
1671732107652338601,10733,2026-07-12,445068,Béo,1 năm hoạt động trên Airbnb,5,"Chủ nhà thân thiện và hiếu khách, chắc chắn sẽ quay lại khi có dịp ghé thăm thành phố."
1671732107652338601,10734,2026-08-12,843297,Hoang Phuc,4 năm hoạt động trên Airbnb,5,"Ấm cúng, trang thiết bị hiện đại, giường nệm êm ái ngủ rất ngon."
1671732107652338601,10735,2026-08-26,921335,Lan Hương,5 năm hoạt động trên Airbnb,5,"View đẹp mê ly, căn hộ sáng sủa nhiều ánh sáng tự nhiên. 10/10 điểm cho chất lượng phục vụ!"
1671732107652338601,10736,2026-07-29,459466,Như Hoa,4 năm hoạt động trên Airbnb,5,"Phòng đẹp, xinh. Rất mới. Bày trí rất có gu, chủ nhà nhiệt tình hỗ trợ check-in sớm."
1551118204708612963,10737,2026-08-24,384157,Lan Hương,5 năm hoạt động trên Airbnb,5,"View đẹp mê ly, căn hộ sáng sủa nhiều ánh sáng tự nhiên. 10/10 điểm cho chất lượng phục vụ!"
1551118204708612963,10738,2026-09-15,748756,Chimmiii,Mới tham gia Airbnb,5,"Phòng xinhh, sạch sẽ và thoáng đãng lắm ạ."
1551118204708612963,10739,2026-09-12,787442,Hoang Phuc,4 năm hoạt động trên Airbnb,5,"Ấm cúng, trang thiết bị hiện đại, giường nệm êm ái ngủ rất ngon."
1551118204708612963,10740,2026-08-15,568845,Béo,1 năm hoạt động trên Airbnb,5,"Chủ nhà thân thiện và hiếu khách, chắc chắn sẽ quay lại khi có dịp ghé thăm thành phố."
969876765988035536,10741,2026-07-31,489873,Lan Hương,5 năm hoạt động trên Airbnb,5,"View đẹp mê ly, căn hộ sáng sủa nhiều ánh sáng tự nhiên. 10/10 điểm cho chất lượng phục vụ!"
969876765988035536,10742,2026-08-19,588914,Thảo,3 năm hoạt động trên Airbnb,5,"Rất sạch đẹp, vị trí trung tâm đi đâu cũng tiện, hồ bơi và ban công ngắm hoàng hôn rất chill."
969876765988035536,10743,2026-07-23,580172,Phương Thảo,Mới tham gia Airbnb,5,"Phòng siêu đẹp y chang trên ảnh, bày trí rất có gu. Phòng mới và sạch sẽ, đầy đủ tiện nghi."
969876765988035536,10744,2026-06-29,696213,Như Hoa,4 năm hoạt động trên Airbnb,5,"Phòng đẹp, xinh. Rất mới. Bày trí rất có gu, chủ nhà nhiệt tình hỗ trợ check-in sớm."
969876765988035536,10745,2026-08-11,684876,Hoang Phuc,4 năm hoạt động trên Airbnb,5,"Ấm cúng, trang thiết bị hiện đại, giường nệm êm ái ngủ rất ngon."
969876765988035536,10746,2026-09-01,585007,Quốc Anh,2 năm hoạt động trên Airbnb,5,"Trải nghiệm tuyệt vời! Tự nhận phòng với mã khóa cực kỳ tiện lợi, an ninh tốt."
969876765988035536,10747,2026-09-05,882696,Béo,1 năm hoạt động trên Airbnb,5,"Chủ nhà thân thiện và hiếu khách, chắc chắn sẽ quay lại khi có dịp ghé thăm thành phố."
1581087607244265792,10748,2026-09-07,496521,Thảo,3 năm hoạt động trên Airbnb,5,"Rất sạch đẹp, vị trí trung tâm đi đâu cũng tiện, hồ bơi và ban công ngắm hoàng hôn rất chill."
1581087607244265792,10749,2026-08-23,574004,Hoang Phuc,4 năm hoạt động trên Airbnb,5,"Ấm cúng, trang thiết bị hiện đại, giường nệm êm ái ngủ rất ngon."
1581087607244265792,10750,2026-09-05,892417,Quốc Anh,2 năm hoạt động trên Airbnb,5,"Trải nghiệm tuyệt vời! Tự nhận phòng với mã khóa cực kỳ tiện lợi, an ninh tốt."
1581087607244265792,10751,2026-07-04,537240,Chimmiii,Mới tham gia Airbnb,5,"Phòng xinhh, sạch sẽ và thoáng đãng lắm ạ."
1581087607244265792,10752,2026-08-08,500399,Lan Hương,5 năm hoạt động trên Airbnb,5,"View đẹp mê ly, căn hộ sáng sủa nhiều ánh sáng tự nhiên. 10/10 điểm cho chất lượng phục vụ!"
910654727136126628,10753,2026-08-27,597612,Hoang Phuc,4 năm hoạt động trên Airbnb,5,"Ấm cúng, trang thiết bị hiện đại, giường nệm êm ái ngủ rất ngon."
910654727136126628,10754,2026-09-03,727308,Như Hoa,4 năm hoạt động trên Airbnb,5,"Phòng đẹp, xinh. Rất mới. Bày trí rất có gu, chủ nhà nhiệt tình hỗ trợ check-in sớm."
910654727136126628,10755,2026-09-06,992423,Chimmiii,Mới tham gia Airbnb,5,"Phòng xinhh, sạch sẽ và thoáng đãng lắm ạ."
910654727136126628,10756,2026-09-17,808846,Béo,1 năm hoạt động trên Airbnb,5,"Chủ nhà thân thiện và hiếu khách, chắc chắn sẽ quay lại khi có dịp ghé thăm thành phố."
1749948129007209827,10757,2026-09-18,248016,Lan Hương,5 năm hoạt động trên Airbnb,5,"View đẹp mê ly, căn hộ sáng sủa nhiều ánh sáng tự nhiên. 10/10 điểm cho chất lượng phục vụ!"
1749948129007209827,10758,2026-07-30,496753,Béo,1 năm hoạt động trên Airbnb,5,"Chủ nhà thân thiện và hiếu khách, chắc chắn sẽ quay lại khi có dịp ghé thăm thành phố."
1749948129007209827,10759,2026-09-21,526647,Như Hoa,4 năm hoạt động trên Airbnb,5,"Phòng đẹp, xinh. Rất mới. Bày trí rất có gu, chủ nhà nhiệt tình hỗ trợ check-in sớm."
1749948129007209827,10760,2026-09-22,282389,Thảo,3 năm hoạt động trên Airbnb,5,"Rất sạch đẹp, vị trí trung tâm đi đâu cũng tiện, hồ bơi và ban công ngắm hoàng hôn rất chill."
1749948129007209827,10761,2026-07-01,430705,Hoang Phuc,4 năm hoạt động trên Airbnb,5,"Ấm cúng, trang thiết bị hiện đại, giường nệm êm ái ngủ rất ngon."
1606308410840004915,10762,2026-06-29,491373,Như Hoa,4 năm hoạt động trên Airbnb,5,"Phòng đẹp, xinh. Rất mới. Bày trí rất có gu, chủ nhà nhiệt tình hỗ trợ check-in sớm."
1606308410840004915,10763,2026-07-02,462524,Lan Hương,5 năm hoạt động trên Airbnb,5,"View đẹp mê ly, căn hộ sáng sủa nhiều ánh sáng tự nhiên. 10/10 điểm cho chất lượng phục vụ!"
1606308410840004915,10764,2026-09-15,824871,Chimmiii,Mới tham gia Airbnb,5,"Phòng xinhh, sạch sẽ và thoáng đãng lắm ạ."
1606308410840004915,10765,2026-09-15,360107,Quốc Anh,2 năm hoạt động trên Airbnb,5,"Trải nghiệm tuyệt vời! Tự nhận phòng với mã khóa cực kỳ tiện lợi, an ninh tốt."
1606308410840004915,10766,2026-08-28,512904,Phương Thảo,Mới tham gia Airbnb,5,"Phòng siêu đẹp y chang trên ảnh, bày trí rất có gu. Phòng mới và sạch sẽ, đầy đủ tiện nghi."
1606308410840004915,10767,2026-08-13,787137,Béo,1 năm hoạt động trên Airbnb,5,"Chủ nhà thân thiện và hiếu khách, chắc chắn sẽ quay lại khi có dịp ghé thăm thành phố."
1594033877526658775,10768,2026-07-20,352485,Như Hoa,4 năm hoạt động trên Airbnb,5,"Phòng đẹp, xinh. Rất mới. Bày trí rất có gu, chủ nhà nhiệt tình hỗ trợ check-in sớm."
1594033877526658775,10769,2026-07-08,246695,Lan Hương,5 năm hoạt động trên Airbnb,5,"View đẹp mê ly, căn hộ sáng sủa nhiều ánh sáng tự nhiên. 10/10 điểm cho chất lượng phục vụ!"
1594033877526658775,10770,2026-08-03,825525,Quốc Anh,2 năm hoạt động trên Airbnb,5,"Trải nghiệm tuyệt vời! Tự nhận phòng với mã khóa cực kỳ tiện lợi, an ninh tốt."
1594033877526658775,10771,2026-06-30,508629,Hoang Phuc,4 năm hoạt động trên Airbnb,5,"Ấm cúng, trang thiết bị hiện đại, giường nệm êm ái ngủ rất ngon."
1594033877526658775,10772,2026-08-11,747765,Béo,1 năm hoạt động trên Airbnb,5,"Chủ nhà thân thiện và hiếu khách, chắc chắn sẽ quay lại khi có dịp ghé thăm thành phố."
967145656826359906,10773,2026-08-09,898086,Như Hoa,4 năm hoạt động trên Airbnb,5,"Phòng đẹp, xinh. Rất mới. Bày trí rất có gu, chủ nhà nhiệt tình hỗ trợ check-in sớm."
967145656826359906,10774,2026-09-08,676326,Chimmiii,Mới tham gia Airbnb,5,"Phòng xinhh, sạch sẽ và thoáng đãng lắm ạ."
967145656826359906,10775,2026-07-14,846533,Phương Thảo,Mới tham gia Airbnb,5,"Phòng siêu đẹp y chang trên ảnh, bày trí rất có gu. Phòng mới và sạch sẽ, đầy đủ tiện nghi."
967145656826359906,10776,2026-09-04,354221,Quốc Anh,2 năm hoạt động trên Airbnb,5,"Trải nghiệm tuyệt vời! Tự nhận phòng với mã khóa cực kỳ tiện lợi, an ninh tốt."
967145656826359906,10777,2026-08-22,312867,Hoang Phuc,4 năm hoạt động trên Airbnb,5,"Ấm cúng, trang thiết bị hiện đại, giường nệm êm ái ngủ rất ngon."
967145656826359906,10778,2026-07-13,310386,Béo,1 năm hoạt động trên Airbnb,5,"Chủ nhà thân thiện và hiếu khách, chắc chắn sẽ quay lại khi có dịp ghé thăm thành phố."
1389116363025930586,10779,2026-07-01,733118,Hoang Phuc,4 năm hoạt động trên Airbnb,5,"Ấm cúng, trang thiết bị hiện đại, giường nệm êm ái ngủ rất ngon."
1389116363025930586,10780,2026-08-30,701861,Chimmiii,Mới tham gia Airbnb,5,"Phòng xinhh, sạch sẽ và thoáng đãng lắm ạ."
1389116363025930586,10781,2026-09-04,332849,Béo,1 năm hoạt động trên Airbnb,5,"Chủ nhà thân thiện và hiếu khách, chắc chắn sẽ quay lại khi có dịp ghé thăm thành phố."
1389116363025930586,10782,2026-08-30,730702,Thảo,3 năm hoạt động trên Airbnb,5,"Rất sạch đẹp, vị trí trung tâm đi đâu cũng tiện, hồ bơi và ban công ngắm hoàng hôn rất chill."
1389116363025930586,10783,2026-07-23,835144,Phương Thảo,Mới tham gia Airbnb,5,"Phòng siêu đẹp y chang trên ảnh, bày trí rất có gu. Phòng mới và sạch sẽ, đầy đủ tiện nghi."
1394815029464032186,10784,2026-08-23,861718,Lan Hương,5 năm hoạt động trên Airbnb,5,"View đẹp mê ly, căn hộ sáng sủa nhiều ánh sáng tự nhiên. 10/10 điểm cho chất lượng phục vụ!"
1394815029464032186,10785,2026-09-11,870480,Quốc Anh,2 năm hoạt động trên Airbnb,5,"Trải nghiệm tuyệt vời! Tự nhận phòng với mã khóa cực kỳ tiện lợi, an ninh tốt."
1394815029464032186,10786,2026-07-01,734313,Chimmiii,Mới tham gia Airbnb,5,"Phòng xinhh, sạch sẽ và thoáng đãng lắm ạ."
1394815029464032186,10787,2026-06-28,964634,Hoang Phuc,4 năm hoạt động trên Airbnb,5,"Ấm cúng, trang thiết bị hiện đại, giường nệm êm ái ngủ rất ngon."
1394815029464032186,10788,2026-07-11,555393,Phương Thảo,Mới tham gia Airbnb,5,"Phòng siêu đẹp y chang trên ảnh, bày trí rất có gu. Phòng mới và sạch sẽ, đầy đủ tiện nghi."
1394815029464032186,10789,2026-08-01,715271,Thảo,3 năm hoạt động trên Airbnb,5,"Rất sạch đẹp, vị trí trung tâm đi đâu cũng tiện, hồ bơi và ban công ngắm hoàng hôn rất chill."
1394815029464032186,10790,2026-07-02,585784,Béo,1 năm hoạt động trên Airbnb,5,"Chủ nhà thân thiện và hiếu khách, chắc chắn sẽ quay lại khi có dịp ghé thăm thành phố."
1394815029464032186,10791,2026-08-16,404819,Như Hoa,4 năm hoạt động trên Airbnb,5,"Phòng đẹp, xinh. Rất mới. Bày trí rất có gu, chủ nhà nhiệt tình hỗ trợ check-in sớm."
1721181410835089053,10792,2026-08-04,874454,Hoang Phuc,4 năm hoạt động trên Airbnb,5,"Ấm cúng, trang thiết bị hiện đại, giường nệm êm ái ngủ rất ngon."
1721181410835089053,10793,2026-08-03,391536,Thảo,3 năm hoạt động trên Airbnb,5,"Rất sạch đẹp, vị trí trung tâm đi đâu cũng tiện, hồ bơi và ban công ngắm hoàng hôn rất chill."
1721181410835089053,10794,2026-09-19,681951,Lan Hương,5 năm hoạt động trên Airbnb,5,"View đẹp mê ly, căn hộ sáng sủa nhiều ánh sáng tự nhiên. 10/10 điểm cho chất lượng phục vụ!"
1721181410835089053,10795,2026-08-25,220642,Phương Thảo,Mới tham gia Airbnb,5,"Phòng siêu đẹp y chang trên ảnh, bày trí rất có gu. Phòng mới và sạch sẽ, đầy đủ tiện nghi."
1721181410835089053,10796,2026-09-21,909412,Quốc Anh,2 năm hoạt động trên Airbnb,5,"Trải nghiệm tuyệt vời! Tự nhận phòng với mã khóa cực kỳ tiện lợi, an ninh tốt."
1721181410835089053,10797,2026-07-13,482001,Như Hoa,4 năm hoạt động trên Airbnb,5,"Phòng đẹp, xinh. Rất mới. Bày trí rất có gu, chủ nhà nhiệt tình hỗ trợ check-in sớm."
588954610728587860,10798,2026-07-30,767182,Chimmiii,Mới tham gia Airbnb,5,"Phòng xinhh, sạch sẽ và thoáng đãng lắm ạ."
588954610728587860,10799,2026-07-19,622808,Béo,1 năm hoạt động trên Airbnb,5,"Chủ nhà thân thiện và hiếu khách, chắc chắn sẽ quay lại khi có dịp ghé thăm thành phố."
588954610728587860,10800,2026-07-02,649626,Như Hoa,4 năm hoạt động trên Airbnb,5,"Phòng đẹp, xinh. Rất mới. Bày trí rất có gu, chủ nhà nhiệt tình hỗ trợ check-in sớm."
588954610728587860,10801,2026-09-06,249833,Phương Thảo,Mới tham gia Airbnb,5,"Phòng siêu đẹp y chang trên ảnh, bày trí rất có gu. Phòng mới và sạch sẽ, đầy đủ tiện nghi."
588954610728587860,10802,2026-07-15,233514,Thảo,3 năm hoạt động trên Airbnb,5,"Rất sạch đẹp, vị trí trung tâm đi đâu cũng tiện, hồ bơi và ban công ngắm hoàng hôn rất chill."
588954610728587860,10803,2026-09-19,289054,Hoang Phuc,4 năm hoạt động trên Airbnb,5,"Ấm cúng, trang thiết bị hiện đại, giường nệm êm ái ngủ rất ngon."
588954610728587860,10804,2026-09-13,964048,Quốc Anh,2 năm hoạt động trên Airbnb,5,"Trải nghiệm tuyệt vời! Tự nhận phòng với mã khóa cực kỳ tiện lợi, an ninh tốt."
1169266358048233245,10805,2026-07-09,209465,Thảo,3 năm hoạt động trên Airbnb,5,"Rất sạch đẹp, vị trí trung tâm đi đâu cũng tiện, hồ bơi và ban công ngắm hoàng hôn rất chill."
1169266358048233245,10806,2026-08-05,470447,Phương Thảo,Mới tham gia Airbnb,5,"Phòng siêu đẹp y chang trên ảnh, bày trí rất có gu. Phòng mới và sạch sẽ, đầy đủ tiện nghi."
1169266358048233245,10807,2026-09-09,379403,Như Hoa,4 năm hoạt động trên Airbnb,5,"Phòng đẹp, xinh. Rất mới. Bày trí rất có gu, chủ nhà nhiệt tình hỗ trợ check-in sớm."
1169266358048233245,10808,2026-07-17,554737,Béo,1 năm hoạt động trên Airbnb,5,"Chủ nhà thân thiện và hiếu khách, chắc chắn sẽ quay lại khi có dịp ghé thăm thành phố."
1169266358048233245,10809,2026-07-16,428876,Quốc Anh,2 năm hoạt động trên Airbnb,5,"Trải nghiệm tuyệt vời! Tự nhận phòng với mã khóa cực kỳ tiện lợi, an ninh tốt."
1169266358048233245,10810,2026-08-08,570441,Chimmiii,Mới tham gia Airbnb,5,"Phòng xinhh, sạch sẽ và thoáng đãng lắm ạ."
1169266358048233245,10811,2026-09-14,791373,Lan Hương,5 năm hoạt động trên Airbnb,5,"View đẹp mê ly, căn hộ sáng sủa nhiều ánh sáng tự nhiên. 10/10 điểm cho chất lượng phục vụ!"
1169266358048233245,10812,2026-07-15,221259,Hoang Phuc,4 năm hoạt động trên Airbnb,5,"Ấm cúng, trang thiết bị hiện đại, giường nệm êm ái ngủ rất ngon."
1769179086345839179,10813,2026-08-31,286782,Chimmiii,Mới tham gia Airbnb,5,"Phòng xinhh, sạch sẽ và thoáng đãng lắm ạ."
1769179086345839179,10814,2026-07-11,665371,Béo,1 năm hoạt động trên Airbnb,5,"Chủ nhà thân thiện và hiếu khách, chắc chắn sẽ quay lại khi có dịp ghé thăm thành phố."
1769179086345839179,10815,2026-08-30,550694,Thảo,3 năm hoạt động trên Airbnb,5,"Rất sạch đẹp, vị trí trung tâm đi đâu cũng tiện, hồ bơi và ban công ngắm hoàng hôn rất chill."
1769179086345839179,10816,2026-08-28,560761,Như Hoa,4 năm hoạt động trên Airbnb,5,"Phòng đẹp, xinh. Rất mới. Bày trí rất có gu, chủ nhà nhiệt tình hỗ trợ check-in sớm."
1769179086345839179,10817,2026-08-23,665741,Hoang Phuc,4 năm hoạt động trên Airbnb,5,"Ấm cúng, trang thiết bị hiện đại, giường nệm êm ái ngủ rất ngon."
1721190565242590799,10818,2026-09-15,631135,Chimmiii,Mới tham gia Airbnb,5,"Phòng xinhh, sạch sẽ và thoáng đãng lắm ạ."
1721190565242590799,10819,2026-08-28,957312,Béo,1 năm hoạt động trên Airbnb,5,"Chủ nhà thân thiện và hiếu khách, chắc chắn sẽ quay lại khi có dịp ghé thăm thành phố."
1721190565242590799,10820,2026-08-23,283985,Hoang Phuc,4 năm hoạt động trên Airbnb,5,"Ấm cúng, trang thiết bị hiện đại, giường nệm êm ái ngủ rất ngon."
1721190565242590799,10821,2026-07-29,983306,Quốc Anh,2 năm hoạt động trên Airbnb,5,"Trải nghiệm tuyệt vời! Tự nhận phòng với mã khóa cực kỳ tiện lợi, an ninh tốt."
1684510214323438586,10822,2026-07-19,296678,Hoang Phuc,4 năm hoạt động trên Airbnb,5,"Ấm cúng, trang thiết bị hiện đại, giường nệm êm ái ngủ rất ngon."
1684510214323438586,10823,2026-07-20,250240,Béo,1 năm hoạt động trên Airbnb,5,"Chủ nhà thân thiện và hiếu khách, chắc chắn sẽ quay lại khi có dịp ghé thăm thành phố."
1684510214323438586,10824,2026-08-25,593800,Thảo,3 năm hoạt động trên Airbnb,5,"Rất sạch đẹp, vị trí trung tâm đi đâu cũng tiện, hồ bơi và ban công ngắm hoàng hôn rất chill."
1684510214323438586,10825,2026-09-06,602813,Lan Hương,5 năm hoạt động trên Airbnb,5,"View đẹp mê ly, căn hộ sáng sủa nhiều ánh sáng tự nhiên. 10/10 điểm cho chất lượng phục vụ!"
1684510214323438586,10826,2026-09-04,513854,Phương Thảo,Mới tham gia Airbnb,5,"Phòng siêu đẹp y chang trên ảnh, bày trí rất có gu. Phòng mới và sạch sẽ, đầy đủ tiện nghi."
1684510214323438586,10827,2026-07-21,506005,Chimmiii,Mới tham gia Airbnb,5,"Phòng xinhh, sạch sẽ và thoáng đãng lắm ạ."
1684510214323438586,10828,2026-08-16,901774,Như Hoa,4 năm hoạt động trên Airbnb,5,"Phòng đẹp, xinh. Rất mới. Bày trí rất có gu, chủ nhà nhiệt tình hỗ trợ check-in sớm."
1684510214323438586,10829,2026-07-21,230539,Quốc Anh,2 năm hoạt động trên Airbnb,5,"Trải nghiệm tuyệt vời! Tự nhận phòng với mã khóa cực kỳ tiện lợi, an ninh tốt."
1748626369013287101,10830,2026-07-20,706228,Hoang Phuc,4 năm hoạt động trên Airbnb,5,"Ấm cúng, trang thiết bị hiện đại, giường nệm êm ái ngủ rất ngon."
1748626369013287101,10831,2026-08-09,941290,Phương Thảo,Mới tham gia Airbnb,5,"Phòng siêu đẹp y chang trên ảnh, bày trí rất có gu. Phòng mới và sạch sẽ, đầy đủ tiện nghi."
1748626369013287101,10832,2026-08-05,756115,Béo,1 năm hoạt động trên Airbnb,5,"Chủ nhà thân thiện và hiếu khách, chắc chắn sẽ quay lại khi có dịp ghé thăm thành phố."
1748626369013287101,10833,2026-08-24,351123,Như Hoa,4 năm hoạt động trên Airbnb,5,"Phòng đẹp, xinh. Rất mới. Bày trí rất có gu, chủ nhà nhiệt tình hỗ trợ check-in sớm."
1748626369013287101,10834,2026-09-15,469981,Thảo,3 năm hoạt động trên Airbnb,5,"Rất sạch đẹp, vị trí trung tâm đi đâu cũng tiện, hồ bơi và ban công ngắm hoàng hôn rất chill."
1748626369013287101,10835,2026-07-31,272382,Quốc Anh,2 năm hoạt động trên Airbnb,5,"Trải nghiệm tuyệt vời! Tự nhận phòng với mã khóa cực kỳ tiện lợi, an ninh tốt."
1748626369013287101,10836,2026-09-09,917744,Lan Hương,5 năm hoạt động trên Airbnb,5,"View đẹp mê ly, căn hộ sáng sủa nhiều ánh sáng tự nhiên. 10/10 điểm cho chất lượng phục vụ!"
1007921395574104988,10837,2026-08-11,936924,Quốc Anh,2 năm hoạt động trên Airbnb,5,"Trải nghiệm tuyệt vời! Tự nhận phòng với mã khóa cực kỳ tiện lợi, an ninh tốt."
1007921395574104988,10838,2026-09-20,473822,Chimmiii,Mới tham gia Airbnb,5,"Phòng xinhh, sạch sẽ và thoáng đãng lắm ạ."
1007921395574104988,10839,2026-07-06,638274,Như Hoa,4 năm hoạt động trên Airbnb,5,"Phòng đẹp, xinh. Rất mới. Bày trí rất có gu, chủ nhà nhiệt tình hỗ trợ check-in sớm."
1007921395574104988,10840,2026-08-24,354959,Phương Thảo,Mới tham gia Airbnb,5,"Phòng siêu đẹp y chang trên ảnh, bày trí rất có gu. Phòng mới và sạch sẽ, đầy đủ tiện nghi."
1751430146956972646,10841,2026-08-07,841152,Béo,1 năm hoạt động trên Airbnb,5,"Chủ nhà thân thiện và hiếu khách, chắc chắn sẽ quay lại khi có dịp ghé thăm thành phố."
1751430146956972646,10842,2026-08-12,897419,Như Hoa,4 năm hoạt động trên Airbnb,5,"Phòng đẹp, xinh. Rất mới. Bày trí rất có gu, chủ nhà nhiệt tình hỗ trợ check-in sớm."
1751430146956972646,10843,2026-07-11,551892,Quốc Anh,2 năm hoạt động trên Airbnb,5,"Trải nghiệm tuyệt vời! Tự nhận phòng với mã khóa cực kỳ tiện lợi, an ninh tốt."
1751430146956972646,10844,2026-09-12,672361,Phương Thảo,Mới tham gia Airbnb,5,"Phòng siêu đẹp y chang trên ảnh, bày trí rất có gu. Phòng mới và sạch sẽ, đầy đủ tiện nghi."
1751430146956972646,10845,2026-09-18,270001,Chimmiii,Mới tham gia Airbnb,5,"Phòng xinhh, sạch sẽ và thoáng đãng lắm ạ."
1751430146956972646,10846,2026-07-24,679730,Lan Hương,5 năm hoạt động trên Airbnb,5,"View đẹp mê ly, căn hộ sáng sủa nhiều ánh sáng tự nhiên. 10/10 điểm cho chất lượng phục vụ!"
1751430146956972646,10847,2026-08-14,641183,Thảo,3 năm hoạt động trên Airbnb,5,"Rất sạch đẹp, vị trí trung tâm đi đâu cũng tiện, hồ bơi và ban công ngắm hoàng hôn rất chill."
1751430146956972646,10848,2026-08-08,674956,Hoang Phuc,4 năm hoạt động trên Airbnb,5,"Ấm cúng, trang thiết bị hiện đại, giường nệm êm ái ngủ rất ngon."
1652762339910169479,10849,2026-09-18,488784,Béo,1 năm hoạt động trên Airbnb,5,"Chủ nhà thân thiện và hiếu khách, chắc chắn sẽ quay lại khi có dịp ghé thăm thành phố."
1652762339910169479,10850,2026-07-07,356820,Như Hoa,4 năm hoạt động trên Airbnb,5,"Phòng đẹp, xinh. Rất mới. Bày trí rất có gu, chủ nhà nhiệt tình hỗ trợ check-in sớm."
1652762339910169479,10851,2026-09-08,875114,Quốc Anh,2 năm hoạt động trên Airbnb,5,"Trải nghiệm tuyệt vời! Tự nhận phòng với mã khóa cực kỳ tiện lợi, an ninh tốt."
1652762339910169479,10852,2026-08-09,839940,Hoang Phuc,4 năm hoạt động trên Airbnb,5,"Ấm cúng, trang thiết bị hiện đại, giường nệm êm ái ngủ rất ngon."
1652762339910169479,10853,2026-07-14,759193,Chimmiii,Mới tham gia Airbnb,5,"Phòng xinhh, sạch sẽ và thoáng đãng lắm ạ."
1652762339910169479,10854,2026-07-19,401031,Thảo,3 năm hoạt động trên Airbnb,5,"Rất sạch đẹp, vị trí trung tâm đi đâu cũng tiện, hồ bơi và ban công ngắm hoàng hôn rất chill."
1652762339910169479,10855,2026-07-26,268211,Lan Hương,5 năm hoạt động trên Airbnb,5,"View đẹp mê ly, căn hộ sáng sủa nhiều ánh sáng tự nhiên. 10/10 điểm cho chất lượng phục vụ!"
1652762339910169479,10856,2026-09-17,683885,Phương Thảo,Mới tham gia Airbnb,5,"Phòng siêu đẹp y chang trên ảnh, bày trí rất có gu. Phòng mới và sạch sẽ, đầy đủ tiện nghi."
1771444488066067502,10857,2026-08-02,284978,Như Hoa,4 năm hoạt động trên Airbnb,5,"Phòng đẹp, xinh. Rất mới. Bày trí rất có gu, chủ nhà nhiệt tình hỗ trợ check-in sớm."
1771444488066067502,10858,2026-07-28,847317,Phương Thảo,Mới tham gia Airbnb,5,"Phòng siêu đẹp y chang trên ảnh, bày trí rất có gu. Phòng mới và sạch sẽ, đầy đủ tiện nghi."
1771444488066067502,10859,2026-07-27,483507,Lan Hương,5 năm hoạt động trên Airbnb,5,"View đẹp mê ly, căn hộ sáng sủa nhiều ánh sáng tự nhiên. 10/10 điểm cho chất lượng phục vụ!"
1771444488066067502,10860,2026-07-05,457496,Chimmiii,Mới tham gia Airbnb,5,"Phòng xinhh, sạch sẽ và thoáng đãng lắm ạ."
1771444488066067502,10861,2026-08-15,560648,Thảo,3 năm hoạt động trên Airbnb,5,"Rất sạch đẹp, vị trí trung tâm đi đâu cũng tiện, hồ bơi và ban công ngắm hoàng hôn rất chill."
1771444488066067502,10862,2026-08-14,740741,Hoang Phuc,4 năm hoạt động trên Airbnb,5,"Ấm cúng, trang thiết bị hiện đại, giường nệm êm ái ngủ rất ngon."
1771444488066067502,10863,2026-07-29,554504,Béo,1 năm hoạt động trên Airbnb,5,"Chủ nhà thân thiện và hiếu khách, chắc chắn sẽ quay lại khi có dịp ghé thăm thành phố."
1771444488066067502,10864,2026-08-01,906704,Quốc Anh,2 năm hoạt động trên Airbnb,5,"Trải nghiệm tuyệt vời! Tự nhận phòng với mã khóa cực kỳ tiện lợi, an ninh tốt."
1684053521915418633,10865,2026-09-03,758466,Hoang Phuc,4 năm hoạt động trên Airbnb,5,"Ấm cúng, trang thiết bị hiện đại, giường nệm êm ái ngủ rất ngon."
1684053521915418633,10866,2026-07-30,607411,Quốc Anh,2 năm hoạt động trên Airbnb,5,"Trải nghiệm tuyệt vời! Tự nhận phòng với mã khóa cực kỳ tiện lợi, an ninh tốt."
1684053521915418633,10867,2026-08-31,771380,Lan Hương,5 năm hoạt động trên Airbnb,5,"View đẹp mê ly, căn hộ sáng sủa nhiều ánh sáng tự nhiên. 10/10 điểm cho chất lượng phục vụ!"
1684053521915418633,10868,2026-07-31,387272,Béo,1 năm hoạt động trên Airbnb,5,"Chủ nhà thân thiện và hiếu khách, chắc chắn sẽ quay lại khi có dịp ghé thăm thành phố."
1684053521915418633,10869,2026-08-04,282346,Chimmiii,Mới tham gia Airbnb,5,"Phòng xinhh, sạch sẽ và thoáng đãng lắm ạ."
1684053521915418633,10870,2026-08-06,740476,Thảo,3 năm hoạt động trên Airbnb,5,"Rất sạch đẹp, vị trí trung tâm đi đâu cũng tiện, hồ bơi và ban công ngắm hoàng hôn rất chill."
1688288614884404936,10871,2026-09-15,939768,Chimmiii,Mới tham gia Airbnb,5,"Phòng xinhh, sạch sẽ và thoáng đãng lắm ạ."
1688288614884404936,10872,2026-06-30,922996,Thảo,3 năm hoạt động trên Airbnb,5,"Rất sạch đẹp, vị trí trung tâm đi đâu cũng tiện, hồ bơi và ban công ngắm hoàng hôn rất chill."
1688288614884404936,10873,2026-07-12,761094,Quốc Anh,2 năm hoạt động trên Airbnb,5,"Trải nghiệm tuyệt vời! Tự nhận phòng với mã khóa cực kỳ tiện lợi, an ninh tốt."
1688288614884404936,10874,2026-07-01,673014,Hoang Phuc,4 năm hoạt động trên Airbnb,5,"Ấm cúng, trang thiết bị hiện đại, giường nệm êm ái ngủ rất ngon."
1688288614884404936,10875,2026-06-30,812991,Lan Hương,5 năm hoạt động trên Airbnb,5,"View đẹp mê ly, căn hộ sáng sủa nhiều ánh sáng tự nhiên. 10/10 điểm cho chất lượng phục vụ!"
1688288614884404936,10876,2026-09-22,718449,Phương Thảo,Mới tham gia Airbnb,5,"Phòng siêu đẹp y chang trên ảnh, bày trí rất có gu. Phòng mới và sạch sẽ, đầy đủ tiện nghi."
1655507984594559466,10877,2026-09-22,472324,Quốc Anh,2 năm hoạt động trên Airbnb,5,"Trải nghiệm tuyệt vời! Tự nhận phòng với mã khóa cực kỳ tiện lợi, an ninh tốt."
1655507984594559466,10878,2026-07-16,559452,Hoang Phuc,4 năm hoạt động trên Airbnb,5,"Ấm cúng, trang thiết bị hiện đại, giường nệm êm ái ngủ rất ngon."
1655507984594559466,10879,2026-07-16,685022,Thảo,3 năm hoạt động trên Airbnb,5,"Rất sạch đẹp, vị trí trung tâm đi đâu cũng tiện, hồ bơi và ban công ngắm hoàng hôn rất chill."
1655507984594559466,10880,2026-07-07,616215,Béo,1 năm hoạt động trên Airbnb,5,"Chủ nhà thân thiện và hiếu khách, chắc chắn sẽ quay lại khi có dịp ghé thăm thành phố."
1655507984594559466,10881,2026-09-13,687124,Chimmiii,Mới tham gia Airbnb,5,"Phòng xinhh, sạch sẽ và thoáng đãng lắm ạ."
1655507984594559466,10882,2026-07-26,391435,Lan Hương,5 năm hoạt động trên Airbnb,5,"View đẹp mê ly, căn hộ sáng sủa nhiều ánh sáng tự nhiên. 10/10 điểm cho chất lượng phục vụ!"
1655507984594559466,10883,2026-09-08,275705,Như Hoa,4 năm hoạt động trên Airbnb,5,"Phòng đẹp, xinh. Rất mới. Bày trí rất có gu, chủ nhà nhiệt tình hỗ trợ check-in sớm."
1655507984594559466,10884,2026-07-19,782017,Phương Thảo,Mới tham gia Airbnb,5,"Phòng siêu đẹp y chang trên ảnh, bày trí rất có gu. Phòng mới và sạch sẽ, đầy đủ tiện nghi."
1134800679467924052,10885,2026-09-19,536347,Như Hoa,4 năm hoạt động trên Airbnb,5,"Phòng đẹp, xinh. Rất mới. Bày trí rất có gu, chủ nhà nhiệt tình hỗ trợ check-in sớm."
1134800679467924052,10886,2026-09-01,869683,Phương Thảo,Mới tham gia Airbnb,5,"Phòng siêu đẹp y chang trên ảnh, bày trí rất có gu. Phòng mới và sạch sẽ, đầy đủ tiện nghi."
1134800679467924052,10887,2026-08-11,542920,Thảo,3 năm hoạt động trên Airbnb,5,"Rất sạch đẹp, vị trí trung tâm đi đâu cũng tiện, hồ bơi và ban công ngắm hoàng hôn rất chill."
1134800679467924052,10888,2026-07-28,474389,Chimmiii,Mới tham gia Airbnb,5,"Phòng xinhh, sạch sẽ và thoáng đãng lắm ạ."
1134800679467924052,10889,2026-09-17,678198,Béo,1 năm hoạt động trên Airbnb,5,"Chủ nhà thân thiện và hiếu khách, chắc chắn sẽ quay lại khi có dịp ghé thăm thành phố."
1134800679467924052,10890,2026-08-29,596900,Lan Hương,5 năm hoạt động trên Airbnb,5,"View đẹp mê ly, căn hộ sáng sủa nhiều ánh sáng tự nhiên. 10/10 điểm cho chất lượng phục vụ!"
1759279193090436572,10891,2026-09-14,706108,Chimmiii,Mới tham gia Airbnb,5,"Phòng xinhh, sạch sẽ và thoáng đãng lắm ạ."
1759279193090436572,10892,2026-07-24,846272,Lan Hương,5 năm hoạt động trên Airbnb,5,"View đẹp mê ly, căn hộ sáng sủa nhiều ánh sáng tự nhiên. 10/10 điểm cho chất lượng phục vụ!"
1759279193090436572,10893,2026-08-06,207962,Hoang Phuc,4 năm hoạt động trên Airbnb,5,"Ấm cúng, trang thiết bị hiện đại, giường nệm êm ái ngủ rất ngon."
1759279193090436572,10894,2026-08-29,687851,Thảo,3 năm hoạt động trên Airbnb,5,"Rất sạch đẹp, vị trí trung tâm đi đâu cũng tiện, hồ bơi và ban công ngắm hoàng hôn rất chill."
1759279193090436572,10895,2026-07-20,466326,Quốc Anh,2 năm hoạt động trên Airbnb,5,"Trải nghiệm tuyệt vời! Tự nhận phòng với mã khóa cực kỳ tiện lợi, an ninh tốt."
1759279193090436572,10896,2026-09-08,852434,Như Hoa,4 năm hoạt động trên Airbnb,5,"Phòng đẹp, xinh. Rất mới. Bày trí rất có gu, chủ nhà nhiệt tình hỗ trợ check-in sớm."
1759279193090436572,10897,2026-09-16,282088,Béo,1 năm hoạt động trên Airbnb,5,"Chủ nhà thân thiện và hiếu khách, chắc chắn sẽ quay lại khi có dịp ghé thăm thành phố."
1740641185850741287,10898,2026-08-14,603924,Béo,1 năm hoạt động trên Airbnb,5,"Chủ nhà thân thiện và hiếu khách, chắc chắn sẽ quay lại khi có dịp ghé thăm thành phố."
1740641185850741287,10899,2026-08-26,581148,Chimmiii,Mới tham gia Airbnb,5,"Phòng xinhh, sạch sẽ và thoáng đãng lắm ạ."
1740641185850741287,10900,2026-08-29,275888,Phương Thảo,Mới tham gia Airbnb,5,"Phòng siêu đẹp y chang trên ảnh, bày trí rất có gu. Phòng mới và sạch sẽ, đầy đủ tiện nghi."
1740641185850741287,10901,2026-09-18,787842,Hoang Phuc,4 năm hoạt động trên Airbnb,5,"Ấm cúng, trang thiết bị hiện đại, giường nệm êm ái ngủ rất ngon."
1740641185850741287,10902,2026-07-12,529052,Thảo,3 năm hoạt động trên Airbnb,5,"Rất sạch đẹp, vị trí trung tâm đi đâu cũng tiện, hồ bơi và ban công ngắm hoàng hôn rất chill."
1740641185850741287,10903,2026-08-30,902477,Lan Hương,5 năm hoạt động trên Airbnb,5,"View đẹp mê ly, căn hộ sáng sủa nhiều ánh sáng tự nhiên. 10/10 điểm cho chất lượng phục vụ!"
1740641185850741287,10904,2026-08-06,732452,Quốc Anh,2 năm hoạt động trên Airbnb,5,"Trải nghiệm tuyệt vời! Tự nhận phòng với mã khóa cực kỳ tiện lợi, an ninh tốt."
1740641185850741287,10905,2026-07-21,982093,Như Hoa,4 năm hoạt động trên Airbnb,5,"Phòng đẹp, xinh. Rất mới. Bày trí rất có gu, chủ nhà nhiệt tình hỗ trợ check-in sớm."
1650075076076041902,10906,2026-09-12,479804,Thảo,3 năm hoạt động trên Airbnb,5,"Rất sạch đẹp, vị trí trung tâm đi đâu cũng tiện, hồ bơi và ban công ngắm hoàng hôn rất chill."
1650075076076041902,10907,2026-07-26,606727,Phương Thảo,Mới tham gia Airbnb,5,"Phòng siêu đẹp y chang trên ảnh, bày trí rất có gu. Phòng mới và sạch sẽ, đầy đủ tiện nghi."
1650075076076041902,10908,2026-08-21,705988,Chimmiii,Mới tham gia Airbnb,5,"Phòng xinhh, sạch sẽ và thoáng đãng lắm ạ."
1650075076076041902,10909,2026-09-06,593055,Như Hoa,4 năm hoạt động trên Airbnb,5,"Phòng đẹp, xinh. Rất mới. Bày trí rất có gu, chủ nhà nhiệt tình hỗ trợ check-in sớm."
1683895121669529046,10910,2026-07-01,373086,Béo,1 năm hoạt động trên Airbnb,5,"Chủ nhà thân thiện và hiếu khách, chắc chắn sẽ quay lại khi có dịp ghé thăm thành phố."
1683895121669529046,10911,2026-09-03,546953,Hoang Phuc,4 năm hoạt động trên Airbnb,5,"Ấm cúng, trang thiết bị hiện đại, giường nệm êm ái ngủ rất ngon."
1683895121669529046,10912,2026-07-10,295711,Như Hoa,4 năm hoạt động trên Airbnb,5,"Phòng đẹp, xinh. Rất mới. Bày trí rất có gu, chủ nhà nhiệt tình hỗ trợ check-in sớm."
1683895121669529046,10913,2026-07-11,994682,Phương Thảo,Mới tham gia Airbnb,5,"Phòng siêu đẹp y chang trên ảnh, bày trí rất có gu. Phòng mới và sạch sẽ, đầy đủ tiện nghi."
1541706914648785318,10914,2026-08-28,493288,Phương Thảo,Mới tham gia Airbnb,5,"Phòng siêu đẹp y chang trên ảnh, bày trí rất có gu. Phòng mới và sạch sẽ, đầy đủ tiện nghi."
1541706914648785318,10915,2026-08-14,589863,Hoang Phuc,4 năm hoạt động trên Airbnb,5,"Ấm cúng, trang thiết bị hiện đại, giường nệm êm ái ngủ rất ngon."
1541706914648785318,10916,2026-08-21,523116,Như Hoa,4 năm hoạt động trên Airbnb,5,"Phòng đẹp, xinh. Rất mới. Bày trí rất có gu, chủ nhà nhiệt tình hỗ trợ check-in sớm."
1541706914648785318,10917,2026-09-22,695713,Chimmiii,Mới tham gia Airbnb,5,"Phòng xinhh, sạch sẽ và thoáng đãng lắm ạ."
1471613664707191516,10918,2026-08-06,465981,Béo,1 năm hoạt động trên Airbnb,5,"Chủ nhà thân thiện và hiếu khách, chắc chắn sẽ quay lại khi có dịp ghé thăm thành phố."
1471613664707191516,10919,2026-09-14,568801,Quốc Anh,2 năm hoạt động trên Airbnb,5,"Trải nghiệm tuyệt vời! Tự nhận phòng với mã khóa cực kỳ tiện lợi, an ninh tốt."
1471613664707191516,10920,2026-07-25,526739,Hoang Phuc,4 năm hoạt động trên Airbnb,5,"Ấm cúng, trang thiết bị hiện đại, giường nệm êm ái ngủ rất ngon."
1471613664707191516,10921,2026-09-18,412871,Lan Hương,5 năm hoạt động trên Airbnb,5,"View đẹp mê ly, căn hộ sáng sủa nhiều ánh sáng tự nhiên. 10/10 điểm cho chất lượng phục vụ!"
1707742547077209195,10922,2026-07-18,960345,Hoang Phuc,4 năm hoạt động trên Airbnb,5,"Ấm cúng, trang thiết bị hiện đại, giường nệm êm ái ngủ rất ngon."
1707742547077209195,10923,2026-08-07,546102,Lan Hương,5 năm hoạt động trên Airbnb,5,"View đẹp mê ly, căn hộ sáng sủa nhiều ánh sáng tự nhiên. 10/10 điểm cho chất lượng phục vụ!"
1707742547077209195,10924,2026-07-23,970318,Như Hoa,4 năm hoạt động trên Airbnb,5,"Phòng đẹp, xinh. Rất mới. Bày trí rất có gu, chủ nhà nhiệt tình hỗ trợ check-in sớm."
1707742547077209195,10925,2026-08-24,790798,Thảo,3 năm hoạt động trên Airbnb,5,"Rất sạch đẹp, vị trí trung tâm đi đâu cũng tiện, hồ bơi và ban công ngắm hoàng hôn rất chill."
1618166449104069713,10926,2026-07-23,856211,Quốc Anh,2 năm hoạt động trên Airbnb,5,"Trải nghiệm tuyệt vời! Tự nhận phòng với mã khóa cực kỳ tiện lợi, an ninh tốt."
1618166449104069713,10927,2026-09-02,950049,Như Hoa,4 năm hoạt động trên Airbnb,5,"Phòng đẹp, xinh. Rất mới. Bày trí rất có gu, chủ nhà nhiệt tình hỗ trợ check-in sớm."
1618166449104069713,10928,2026-07-24,355220,Phương Thảo,Mới tham gia Airbnb,5,"Phòng siêu đẹp y chang trên ảnh, bày trí rất có gu. Phòng mới và sạch sẽ, đầy đủ tiện nghi."
1618166449104069713,10929,2026-08-21,631427,Chimmiii,Mới tham gia Airbnb,5,"Phòng xinhh, sạch sẽ và thoáng đãng lắm ạ."
1618166449104069713,10930,2026-09-20,503464,Hoang Phuc,4 năm hoạt động trên Airbnb,5,"Ấm cúng, trang thiết bị hiện đại, giường nệm êm ái ngủ rất ngon."
1618166449104069713,10931,2026-08-26,363829,Lan Hương,5 năm hoạt động trên Airbnb,5,"View đẹp mê ly, căn hộ sáng sủa nhiều ánh sáng tự nhiên. 10/10 điểm cho chất lượng phục vụ!"
1618166449104069713,10932,2026-08-12,973720,Béo,1 năm hoạt động trên Airbnb,5,"Chủ nhà thân thiện và hiếu khách, chắc chắn sẽ quay lại khi có dịp ghé thăm thành phố."
1618166449104069713,10933,2026-09-10,333160,Thảo,3 năm hoạt động trên Airbnb,5,"Rất sạch đẹp, vị trí trung tâm đi đâu cũng tiện, hồ bơi và ban công ngắm hoàng hôn rất chill."
1747152242706948886,10934,2026-09-07,823365,Như Hoa,4 năm hoạt động trên Airbnb,5,"Phòng đẹp, xinh. Rất mới. Bày trí rất có gu, chủ nhà nhiệt tình hỗ trợ check-in sớm."
1747152242706948886,10935,2026-08-25,238655,Hoang Phuc,4 năm hoạt động trên Airbnb,5,"Ấm cúng, trang thiết bị hiện đại, giường nệm êm ái ngủ rất ngon."
1747152242706948886,10936,2026-07-02,843876,Thảo,3 năm hoạt động trên Airbnb,5,"Rất sạch đẹp, vị trí trung tâm đi đâu cũng tiện, hồ bơi và ban công ngắm hoàng hôn rất chill."
1747152242706948886,10937,2026-09-22,559550,Phương Thảo,Mới tham gia Airbnb,5,"Phòng siêu đẹp y chang trên ảnh, bày trí rất có gu. Phòng mới và sạch sẽ, đầy đủ tiện nghi."
1747152242706948886,10938,2026-07-11,502150,Quốc Anh,2 năm hoạt động trên Airbnb,5,"Trải nghiệm tuyệt vời! Tự nhận phòng với mã khóa cực kỳ tiện lợi, an ninh tốt."
1432440764109840893,10939,2026-08-06,530763,Phương Thảo,Mới tham gia Airbnb,5,"Phòng siêu đẹp y chang trên ảnh, bày trí rất có gu. Phòng mới và sạch sẽ, đầy đủ tiện nghi."
1432440764109840893,10940,2026-08-08,630350,Béo,1 năm hoạt động trên Airbnb,5,"Chủ nhà thân thiện và hiếu khách, chắc chắn sẽ quay lại khi có dịp ghé thăm thành phố."
1432440764109840893,10941,2026-08-19,353913,Chimmiii,Mới tham gia Airbnb,5,"Phòng xinhh, sạch sẽ và thoáng đãng lắm ạ."
1432440764109840893,10942,2026-07-08,882978,Quốc Anh,2 năm hoạt động trên Airbnb,5,"Trải nghiệm tuyệt vời! Tự nhận phòng với mã khóa cực kỳ tiện lợi, an ninh tốt."
1432440764109840893,10943,2026-07-08,775054,Như Hoa,4 năm hoạt động trên Airbnb,5,"Phòng đẹp, xinh. Rất mới. Bày trí rất có gu, chủ nhà nhiệt tình hỗ trợ check-in sớm."
1432440764109840893,10944,2026-08-26,998160,Thảo,3 năm hoạt động trên Airbnb,5,"Rất sạch đẹp, vị trí trung tâm đi đâu cũng tiện, hồ bơi và ban công ngắm hoàng hôn rất chill."
1432440764109840893,10945,2026-06-28,239011,Lan Hương,5 năm hoạt động trên Airbnb,5,"View đẹp mê ly, căn hộ sáng sủa nhiều ánh sáng tự nhiên. 10/10 điểm cho chất lượng phục vụ!"
1651824923883197150,10946,2026-07-25,868734,Hoang Phuc,4 năm hoạt động trên Airbnb,5,"Ấm cúng, trang thiết bị hiện đại, giường nệm êm ái ngủ rất ngon."
1651824923883197150,10947,2026-07-10,523129,Phương Thảo,Mới tham gia Airbnb,5,"Phòng siêu đẹp y chang trên ảnh, bày trí rất có gu. Phòng mới và sạch sẽ, đầy đủ tiện nghi."
1651824923883197150,10948,2026-09-14,953224,Chimmiii,Mới tham gia Airbnb,5,"Phòng xinhh, sạch sẽ và thoáng đãng lắm ạ."
1651824923883197150,10949,2026-07-06,562876,Béo,1 năm hoạt động trên Airbnb,5,"Chủ nhà thân thiện và hiếu khách, chắc chắn sẽ quay lại khi có dịp ghé thăm thành phố."
1651824923883197150,10950,2026-07-06,585600,Như Hoa,4 năm hoạt động trên Airbnb,5,"Phòng đẹp, xinh. Rất mới. Bày trí rất có gu, chủ nhà nhiệt tình hỗ trợ check-in sớm."
1651824923883197150,10951,2026-08-26,798784,Thảo,3 năm hoạt động trên Airbnb,5,"Rất sạch đẹp, vị trí trung tâm đi đâu cũng tiện, hồ bơi và ban công ngắm hoàng hôn rất chill."
1651824923883197150,10952,2026-08-23,442888,Lan Hương,5 năm hoạt động trên Airbnb,5,"View đẹp mê ly, căn hộ sáng sủa nhiều ánh sáng tự nhiên. 10/10 điểm cho chất lượng phục vụ!"
1651824923883197150,10953,2026-06-28,376487,Quốc Anh,2 năm hoạt động trên Airbnb,5,"Trải nghiệm tuyệt vời! Tự nhận phòng với mã khóa cực kỳ tiện lợi, an ninh tốt."
1418548279496705934,10954,2026-07-18,293530,Thảo,3 năm hoạt động trên Airbnb,5,"Rất sạch đẹp, vị trí trung tâm đi đâu cũng tiện, hồ bơi và ban công ngắm hoàng hôn rất chill."
1418548279496705934,10955,2026-09-03,496608,Chimmiii,Mới tham gia Airbnb,5,"Phòng xinhh, sạch sẽ và thoáng đãng lắm ạ."
1418548279496705934,10956,2026-07-08,680102,Quốc Anh,2 năm hoạt động trên Airbnb,5,"Trải nghiệm tuyệt vời! Tự nhận phòng với mã khóa cực kỳ tiện lợi, an ninh tốt."
1418548279496705934,10957,2026-09-02,224270,Hoang Phuc,4 năm hoạt động trên Airbnb,5,"Ấm cúng, trang thiết bị hiện đại, giường nệm êm ái ngủ rất ngon."
1418548279496705934,10958,2026-07-21,924225,Béo,1 năm hoạt động trên Airbnb,5,"Chủ nhà thân thiện và hiếu khách, chắc chắn sẽ quay lại khi có dịp ghé thăm thành phố."
1418548279496705934,10959,2026-07-17,669069,Phương Thảo,Mới tham gia Airbnb,5,"Phòng siêu đẹp y chang trên ảnh, bày trí rất có gu. Phòng mới và sạch sẽ, đầy đủ tiện nghi."
1588187504605957648,10960,2026-08-25,443908,Béo,1 năm hoạt động trên Airbnb,5,"Chủ nhà thân thiện và hiếu khách, chắc chắn sẽ quay lại khi có dịp ghé thăm thành phố."
1588187504605957648,10961,2026-09-05,440177,Chimmiii,Mới tham gia Airbnb,5,"Phòng xinhh, sạch sẽ và thoáng đãng lắm ạ."
1588187504605957648,10962,2026-07-23,722616,Hoang Phuc,4 năm hoạt động trên Airbnb,5,"Ấm cúng, trang thiết bị hiện đại, giường nệm êm ái ngủ rất ngon."
1588187504605957648,10963,2026-07-06,858844,Như Hoa,4 năm hoạt động trên Airbnb,5,"Phòng đẹp, xinh. Rất mới. Bày trí rất có gu, chủ nhà nhiệt tình hỗ trợ check-in sớm."
1588187504605957648,10964,2026-08-18,256545,Phương Thảo,Mới tham gia Airbnb,5,"Phòng siêu đẹp y chang trên ảnh, bày trí rất có gu. Phòng mới và sạch sẽ, đầy đủ tiện nghi."
1588187504605957648,10965,2026-08-05,812455,Lan Hương,5 năm hoạt động trên Airbnb,5,"View đẹp mê ly, căn hộ sáng sủa nhiều ánh sáng tự nhiên. 10/10 điểm cho chất lượng phục vụ!"
1588187504605957648,10966,2026-07-11,320972,Quốc Anh,2 năm hoạt động trên Airbnb,5,"Trải nghiệm tuyệt vời! Tự nhận phòng với mã khóa cực kỳ tiện lợi, an ninh tốt."
1588187504605957648,10967,2026-09-14,582281,Thảo,3 năm hoạt động trên Airbnb,5,"Rất sạch đẹp, vị trí trung tâm đi đâu cũng tiện, hồ bơi và ban công ngắm hoàng hôn rất chill."
1115180932283240729,10968,2026-09-10,255065,Hoang Phuc,4 năm hoạt động trên Airbnb,5,"Ấm cúng, trang thiết bị hiện đại, giường nệm êm ái ngủ rất ngon."
1115180932283240729,10969,2026-09-18,262674,Thảo,3 năm hoạt động trên Airbnb,5,"Rất sạch đẹp, vị trí trung tâm đi đâu cũng tiện, hồ bơi và ban công ngắm hoàng hôn rất chill."
1115180932283240729,10970,2026-06-30,377402,Lan Hương,5 năm hoạt động trên Airbnb,5,"View đẹp mê ly, căn hộ sáng sủa nhiều ánh sáng tự nhiên. 10/10 điểm cho chất lượng phục vụ!"
1115180932283240729,10971,2026-07-18,303177,Như Hoa,4 năm hoạt động trên Airbnb,5,"Phòng đẹp, xinh. Rất mới. Bày trí rất có gu, chủ nhà nhiệt tình hỗ trợ check-in sớm."
1115180932283240729,10972,2026-08-17,904187,Béo,1 năm hoạt động trên Airbnb,5,"Chủ nhà thân thiện và hiếu khách, chắc chắn sẽ quay lại khi có dịp ghé thăm thành phố."
1638102907788047018,10973,2026-07-19,265721,Thảo,3 năm hoạt động trên Airbnb,5,"Rất sạch đẹp, vị trí trung tâm đi đâu cũng tiện, hồ bơi và ban công ngắm hoàng hôn rất chill."
1638102907788047018,10974,2026-09-12,473688,Béo,1 năm hoạt động trên Airbnb,5,"Chủ nhà thân thiện và hiếu khách, chắc chắn sẽ quay lại khi có dịp ghé thăm thành phố."
1638102907788047018,10975,2026-07-11,223186,Quốc Anh,2 năm hoạt động trên Airbnb,5,"Trải nghiệm tuyệt vời! Tự nhận phòng với mã khóa cực kỳ tiện lợi, an ninh tốt."
1638102907788047018,10976,2026-08-21,761048,Chimmiii,Mới tham gia Airbnb,5,"Phòng xinhh, sạch sẽ và thoáng đãng lắm ạ."
1325216704947683119,10977,2026-08-09,534653,Chimmiii,Mới tham gia Airbnb,5,"Phòng xinhh, sạch sẽ và thoáng đãng lắm ạ."
1325216704947683119,10978,2026-09-11,909519,Lan Hương,5 năm hoạt động trên Airbnb,5,"View đẹp mê ly, căn hộ sáng sủa nhiều ánh sáng tự nhiên. 10/10 điểm cho chất lượng phục vụ!"
1325216704947683119,10979,2026-08-15,802662,Quốc Anh,2 năm hoạt động trên Airbnb,5,"Trải nghiệm tuyệt vời! Tự nhận phòng với mã khóa cực kỳ tiện lợi, an ninh tốt."
1325216704947683119,10980,2026-09-22,327036,Như Hoa,4 năm hoạt động trên Airbnb,5,"Phòng đẹp, xinh. Rất mới. Bày trí rất có gu, chủ nhà nhiệt tình hỗ trợ check-in sớm."
1066187855858301401,10981,2026-06-28,429202,Béo,1 năm hoạt động trên Airbnb,5,"Chủ nhà thân thiện và hiếu khách, chắc chắn sẽ quay lại khi có dịp ghé thăm thành phố."
1066187855858301401,10982,2026-09-17,958280,Quốc Anh,2 năm hoạt động trên Airbnb,5,"Trải nghiệm tuyệt vời! Tự nhận phòng với mã khóa cực kỳ tiện lợi, an ninh tốt."
1066187855858301401,10983,2026-07-08,483715,Hoang Phuc,4 năm hoạt động trên Airbnb,5,"Ấm cúng, trang thiết bị hiện đại, giường nệm êm ái ngủ rất ngon."
1066187855858301401,10984,2026-08-12,305853,Như Hoa,4 năm hoạt động trên Airbnb,5,"Phòng đẹp, xinh. Rất mới. Bày trí rất có gu, chủ nhà nhiệt tình hỗ trợ check-in sớm."
1066187855858301401,10985,2026-09-04,618934,Phương Thảo,Mới tham gia Airbnb,5,"Phòng siêu đẹp y chang trên ảnh, bày trí rất có gu. Phòng mới và sạch sẽ, đầy đủ tiện nghi."
1066187855858301401,10986,2026-08-15,653610,Thảo,3 năm hoạt động trên Airbnb,5,"Rất sạch đẹp, vị trí trung tâm đi đâu cũng tiện, hồ bơi và ban công ngắm hoàng hôn rất chill."
1342829039280366993,10987,2026-07-16,579709,Quốc Anh,2 năm hoạt động trên Airbnb,5,"Trải nghiệm tuyệt vời! Tự nhận phòng với mã khóa cực kỳ tiện lợi, an ninh tốt."
1342829039280366993,10988,2026-08-21,657396,Lan Hương,5 năm hoạt động trên Airbnb,5,"View đẹp mê ly, căn hộ sáng sủa nhiều ánh sáng tự nhiên. 10/10 điểm cho chất lượng phục vụ!"
1342829039280366993,10989,2026-07-28,363988,Thảo,3 năm hoạt động trên Airbnb,5,"Rất sạch đẹp, vị trí trung tâm đi đâu cũng tiện, hồ bơi và ban công ngắm hoàng hôn rất chill."
1342829039280366993,10990,2026-08-01,315811,Phương Thảo,Mới tham gia Airbnb,5,"Phòng siêu đẹp y chang trên ảnh, bày trí rất có gu. Phòng mới và sạch sẽ, đầy đủ tiện nghi."
1342829039280366993,10991,2026-08-20,287318,Như Hoa,4 năm hoạt động trên Airbnb,5,"Phòng đẹp, xinh. Rất mới. Bày trí rất có gu, chủ nhà nhiệt tình hỗ trợ check-in sớm."
1342829039280366993,10992,2026-08-12,462103,Béo,1 năm hoạt động trên Airbnb,5,"Chủ nhà thân thiện và hiếu khách, chắc chắn sẽ quay lại khi có dịp ghé thăm thành phố."
1342829039280366993,10993,2026-07-11,591426,Chimmiii,Mới tham gia Airbnb,5,"Phòng xinhh, sạch sẽ và thoáng đãng lắm ạ."
820674519056107556,10994,2026-07-19,570799,Quốc Anh,2 năm hoạt động trên Airbnb,5,"Trải nghiệm tuyệt vời! Tự nhận phòng với mã khóa cực kỳ tiện lợi, an ninh tốt."
820674519056107556,10995,2026-07-25,474730,Thảo,3 năm hoạt động trên Airbnb,5,"Rất sạch đẹp, vị trí trung tâm đi đâu cũng tiện, hồ bơi và ban công ngắm hoàng hôn rất chill."
820674519056107556,10996,2026-09-22,987287,Chimmiii,Mới tham gia Airbnb,5,"Phòng xinhh, sạch sẽ và thoáng đãng lắm ạ."
820674519056107556,10997,2026-07-04,907326,Phương Thảo,Mới tham gia Airbnb,5,"Phòng siêu đẹp y chang trên ảnh, bày trí rất có gu. Phòng mới và sạch sẽ, đầy đủ tiện nghi."
820674519056107556,10998,2026-08-08,404875,Như Hoa,4 năm hoạt động trên Airbnb,5,"Phòng đẹp, xinh. Rất mới. Bày trí rất có gu, chủ nhà nhiệt tình hỗ trợ check-in sớm."
1543564408763793072,10999,2026-08-12,719117,Phương Thảo,Mới tham gia Airbnb,5,"Phòng siêu đẹp y chang trên ảnh, bày trí rất có gu. Phòng mới và sạch sẽ, đầy đủ tiện nghi."
1543564408763793072,11000,2026-08-07,663303,Hoang Phuc,4 năm hoạt động trên Airbnb,5,"Ấm cúng, trang thiết bị hiện đại, giường nệm êm ái ngủ rất ngon."
1543564408763793072,11001,2026-08-16,964464,Béo,1 năm hoạt động trên Airbnb,5,"Chủ nhà thân thiện và hiếu khách, chắc chắn sẽ quay lại khi có dịp ghé thăm thành phố."
1543564408763793072,11002,2026-09-23,449445,Lan Hương,5 năm hoạt động trên Airbnb,5,"View đẹp mê ly, căn hộ sáng sủa nhiều ánh sáng tự nhiên. 10/10 điểm cho chất lượng phục vụ!"
1582651209812729253,11003,2026-08-05,816045,Béo,1 năm hoạt động trên Airbnb,5,"Chủ nhà thân thiện và hiếu khách, chắc chắn sẽ quay lại khi có dịp ghé thăm thành phố."
1582651209812729253,11004,2026-08-09,877769,Thảo,3 năm hoạt động trên Airbnb,5,"Rất sạch đẹp, vị trí trung tâm đi đâu cũng tiện, hồ bơi và ban công ngắm hoàng hôn rất chill."
1582651209812729253,11005,2026-07-24,694320,Phương Thảo,Mới tham gia Airbnb,5,"Phòng siêu đẹp y chang trên ảnh, bày trí rất có gu. Phòng mới và sạch sẽ, đầy đủ tiện nghi."
1582651209812729253,11006,2026-09-13,971849,Lan Hương,5 năm hoạt động trên Airbnb,5,"View đẹp mê ly, căn hộ sáng sủa nhiều ánh sáng tự nhiên. 10/10 điểm cho chất lượng phục vụ!"
1582651209812729253,11007,2026-07-28,983990,Quốc Anh,2 năm hoạt động trên Airbnb,5,"Trải nghiệm tuyệt vời! Tự nhận phòng với mã khóa cực kỳ tiện lợi, an ninh tốt."
1582651209812729253,11008,2026-09-07,835348,Chimmiii,Mới tham gia Airbnb,5,"Phòng xinhh, sạch sẽ và thoáng đãng lắm ạ."
1582651209812729253,11009,2026-08-22,202824,Như Hoa,4 năm hoạt động trên Airbnb,5,"Phòng đẹp, xinh. Rất mới. Bày trí rất có gu, chủ nhà nhiệt tình hỗ trợ check-in sớm."
1582651209812729253,11010,2026-07-21,888238,Hoang Phuc,4 năm hoạt động trên Airbnb,5,"Ấm cúng, trang thiết bị hiện đại, giường nệm êm ái ngủ rất ngon."
1369410600968367517,11011,2026-09-13,806451,Thảo,3 năm hoạt động trên Airbnb,5,"Rất sạch đẹp, vị trí trung tâm đi đâu cũng tiện, hồ bơi và ban công ngắm hoàng hôn rất chill."
1369410600968367517,11012,2026-07-28,965391,Béo,1 năm hoạt động trên Airbnb,5,"Chủ nhà thân thiện và hiếu khách, chắc chắn sẽ quay lại khi có dịp ghé thăm thành phố."
1369410600968367517,11013,2026-07-27,762124,Chimmiii,Mới tham gia Airbnb,5,"Phòng xinhh, sạch sẽ và thoáng đãng lắm ạ."
1369410600968367517,11014,2026-08-11,726572,Quốc Anh,2 năm hoạt động trên Airbnb,5,"Trải nghiệm tuyệt vời! Tự nhận phòng với mã khóa cực kỳ tiện lợi, an ninh tốt."
1631548325461506662,11015,2026-08-24,435416,Thảo,3 năm hoạt động trên Airbnb,5,"Rất sạch đẹp, vị trí trung tâm đi đâu cũng tiện, hồ bơi và ban công ngắm hoàng hôn rất chill."
1631548325461506662,11016,2026-08-08,463198,Hoang Phuc,4 năm hoạt động trên Airbnb,5,"Ấm cúng, trang thiết bị hiện đại, giường nệm êm ái ngủ rất ngon."
1631548325461506662,11017,2026-09-02,706906,Như Hoa,4 năm hoạt động trên Airbnb,5,"Phòng đẹp, xinh. Rất mới. Bày trí rất có gu, chủ nhà nhiệt tình hỗ trợ check-in sớm."
1631548325461506662,11018,2026-09-11,748195,Phương Thảo,Mới tham gia Airbnb,5,"Phòng siêu đẹp y chang trên ảnh, bày trí rất có gu. Phòng mới và sạch sẽ, đầy đủ tiện nghi."
1631548325461506662,11019,2026-08-20,611998,Béo,1 năm hoạt động trên Airbnb,5,"Chủ nhà thân thiện và hiếu khách, chắc chắn sẽ quay lại khi có dịp ghé thăm thành phố."
1573868593889975018,11020,2026-07-30,360734,Quốc Anh,2 năm hoạt động trên Airbnb,5,"Trải nghiệm tuyệt vời! Tự nhận phòng với mã khóa cực kỳ tiện lợi, an ninh tốt."
1573868593889975018,11021,2026-06-29,262399,Thảo,3 năm hoạt động trên Airbnb,5,"Rất sạch đẹp, vị trí trung tâm đi đâu cũng tiện, hồ bơi và ban công ngắm hoàng hôn rất chill."
1573868593889975018,11022,2026-08-25,239271,Chimmiii,Mới tham gia Airbnb,5,"Phòng xinhh, sạch sẽ và thoáng đãng lắm ạ."
1573868593889975018,11023,2026-07-08,858001,Như Hoa,4 năm hoạt động trên Airbnb,5,"Phòng đẹp, xinh. Rất mới. Bày trí rất có gu, chủ nhà nhiệt tình hỗ trợ check-in sớm."
1573868593889975018,11024,2026-08-14,896869,Béo,1 năm hoạt động trên Airbnb,5,"Chủ nhà thân thiện và hiếu khách, chắc chắn sẽ quay lại khi có dịp ghé thăm thành phố."
1573868593889975018,11025,2026-09-04,432358,Phương Thảo,Mới tham gia Airbnb,5,"Phòng siêu đẹp y chang trên ảnh, bày trí rất có gu. Phòng mới và sạch sẽ, đầy đủ tiện nghi."
25326842,11026,2026-07-29,220570,Hoang Phuc,4 năm hoạt động trên Airbnb,5,"Ấm cúng, trang thiết bị hiện đại, giường nệm êm ái ngủ rất ngon."
25326842,11027,2026-08-04,568961,Chimmiii,Mới tham gia Airbnb,5,"Phòng xinhh, sạch sẽ và thoáng đãng lắm ạ."
25326842,11028,2026-08-15,951771,Thảo,3 năm hoạt động trên Airbnb,5,"Rất sạch đẹp, vị trí trung tâm đi đâu cũng tiện, hồ bơi và ban công ngắm hoàng hôn rất chill."
25326842,11029,2026-07-27,813991,Lan Hương,5 năm hoạt động trên Airbnb,5,"View đẹp mê ly, căn hộ sáng sủa nhiều ánh sáng tự nhiên. 10/10 điểm cho chất lượng phục vụ!"
25326842,11030,2026-09-22,560604,Quốc Anh,2 năm hoạt động trên Airbnb,5,"Trải nghiệm tuyệt vời! Tự nhận phòng với mã khóa cực kỳ tiện lợi, an ninh tốt."
25326842,11031,2026-06-30,803412,Phương Thảo,Mới tham gia Airbnb,5,"Phòng siêu đẹp y chang trên ảnh, bày trí rất có gu. Phòng mới và sạch sẽ, đầy đủ tiện nghi."
1405580691731155338,11032,2026-08-16,913488,Béo,1 năm hoạt động trên Airbnb,5,"Chủ nhà thân thiện và hiếu khách, chắc chắn sẽ quay lại khi có dịp ghé thăm thành phố."
1405580691731155338,11033,2026-09-21,807995,Phương Thảo,Mới tham gia Airbnb,5,"Phòng siêu đẹp y chang trên ảnh, bày trí rất có gu. Phòng mới và sạch sẽ, đầy đủ tiện nghi."
1405580691731155338,11034,2026-08-28,309782,Chimmiii,Mới tham gia Airbnb,5,"Phòng xinhh, sạch sẽ và thoáng đãng lắm ạ."
1405580691731155338,11035,2026-07-27,423932,Như Hoa,4 năm hoạt động trên Airbnb,5,"Phòng đẹp, xinh. Rất mới. Bày trí rất có gu, chủ nhà nhiệt tình hỗ trợ check-in sớm."
1687122277106767090,11036,2026-09-02,266849,Như Hoa,4 năm hoạt động trên Airbnb,5,"Phòng đẹp, xinh. Rất mới. Bày trí rất có gu, chủ nhà nhiệt tình hỗ trợ check-in sớm."
1687122277106767090,11037,2026-08-30,917058,Quốc Anh,2 năm hoạt động trên Airbnb,5,"Trải nghiệm tuyệt vời! Tự nhận phòng với mã khóa cực kỳ tiện lợi, an ninh tốt."
1687122277106767090,11038,2026-07-20,569321,Lan Hương,5 năm hoạt động trên Airbnb,5,"View đẹp mê ly, căn hộ sáng sủa nhiều ánh sáng tự nhiên. 10/10 điểm cho chất lượng phục vụ!"
1687122277106767090,11039,2026-09-14,444921,Béo,1 năm hoạt động trên Airbnb,5,"Chủ nhà thân thiện và hiếu khách, chắc chắn sẽ quay lại khi có dịp ghé thăm thành phố."
1687122277106767090,11040,2026-08-14,939925,Thảo,3 năm hoạt động trên Airbnb,5,"Rất sạch đẹp, vị trí trung tâm đi đâu cũng tiện, hồ bơi và ban công ngắm hoàng hôn rất chill."
1687122277106767090,11041,2026-08-10,632743,Hoang Phuc,4 năm hoạt động trên Airbnb,5,"Ấm cúng, trang thiết bị hiện đại, giường nệm êm ái ngủ rất ngon."
1771432070237932638,11042,2026-07-08,328634,Như Hoa,4 năm hoạt động trên Airbnb,5,"Phòng đẹp, xinh. Rất mới. Bày trí rất có gu, chủ nhà nhiệt tình hỗ trợ check-in sớm."
1771432070237932638,11043,2026-07-20,245191,Thảo,3 năm hoạt động trên Airbnb,5,"Rất sạch đẹp, vị trí trung tâm đi đâu cũng tiện, hồ bơi và ban công ngắm hoàng hôn rất chill."
1771432070237932638,11044,2026-07-25,821293,Lan Hương,5 năm hoạt động trên Airbnb,5,"View đẹp mê ly, căn hộ sáng sủa nhiều ánh sáng tự nhiên. 10/10 điểm cho chất lượng phục vụ!"
1771432070237932638,11045,2026-08-25,611623,Quốc Anh,2 năm hoạt động trên Airbnb,5,"Trải nghiệm tuyệt vời! Tự nhận phòng với mã khóa cực kỳ tiện lợi, an ninh tốt."
1771432070237932638,11046,2026-08-02,218153,Hoang Phuc,4 năm hoạt động trên Airbnb,5,"Ấm cúng, trang thiết bị hiện đại, giường nệm êm ái ngủ rất ngon."
1752071150109291027,11047,2026-08-25,638040,Phương Thảo,Mới tham gia Airbnb,5,"Phòng siêu đẹp y chang trên ảnh, bày trí rất có gu. Phòng mới và sạch sẽ, đầy đủ tiện nghi."
1752071150109291027,11048,2026-08-23,294884,Chimmiii,Mới tham gia Airbnb,5,"Phòng xinhh, sạch sẽ và thoáng đãng lắm ạ."
1752071150109291027,11049,2026-09-07,361663,Quốc Anh,2 năm hoạt động trên Airbnb,5,"Trải nghiệm tuyệt vời! Tự nhận phòng với mã khóa cực kỳ tiện lợi, an ninh tốt."
1752071150109291027,11050,2026-08-08,808896,Béo,1 năm hoạt động trên Airbnb,5,"Chủ nhà thân thiện và hiếu khách, chắc chắn sẽ quay lại khi có dịp ghé thăm thành phố."
1752071150109291027,11051,2026-07-04,291099,Hoang Phuc,4 năm hoạt động trên Airbnb,5,"Ấm cúng, trang thiết bị hiện đại, giường nệm êm ái ngủ rất ngon."
1638095239950804752,11052,2026-08-09,964193,Như Hoa,4 năm hoạt động trên Airbnb,5,"Phòng đẹp, xinh. Rất mới. Bày trí rất có gu, chủ nhà nhiệt tình hỗ trợ check-in sớm."
1638095239950804752,11053,2026-08-02,269350,Chimmiii,Mới tham gia Airbnb,5,"Phòng xinhh, sạch sẽ và thoáng đãng lắm ạ."
1638095239950804752,11054,2026-09-16,669699,Thảo,3 năm hoạt động trên Airbnb,5,"Rất sạch đẹp, vị trí trung tâm đi đâu cũng tiện, hồ bơi và ban công ngắm hoàng hôn rất chill."
1638095239950804752,11055,2026-08-24,584912,Quốc Anh,2 năm hoạt động trên Airbnb,5,"Trải nghiệm tuyệt vời! Tự nhận phòng với mã khóa cực kỳ tiện lợi, an ninh tốt."
1746826077686372200,11056,2026-07-25,767735,Thảo,3 năm hoạt động trên Airbnb,5,"Rất sạch đẹp, vị trí trung tâm đi đâu cũng tiện, hồ bơi và ban công ngắm hoàng hôn rất chill."
1746826077686372200,11057,2026-09-13,807247,Béo,1 năm hoạt động trên Airbnb,5,"Chủ nhà thân thiện và hiếu khách, chắc chắn sẽ quay lại khi có dịp ghé thăm thành phố."
1746826077686372200,11058,2026-08-13,523969,Phương Thảo,Mới tham gia Airbnb,5,"Phòng siêu đẹp y chang trên ảnh, bày trí rất có gu. Phòng mới và sạch sẽ, đầy đủ tiện nghi."
1746826077686372200,11059,2026-07-21,622258,Chimmiii,Mới tham gia Airbnb,5,"Phòng xinhh, sạch sẽ và thoáng đãng lắm ạ."
1746826077686372200,11060,2026-08-13,785986,Lan Hương,5 năm hoạt động trên Airbnb,5,"View đẹp mê ly, căn hộ sáng sủa nhiều ánh sáng tự nhiên. 10/10 điểm cho chất lượng phục vụ!"
1746826077686372200,11061,2026-07-31,530790,Quốc Anh,2 năm hoạt động trên Airbnb,5,"Trải nghiệm tuyệt vời! Tự nhận phòng với mã khóa cực kỳ tiện lợi, an ninh tốt."
1746826077686372200,11062,2026-09-21,385333,Như Hoa,4 năm hoạt động trên Airbnb,5,"Phòng đẹp, xinh. Rất mới. Bày trí rất có gu, chủ nhà nhiệt tình hỗ trợ check-in sớm."
1712029065520730376,11063,2026-08-04,447191,Chimmiii,Mới tham gia Airbnb,5,"Phòng xinhh, sạch sẽ và thoáng đãng lắm ạ."
1712029065520730376,11064,2026-08-20,272691,Lan Hương,5 năm hoạt động trên Airbnb,5,"View đẹp mê ly, căn hộ sáng sủa nhiều ánh sáng tự nhiên. 10/10 điểm cho chất lượng phục vụ!"
1712029065520730376,11065,2026-09-13,605121,Thảo,3 năm hoạt động trên Airbnb,5,"Rất sạch đẹp, vị trí trung tâm đi đâu cũng tiện, hồ bơi và ban công ngắm hoàng hôn rất chill."
1712029065520730376,11066,2026-08-22,455986,Như Hoa,4 năm hoạt động trên Airbnb,5,"Phòng đẹp, xinh. Rất mới. Bày trí rất có gu, chủ nhà nhiệt tình hỗ trợ check-in sớm."
1712029065520730376,11067,2026-07-09,481721,Hoang Phuc,4 năm hoạt động trên Airbnb,5,"Ấm cúng, trang thiết bị hiện đại, giường nệm êm ái ngủ rất ngon."
1712029065520730376,11068,2026-09-18,628563,Quốc Anh,2 năm hoạt động trên Airbnb,5,"Trải nghiệm tuyệt vời! Tự nhận phòng với mã khóa cực kỳ tiện lợi, an ninh tốt."
1712029065520730376,11069,2026-08-30,491087,Phương Thảo,Mới tham gia Airbnb,5,"Phòng siêu đẹp y chang trên ảnh, bày trí rất có gu. Phòng mới và sạch sẽ, đầy đủ tiện nghi."
1652921980363817923,11070,2026-08-24,354893,Lan Hương,5 năm hoạt động trên Airbnb,5,"View đẹp mê ly, căn hộ sáng sủa nhiều ánh sáng tự nhiên. 10/10 điểm cho chất lượng phục vụ!"
1652921980363817923,11071,2026-07-01,372560,Chimmiii,Mới tham gia Airbnb,5,"Phòng xinhh, sạch sẽ và thoáng đãng lắm ạ."
1652921980363817923,11072,2026-08-13,422368,Hoang Phuc,4 năm hoạt động trên Airbnb,5,"Ấm cúng, trang thiết bị hiện đại, giường nệm êm ái ngủ rất ngon."
1652921980363817923,11073,2026-07-01,325189,Quốc Anh,2 năm hoạt động trên Airbnb,5,"Trải nghiệm tuyệt vời! Tự nhận phòng với mã khóa cực kỳ tiện lợi, an ninh tốt."
1652921980363817923,11074,2026-09-22,547938,Béo,1 năm hoạt động trên Airbnb,5,"Chủ nhà thân thiện và hiếu khách, chắc chắn sẽ quay lại khi có dịp ghé thăm thành phố."
1652921980363817923,11075,2026-09-12,523243,Như Hoa,4 năm hoạt động trên Airbnb,5,"Phòng đẹp, xinh. Rất mới. Bày trí rất có gu, chủ nhà nhiệt tình hỗ trợ check-in sớm."
1642447114229025330,11076,2026-07-30,968380,Lan Hương,5 năm hoạt động trên Airbnb,5,"View đẹp mê ly, căn hộ sáng sủa nhiều ánh sáng tự nhiên. 10/10 điểm cho chất lượng phục vụ!"
1642447114229025330,11077,2026-07-06,905365,Như Hoa,4 năm hoạt động trên Airbnb,5,"Phòng đẹp, xinh. Rất mới. Bày trí rất có gu, chủ nhà nhiệt tình hỗ trợ check-in sớm."
1642447114229025330,11078,2026-07-22,265612,Hoang Phuc,4 năm hoạt động trên Airbnb,5,"Ấm cúng, trang thiết bị hiện đại, giường nệm êm ái ngủ rất ngon."
1642447114229025330,11079,2026-07-11,537933,Phương Thảo,Mới tham gia Airbnb,5,"Phòng siêu đẹp y chang trên ảnh, bày trí rất có gu. Phòng mới và sạch sẽ, đầy đủ tiện nghi."
1642447114229025330,11080,2026-09-17,936181,Thảo,3 năm hoạt động trên Airbnb,5,"Rất sạch đẹp, vị trí trung tâm đi đâu cũng tiện, hồ bơi và ban công ngắm hoàng hôn rất chill."
1678612017224077597,11081,2026-09-20,425854,Thảo,3 năm hoạt động trên Airbnb,5,"Rất sạch đẹp, vị trí trung tâm đi đâu cũng tiện, hồ bơi và ban công ngắm hoàng hôn rất chill."
1678612017224077597,11082,2026-09-06,287296,Quốc Anh,2 năm hoạt động trên Airbnb,5,"Trải nghiệm tuyệt vời! Tự nhận phòng với mã khóa cực kỳ tiện lợi, an ninh tốt."
1678612017224077597,11083,2026-07-11,484999,Như Hoa,4 năm hoạt động trên Airbnb,5,"Phòng đẹp, xinh. Rất mới. Bày trí rất có gu, chủ nhà nhiệt tình hỗ trợ check-in sớm."
1678612017224077597,11084,2026-08-31,775557,Béo,1 năm hoạt động trên Airbnb,5,"Chủ nhà thân thiện và hiếu khách, chắc chắn sẽ quay lại khi có dịp ghé thăm thành phố."
1678612017224077597,11085,2026-07-29,753998,Chimmiii,Mới tham gia Airbnb,5,"Phòng xinhh, sạch sẽ và thoáng đãng lắm ạ."
1678612017224077597,11086,2026-07-31,560011,Lan Hương,5 năm hoạt động trên Airbnb,5,"View đẹp mê ly, căn hộ sáng sủa nhiều ánh sáng tự nhiên. 10/10 điểm cho chất lượng phục vụ!"
1678612017224077597,11087,2026-09-11,805249,Hoang Phuc,4 năm hoạt động trên Airbnb,5,"Ấm cúng, trang thiết bị hiện đại, giường nệm êm ái ngủ rất ngon."
1751321339944205315,11088,2026-07-21,781317,Hoang Phuc,4 năm hoạt động trên Airbnb,5,"Ấm cúng, trang thiết bị hiện đại, giường nệm êm ái ngủ rất ngon."
1751321339944205315,11089,2026-09-09,797523,Quốc Anh,2 năm hoạt động trên Airbnb,5,"Trải nghiệm tuyệt vời! Tự nhận phòng với mã khóa cực kỳ tiện lợi, an ninh tốt."
1751321339944205315,11090,2026-08-09,505913,Như Hoa,4 năm hoạt động trên Airbnb,5,"Phòng đẹp, xinh. Rất mới. Bày trí rất có gu, chủ nhà nhiệt tình hỗ trợ check-in sớm."
1751321339944205315,11091,2026-08-09,317993,Phương Thảo,Mới tham gia Airbnb,5,"Phòng siêu đẹp y chang trên ảnh, bày trí rất có gu. Phòng mới và sạch sẽ, đầy đủ tiện nghi."
1751321339944205315,11092,2026-09-09,546789,Béo,1 năm hoạt động trên Airbnb,5,"Chủ nhà thân thiện và hiếu khách, chắc chắn sẽ quay lại khi có dịp ghé thăm thành phố."
1372300343237189572,11093,2026-08-24,676508,Như Hoa,4 năm hoạt động trên Airbnb,5,"Phòng đẹp, xinh. Rất mới. Bày trí rất có gu, chủ nhà nhiệt tình hỗ trợ check-in sớm."
1372300343237189572,11094,2026-09-04,773957,Quốc Anh,2 năm hoạt động trên Airbnb,5,"Trải nghiệm tuyệt vời! Tự nhận phòng với mã khóa cực kỳ tiện lợi, an ninh tốt."
1372300343237189572,11095,2026-09-03,305827,Thảo,3 năm hoạt động trên Airbnb,5,"Rất sạch đẹp, vị trí trung tâm đi đâu cũng tiện, hồ bơi và ban công ngắm hoàng hôn rất chill."
1372300343237189572,11096,2026-08-28,779571,Chimmiii,Mới tham gia Airbnb,5,"Phòng xinhh, sạch sẽ và thoáng đãng lắm ạ."
1372300343237189572,11097,2026-07-15,794643,Hoang Phuc,4 năm hoạt động trên Airbnb,5,"Ấm cúng, trang thiết bị hiện đại, giường nệm êm ái ngủ rất ngon."
1372300343237189572,11098,2026-09-20,366633,Phương Thảo,Mới tham gia Airbnb,5,"Phòng siêu đẹp y chang trên ảnh, bày trí rất có gu. Phòng mới và sạch sẽ, đầy đủ tiện nghi."
1652743446458494240,11099,2026-07-27,765892,Như Hoa,4 năm hoạt động trên Airbnb,5,"Phòng đẹp, xinh. Rất mới. Bày trí rất có gu, chủ nhà nhiệt tình hỗ trợ check-in sớm."
1652743446458494240,11100,2026-08-13,204861,Phương Thảo,Mới tham gia Airbnb,5,"Phòng siêu đẹp y chang trên ảnh, bày trí rất có gu. Phòng mới và sạch sẽ, đầy đủ tiện nghi."
1652743446458494240,11101,2026-07-07,557196,Hoang Phuc,4 năm hoạt động trên Airbnb,5,"Ấm cúng, trang thiết bị hiện đại, giường nệm êm ái ngủ rất ngon."
1652743446458494240,11102,2026-07-07,318760,Lan Hương,5 năm hoạt động trên Airbnb,5,"View đẹp mê ly, căn hộ sáng sủa nhiều ánh sáng tự nhiên. 10/10 điểm cho chất lượng phục vụ!"
1652743446458494240,11103,2026-07-19,261457,Thảo,3 năm hoạt động trên Airbnb,5,"Rất sạch đẹp, vị trí trung tâm đi đâu cũng tiện, hồ bơi và ban công ngắm hoàng hôn rất chill."
1652743446458494240,11104,2026-07-01,269700,Béo,1 năm hoạt động trên Airbnb,5,"Chủ nhà thân thiện và hiếu khách, chắc chắn sẽ quay lại khi có dịp ghé thăm thành phố."
1652743446458494240,11105,2026-06-28,364258,Chimmiii,Mới tham gia Airbnb,5,"Phòng xinhh, sạch sẽ và thoáng đãng lắm ạ."
1779400413802515847,11106,2026-07-24,420186,Hoang Phuc,4 năm hoạt động trên Airbnb,5,"Ấm cúng, trang thiết bị hiện đại, giường nệm êm ái ngủ rất ngon."
1779400413802515847,11107,2026-06-30,424516,Lan Hương,5 năm hoạt động trên Airbnb,5,"View đẹp mê ly, căn hộ sáng sủa nhiều ánh sáng tự nhiên. 10/10 điểm cho chất lượng phục vụ!"
1779400413802515847,11108,2026-09-02,802544,Phương Thảo,Mới tham gia Airbnb,5,"Phòng siêu đẹp y chang trên ảnh, bày trí rất có gu. Phòng mới và sạch sẽ, đầy đủ tiện nghi."
1779400413802515847,11109,2026-08-05,721706,Chimmiii,Mới tham gia Airbnb,5,"Phòng xinhh, sạch sẽ và thoáng đãng lắm ạ."
1779400413802515847,11110,2026-09-19,584265,Quốc Anh,2 năm hoạt động trên Airbnb,5,"Trải nghiệm tuyệt vời! Tự nhận phòng với mã khóa cực kỳ tiện lợi, an ninh tốt."
1779400413802515847,11111,2026-09-15,781458,Thảo,3 năm hoạt động trên Airbnb,5,"Rất sạch đẹp, vị trí trung tâm đi đâu cũng tiện, hồ bơi và ban công ngắm hoàng hôn rất chill."
1648292677380802397,11112,2026-08-31,957208,Như Hoa,4 năm hoạt động trên Airbnb,5,"Phòng đẹp, xinh. Rất mới. Bày trí rất có gu, chủ nhà nhiệt tình hỗ trợ check-in sớm."
1648292677380802397,11113,2026-07-12,865537,Thảo,3 năm hoạt động trên Airbnb,5,"Rất sạch đẹp, vị trí trung tâm đi đâu cũng tiện, hồ bơi và ban công ngắm hoàng hôn rất chill."
1648292677380802397,11114,2026-08-07,917872,Hoang Phuc,4 năm hoạt động trên Airbnb,5,"Ấm cúng, trang thiết bị hiện đại, giường nệm êm ái ngủ rất ngon."
1648292677380802397,11115,2026-07-06,457191,Quốc Anh,2 năm hoạt động trên Airbnb,5,"Trải nghiệm tuyệt vời! Tự nhận phòng với mã khóa cực kỳ tiện lợi, an ninh tốt."
1648292677380802397,11116,2026-07-11,827777,Phương Thảo,Mới tham gia Airbnb,5,"Phòng siêu đẹp y chang trên ảnh, bày trí rất có gu. Phòng mới và sạch sẽ, đầy đủ tiện nghi."
1648292677380802397,11117,2026-08-21,479015,Béo,1 năm hoạt động trên Airbnb,5,"Chủ nhà thân thiện và hiếu khách, chắc chắn sẽ quay lại khi có dịp ghé thăm thành phố."
1648292677380802397,11118,2026-07-24,346672,Chimmiii,Mới tham gia Airbnb,5,"Phòng xinhh, sạch sẽ và thoáng đãng lắm ạ."
1648292677380802397,11119,2026-08-19,864399,Lan Hương,5 năm hoạt động trên Airbnb,5,"View đẹp mê ly, căn hộ sáng sủa nhiều ánh sáng tự nhiên. 10/10 điểm cho chất lượng phục vụ!"
1689135452142834482,11120,2026-08-08,678484,Lan Hương,5 năm hoạt động trên Airbnb,5,"View đẹp mê ly, căn hộ sáng sủa nhiều ánh sáng tự nhiên. 10/10 điểm cho chất lượng phục vụ!"
1689135452142834482,11121,2026-07-22,873462,Béo,1 năm hoạt động trên Airbnb,5,"Chủ nhà thân thiện và hiếu khách, chắc chắn sẽ quay lại khi có dịp ghé thăm thành phố."
1689135452142834482,11122,2026-09-03,527422,Thảo,3 năm hoạt động trên Airbnb,5,"Rất sạch đẹp, vị trí trung tâm đi đâu cũng tiện, hồ bơi và ban công ngắm hoàng hôn rất chill."
1689135452142834482,11123,2026-08-18,208967,Chimmiii,Mới tham gia Airbnb,5,"Phòng xinhh, sạch sẽ và thoáng đãng lắm ạ."
1689135452142834482,11124,2026-07-23,881893,Phương Thảo,Mới tham gia Airbnb,5,"Phòng siêu đẹp y chang trên ảnh, bày trí rất có gu. Phòng mới và sạch sẽ, đầy đủ tiện nghi."
1389692627005425014,11125,2026-08-15,640819,Phương Thảo,Mới tham gia Airbnb,5,"Phòng siêu đẹp y chang trên ảnh, bày trí rất có gu. Phòng mới và sạch sẽ, đầy đủ tiện nghi."
1389692627005425014,11126,2026-08-09,514857,Chimmiii,Mới tham gia Airbnb,5,"Phòng xinhh, sạch sẽ và thoáng đãng lắm ạ."
1389692627005425014,11127,2026-08-23,221124,Như Hoa,4 năm hoạt động trên Airbnb,5,"Phòng đẹp, xinh. Rất mới. Bày trí rất có gu, chủ nhà nhiệt tình hỗ trợ check-in sớm."
1389692627005425014,11128,2026-09-03,688445,Thảo,3 năm hoạt động trên Airbnb,5,"Rất sạch đẹp, vị trí trung tâm đi đâu cũng tiện, hồ bơi và ban công ngắm hoàng hôn rất chill."
1590946307395854019,11129,2026-08-09,672311,Quốc Anh,2 năm hoạt động trên Airbnb,5,"Trải nghiệm tuyệt vời! Tự nhận phòng với mã khóa cực kỳ tiện lợi, an ninh tốt."
1590946307395854019,11130,2026-09-19,310973,Lan Hương,5 năm hoạt động trên Airbnb,5,"View đẹp mê ly, căn hộ sáng sủa nhiều ánh sáng tự nhiên. 10/10 điểm cho chất lượng phục vụ!"
1590946307395854019,11131,2026-07-29,408076,Như Hoa,4 năm hoạt động trên Airbnb,5,"Phòng đẹp, xinh. Rất mới. Bày trí rất có gu, chủ nhà nhiệt tình hỗ trợ check-in sớm."
1590946307395854019,11132,2026-08-15,643241,Béo,1 năm hoạt động trên Airbnb,5,"Chủ nhà thân thiện và hiếu khách, chắc chắn sẽ quay lại khi có dịp ghé thăm thành phố."
1590946307395854019,11133,2026-09-17,976176,Phương Thảo,Mới tham gia Airbnb,5,"Phòng siêu đẹp y chang trên ảnh, bày trí rất có gu. Phòng mới và sạch sẽ, đầy đủ tiện nghi."
1590946307395854019,11134,2026-08-23,283188,Thảo,3 năm hoạt động trên Airbnb,5,"Rất sạch đẹp, vị trí trung tâm đi đâu cũng tiện, hồ bơi và ban công ngắm hoàng hôn rất chill."
1590946307395854019,11135,2026-07-06,778460,Chimmiii,Mới tham gia Airbnb,5,"Phòng xinhh, sạch sẽ và thoáng đãng lắm ạ."
1590946307395854019,11136,2026-08-17,832368,Hoang Phuc,4 năm hoạt động trên Airbnb,5,"Ấm cúng, trang thiết bị hiện đại, giường nệm êm ái ngủ rất ngon."
1414855302131701494,11137,2026-09-03,263749,Thảo,3 năm hoạt động trên Airbnb,5,"Rất sạch đẹp, vị trí trung tâm đi đâu cũng tiện, hồ bơi và ban công ngắm hoàng hôn rất chill."
1414855302131701494,11138,2026-07-11,822419,Béo,1 năm hoạt động trên Airbnb,5,"Chủ nhà thân thiện và hiếu khách, chắc chắn sẽ quay lại khi có dịp ghé thăm thành phố."
1414855302131701494,11139,2026-08-12,283607,Phương Thảo,Mới tham gia Airbnb,5,"Phòng siêu đẹp y chang trên ảnh, bày trí rất có gu. Phòng mới và sạch sẽ, đầy đủ tiện nghi."
1414855302131701494,11140,2026-08-26,460660,Quốc Anh,2 năm hoạt động trên Airbnb,5,"Trải nghiệm tuyệt vời! Tự nhận phòng với mã khóa cực kỳ tiện lợi, an ninh tốt."
41274101,11141,2026-07-26,955724,Chimmiii,Mới tham gia Airbnb,5,"Phòng xinhh, sạch sẽ và thoáng đãng lắm ạ."
41274101,11142,2026-09-19,711095,Thảo,3 năm hoạt động trên Airbnb,5,"Rất sạch đẹp, vị trí trung tâm đi đâu cũng tiện, hồ bơi và ban công ngắm hoàng hôn rất chill."
41274101,11143,2026-09-18,302435,Lan Hương,5 năm hoạt động trên Airbnb,5,"View đẹp mê ly, căn hộ sáng sủa nhiều ánh sáng tự nhiên. 10/10 điểm cho chất lượng phục vụ!"
41274101,11144,2026-07-13,560445,Hoang Phuc,4 năm hoạt động trên Airbnb,5,"Ấm cúng, trang thiết bị hiện đại, giường nệm êm ái ngủ rất ngon."
1386534401768293918,11145,2026-07-27,655698,Béo,1 năm hoạt động trên Airbnb,5,"Chủ nhà thân thiện và hiếu khách, chắc chắn sẽ quay lại khi có dịp ghé thăm thành phố."
1386534401768293918,11146,2026-06-28,576426,Phương Thảo,Mới tham gia Airbnb,5,"Phòng siêu đẹp y chang trên ảnh, bày trí rất có gu. Phòng mới và sạch sẽ, đầy đủ tiện nghi."
1386534401768293918,11147,2026-07-06,555774,Thảo,3 năm hoạt động trên Airbnb,5,"Rất sạch đẹp, vị trí trung tâm đi đâu cũng tiện, hồ bơi và ban công ngắm hoàng hôn rất chill."
1386534401768293918,11148,2026-08-26,590496,Quốc Anh,2 năm hoạt động trên Airbnb,5,"Trải nghiệm tuyệt vời! Tự nhận phòng với mã khóa cực kỳ tiện lợi, an ninh tốt."
1386534401768293918,11149,2026-09-13,452064,Như Hoa,4 năm hoạt động trên Airbnb,5,"Phòng đẹp, xinh. Rất mới. Bày trí rất có gu, chủ nhà nhiệt tình hỗ trợ check-in sớm."
1386534401768293918,11150,2026-06-28,843120,Lan Hương,5 năm hoạt động trên Airbnb,5,"View đẹp mê ly, căn hộ sáng sủa nhiều ánh sáng tự nhiên. 10/10 điểm cho chất lượng phục vụ!"
1386534401768293918,11151,2026-07-13,269138,Hoang Phuc,4 năm hoạt động trên Airbnb,5,"Ấm cúng, trang thiết bị hiện đại, giường nệm êm ái ngủ rất ngon."
1588406749777217712,11152,2026-09-11,785979,Thảo,3 năm hoạt động trên Airbnb,5,"Rất sạch đẹp, vị trí trung tâm đi đâu cũng tiện, hồ bơi và ban công ngắm hoàng hôn rất chill."
1588406749777217712,11153,2026-09-08,603348,Quốc Anh,2 năm hoạt động trên Airbnb,5,"Trải nghiệm tuyệt vời! Tự nhận phòng với mã khóa cực kỳ tiện lợi, an ninh tốt."
1588406749777217712,11154,2026-09-09,203749,Hoang Phuc,4 năm hoạt động trên Airbnb,5,"Ấm cúng, trang thiết bị hiện đại, giường nệm êm ái ngủ rất ngon."
1588406749777217712,11155,2026-07-10,863129,Béo,1 năm hoạt động trên Airbnb,5,"Chủ nhà thân thiện và hiếu khách, chắc chắn sẽ quay lại khi có dịp ghé thăm thành phố."
1588406749777217712,11156,2026-08-15,723847,Như Hoa,4 năm hoạt động trên Airbnb,5,"Phòng đẹp, xinh. Rất mới. Bày trí rất có gu, chủ nhà nhiệt tình hỗ trợ check-in sớm."
1588406749777217712,11157,2026-08-23,215004,Chimmiii,Mới tham gia Airbnb,5,"Phòng xinhh, sạch sẽ và thoáng đãng lắm ạ."
1120777893552082263,11158,2026-07-27,836111,Lan Hương,5 năm hoạt động trên Airbnb,5,"View đẹp mê ly, căn hộ sáng sủa nhiều ánh sáng tự nhiên. 10/10 điểm cho chất lượng phục vụ!"
1120777893552082263,11159,2026-08-30,583704,Phương Thảo,Mới tham gia Airbnb,5,"Phòng siêu đẹp y chang trên ảnh, bày trí rất có gu. Phòng mới và sạch sẽ, đầy đủ tiện nghi."
1120777893552082263,11160,2026-09-07,691635,Thảo,3 năm hoạt động trên Airbnb,5,"Rất sạch đẹp, vị trí trung tâm đi đâu cũng tiện, hồ bơi và ban công ngắm hoàng hôn rất chill."
1120777893552082263,11161,2026-08-07,531187,Béo,1 năm hoạt động trên Airbnb,5,"Chủ nhà thân thiện và hiếu khách, chắc chắn sẽ quay lại khi có dịp ghé thăm thành phố."
1120777893552082263,11162,2026-07-05,894838,Chimmiii,Mới tham gia Airbnb,5,"Phòng xinhh, sạch sẽ và thoáng đãng lắm ạ."
1120777893552082263,11163,2026-07-19,548582,Hoang Phuc,4 năm hoạt động trên Airbnb,5,"Ấm cúng, trang thiết bị hiện đại, giường nệm êm ái ngủ rất ngon."
1120777893552082263,11164,2026-07-11,725774,Như Hoa,4 năm hoạt động trên Airbnb,5,"Phòng đẹp, xinh. Rất mới. Bày trí rất có gu, chủ nhà nhiệt tình hỗ trợ check-in sớm."
1775887255085139348,11165,2026-07-03,588616,Phương Thảo,Mới tham gia Airbnb,5,"Phòng siêu đẹp y chang trên ảnh, bày trí rất có gu. Phòng mới và sạch sẽ, đầy đủ tiện nghi."
1775887255085139348,11166,2026-09-14,964396,Quốc Anh,2 năm hoạt động trên Airbnb,5,"Trải nghiệm tuyệt vời! Tự nhận phòng với mã khóa cực kỳ tiện lợi, an ninh tốt."
1775887255085139348,11167,2026-08-10,497994,Lan Hương,5 năm hoạt động trên Airbnb,5,"View đẹp mê ly, căn hộ sáng sủa nhiều ánh sáng tự nhiên. 10/10 điểm cho chất lượng phục vụ!"
1775887255085139348,11168,2026-09-10,313727,Hoang Phuc,4 năm hoạt động trên Airbnb,5,"Ấm cúng, trang thiết bị hiện đại, giường nệm êm ái ngủ rất ngon."
1775887255085139348,11169,2026-09-14,929945,Thảo,3 năm hoạt động trên Airbnb,5,"Rất sạch đẹp, vị trí trung tâm đi đâu cũng tiện, hồ bơi và ban công ngắm hoàng hôn rất chill."
1777466282576452438,11170,2026-09-05,892553,Hoang Phuc,4 năm hoạt động trên Airbnb,5,"Ấm cúng, trang thiết bị hiện đại, giường nệm êm ái ngủ rất ngon."
1777466282576452438,11171,2026-07-30,294459,Thảo,3 năm hoạt động trên Airbnb,5,"Rất sạch đẹp, vị trí trung tâm đi đâu cũng tiện, hồ bơi và ban công ngắm hoàng hôn rất chill."
1777466282576452438,11172,2026-09-08,351295,Quốc Anh,2 năm hoạt động trên Airbnb,5,"Trải nghiệm tuyệt vời! Tự nhận phòng với mã khóa cực kỳ tiện lợi, an ninh tốt."
1777466282576452438,11173,2026-07-12,811422,Béo,1 năm hoạt động trên Airbnb,5,"Chủ nhà thân thiện và hiếu khách, chắc chắn sẽ quay lại khi có dịp ghé thăm thành phố."
1777466282576452438,11174,2026-08-15,937060,Chimmiii,Mới tham gia Airbnb,5,"Phòng xinhh, sạch sẽ và thoáng đãng lắm ạ."
1777466282576452438,11175,2026-08-26,995035,Phương Thảo,Mới tham gia Airbnb,5,"Phòng siêu đẹp y chang trên ảnh, bày trí rất có gu. Phòng mới và sạch sẽ, đầy đủ tiện nghi."
1748611870191910769,11176,2026-08-17,851900,Hoang Phuc,4 năm hoạt động trên Airbnb,5,"Ấm cúng, trang thiết bị hiện đại, giường nệm êm ái ngủ rất ngon."
1748611870191910769,11177,2026-09-12,482020,Quốc Anh,2 năm hoạt động trên Airbnb,5,"Trải nghiệm tuyệt vời! Tự nhận phòng với mã khóa cực kỳ tiện lợi, an ninh tốt."
1748611870191910769,11178,2026-09-23,337382,Chimmiii,Mới tham gia Airbnb,5,"Phòng xinhh, sạch sẽ và thoáng đãng lắm ạ."
1748611870191910769,11179,2026-08-19,428668,Phương Thảo,Mới tham gia Airbnb,5,"Phòng siêu đẹp y chang trên ảnh, bày trí rất có gu. Phòng mới và sạch sẽ, đầy đủ tiện nghi."
