id,listing_url,scrape_id,last_scraped,source,name,description,neighborhood_overview,picture_url,host_id,host_url,host_name,host_since,host_location,host_about,host_response_time,host_response_rate,host_acceptance_rate,host_is_superhost,host_thumbnail_url,host_picture_url,host_neighbourhood,host_listings_count,host_total_listings_count,host_verifications,host_has_profile_pic,host_identity_verified,neighbourhood,neighbourhood_cleansed,neighbourhood_group_cleansed,latitude,longitude,property_type,room_type,accommodates,bathrooms,bathrooms_text,bedrooms,beds,amenities,price,minimum_nights,maximum_nights,minimum_minimum_nights,maximum_minimum_nights,minimum_maximum_nights,maximum_maximum_nights,minimum_nights_avg_ntm,maximum_nights_avg_ntm,calendar_updated,has_availability,availability_30,availability_60,availability_90,availability_365,calendar_last_scraped,number_of_reviews,number_of_reviews_ltm,number_of_reviews_l30d,first_review,last_review,review_scores_rating,review_scores_accuracy,review_scores_cleanliness,review_scores_checkin,review_scores_communication,review_scores_location,review_scores_value,license,instant_bookable,calculated_host_listings_count,calculated_host_listings_count_entire_homes,calculated_host_listings_count_private_rooms,calculated_host_listings_count_shared_rooms,reviews_per_month,picture_urls,is_guest_favorite,co_hosts,review_tags,highlights
1775126435837375202,https://www.airbnb.com.vn/rooms/1775126435837375202,20260926000000,2026-09-26,city search,Phòng Deluxe giường King có cửa sổ tại Cubicity Nguyễn Trường Tộ,"Chào mừng bạn đến với Phòng Deluxe giường King có cửa sổ tại Cubicity Nguyễn Trường Tộ — một không gian lưu trú ấm cúng, sang trọng tọa lạc tại Quận 3, Thành phố Hồ Chí Minh.
Căn phòng tràn ngập ánh sáng tự nhiên với đầy đủ tiện nghi cao cấp, giường nệm êm ái, máy lạnh, TV và wifi tốc độ cao. Rất thuận tiện di chuyển tới các điểm tham quan, nhà hàng ẩm thực và quán cà phê nổi tiếng của Thành phố Hồ Chí Minh.","Khu vực Quận 3 an ninh, văn minh, gần nhiều địa điểm ăn uống, mua sắm và giải trí sầm uất tại Thành phố Hồ Chí Minh.",https://a0.muscache.com/im/pictures/hosting/Hosting-1775126435837375202/original/2a19c2fd-c9e2-4bb1-8ede-1128055cfd02.jpeg,47000001,https://www.airbnb.com.vn/users/show/47000001,Anh,2021-07-25,"Thành phố Hồ Chí Minh, Việt Nam","Xin chào, tôi là Anh, đã có 5 năm kinh nghiệm làm host. Tôi yêu thích du lịch và luôn mong muốn đem lại trải nghiệm lưu trú thoải mái nhất cho khách.",trong vòng một giờ,100%,98%,f,https://a0.muscache.com/im/pictures/user/User-47000001/original/user_profile_1.jpeg,https://a0.muscache.com/im/pictures/user/User-47000001/original/user_profile_1.jpeg,Quận 3,7,2,"['email', 'phone', 'work_email']",t,t,Quận 3,Quận 3,Thành phố Hồ Chí Minh,10.7655,106.7042,Toàn bộ căn hộ cho thuê,Entire home/apt,2,1.0,1 phòng tắm,1,1,"[""Chỗ đỗ xe miễn phí trong khuôn viên"", ""Điều hòa nhiệt độ"", ""Không gian riêng để làm việc"", ""Ban công ngắm cảnh"", ""Wi-fi tốc độ cao"", ""Bồn tắm thư giãn"", ""Bàn ủi / Bàn là"", ""Thang máy"", ""Dầu gội & Sữa tắm"", ""Máy báo khói"", ""TV màn hình phẳng"", ""Bể bơi"", ""Bộ chăn ga gối cao cấp"", ""Máy sấy tóc"", ""Máy phát hiện khí CO"", ""Tự nhận phòng với hộp khóa an toàn"", ""Tủ lạnh"", ""Máy giặt"", ""Bếp đầy đủ tiện nghi"", ""Lò vi sóng""]","₫818,400",1,1125,1,2,1125,1125,1.0,1125.0,today,t,15,45,72,241,2026-09-26,3,2,3,2026-08-12,2026-09-19,5.0,4.84,4.99,5.0,5.0,4.89,4.82,,f,2,2,0,0,2.47,"[""https://a0.muscache.com/im/pictures/hosting/Hosting-1775126435837375202/original/2a19c2fd-c9e2-4bb1-8ede-1128055cfd02.jpeg"", ""https://a0.muscache.com/im/pictures/hosting/Hosting-1775126435837375202/original/ce400e93-4d32-427b-9317-a13582297681.jpeg"", ""https://a0.muscache.com/im/pictures/hosting/Hosting-1775126435837375202/original/eb48c8fe-44e5-4a5d-8e96-63b97f761ad5.jpeg"", ""https://a0.muscache.com/im/pictures/hosting/Hosting-1775126435837375202/original/82f86108-4eb2-48c4-a104-50952a557238.jpeg"", ""https://a0.muscache.com/im/pictures/hosting/Hosting-1775126435837375202/original/99be7ba9-9412-4343-8982-b142810a551b.jpeg"", ""https://a0.muscache.com/im/pictures/hosting/Hosting-1775126435837375202/original/07260c8a-b424-48ce-803e-23fa9f5576b0.jpeg"", ""https://a0.muscache.com/im/pictures/hosting/Hosting-1775126435837375202/original/e93599b0-909b-46e8-a625-d778e11d1d66.jpeg"", ""https://a0.muscache.com/im/pictures/hosting/Hosting-1775126435837375202/original/f6b91e3d-0fe7-4630-adca-8724f924dd47.jpeg"", ""https://a0.muscache.com/im/pictures/hosting/Hosting-1775126435837375202/original/136069f6-b545-4f94-91c2-178375295957.jpeg"", ""https://a0.muscache.com/im/pictures/hosting/Hosting-1775126435837375202/original/f805ad41-38ec-4945-84c0-7b16648c682e.jpeg""]",f,"[{""name"": ""Dang Nguyen"", ""avatar"": ""https://a0.muscache.com/im/pictures/user/avatar_dang.jpg""}]","[{""name"": ""DECOR"", ""localizedName"": ""Trang trí"", ""count"": 14}, {""name"": ""INTERIOR"", ""localizedName"": ""Không gian bên trong"", ""count"": 14}, {""name"": ""CLEANLINESS"", ""localizedName"": ""Mức độ sạch sẽ"", ""count"": 24}, {""name"": ""LOCATION"", ""localizedName"": ""Địa điểm"", ""count"": 2}, {""name"": ""HOSPITALITY"", ""localizedName"": ""Hiếu khách"", ""count"": 5}]","[{""title"": ""Trải nghiệm nhận phòng xuất sắc"", ""subtitle"": ""Những khách ở gần đây đã xếp hạng 5 sao cho quy trình nhận phòng.""}, {""title"": ""Tự nhận phòng"", ""subtitle"": ""Tự nhận phòng với hộp khóa an toàn.""}]"
1723590978071993366,https://www.airbnb.com.vn/rooms/1723590978071993366,20260926000000,2026-09-26,city search,Phòng phong cách 45 m²| Tự nhận phòng | Đi bộ đến Bùi Viện ,"Chào mừng bạn đến với Phòng phong cách 45 m²| Tự nhận phòng | Đi bộ đến Bùi Viện  — một không gian lưu trú ấm cúng, sang trọng tọa lạc tại Quận 4, Thành phố Hồ Chí Minh.
Căn phòng tràn ngập ánh sáng tự nhiên với đầy đủ tiện nghi cao cấp, giường nệm êm ái, máy lạnh, TV và wifi tốc độ cao. Rất thuận tiện di chuyển tới các điểm tham quan, nhà hàng ẩm thực và quán cà phê nổi tiếng của Thành phố Hồ Chí Minh.","Khu vực Quận 4 an ninh, văn minh, gần nhiều địa điểm ăn uống, mua sắm và giải trí sầm uất tại Thành phố Hồ Chí Minh.",https://a0.muscache.com/im/pictures/hosting/Hosting-1723590978071993366/original/66ccd05e-a0b3-490b-bc79-311268607564.jpeg,47000002,https://www.airbnb.com.vn/users/show/47000002,Linh,2025-08-30,"Thành phố Hồ Chí Minh, Việt Nam","Xin chào, tôi là Linh, đã có 1 năm kinh nghiệm làm host. Tôi yêu thích du lịch và luôn mong muốn đem lại trải nghiệm lưu trú thoải mái nhất cho khách.",trong vòng một giờ,100%,98%,t,https://a0.muscache.com/im/pictures/user/User-47000002/original/user_profile_2.jpeg,https://a0.muscache.com/im/pictures/user/User-47000002/original/user_profile_2.jpeg,Quận 4,7,2,"['email', 'phone', 'work_email']",t,t,Quận 4,Quận 4,Thành phố Hồ Chí Minh,10.759,106.6894,Phòng riêng trong nhà,Private room,2,1.0,1 phòng tắm,1,1,"[""Bộ chăn ga gối cao cấp"", ""Ban công ngắm cảnh"", ""TV màn hình phẳng"", ""Máy sấy tóc"", ""Bếp đầy đủ tiện nghi"", ""Điều hòa nhiệt độ"", ""Không gian riêng để làm việc"", ""Bể bơi"", ""Tự nhận phòng với hộp khóa an toàn"", ""Thang máy"", ""Dầu gội & Sữa tắm"", ""Chỗ đỗ xe miễn phí trong khuôn viên"", ""Lò vi sóng"", ""Bàn ủi / Bàn là"", ""Bồn tắm thư giãn"", ""Máy phát hiện khí CO"", ""Wi-fi tốc độ cao"", ""Máy báo khói"", ""Máy giặt"", ""Tủ lạnh""]","₫1,269,000",1,1125,1,2,1125,1125,1.0,1125.0,today,t,25,36,79,242,2026-09-26,10,4,6,2026-04-29,2026-09-18,5.0,4.99,4.88,5.0,5.0,4.72,4.8,,t,2,0,1,0,2.66,"[""https://a0.muscache.com/im/pictures/hosting/Hosting-1723590978071993366/original/66ccd05e-a0b3-490b-bc79-311268607564.jpeg"", ""https://a0.muscache.com/im/pictures/hosting/Hosting-1723590978071993366/original/d2fec0bb-edbc-487e-aefd-958b4e8f2c4e.jpeg"", ""https://a0.muscache.com/im/pictures/hosting/Hosting-1723590978071993366/original/99a0b8ef-88d7-41ce-a543-20de17d3422d.jpeg"", ""https://a0.muscache.com/im/pictures/hosting/Hosting-1723590978071993366/original/0b191aec-818c-4144-89b0-610ccaed572f.jpeg"", ""https://a0.muscache.com/im/pictures/hosting/Hosting-1723590978071993366/original/f2cf327c-0c6b-4d1e-99a3-ab2a4001bf6c.jpeg"", ""https://a0.muscache.com/im/pictures/hosting/Hosting-1723590978071993366/original/99e37f7a-42d8-4f50-839a-8086d97942b4.jpeg""]",t,"[{""name"": ""Dang Nguyen"", ""avatar"": ""https://a0.muscache.com/im/pictures/user/avatar_dang.jpg""}, {""name"": ""Cindy"", ""avatar"": ""https://a0.muscache.com/im/pictures/user/avatar_cindy.jpg""}, {""name"": ""Long"", ""avatar"": ""https://a0.muscache.com/im/pictures/user/avatar_long.jpg""}]","[{""name"": ""DECOR"", ""localizedName"": ""Trang trí"", ""count"": 12}, {""name"": ""INTERIOR"", ""localizedName"": ""Không gian bên trong"", ""count"": 18}, {""name"": ""CLEANLINESS"", ""localizedName"": ""Mức độ sạch sẽ"", ""count"": 8}, {""name"": ""LOCATION"", ""localizedName"": ""Địa điểm"", ""count"": 4}, {""name"": ""HOSPITALITY"", ""localizedName"": ""Hiếu khách"", ""count"": 5}]","[{""title"": ""Trải nghiệm nhận phòng xuất sắc"", ""subtitle"": ""Những khách ở gần đây đã xếp hạng 5 sao cho quy trình nhận phòng.""}, {""title"": ""Tự nhận phòng"", ""subtitle"": ""Tự nhận phòng với hộp khóa an toàn.""}]"
1683738229737784219,https://www.airbnb.com.vn/rooms/1683738229737784219,20260926000000,2026-09-26,city search,Elysian - Phòng đôi có ban công ở trung tâm Quận 1,"Chào mừng bạn đến với Elysian - Phòng đôi có ban công ở trung tâm Quận 1 — một không gian lưu trú ấm cúng, sang trọng tọa lạc tại Quận 1, Thành phố Hồ Chí Minh.
Căn phòng tràn ngập ánh sáng tự nhiên với đầy đủ tiện nghi cao cấp, giường nệm êm ái, máy lạnh, TV và wifi tốc độ cao. Rất thuận tiện di chuyển tới các điểm tham quan, nhà hàng ẩm thực và quán cà phê nổi tiếng của Thành phố Hồ Chí Minh.","Khu vực Quận 1 an ninh, văn minh, gần nhiều địa điểm ăn uống, mua sắm và giải trí sầm uất tại Thành phố Hồ Chí Minh.",https://a0.muscache.com/im/pictures/hosting/Hosting-1683738229737784219/original/6f24d47e-7447-4b24-9aba-8ab3997785ea.jpeg,47000003,https://www.airbnb.com.vn/users/show/47000003,Hương,2023-08-22,"Thành phố Hồ Chí Minh, Việt Nam","Xin chào, tôi là Hương, đã có 3 năm kinh nghiệm làm host. Tôi yêu thích du lịch và luôn mong muốn đem lại trải nghiệm lưu trú thoải mái nhất cho khách.",trong vòng một giờ,100%,98%,f,https://a0.muscache.com/im/pictures/user/User-47000003/original/user_profile_3.jpeg,https://a0.muscache.com/im/pictures/user/User-47000003/original/user_profile_3.jpeg,Quận 1,2,2,"['email', 'phone', 'work_email']",t,t,Quận 1,Quận 1,Thành phố Hồ Chí Minh,10.7915,106.6894,Toàn bộ căn hộ cho thuê,Entire home/apt,2,1.0,1 phòng tắm,1,1,"[""Wi-fi tốc độ cao"", ""Dầu gội & Sữa tắm"", ""Bể bơi"", ""Bàn ủi / Bàn là"", ""Máy báo khói"", ""Máy sấy tóc"", ""Máy giặt"", ""Điều hòa nhiệt độ"", ""Lò vi sóng"", ""Ban công ngắm cảnh"", ""Bếp đầy đủ tiện nghi"", ""Chỗ đỗ xe miễn phí trong khuôn viên"", ""Tủ lạnh"", ""Không gian riêng để làm việc"", ""TV màn hình phẳng"", ""Máy phát hiện khí CO"", ""Bộ chăn ga gối cao cấp""]","₫589,080",1,1125,1,2,1125,1125,1.0,1125.0,today,t,26,40,72,246,2026-09-26,3,1,3,2026-08-12,2026-09-02,5.0,4.92,4.85,5.0,5.0,4.82,4.81,,f,2,2,0,0,4.54,"[""https://a0.muscache.com/im/pictures/hosting/Hosting-1683738229737784219/original/6f24d47e-7447-4b24-9aba-8ab3997785ea.jpeg"", ""https://a0.muscache.com/im/pictures/hosting/Hosting-1683738229737784219/original/a1ef38c0-518d-4a14-8644-71e2fe9efed0.jpeg"", ""https://a0.muscache.com/im/pictures/hosting/Hosting-1683738229737784219/original/1c2523c5-9c83-4fec-807a-f374d91b4c03.jpeg"", ""https://a0.muscache.com/im/pictures/hosting/Hosting-1683738229737784219/original/d072e8ae-264e-44b8-ba61-410d89fcae08.jpeg"", ""https://a0.muscache.com/im/pictures/hosting/Hosting-1683738229737784219/original/ff1673e8-4a15-4232-9ae8-1124c511aaf1.jpeg"", ""https://a0.muscache.com/im/pictures/hosting/Hosting-1683738229737784219/original/705a7f09-2837-4280-9ff6-886dff5ea526.jpeg"", ""https://a0.muscache.com/im/pictures/hosting/Hosting-1683738229737784219/original/39ccd509-60f8-4d14-84ca-d75da332182c.jpeg"", ""https://a0.muscache.com/im/pictures/hosting/Hosting-1683738229737784219/original/6b4b78a6-8f76-4a19-93f1-2a5103023b04.jpeg"", ""https://a0.muscache.com/im/pictures/hosting/Hosting-1683738229737784219/original/fe87b637-d958-48f2-b7ce-d57d6949985a.jpeg"", ""https://a0.muscache.com/im/pictures/hosting/Hosting-1683738229737784219/original/964f18b2-3a40-461e-a68f-9e427feb02df.jpeg"", ""https://a0.muscache.com/im/pictures/hosting/Hosting-1683738229737784219/original/e76bcd00-da77-4cb8-8860-7a28a539c53b.jpeg"", ""https://a0.muscache.com/im/pictures/hosting/Hosting-1683738229737784219/original/e63066ab-a828-48ab-8d51-213b377f8689.jpeg"", ""https://a0.muscache.com/im/pictures/hosting/Hosting-1683738229737784219/original/60d58c9c-d1ad-4825-9caa-0862e896a798.jpeg"", ""https://a0.muscache.com/im/pictures/hosting/Hosting-1683738229737784219/original/9dbbcea5-2969-43b9-9e87-4040a294a855.jpeg"", ""https://a0.muscache.com/im/pictures/hosting/Hosting-1683738229737784219/original/c4687769-282e-49b0-aba3-c745d6157114.jpeg"", ""https://a0.muscache.com/im/pictures/hosting/Hosting-1683738229737784219/original/67501805-27de-4496-b529-928ea20874ca.jpeg"", ""https://a0.muscache.com/im/pictures/hosting/Hosting-1683738229737784219/original/15e819e0-ea40-48a8-b5ee-6735a9be003b.jpeg"", ""https://a0.muscache.com/im/pictures/hosting/Hosting-1683738229737784219/original/56078301-c366-4a59-a808-bf25154da393.jpeg"", ""https://a0.muscache.com/im/pictures/hosting/Hosting-1683738229737784219/original/04e3b98d-bfed-4f0f-b84f-5dc8cb1428b4.jpeg"", ""https://a0.muscache.com/im/pictures/hosting/Hosting-1683738229737784219/original/13209e16-d60b-45b5-ad32-039580e16ada.jpeg"", ""https://a0.muscache.com/im/pictures/hosting/Hosting-1683738229737784219/original/04276658-ed6e-4357-bb72-5b9b09a776f4.jpeg"", ""https://a0.muscache.com/im/pictures/hosting/Hosting-1683738229737784219/original/cb1cb49f-3d9f-45a5-affd-290d01b0354d.jpeg"", ""https://a0.muscache.com/im/pictures/hosting/Hosting-1683738229737784219/original/afc01a1a-5b87-4546-9b54-99869fbe36c6.jpeg"", ""https://a0.muscache.com/im/pictures/hosting/Hosting-1683738229737784219/original/9d1886ed-b423-4d8d-8426-9054b59e1358.jpeg"", ""https://a0.muscache.com/im/pictures/hosting/Hosting-1683738229737784219/original/d22ca09d-ec2b-4df1-a5e5-bb2d8052bd58.jpeg""]",f,"[{""name"": ""Dang Nguyen"", ""avatar"": ""https://a0.muscache.com/im/pictures/user/avatar_dang.jpg""}, {""name"": ""Long"", ""avatar"": ""https://a0.muscache.com/im/pictures/user/avatar_long.jpg""}]","[{""name"": ""DECOR"", ""localizedName"": ""Trang trí"", ""count"": 10}, {""name"": ""INTERIOR"", ""localizedName"": ""Không gian bên trong"", ""count"": 18}, {""name"": ""CLEANLINESS"", ""localizedName"": ""Mức độ sạch sẽ"", ""count"": 12}, {""name"": ""LOCATION"", ""localizedName"": ""Địa điểm"", ""count"": 5}, {""name"": ""HOSPITALITY"", ""localizedName"": ""Hiếu khách"", ""count"": 12}]","[{""title"": ""Trải nghiệm nhận phòng xuất sắc"", ""subtitle"": ""Những khách ở gần đây đã xếp hạng 5 sao cho quy trình nhận phòng.""}, {""title"": ""Tự nhận phòng"", ""subtitle"": ""Tự nhận phòng với hộp khóa an toàn.""}]"
1180420489289053671,https://www.airbnb.com.vn/rooms/1180420489289053671,20260926000000,2026-09-26,city search,BW House Inner 401,"Chào mừng bạn đến với BW House Inner 401 — một không gian lưu trú ấm cúng, sang trọng tọa lạc tại Quận 3, Thành phố Hồ Chí Minh.
Căn phòng tràn ngập ánh sáng tự nhiên với đầy đủ tiện nghi cao cấp, giường nệm êm ái, máy lạnh, TV và wifi tốc độ cao. Rất thuận tiện di chuyển tới các điểm tham quan, nhà hàng ẩm thực và quán cà phê nổi tiếng của Thành phố Hồ Chí Minh.","Khu vực Quận 3 an ninh, văn minh, gần nhiều địa điểm ăn uống, mua sắm và giải trí sầm uất tại Thành phố Hồ Chí Minh.",https://a0.muscache.com/im/pictures/hosting/Hosting-U3RheVN1cHBseUxpc3Rpbmc6MTE4MDQyMDQ4OTI4OTA1MzY3MQ==/original/adc1f4b1-a701-464f-acb1-65fcd09cdf22.jpeg,47000004,https://www.airbnb.com.vn/users/show/47000004,Phương,2025-01-06,"Thành phố Hồ Chí Minh, Việt Nam","Xin chào, tôi là Phương, đã có 1 năm kinh nghiệm làm host. Tôi yêu thích du lịch và luôn mong muốn đem lại trải nghiệm lưu trú thoải mái nhất cho khách.",trong vòng một giờ,100%,98%,t,https://a0.muscache.com/im/pictures/user/User-47000004/original/user_profile_4.jpeg,https://a0.muscache.com/im/pictures/user/User-47000004/original/user_profile_4.jpeg,Quận 3,5,2,"['email', 'phone', 'work_email']",t,t,Quận 3,Quận 3,Thành phố Hồ Chí Minh,10.783,106.6878,Toàn bộ căn hộ cho thuê,Entire home/apt,2,1.0,1 phòng tắm,1,1,"[""Bồn tắm thư giãn"", ""Không gian riêng để làm việc"", ""Ban công ngắm cảnh"", ""Lò vi sóng"", ""Chỗ đỗ xe miễn phí trong khuôn viên"", ""Dầu gội & Sữa tắm"", ""Bàn ủi / Bàn là"", ""TV màn hình phẳng"", ""Wi-fi tốc độ cao"", ""Tủ lạnh"", ""Máy phát hiện khí CO"", ""Máy báo khói"", ""Thang máy"", ""Máy giặt"", ""Bể bơi"", ""Điều hòa nhiệt độ"", ""Bếp đầy đủ tiện nghi"", ""Tự nhận phòng với hộp khóa an toàn""]","₫650,000",1,1125,1,2,1125,1125,1.0,1125.0,today,t,17,34,76,307,2026-09-26,102,10,2,2023-06-14,2026-09-04,4.97,5.0,4.85,5.0,5.0,4.81,4.73,,t,2,2,0,0,3.24,"[""https://a0.muscache.com/im/pictures/hosting/Hosting-U3RheVN1cHBseUxpc3Rpbmc6MTE4MDQyMDQ4OTI4OTA1MzY3MQ==/original/adc1f4b1-a701-464f-acb1-65fcd09cdf22.jpeg"", ""https://a0.muscache.com/im/pictures/hosting/Hosting-U3RheVN1cHBseUxpc3Rpbmc6MTE4MDQyMDQ4OTI4OTA1MzY3MQ==/original/3e9c9ee8-91cf-4467-b73b-7ce5732b21de.jpeg"", ""https://a0.muscache.com/im/pictures/hosting/Hosting-U3RheVN1cHBseUxpc3Rpbmc6MTE4MDQyMDQ4OTI4OTA1MzY3MQ==/original/e60af59b-4493-4b5b-a03b-5c848220bf30.jpeg"", ""https://a0.muscache.com/im/pictures/hosting/Hosting-U3RheVN1cHBseUxpc3Rpbmc6MTE4MDQyMDQ4OTI4OTA1MzY3MQ==/original/71aae0f5-10e2-4639-b180-c3ee54d5a6f6.jpeg"", ""https://a0.muscache.com/im/pictures/hosting/Hosting-U3RheVN1cHBseUxpc3Rpbmc6MTE4MDQyMDQ4OTI4OTA1MzY3MQ==/original/e7c1b2ab-5ed4-40b5-adf2-bd7b25cbc925.jpeg"", ""https://a0.muscache.com/im/pictures/hosting/Hosting-U3RheVN1cHBseUxpc3Rpbmc6MTE4MDQyMDQ4OTI4OTA1MzY3MQ==/original/be3b0a9e-686d-4fbd-9b81-5e485d705210.jpeg"", ""https://a0.muscache.com/im/pictures/hosting/Hosting-U3RheVN1cHBseUxpc3Rpbmc6MTE4MDQyMDQ4OTI4OTA1MzY3MQ==/original/e555d69f-8089-4ba2-9188-08df5c146027.jpeg"", ""https://a0.muscache.com/im/pictures/hosting/Hosting-U3RheVN1cHBseUxpc3Rpbmc6MTE4MDQyMDQ4OTI4OTA1MzY3MQ==/original/f242524d-7dc9-459f-b699-67cb7dd0673b.jpeg"", ""https://a0.muscache.com/im/pictures/hosting/Hosting-U3RheVN1cHBseUxpc3Rpbmc6MTE4MDQyMDQ4OTI4OTA1MzY3MQ==/original/8ec1c119-860a-4b23-84b6-1a2e19881666.jpeg"", ""https://a0.muscache.com/im/pictures/hosting/Hosting-U3RheVN1cHBseUxpc3Rpbmc6MTE4MDQyMDQ4OTI4OTA1MzY3MQ==/original/e6598e07-0a99-49f1-8e29-bcb9fa006310.jpeg"", ""https://a0.muscache.com/im/pictures/hosting/Hosting-U3RheVN1cHBseUxpc3Rpbmc6MTE4MDQyMDQ4OTI4OTA1MzY3MQ==/original/a7d5b917-0bbf-475d-b4a3-80092f7ebf35.jpeg"", ""https://a0.muscache.com/im/pictures/hosting/Hosting-U3RheVN1cHBseUxpc3Rpbmc6MTE4MDQyMDQ4OTI4OTA1MzY3MQ==/original/7087750a-f1bf-496e-8c42-0b5b1df5ef20.jpeg""]",t,"[{""name"": ""Cindy"", ""avatar"": ""https://a0.muscache.com/im/pictures/user/avatar_cindy.jpg""}, {""name"": ""Long"", ""avatar"": ""https://a0.muscache.com/im/pictures/user/avatar_long.jpg""}, {""name"": ""Rùa"", ""avatar"": ""https://a0.muscache.com/im/pictures/user/avatar_rua.jpg""}]","[{""name"": ""DECOR"", ""localizedName"": ""Trang trí"", ""count"": 13}, {""name"": ""INTERIOR"", ""localizedName"": ""Không gian bên trong"", ""count"": 15}, {""name"": ""CLEANLINESS"", ""localizedName"": ""Mức độ sạch sẽ"", ""count"": 16}, {""name"": ""LOCATION"", ""localizedName"": ""Địa điểm"", ""count"": 14}, {""name"": ""HOSPITALITY"", ""localizedName"": ""Hiếu khách"", ""count"": 15}]","[{""title"": ""Trải nghiệm nhận phòng xuất sắc"", ""subtitle"": ""Những khách ở gần đây đã xếp hạng 5 sao cho quy trình nhận phòng.""}, {""title"": ""Tự nhận phòng"", ""subtitle"": ""Tự nhận phòng với hộp khóa an toàn.""}]"
1729754382296391482,https://www.airbnb.com.vn/rooms/1729754382296391482,20260926000000,2026-09-26,city search,Studio ấm cúng có ban công|Tự nhận phòng|Gần Bùi Viện,"Chào mừng bạn đến với Studio ấm cúng có ban công|Tự nhận phòng|Gần Bùi Viện — một không gian lưu trú ấm cúng, sang trọng tọa lạc tại Quận Bình Thạnh, Thành phố Hồ Chí Minh.
Căn phòng tràn ngập ánh sáng tự nhiên với đầy đủ tiện nghi cao cấp, giường nệm êm ái, máy lạnh, TV và wifi tốc độ cao. Rất thuận tiện di chuyển tới các điểm tham quan, nhà hàng ẩm thực và quán cà phê nổi tiếng của Thành phố Hồ Chí Minh.","Khu vực Quận Bình Thạnh an ninh, văn minh, gần nhiều địa điểm ăn uống, mua sắm và giải trí sầm uất tại Thành phố Hồ Chí Minh.",https://a0.muscache.com/im/pictures/hosting/Hosting-1729754382296391482/original/9d8c836d-372f-4bcc-bd01-f1c92ed05816.jpeg,47000005,https://www.airbnb.com.vn/users/show/47000005,Hà,2020-01-18,"Thành phố Hồ Chí Minh, Việt Nam","Xin chào, tôi là Hà, đã có 6 năm kinh nghiệm làm host. Tôi yêu thích du lịch và luôn mong muốn đem lại trải nghiệm lưu trú thoải mái nhất cho khách.",trong vòng một giờ,100%,98%,f,https://a0.muscache.com/im/pictures/user/User-47000005/original/user_profile_5.jpeg,https://a0.muscache.com/im/pictures/user/User-47000005/original/user_profile_5.jpeg,Quận Bình Thạnh,3,6,"['email', 'phone', 'work_email']",t,t,Quận Bình Thạnh,Quận Bình Thạnh,Thành phố Hồ Chí Minh,10.7591,106.6893,Phòng riêng trong nhà,Private room,2,1.0,1 phòng tắm,1,1,"[""Wi-fi tốc độ cao"", ""Không gian riêng để làm việc"", ""Bể bơi"", ""Máy báo khói"", ""Bồn tắm thư giãn"", ""Chỗ đỗ xe miễn phí trong khuôn viên"", ""Điều hòa nhiệt độ"", ""Ban công ngắm cảnh"", ""Máy giặt"", ""Thang máy"", ""Bếp đầy đủ tiện nghi"", ""Lò vi sóng"", ""Bộ chăn ga gối cao cấp"", ""Bàn ủi / Bàn là"", ""Tủ lạnh""]","₫1,090,000",1,1125,1,2,1125,1125,1.0,1125.0,today,t,15,44,79,306,2026-09-26,8,8,3,2026-05-29,2026-09-18,4.88,4.87,4.9,5.0,5.0,4.72,4.82,,f,2,0,1,0,4.51,"[""https://a0.muscache.com/im/pictures/hosting/Hosting-1729754382296391482/original/9d8c836d-372f-4bcc-bd01-f1c92ed05816.jpeg"", ""https://a0.muscache.com/im/pictures/hosting/Hosting-1729754382296391482/original/f29ebad6-ea28-4de7-93b7-1394b01d23b2.jpeg"", ""https://a0.muscache.com/im/pictures/hosting/Hosting-1729754382296391482/original/0e65e746-5d5b-41c7-b9f6-7c06ad325aff.jpeg"", ""https://a0.muscache.com/im/pictures/hosting/Hosting-1729754382296391482/original/7da0d8e1-15c4-4780-8481-5aed872a6f1f.jpeg"", ""https://a0.muscache.com/im/pictures/hosting/Hosting-1729754382296391482/original/6a242a84-8636-4322-aa56-aa9c71b23cee.jpeg"", ""https://a0.muscache.com/im/pictures/hosting/Hosting-1729754382296391482/original/968ba942-ff97-4610-9445-13e082dc19f6.jpeg""]",t,"[{""name"": ""Long"", ""avatar"": ""https://a0.muscache.com/im/pictures/user/avatar_long.jpg""}, {""name"": ""Dang Nguyen"", ""avatar"": ""https://a0.muscache.com/im/pictures/user/avatar_dang.jpg""}]","[{""name"": ""DECOR"", ""localizedName"": ""Trang trí"", ""count"": 12}, {""name"": ""INTERIOR"", ""localizedName"": ""Không gian bên trong"", ""count"": 7}, {""name"": ""CLEANLINESS"", ""localizedName"": ""Mức độ sạch sẽ"", ""count"": 7}, {""name"": ""LOCATION"", ""localizedName"": ""Địa điểm"", ""count"": 19}, {""name"": ""HOSPITALITY"", ""localizedName"": ""Hiếu khách"", ""count"": 6}]","[{""title"": ""Trải nghiệm nhận phòng xuất sắc"", ""subtitle"": ""Những khách ở gần đây đã xếp hạng 5 sao cho quy trình nhận phòng.""}, {""title"": ""Tự nhận phòng"", ""subtitle"": ""Tự nhận phòng với hộp khóa an toàn.""}]"
1628005723780925806,https://www.airbnb.com.vn/rooms/1628005723780925806,20260926000000,2026-09-26,city search,Căn hộ có sân hiên bồn tắm,"Chào mừng bạn đến với Căn hộ có sân hiên bồn tắm — một không gian lưu trú ấm cúng, sang trọng tọa lạc tại Quận Phú Nhuận, Thành phố Hồ Chí Minh.
Căn phòng tràn ngập ánh sáng tự nhiên với đầy đủ tiện nghi cao cấp, giường nệm êm ái, máy lạnh, TV và wifi tốc độ cao. Rất thuận tiện di chuyển tới các điểm tham quan, nhà hàng ẩm thực và quán cà phê nổi tiếng của Thành phố Hồ Chí Minh.","Khu vực Quận Phú Nhuận an ninh, văn minh, gần nhiều địa điểm ăn uống, mua sắm và giải trí sầm uất tại Thành phố Hồ Chí Minh.",https://a0.muscache.com/im/pictures/hosting/Hosting-1628005723780925806/original/232438e2-6587-4e48-ad45-8913129b7e13.jpeg,47000006,https://www.airbnb.com.vn/users/show/47000006,Trang,2020-05-28,"Thành phố Hồ Chí Minh, Việt Nam","Xin chào, tôi là Trang, đã có 6 năm kinh nghiệm làm host. Tôi yêu thích du lịch và luôn mong muốn đem lại trải nghiệm lưu trú thoải mái nhất cho khách.",trong vòng một giờ,100%,98%,t,https://a0.muscache.com/im/pictures/user/User-47000006/original/user_profile_6.jpeg,https://a0.muscache.com/im/pictures/user/User-47000006/original/user_profile_6.jpeg,Quận Phú Nhuận,5,7,"['email', 'phone', 'work_email']",t,t,Quận Phú Nhuận,Quận Phú Nhuận,Thành phố Hồ Chí Minh,10.79,106.7085,Phòng riêng trong nhà,Private room,2,1.0,1 phòng tắm,1,1,"[""Thang máy"", ""Bộ chăn ga gối cao cấp"", ""Bếp đầy đủ tiện nghi"", ""Tủ lạnh"", ""Wi-fi tốc độ cao"", ""Chỗ đỗ xe miễn phí trong khuôn viên"", ""Dầu gội & Sữa tắm"", ""Máy phát hiện khí CO"", ""Tự nhận phòng với hộp khóa an toàn"", ""Bể bơi"", ""Bồn tắm thư giãn"", ""Bàn ủi / Bàn là"", ""Máy báo khói"", ""Điều hòa nhiệt độ"", ""TV màn hình phẳng"", ""Máy giặt"", ""Lò vi sóng"", ""Không gian riêng để làm việc""]","₫1,250,000",1,1125,1,2,1125,1125,1.0,1125.0,today,t,16,44,80,290,2026-09-26,32,26,5,2025-06-03,2026-09-21,5.0,4.92,4.88,5.0,5.0,4.92,4.72,,t,2,0,1,0,3.52,"[""https://a0.muscache.com/im/pictures/hosting/Hosting-1628005723780925806/original/232438e2-6587-4e48-ad45-8913129b7e13.jpeg"", ""https://a0.muscache.com/im/pictures/hosting/Hosting-1628005723780925806/original/c65a8353-3fa1-47e5-8595-2b0fa02d0fd9.jpeg"", ""https://a0.muscache.com/im/pictures/hosting/Hosting-1628005723780925806/original/315a0d6c-af9f-478e-9bec-d11f32a02d63.jpeg"", ""https://a0.muscache.com/im/pictures/hosting/Hosting-1628005723780925806/original/b2223417-af8f-4f5e-8310-7c1386401542.jpeg"", ""https://a0.muscache.com/im/pictures/hosting/Hosting-1628005723780925806/original/2c72ae80-5a2b-466c-8f8a-d0f2c81ed886.jpeg"", ""https://a0.muscache.com/im/pictures/hosting/Hosting-1628005723780925806/original/4ddce8e7-e5bb-4fcc-bc12-09ff751cb354.jpeg""]",t,"[{""name"": ""Rùa"", ""avatar"": ""https://a0.muscache.com/im/pictures/user/avatar_rua.jpg""}, {""name"": ""Long"", ""avatar"": ""https://a0.muscache.com/im/pictures/user/avatar_long.jpg""}]","[{""name"": ""DECOR"", ""localizedName"": ""Trang trí"", ""count"": 5}, {""name"": ""INTERIOR"", ""localizedName"": ""Không gian bên trong"", ""count"": 8}, {""name"": ""CLEANLINESS"", ""localizedName"": ""Mức độ sạch sẽ"", ""count"": 10}, {""name"": ""LOCATION"", ""localizedName"": ""Địa điểm"", ""count"": 19}, {""name"": ""HOSPITALITY"", ""localizedName"": ""Hiếu khách"", ""count"": 8}]","[{""title"": ""Trải nghiệm nhận phòng xuất sắc"", ""subtitle"": ""Những khách ở gần đây đã xếp hạng 5 sao cho quy trình nhận phòng.""}, {""title"": ""Tự nhận phòng"", ""subtitle"": ""Tự nhận phòng với hộp khóa an toàn.""}]"
1749705760610403084,https://www.airbnb.com.vn/rooms/1749705760610403084,20260926000000,2026-09-26,city search,Gần sân bay/Studio/nhìn ra thành phố/Hội/Netflix,"Chào mừng bạn đến với Gần sân bay/Studio/nhìn ra thành phố/Hội/Netflix — một không gian lưu trú ấm cúng, sang trọng tọa lạc tại Thành phố Thủ Đức, Thành phố Hồ Chí Minh.
Căn phòng tràn ngập ánh sáng tự nhiên với đầy đủ tiện nghi cao cấp, giường nệm êm ái, máy lạnh, TV và wifi tốc độ cao. Rất thuận tiện di chuyển tới các điểm tham quan, nhà hàng ẩm thực và quán cà phê nổi tiếng của Thành phố Hồ Chí Minh.","Khu vực Thành phố Thủ Đức an ninh, văn minh, gần nhiều địa điểm ăn uống, mua sắm và giải trí sầm uất tại Thành phố Hồ Chí Minh.",https://a0.muscache.com/im/pictures/hosting/Hosting-1749705760610403084/original/f9bcc951-cdc6-4cc4-8f50-a7bce323a343.jpeg,47000007,https://www.airbnb.com.vn/users/show/47000007,Dương,2022-08-07,"Thành phố Hồ Chí Minh, Việt Nam","Xin chào, tôi là Dương, đã có 4 năm kinh nghiệm làm host. Tôi yêu thích du lịch và luôn mong muốn đem lại trải nghiệm lưu trú thoải mái nhất cho khách.",trong vòng một giờ,100%,98%,f,https://a0.muscache.com/im/pictures/user/User-47000007/original/user_profile_7.jpeg,https://a0.muscache.com/im/pictures/user/User-47000007/original/user_profile_7.jpeg,Thành phố Thủ Đức,3,7,"['email', 'phone', 'work_email']",t,t,Thành phố Thủ Đức,Thành phố Thủ Đức,Thành phố Hồ Chí Minh,10.8317,106.6349,Toàn bộ căn hộ cho thuê,Entire home/apt,2,1.0,1 phòng tắm,1,1,"[""TV màn hình phẳng"", ""Điều hòa nhiệt độ"", ""Máy phát hiện khí CO"", ""Tủ lạnh"", ""Bồn tắm thư giãn"", ""Tự nhận phòng với hộp khóa an toàn"", ""Ban công ngắm cảnh"", ""Lò vi sóng"", ""Chỗ đỗ xe miễn phí trong khuôn viên"", ""Dầu gội & Sữa tắm"", ""Bể bơi"", ""Bếp đầy đủ tiện nghi"", ""Bộ chăn ga gối cao cấp"", ""Thang máy"", ""Không gian riêng để làm việc"", ""Máy giặt"", ""Wi-fi tốc độ cao""]","₫476,424",1,1125,1,2,1125,1125,1.0,1125.0,today,t,12,50,80,321,2026-09-26,150,9,6,2023-06-14,2026-09-02,4.85,4.86,4.81,5.0,5.0,4.82,4.94,,f,2,2,0,0,3.55,"[""https://a0.muscache.com/im/pictures/hosting/Hosting-1749705760610403084/original/f9bcc951-cdc6-4cc4-8f50-a7bce323a343.jpeg"", ""https://a0.muscache.com/im/pictures/hosting/Hosting-1749705760610403084/original/b3390685-80f7-43d4-ae55-49e16135f25f.jpeg"", ""https://a0.muscache.com/im/pictures/hosting/Hosting-1749705760610403084/original/36a3119b-8553-4dbd-a5f7-5699ce500347.jpeg"", ""https://a0.muscache.com/im/pictures/hosting/Hosting-1749705760610403084/original/4e180d51-e43a-4ce7-bf38-17229c6e2121.jpeg"", ""https://a0.muscache.com/im/pictures/hosting/Hosting-1749705760610403084/original/5509eaee-4744-459e-a552-10b418f17d3f.jpeg"", ""https://a0.muscache.com/im/pictures/hosting/Hosting-1749705760610403084/original/aa64a246-8f14-44e2-89ed-ae9ff4718ac1.jpeg"", ""https://a0.muscache.com/im/pictures/hosting/Hosting-1749705760610403084/original/968934d6-e0b9-4e4c-a690-95386e891942.jpeg"", ""https://a0.muscache.com/im/pictures/hosting/Hosting-1749705760610403084/original/88b2db8e-6d78-4a00-a0b2-2dfa52eda574.jpeg"", ""https://a0.muscache.com/im/pictures/hosting/Hosting-1749705760610403084/original/6ecbd80a-679d-487e-8e68-bc026a9f3b40.jpeg"", ""https://a0.muscache.com/im/pictures/hosting/Hosting-1749705760610403084/original/2f307921-7238-4990-854b-de31b4a49f0f.jpeg""]",f,"[{""name"": ""Long"", ""avatar"": ""https://a0.muscache.com/im/pictures/user/avatar_long.jpg""}]","[{""name"": ""DECOR"", ""localizedName"": ""Trang trí"", ""count"": 14}, {""name"": ""INTERIOR"", ""localizedName"": ""Không gian bên trong"", ""count"": 5}, {""name"": ""CLEANLINESS"", ""localizedName"": ""Mức độ sạch sẽ"", ""count"": 17}, {""name"": ""LOCATION"", ""localizedName"": ""Địa điểm"", ""count"": 9}, {""name"": ""HOSPITALITY"", ""localizedName"": ""Hiếu khách"", ""count"": 2}]","[{""title"": ""Trải nghiệm nhận phòng xuất sắc"", ""subtitle"": ""Những khách ở gần đây đã xếp hạng 5 sao cho quy trình nhận phòng.""}, {""title"": ""Tự nhận phòng"", ""subtitle"": ""Tự nhận phòng với hộp khóa an toàn.""}]"
1603710307816713958,https://www.airbnb.com.vn/rooms/1603710307816713958,20260926000000,2026-09-26,city search,Gần Q1/Sân bay • Studio Ban công •  Netflix,"Chào mừng bạn đến với Gần Q1/Sân bay • Studio Ban công •  Netflix — một không gian lưu trú ấm cúng, sang trọng tọa lạc tại Quận Tân Bình, Thành phố Hồ Chí Minh.
Căn phòng tràn ngập ánh sáng tự nhiên với đầy đủ tiện nghi cao cấp, giường nệm êm ái, máy lạnh, TV và wifi tốc độ cao. Rất thuận tiện di chuyển tới các điểm tham quan, nhà hàng ẩm thực và quán cà phê nổi tiếng của Thành phố Hồ Chí Minh.","Khu vực Quận Tân Bình an ninh, văn minh, gần nhiều địa điểm ăn uống, mua sắm và giải trí sầm uất tại Thành phố Hồ Chí Minh.",https://a0.muscache.com/im/pictures/hosting/Hosting-1603710307816713958/original/f6cd53b1-5527-4eb5-9cce-dcf95b9b3653.jpeg,47000008,https://www.airbnb.com.vn/users/show/47000008,Thảo,2021-08-21,"Thành phố Hồ Chí Minh, Việt Nam","Xin chào, tôi là Thảo, đã có 5 năm kinh nghiệm làm host. Tôi yêu thích du lịch và luôn mong muốn đem lại trải nghiệm lưu trú thoải mái nhất cho khách.",trong vòng một giờ,100%,98%,t,https://a0.muscache.com/im/pictures/user/User-47000008/original/user_profile_8.jpeg,https://a0.muscache.com/im/pictures/user/User-47000008/original/user_profile_8.jpeg,Quận Tân Bình,3,8,"['email', 'phone', 'work_email']",t,t,Quận Tân Bình,Quận Tân Bình,Thành phố Hồ Chí Minh,10.8079,106.6839,Phòng riêng trong nhà,Private room,2,1.0,1 phòng tắm,1,1,"[""Tự nhận phòng với hộp khóa an toàn"", ""Wi-fi tốc độ cao"", ""Bộ chăn ga gối cao cấp"", ""Bàn ủi / Bàn là"", ""Máy báo khói"", ""Bồn tắm thư giãn"", ""Không gian riêng để làm việc"", ""Chỗ đỗ xe miễn phí trong khuôn viên"", ""Thang máy"", ""Bể bơi"", ""Máy giặt"", ""Ban công ngắm cảnh"", ""Máy sấy tóc"", ""Điều hòa nhiệt độ""]","₫694,385",1,1125,1,2,1125,1125,1.0,1125.0,today,t,22,40,52,301,2026-09-26,33,8,6,2025-05-19,2026-09-05,5.0,4.93,5.0,5.0,5.0,4.7,4.87,,t,2,0,1,0,4.29,"[""https://a0.muscache.com/im/pictures/hosting/Hosting-1603710307816713958/original/f6cd53b1-5527-4eb5-9cce-dcf95b9b3653.jpeg"", ""https://a0.muscache.com/im/pictures/hosting/Hosting-1603710307816713958/original/e6506079-e83f-4ccd-bbf1-494f096a0671.png"", ""https://a0.muscache.com/im/pictures/hosting/Hosting-1603710307816713958/original/7338010d-57fd-4b18-baed-ad1c560f0ba9.jpeg"", ""https://a0.muscache.com/im/pictures/hosting/Hosting-1603710307816713958/original/098f1834-1a2c-4a16-9bf4-15416c04feb1.jpeg"", ""https://a0.muscache.com/im/pictures/hosting/Hosting-1603710307816713958/original/9448f5d7-4f20-4459-89c7-95f69e5e78af.png"", ""https://a0.muscache.com/im/pictures/hosting/Hosting-1603710307816713958/original/d67247e5-9cec-434e-aa0c-d8e6ad9328d7.jpeg""]",t,"[{""name"": ""Rùa"", ""avatar"": ""https://a0.muscache.com/im/pictures/user/avatar_rua.jpg""}, {""name"": ""Long"", ""avatar"": ""https://a0.muscache.com/im/pictures/user/avatar_long.jpg""}]","[{""name"": ""DECOR"", ""localizedName"": ""Trang trí"", ""count"": 8}, {""name"": ""INTERIOR"", ""localizedName"": ""Không gian bên trong"", ""count"": 13}, {""name"": ""CLEANLINESS"", ""localizedName"": ""Mức độ sạch sẽ"", ""count"": 15}, {""name"": ""LOCATION"", ""localizedName"": ""Địa điểm"", ""count"": 15}, {""name"": ""HOSPITALITY"", ""localizedName"": ""Hiếu khách"", ""count"": 14}]","[{""title"": ""Trải nghiệm nhận phòng xuất sắc"", ""subtitle"": ""Những khách ở gần đây đã xếp hạng 5 sao cho quy trình nhận phòng.""}, {""title"": ""Tự nhận phòng"", ""subtitle"": ""Tự nhận phòng với hộp khóa an toàn.""}]"
1744762945679649259,https://www.airbnb.com.vn/rooms/1744762945679649259,20260926000000,2026-09-26,city search,SR - Đường Trần Đình Xu - Studio Deluxe có ban công,"Chào mừng bạn đến với SR - Đường Trần Đình Xu - Studio Deluxe có ban công — một không gian lưu trú ấm cúng, sang trọng tọa lạc tại Quận 1, Thành phố Hồ Chí Minh.
Căn phòng tràn ngập ánh sáng tự nhiên với đầy đủ tiện nghi cao cấp, giường nệm êm ái, máy lạnh, TV và wifi tốc độ cao. Rất thuận tiện di chuyển tới các điểm tham quan, nhà hàng ẩm thực và quán cà phê nổi tiếng của Thành phố Hồ Chí Minh.","Khu vực Quận 1 an ninh, văn minh, gần nhiều địa điểm ăn uống, mua sắm và giải trí sầm uất tại Thành phố Hồ Chí Minh.",https://a0.muscache.com/im/pictures/hosting/Hosting-1744762945679649259/original/66cc235a-071a-4cc3-8727-3474ea95d313.jpeg,47000009,https://www.airbnb.com.vn/users/show/47000009,Hải,2025-06-14,"Thành phố Hồ Chí Minh, Việt Nam","Xin chào, tôi là Hải, đã có 1 năm kinh nghiệm làm host. Tôi yêu thích du lịch và luôn mong muốn đem lại trải nghiệm lưu trú thoải mái nhất cho khách.",trong vòng một giờ,100%,98%,f,https://a0.muscache.com/im/pictures/user/User-47000009/original/user_profile_9.jpeg,https://a0.muscache.com/im/pictures/user/User-47000009/original/user_profile_9.jpeg,Quận 1,1,8,"['email', 'phone', 'work_email']",t,t,Quận 1,Quận 1,Thành phố Hồ Chí Minh,10.7605,106.6911,Toàn bộ căn hộ cho thuê,Entire home/apt,2,1.0,1 phòng tắm,1,1,"[""Tự nhận phòng với hộp khóa an toàn"", ""Bộ chăn ga gối cao cấp"", ""Máy báo khói"", ""Bàn ủi / Bàn là"", ""Bếp đầy đủ tiện nghi"", ""Ban công ngắm cảnh"", ""Chỗ đỗ xe miễn phí trong khuôn viên"", ""Điều hòa nhiệt độ"", ""Wi-fi tốc độ cao"", ""Bể bơi"", ""Máy giặt"", ""Lò vi sóng"", ""Không gian riêng để làm việc"", ""Máy sấy tóc"", ""Máy phát hiện khí CO"", ""Bồn tắm thư giãn"", ""Dầu gội & Sữa tắm""]","₫770,000",1,1125,1,2,1125,1125,1.0,1125.0,today,t,13,45,71,334,2026-09-26,12,10,0,2026-03-30,2026-09-08,5.0,5.0,4.89,5.0,5.0,4.81,4.88,,f,2,2,0,0,2.9,"[""https://a0.muscache.com/im/pictures/hosting/Hosting-1744762945679649259/original/66cc235a-071a-4cc3-8727-3474ea95d313.jpeg"", ""https://a0.muscache.com/im/pictures/hosting/Hosting-1744762945679649259/original/a3ed76a5-644c-496a-a6dc-c3bd6c7d7b99.jpeg"", ""https://a0.muscache.com/im/pictures/hosting/Hosting-1744762945679649259/original/9a344e56-62c4-4dfb-b8d4-d9a385cbf5ab.jpeg"", ""https://a0.muscache.com/im/pictures/hosting/Hosting-1744762945679649259/original/39f8a51a-c015-4ddc-aeed-0d0429232603.jpeg"", ""https://a0.muscache.com/im/pictures/hosting/Hosting-1744762945679649259/original/0ce8ba15-e64b-4212-bc72-22e8ef48ec99.jpeg"", ""https://a0.muscache.com/im/pictures/hosting/Hosting-1744762945679649259/original/861792c2-96f2-49ba-8c55-7d6e311f0727.jpeg"", ""https://a0.muscache.com/im/pictures/hosting/Hosting-1744762945679649259/original/1a7b4325-e5c5-4213-ace1-4fb02317792b.jpeg"", ""https://a0.muscache.com/im/pictures/hosting/Hosting-1744762945679649259/original/8f97dded-2a36-414f-8d3a-329f8471a58a.jpeg"", ""https://a0.muscache.com/im/pictures/hosting/Hosting-1744762945679649259/original/f64f73af-acdf-4e66-b8ab-3172565e4e5b.jpeg"", ""https://a0.muscache.com/im/pictures/hosting/Hosting-1744762945679649259/original/dfd96d48-a209-43bc-95fa-d74061e5f352.jpeg"", ""https://a0.muscache.com/im/pictures/hosting/Hosting-1744762945679649259/original/e2255d4c-21ce-450b-93cb-18744ec24f01.jpeg"", ""https://a0.muscache.com/im/pictures/hosting/Hosting-1744762945679649259/original/1942891d-1afd-48f3-a64a-701918d49c42.jpeg"", ""https://a0.muscache.com/im/pictures/hosting/Hosting-1744762945679649259/original/74dc17b7-7543-4ec9-9c36-bf5ed21fea29.jpeg"", ""https://a0.muscache.com/im/pictures/hosting/Hosting-1744762945679649259/original/fe53cc9e-4998-4da8-931d-862b7ab59e91.jpeg"", ""https://a0.muscache.com/im/pictures/hosting/Hosting-1744762945679649259/original/5becbda9-73dc-4393-9c59-7ca8eb9d097d.jpeg"", ""https://a0.muscache.com/im/pictures/hosting/Hosting-1744762945679649259/original/1b0757fc-3376-40b8-85f4-00c9acef0461.jpeg"", ""https://a0.muscache.com/im/pictures/hosting/Hosting-1744762945679649259/original/8580752b-ba21-4c38-92e2-ebe887b829b7.jpeg"", ""https://a0.muscache.com/im/pictures/hosting/Hosting-1744762945679649259/original/ec467e7e-f646-42b3-8264-aa4c58b0ca44.jpeg"", ""https://a0.muscache.com/im/pictures/hosting/Hosting-1744762945679649259/original/194c31ee-50b1-483f-a0f6-20ec4b9bac44.jpeg"", ""https://a0.muscache.com/im/pictures/hosting/Hosting-1744762945679649259/original/1b8e35e5-27d9-4fb2-bb5a-1dc1baf3dfbf.jpeg"", ""https://a0.muscache.com/im/pictures/hosting/Hosting-1744762945679649259/original/b9da80e0-7340-4cdd-967f-0c412f6a3eb2.jpeg"", ""https://a0.muscache.com/im/pictures/hosting/Hosting-1744762945679649259/original/6f848bc1-9ab7-4fb1-883d-4e20a2c2dc4b.jpeg"", ""https://a0.muscache.com/im/pictures/hosting/Hosting-1744762945679649259/original/2763fcee-4df0-4770-876d-2ec8621cd85b.jpeg"", ""https://a0.muscache.com/im/pictures/hosting/Hosting-1744762945679649259/original/a6ec0829-0636-436c-b434-c4c23f78067b.jpeg"", ""https://a0.muscache.com/im/pictures/hosting/Hosting-1744762945679649259/original/b0c08c79-4b7a-4d5f-a8ac-c5efe4464de1.jpeg"", ""https://a0.muscache.com/im/pictures/hosting/Hosting-1744762945679649259/original/9d9d3d6f-e2be-4cd0-8d99-4df904cfc3ce.jpeg"", ""https://a0.muscache.com/im/pictures/hosting/Hosting-1744762945679649259/original/32753114-d8db-4c00-9142-ab7bdb54e68c.jpeg"", ""https://a0.muscache.com/im/pictures/hosting/Hosting-1744762945679649259/original/6032356b-9755-42a2-bd5c-ba48b6aa8d8c.jpeg"", ""https://a0.muscache.com/im/pictures/hosting/Hosting-1744762945679649259/original/9507cad2-075b-4052-ac65-b3613d2ee213.jpeg""]",t,"[{""name"": ""Cindy"", ""avatar"": ""https://a0.muscache.com/im/pictures/user/avatar_cindy.jpg""}, {""name"": ""Long"", ""avatar"": ""https://a0.muscache.com/im/pictures/user/avatar_long.jpg""}, {""name"": ""Rùa"", ""avatar"": ""https://a0.muscache.com/im/pictures/user/avatar_rua.jpg""}]","[{""name"": ""DECOR"", ""localizedName"": ""Trang trí"", ""count"": 8}, {""name"": ""INTERIOR"", ""localizedName"": ""Không gian bên trong"", ""count"": 8}, {""name"": ""CLEANLINESS"", ""localizedName"": ""Mức độ sạch sẽ"", ""count"": 23}, {""name"": ""LOCATION"", ""localizedName"": ""Địa điểm"", ""count"": 8}, {""name"": ""HOSPITALITY"", ""localizedName"": ""Hiếu khách"", ""count"": 3}]","[{""title"": ""Trải nghiệm nhận phòng xuất sắc"", ""subtitle"": ""Những khách ở gần đây đã xếp hạng 5 sao cho quy trình nhận phòng.""}, {""title"": ""Tự nhận phòng"", ""subtitle"": ""Tự nhận phòng với hộp khóa an toàn.""}]"
1666009889914611463,https://www.airbnb.com.vn/rooms/1666009889914611463,20260926000000,2026-09-26,city search,"Studio gần Landmark81, Ga Metro Tân Cảng","Chào mừng bạn đến với Studio gần Landmark81, Ga Metro Tân Cảng — một không gian lưu trú ấm cúng, sang trọng tọa lạc tại Quận 3, Thành phố Hồ Chí Minh.
Căn phòng tràn ngập ánh sáng tự nhiên với đầy đủ tiện nghi cao cấp, giường nệm êm ái, máy lạnh, TV và wifi tốc độ cao. Rất thuận tiện di chuyển tới các điểm tham quan, nhà hàng ẩm thực và quán cà phê nổi tiếng của Thành phố Hồ Chí Minh.","Khu vực Quận 3 an ninh, văn minh, gần nhiều địa điểm ăn uống, mua sắm và giải trí sầm uất tại Thành phố Hồ Chí Minh.",https://a0.muscache.com/im/pictures/hosting/Hosting-1666009889914611463/original/8971befd-996e-44f7-a82f-47aa0e49f252.jpeg,47000010,https://www.airbnb.com.vn/users/show/47000010,Nam,2022-01-15,"Thành phố Hồ Chí Minh, Việt Nam","Xin chào, tôi là Nam, đã có 4 năm kinh nghiệm làm host. Tôi yêu thích du lịch và luôn mong muốn đem lại trải nghiệm lưu trú thoải mái nhất cho khách.",trong vòng một giờ,100%,98%,t,https://a0.muscache.com/im/pictures/user/User-47000010/original/user_profile_0.jpeg,https://a0.muscache.com/im/pictures/user/User-47000010/original/user_profile_0.jpeg,Quận 3,10,2,"['email', 'phone', 'work_email']",t,t,Quận 3,Quận 3,Thành phố Hồ Chí Minh,10.7966,106.7189,Phòng riêng trong nhà,Private room,2,1.0,1 phòng tắm,1,1,"[""Không gian riêng để làm việc"", ""Máy phát hiện khí CO"", ""Thang máy"", ""Chỗ đỗ xe miễn phí trong khuôn viên"", ""Bàn ủi / Bàn là"", ""Máy sấy tóc"", ""Dầu gội & Sữa tắm"", ""Máy báo khói"", ""Bồn tắm thư giãn"", ""Điều hòa nhiệt độ"", ""Tủ lạnh"", ""Lò vi sóng"", ""Bể bơi"", ""Tự nhận phòng với hộp khóa an toàn"", ""TV màn hình phẳng"", ""Máy giặt"", ""Bộ chăn ga gối cao cấp"", ""Wi-fi tốc độ cao"", ""Bếp đầy đủ tiện nghi""]","₫400,800",1,1125,1,2,1125,1125,1.0,1125.0,today,t,23,32,71,284,2026-09-26,11,2,3,2026-04-14,2026-09-04,5.0,4.99,4.99,5.0,5.0,4.92,4.87,,t,2,0,1,0,4.58,"[""https://a0.muscache.com/im/pictures/hosting/Hosting-1666009889914611463/original/8971befd-996e-44f7-a82f-47aa0e49f252.jpeg"", ""https://a0.muscache.com/im/pictures/hosting/Hosting-1666009889914611463/original/7508c94c-95aa-4bbe-b5d2-4229ce437c3a.jpeg"", ""https://a0.muscache.com/im/pictures/hosting/Hosting-1666009889914611463/original/158667c3-421a-4310-8cae-58e8d61001e8.jpeg"", ""https://a0.muscache.com/im/pictures/hosting/Hosting-1666009889914611463/original/598031c7-5d07-4c4d-8dd9-70180ecac8b3.jpeg"", ""https://a0.muscache.com/im/pictures/hosting/Hosting-1666009889914611463/original/21d0d6ca-9e74-4d07-88d3-b215b475fc5c.jpeg"", ""https://a0.muscache.com/im/pictures/hosting/Hosting-1666009889914611463/original/7acae053-92b4-4005-8693-ccd864e04c1c.jpeg""]",t,"[{""name"": ""Rùa"", ""avatar"": ""https://a0.muscache.com/im/pictures/user/avatar_rua.jpg""}, {""name"": ""Long"", ""avatar"": ""https://a0.muscache.com/im/pictures/user/avatar_long.jpg""}, {""name"": ""Cindy"", ""avatar"": ""https://a0.muscache.com/im/pictures/user/avatar_cindy.jpg""}]","[{""name"": ""DECOR"", ""localizedName"": ""Trang trí"", ""count"": 8}, {""name"": ""INTERIOR"", ""localizedName"": ""Không gian bên trong"", ""count"": 4}, {""name"": ""CLEANLINESS"", ""localizedName"": ""Mức độ sạch sẽ"", ""count"": 3}, {""name"": ""LOCATION"", ""localizedName"": ""Địa điểm"", ""count"": 9}, {""name"": ""HOSPITALITY"", ""localizedName"": ""Hiếu khách"", ""count"": 10}]","[{""title"": ""Trải nghiệm nhận phòng xuất sắc"", ""subtitle"": ""Những khách ở gần đây đã xếp hạng 5 sao cho quy trình nhận phòng.""}, {""title"": ""Tự nhận phòng"", ""subtitle"": ""Tự nhận phòng với hộp khóa an toàn.""}]"
1380435365259160853,https://www.airbnb.com.vn/rooms/1380435365259160853,20260926000000,2026-09-26,city search,"Studio Ngay Tân Định, Quận 1","Chào mừng bạn đến với Studio Ngay Tân Định, Quận 1 — một không gian lưu trú ấm cúng, sang trọng tọa lạc tại Quận 1, Thành phố Hồ Chí Minh.
Căn phòng tràn ngập ánh sáng tự nhiên với đầy đủ tiện nghi cao cấp, giường nệm êm ái, máy lạnh, TV và wifi tốc độ cao. Rất thuận tiện di chuyển tới các điểm tham quan, nhà hàng ẩm thực và quán cà phê nổi tiếng của Thành phố Hồ Chí Minh.","Khu vực Quận 1 an ninh, văn minh, gần nhiều địa điểm ăn uống, mua sắm và giải trí sầm uất tại Thành phố Hồ Chí Minh.",https://a0.muscache.com/im/pictures/hosting/Hosting-1380435365259160853/original/5459d44a-6aec-4af3-8f1e-c761f3a81caf.jpeg,47000011,https://www.airbnb.com.vn/users/show/47000011,Tuấn,2023-09-03,"Thành phố Hồ Chí Minh, Việt Nam","Xin chào, tôi là Tuấn, đã có 3 năm kinh nghiệm làm host. Tôi yêu thích du lịch và luôn mong muốn đem lại trải nghiệm lưu trú thoải mái nhất cho khách.",trong vòng một giờ,100%,98%,f,https://a0.muscache.com/im/pictures/user/User-47000011/original/user_profile_1.jpeg,https://a0.muscache.com/im/pictures/user/User-47000011/original/user_profile_1.jpeg,Quận 1,6,2,"['email', 'phone', 'work_email']",t,t,Quận 1,Quận 1,Thành phố Hồ Chí Minh,10.79243591115331,106.69426984269305,Phòng riêng trong nhà,Private room,2,1.0,1 phòng tắm,1,1,"[""Wi-fi tốc độ cao"", ""Ban công ngắm cảnh"", ""Điều hòa nhiệt độ"", ""Máy sấy tóc"", ""Bộ chăn ga gối cao cấp"", ""Máy báo khói"", ""Lò vi sóng"", ""Tủ lạnh"", ""Chỗ đỗ xe miễn phí trong khuôn viên"", ""Bồn tắm thư giãn"", ""Không gian riêng để làm việc"", ""Bàn ủi / Bàn là"", ""Máy phát hiện khí CO"", ""Tự nhận phòng với hộp khóa an toàn"", ""TV màn hình phẳng"", ""Dầu gội & Sữa tắm"", ""Bể bơi""]","₫751,900",1,1125,1,2,1125,1125,1.0,1125.0,today,t,27,31,63,227,2026-09-26,60,38,6,2024-04-09,2026-09-24,4.98,4.87,4.9,5.0,5.0,4.87,4.9,,f,2,0,1,0,2.62,"[""https://a0.muscache.com/im/pictures/hosting/Hosting-1380435365259160853/original/5459d44a-6aec-4af3-8f1e-c761f3a81caf.jpeg"", ""https://a0.muscache.com/im/pictures/hosting/Hosting-1380435365259160853/original/cab66cfa-62f0-4890-8ac0-08f46ce4762a.jpeg"", ""https://a0.muscache.com/im/pictures/hosting/Hosting-1380435365259160853/original/d90cd4e9-4cc6-4bb4-9525-39a07b4d62fb.jpeg"", ""https://a0.muscache.com/im/pictures/hosting/Hosting-1380435365259160853/original/cc180bfa-d8f3-4bed-b755-6fbde6a13b30.jpeg"", ""https://a0.muscache.com/im/pictures/hosting/Hosting-1380435365259160853/original/3eed084f-10f5-4835-9cf2-2a7a424dc496.jpeg"", ""https://a0.muscache.com/im/pictures/hosting/Hosting-1380435365259160853/original/e1220b9b-f210-44a2-8312-1982694ad4d6.jpeg""]",t,"[{""name"": ""Long"", ""avatar"": ""https://a0.muscache.com/im/pictures/user/avatar_long.jpg""}]","[{""name"": ""DECOR"", ""localizedName"": ""Trang trí"", ""count"": 15}, {""name"": ""INTERIOR"", ""localizedName"": ""Không gian bên trong"", ""count"": 6}, {""name"": ""CLEANLINESS"", ""localizedName"": ""Mức độ sạch sẽ"", ""count"": 6}, {""name"": ""LOCATION"", ""localizedName"": ""Địa điểm"", ""count"": 14}, {""name"": ""HOSPITALITY"", ""localizedName"": ""Hiếu khách"", ""count"": 8}]","[{""title"": ""Trải nghiệm nhận phòng xuất sắc"", ""subtitle"": ""Những khách ở gần đây đã xếp hạng 5 sao cho quy trình nhận phòng.""}, {""title"": ""Tự nhận phòng"", ""subtitle"": ""Tự nhận phòng với hộp khóa an toàn.""}]"
1767860606256364078,https://www.airbnb.com.vn/rooms/1767860606256364078,20260926000000,2026-09-26,city search,Quận 1/tầng thượng/riêng tư/không gian rộng/giặt là miễn phí,"Chào mừng bạn đến với Quận 1/tầng thượng/riêng tư/không gian rộng/giặt là miễn phí — một không gian lưu trú ấm cúng, sang trọng tọa lạc tại Quận 1, Thành phố Hồ Chí Minh.
Căn phòng tràn ngập ánh sáng tự nhiên với đầy đủ tiện nghi cao cấp, giường nệm êm ái, máy lạnh, TV và wifi tốc độ cao. Rất thuận tiện di chuyển tới các điểm tham quan, nhà hàng ẩm thực và quán cà phê nổi tiếng của Thành phố Hồ Chí Minh.","Khu vực Quận 1 an ninh, văn minh, gần nhiều địa điểm ăn uống, mua sắm và giải trí sầm uất tại Thành phố Hồ Chí Minh.",https://a0.muscache.com/im/pictures/hosting/Hosting-1767860606256364078/original/0824580e-e919-460d-bba6-5bd5c8a57c38.png,47000012,https://www.airbnb.com.vn/users/show/47000012,Long,2024-06-06,"Thành phố Hồ Chí Minh, Việt Nam","Xin chào, tôi là Long, đã có 2 năm kinh nghiệm làm host. Tôi yêu thích du lịch và luôn mong muốn đem lại trải nghiệm lưu trú thoải mái nhất cho khách.",trong vòng một giờ,100%,98%,t,https://a0.muscache.com/im/pictures/user/User-47000012/original/user_profile_2.jpeg,https://a0.muscache.com/im/pictures/user/User-47000012/original/user_profile_2.jpeg,Quận 1,6,2,"['email', 'phone', 'work_email']",t,t,Quận 1,Quận 1,Thành phố Hồ Chí Minh,10.7716,106.7033,Toàn bộ căn hộ cho thuê,Entire home/apt,4,1.0,1 phòng tắm,2,2,"[""Thang máy"", ""Tự nhận phòng với hộp khóa an toàn"", ""Wi-fi tốc độ cao"", ""Bếp đầy đủ tiện nghi"", ""Dầu gội & Sữa tắm"", ""Máy phát hiện khí CO"", ""Điều hòa nhiệt độ"", ""Máy sấy tóc"", ""Lò vi sóng"", ""Máy báo khói"", ""Bể bơi"", ""Bồn tắm thư giãn"", ""Bộ chăn ga gối cao cấp"", ""Tủ lạnh"", ""Không gian riêng để làm việc"", ""Chỗ đỗ xe miễn phí trong khuôn viên"", ""Bàn ủi / Bàn là"", ""TV màn hình phẳng""]","₫1,595,000",1,1125,1,2,1125,1125,1.0,1125.0,today,t,12,40,80,244,2026-09-26,154,31,5,2023-06-14,2026-09-03,4.85,5.0,4.85,5.0,5.0,4.83,4.86,,t,2,2,0,0,2.03,"[""https://a0.muscache.com/im/pictures/hosting/Hosting-1767860606256364078/original/0824580e-e919-460d-bba6-5bd5c8a57c38.png"", ""https://a0.muscache.com/im/pictures/hosting/Hosting-1767860606256364078/original/c0e93c67-9e8d-4626-86c2-bf52df72fae4.png"", ""https://a0.muscache.com/im/pictures/hosting/Hosting-1767860606256364078/original/3c970f92-5be8-480e-8159-8c2399335ecb.png"", ""https://a0.muscache.com/im/pictures/hosting/Hosting-1767860606256364078/original/4cc0d6a5-298b-4412-bba8-f0b8d59dafd7.png"", ""https://a0.muscache.com/im/pictures/hosting/Hosting-1767860606256364078/original/589a31b4-55e3-44a1-9ba7-24c1908d83f2.png"", ""https://a0.muscache.com/im/pictures/hosting/Hosting-1767860606256364078/original/18eb16d0-0f37-4018-afc8-5b5eaf89d88a.png"", ""https://a0.muscache.com/im/pictures/hosting/Hosting-1767860606256364078/original/1ffe899c-8bc0-427c-affc-a76de841ac0e.png"", ""https://a0.muscache.com/im/pictures/hosting/Hosting-1767860606256364078/original/cfcae914-91c9-4aca-a5f4-d801bcca4e35.png"", ""https://a0.muscache.com/im/pictures/hosting/Hosting-1767860606256364078/original/b90ae228-1ba4-4561-9e6a-fe474e1621f5.png"", ""https://a0.muscache.com/im/pictures/hosting/Hosting-1767860606256364078/original/8313f8f8-3859-4d10-9e12-41a41c1f31cb.png"", ""https://a0.muscache.com/im/pictures/hosting/Hosting-1767860606256364078/original/65445682-b009-4558-a13c-4edd34380570.png"", ""https://a0.muscache.com/im/pictures/hosting/Hosting-1767860606256364078/original/d4a27e82-a20e-47f4-8f6e-f2409eea9910.png"", ""https://a0.muscache.com/im/pictures/hosting/Hosting-1767860606256364078/original/c9b816de-0d86-40a4-97f7-af37cd7fd2fa.png"", ""https://a0.muscache.com/im/pictures/hosting/Hosting-1767860606256364078/original/a8ca5ecc-3656-46a5-a2ee-488b63f60336.png"", ""https://a0.muscache.com/im/pictures/hosting/Hosting-1767860606256364078/original/392ac627-fcc1-425a-b6e4-623264fe0757.png"", ""https://a0.muscache.com/im/pictures/hosting/Hosting-1767860606256364078/original/d99c7fc4-e9cc-4285-98a4-e3d66ed39945.png"", ""https://a0.muscache.com/im/pictures/hosting/Hosting-1767860606256364078/original/6179459e-3f58-4560-9d1c-5b2a21f26c92.png"", ""https://a0.muscache.com/im/pictures/hosting/Hosting-1767860606256364078/original/5195f2a0-ab6d-46ad-afd1-e8a92ea1d6ee.jpeg""]",f,"[{""name"": ""Long"", ""avatar"": ""https://a0.muscache.com/im/pictures/user/avatar_long.jpg""}, {""name"": ""Rùa"", ""avatar"": ""https://a0.muscache.com/im/pictures/user/avatar_rua.jpg""}]","[{""name"": ""DECOR"", ""localizedName"": ""Trang trí"", ""count"": 10}, {""name"": ""INTERIOR"", ""localizedName"": ""Không gian bên trong"", ""count"": 17}, {""name"": ""CLEANLINESS"", ""localizedName"": ""Mức độ sạch sẽ"", ""count"": 5}, {""name"": ""LOCATION"", ""localizedName"": ""Địa điểm"", ""count"": 6}, {""name"": ""HOSPITALITY"", ""localizedName"": ""Hiếu khách"", ""count"": 3}]","[{""title"": ""Trải nghiệm nhận phòng xuất sắc"", ""subtitle"": ""Những khách ở gần đây đã xếp hạng 5 sao cho quy trình nhận phòng.""}, {""title"": ""Tự nhận phòng"", ""subtitle"": ""Tự nhận phòng với hộp khóa an toàn.""}]"
1740631324394687033,https://www.airbnb.com.vn/rooms/1740631324394687033,20260926000000,2026-09-26,city search,Phòng Indochine ấm cúng|Quận 1|Nhà thờ Hồng|Netflix,"Chào mừng bạn đến với Phòng Indochine ấm cúng|Quận 1|Nhà thờ Hồng|Netflix — một không gian lưu trú ấm cúng, sang trọng tọa lạc tại Quận 1, Thành phố Hồ Chí Minh.
Căn phòng tràn ngập ánh sáng tự nhiên với đầy đủ tiện nghi cao cấp, giường nệm êm ái, máy lạnh, TV và wifi tốc độ cao. Rất thuận tiện di chuyển tới các điểm tham quan, nhà hàng ẩm thực và quán cà phê nổi tiếng của Thành phố Hồ Chí Minh.","Khu vực Quận 1 an ninh, văn minh, gần nhiều địa điểm ăn uống, mua sắm và giải trí sầm uất tại Thành phố Hồ Chí Minh.",https://a0.muscache.com/im/pictures/hosting/Hosting-1740631324394687033/original/da472c46-dd17-4a2d-b2fb-288eaf9ebe0c.jpeg,47000013,https://www.airbnb.com.vn/users/show/47000013,Đức,2023-08-07,"Thành phố Hồ Chí Minh, Việt Nam","Xin chào, tôi là Đức, đã có 3 năm kinh nghiệm làm host. Tôi yêu thích du lịch và luôn mong muốn đem lại trải nghiệm lưu trú thoải mái nhất cho khách.",trong vòng một giờ,100%,98%,f,https://a0.muscache.com/im/pictures/user/User-47000013/original/user_profile_3.jpeg,https://a0.muscache.com/im/pictures/user/User-47000013/original/user_profile_3.jpeg,Quận 1,9,6,"['email', 'phone', 'work_email']",t,t,Quận 1,Quận 1,Thành phố Hồ Chí Minh,10.7905,106.6997,Phòng riêng trong nhà,Private room,2,1.0,1 phòng tắm,1,1,"[""Tự nhận phòng với hộp khóa an toàn"", ""Bàn ủi / Bàn là"", ""Không gian riêng để làm việc"", ""Tủ lạnh"", ""Thang máy"", ""Máy báo khói"", ""Bể bơi"", ""Bếp đầy đủ tiện nghi"", ""Máy giặt"", ""Điều hòa nhiệt độ"", ""Chỗ đỗ xe miễn phí trong khuôn viên"", ""Bộ chăn ga gối cao cấp"", ""Wi-fi tốc độ cao"", ""Bồn tắm thư giãn"", ""TV màn hình phẳng"", ""Máy sấy tóc"", ""Dầu gội & Sữa tắm"", ""Lò vi sóng""]","₫636,600",1,1125,1,2,1125,1125,1.0,1125.0,today,t,28,32,60,239,2026-09-26,8,5,6,2026-05-29,2026-09-16,5.0,4.88,4.89,5.0,5.0,4.73,4.78,,f,2,0,1,0,2.2,"[""https://a0.muscache.com/im/pictures/hosting/Hosting-1740631324394687033/original/da472c46-dd17-4a2d-b2fb-288eaf9ebe0c.jpeg"", ""https://a0.muscache.com/im/pictures/hosting/Hosting-1740631324394687033/original/64eadf8f-abbc-483d-9415-e722aa0065cb.jpeg"", ""https://a0.muscache.com/im/pictures/hosting/Hosting-1740631324394687033/original/b287ef2f-340c-4da2-bce9-d8f466680b3a.jpeg"", ""https://a0.muscache.com/im/pictures/hosting/Hosting-1740631324394687033/original/de6f493a-b667-4f2f-94c5-a00df036df93.jpeg"", ""https://a0.muscache.com/im/pictures/hosting/Hosting-1740631324394687033/original/7e0e5be4-5ac6-42a5-b3e8-8dcde0876f6f.jpeg"", ""https://a0.muscache.com/im/pictures/hosting/Hosting-1740631324394687033/original/460f6ab3-0a3e-4ca2-9cf1-b8ac58a0b528.jpeg""]",t,"[{""name"": ""Dang Nguyen"", ""avatar"": ""https://a0.muscache.com/im/pictures/user/avatar_dang.jpg""}, {""name"": ""Long"", ""avatar"": ""https://a0.muscache.com/im/pictures/user/avatar_long.jpg""}]","[{""name"": ""DECOR"", ""localizedName"": ""Trang trí"", ""count"": 2}, {""name"": ""INTERIOR"", ""localizedName"": ""Không gian bên trong"", ""count"": 6}, {""name"": ""CLEANLINESS"", ""localizedName"": ""Mức độ sạch sẽ"", ""count"": 23}, {""name"": ""LOCATION"", ""localizedName"": ""Địa điểm"", ""count"": 18}, {""name"": ""HOSPITALITY"", ""localizedName"": ""Hiếu khách"", ""count"": 3}]","[{""title"": ""Trải nghiệm nhận phòng xuất sắc"", ""subtitle"": ""Những khách ở gần đây đã xếp hạng 5 sao cho quy trình nhận phòng.""}, {""title"": ""Tự nhận phòng"", ""subtitle"": ""Tự nhận phòng với hộp khóa an toàn.""}]"
1349393016261346151,https://www.airbnb.com.vn/rooms/1349393016261346151,20260926000000,2026-09-26,city search,Nhà ấm cúng và phong cách ở Quận 1/Phòng tắm riêng,"Chào mừng bạn đến với Nhà ấm cúng và phong cách ở Quận 1/Phòng tắm riêng — một không gian lưu trú ấm cúng, sang trọng tọa lạc tại Quận 1, Thành phố Hồ Chí Minh.
Căn phòng tràn ngập ánh sáng tự nhiên với đầy đủ tiện nghi cao cấp, giường nệm êm ái, máy lạnh, TV và wifi tốc độ cao. Rất thuận tiện di chuyển tới các điểm tham quan, nhà hàng ẩm thực và quán cà phê nổi tiếng của Thành phố Hồ Chí Minh.","Khu vực Quận 1 an ninh, văn minh, gần nhiều địa điểm ăn uống, mua sắm và giải trí sầm uất tại Thành phố Hồ Chí Minh.",https://a0.muscache.com/im/pictures/hosting/Hosting-1349393016261346151/original/6c072ca0-fd52-4527-9af8-c7e37223973c.jpeg,47000014,https://www.airbnb.com.vn/users/show/47000014,Khoa,2025-07-01,"Thành phố Hồ Chí Minh, Việt Nam","Xin chào, tôi là Khoa, đã có 1 năm kinh nghiệm làm host. Tôi yêu thích du lịch và luôn mong muốn đem lại trải nghiệm lưu trú thoải mái nhất cho khách.",trong vòng một giờ,100%,98%,t,https://a0.muscache.com/im/pictures/user/User-47000014/original/user_profile_4.jpeg,https://a0.muscache.com/im/pictures/user/User-47000014/original/user_profile_4.jpeg,Quận 1,1,10,"['email', 'phone', 'work_email']",t,t,Quận 1,Quận 1,Thành phố Hồ Chí Minh,10.7921,106.7001,Phòng riêng trong nhà,Private room,2,1.0,1 phòng tắm,1,1,"[""Bộ chăn ga gối cao cấp"", ""Dầu gội & Sữa tắm"", ""Máy giặt"", ""Lò vi sóng"", ""Tủ lạnh"", ""Ban công ngắm cảnh"", ""TV màn hình phẳng"", ""Không gian riêng để làm việc"", ""Bàn ủi / Bàn là"", ""Chỗ đỗ xe miễn phí trong khuôn viên"", ""Thang máy"", ""Bồn tắm thư giãn"", ""Tự nhận phòng với hộp khóa an toàn"", ""Điều hòa nhiệt độ"", ""Bể bơi"", ""Wi-fi tốc độ cao"", ""Máy báo khói"", ""Máy phát hiện khí CO""]","₫846,344",1,1125,1,2,1125,1125,1.0,1125.0,today,t,15,47,56,318,2026-09-26,49,30,0,2024-09-21,2026-09-08,4.9,4.83,4.83,5.0,5.0,4.83,4.88,,t,2,0,1,0,2.16,"[""https://a0.muscache.com/im/pictures/hosting/Hosting-1349393016261346151/original/6c072ca0-fd52-4527-9af8-c7e37223973c.jpeg"", ""https://a0.muscache.com/im/pictures/hosting/Hosting-1349393016261346151/original/441150ee-df37-4987-bae6-b586f54238fa.jpeg"", ""https://a0.muscache.com/im/pictures/hosting/Hosting-1349393016261346151/original/d49d0c17-ef0d-4d06-b86d-e300327c5594.jpeg"", ""https://a0.muscache.com/im/pictures/hosting/Hosting-1349393016261346151/original/d7c559ac-9e85-418b-897a-972c5541da57.jpeg"", ""https://a0.muscache.com/im/pictures/hosting/Hosting-1349393016261346151/original/4186cc88-9b95-406a-b69c-bdcf515c3f6b.jpeg"", ""https://a0.muscache.com/im/pictures/hosting/Hosting-1349393016261346151/original/e2665978-ae7f-4550-aefb-d28ad9bc345a.jpeg""]",t,"[{""name"": ""Long"", ""avatar"": ""https://a0.muscache.com/im/pictures/user/avatar_long.jpg""}, {""name"": ""Cindy"", ""avatar"": ""https://a0.muscache.com/im/pictures/user/avatar_cindy.jpg""}]","[{""name"": ""DECOR"", ""localizedName"": ""Trang trí"", ""count"": 2}, {""name"": ""INTERIOR"", ""localizedName"": ""Không gian bên trong"", ""count"": 20}, {""name"": ""CLEANLINESS"", ""localizedName"": ""Mức độ sạch sẽ"", ""count"": 14}, {""name"": ""LOCATION"", ""localizedName"": ""Địa điểm"", ""count"": 11}, {""name"": ""HOSPITALITY"", ""localizedName"": ""Hiếu khách"", ""count"": 2}]","[{""title"": ""Trải nghiệm nhận phòng xuất sắc"", ""subtitle"": ""Những khách ở gần đây đã xếp hạng 5 sao cho quy trình nhận phòng.""}, {""title"": ""Tự nhận phòng"", ""subtitle"": ""Tự nhận phòng với hộp khóa an toàn.""}]"
1228271498597844690,https://www.airbnb.com.vn/rooms/1228271498597844690,20260926000000,2026-09-26,city search,Càfe Suite | Netflix & Máy chiếu | 10 phút đến sân bay,"Chào mừng bạn đến với Càfe Suite | Netflix & Máy chiếu | 10 phút đến sân bay — một không gian lưu trú ấm cúng, sang trọng tọa lạc tại Quận Phú Nhuận, Thành phố Hồ Chí Minh.
Căn phòng tràn ngập ánh sáng tự nhiên với đầy đủ tiện nghi cao cấp, giường nệm êm ái, máy lạnh, TV và wifi tốc độ cao. Rất thuận tiện di chuyển tới các điểm tham quan, nhà hàng ẩm thực và quán cà phê nổi tiếng của Thành phố Hồ Chí Minh.","Khu vực Quận Phú Nhuận an ninh, văn minh, gần nhiều địa điểm ăn uống, mua sắm và giải trí sầm uất tại Thành phố Hồ Chí Minh.",https://a0.muscache.com/im/pictures/hosting/Hosting-1228271498597844690/original/0a2c4a63-861a-4d26-b533-ae0ee094f1d8.png,47000015,https://www.airbnb.com.vn/users/show/47000015,Hoàng,2020-02-20,"Thành phố Hồ Chí Minh, Việt Nam","Xin chào, tôi là Hoàng, đã có 6 năm kinh nghiệm làm host. Tôi yêu thích du lịch và luôn mong muốn đem lại trải nghiệm lưu trú thoải mái nhất cho khách.",trong vòng một giờ,100%,98%,f,https://a0.muscache.com/im/pictures/user/User-47000015/original/user_profile_5.jpeg,https://a0.muscache.com/im/pictures/user/User-47000015/original/user_profile_5.jpeg,Quận Phú Nhuận,2,2,"['email', 'phone', 'work_email']",t,t,Quận Phú Nhuận,Quận Phú Nhuận,Thành phố Hồ Chí Minh,10.80336,106.63979,Phòng riêng trong nhà,Private room,2,1.0,1 phòng tắm,1,1,"[""Wi-fi tốc độ cao"", ""Bếp đầy đủ tiện nghi"", ""Máy sấy tóc"", ""Máy báo khói"", ""Lò vi sóng"", ""Điều hòa nhiệt độ"", ""Thang máy"", ""Bồn tắm thư giãn"", ""Không gian riêng để làm việc"", ""Tự nhận phòng với hộp khóa an toàn"", ""Chỗ đỗ xe miễn phí trong khuôn viên"", ""Máy giặt"", ""Tủ lạnh"", ""Ban công ngắm cảnh"", ""Bàn ủi / Bàn là""]","₫1,040,000",1,1125,1,2,1125,1125,1.0,1125.0,today,t,26,55,58,301,2026-09-26,118,37,5,2023-06-14,2026-09-20,4.93,4.95,4.84,5.0,5.0,4.78,4.73,,f,2,0,1,0,3.43,"[""https://a0.muscache.com/im/pictures/hosting/Hosting-1228271498597844690/original/0a2c4a63-861a-4d26-b533-ae0ee094f1d8.png"", ""https://a0.muscache.com/im/pictures/hosting/Hosting-1228271498597844690/original/f2dd0906-386b-4928-ae9b-8a48d3786509.png"", ""https://a0.muscache.com/im/pictures/hosting/Hosting-1228271498597844690/original/c381b423-0b27-4160-b7de-fc6d73e38951.png"", ""https://a0.muscache.com/im/pictures/hosting/Hosting-1228271498597844690/original/82aa0be4-d72a-4113-b542-69b8cd34787a.png"", ""https://a0.muscache.com/im/pictures/hosting/Hosting-1228271498597844690/original/edb53116-342b-45f8-bb67-6a2dd46c23f7.png"", ""https://a0.muscache.com/im/pictures/hosting/Hosting-1228271498597844690/original/2200ea6f-1ca0-4f3b-96c2-0e58980ce77f.png""]",t,"[{""name"": ""Dang Nguyen"", ""avatar"": ""https://a0.muscache.com/im/pictures/user/avatar_dang.jpg""}, {""name"": ""Cindy"", ""avatar"": ""https://a0.muscache.com/im/pictures/user/avatar_cindy.jpg""}, {""name"": ""Rùa"", ""avatar"": ""https://a0.muscache.com/im/pictures/user/avatar_rua.jpg""}]","[{""name"": ""DECOR"", ""localizedName"": ""Trang trí"", ""count"": 9}, {""name"": ""INTERIOR"", ""localizedName"": ""Không gian bên trong"", ""count"": 3}, {""name"": ""CLEANLINESS"", ""localizedName"": ""Mức độ sạch sẽ"", ""count"": 24}, {""name"": ""LOCATION"", ""localizedName"": ""Địa điểm"", ""count"": 2}, {""name"": ""HOSPITALITY"", ""localizedName"": ""Hiếu khách"", ""count"": 5}]","[{""title"": ""Trải nghiệm nhận phòng xuất sắc"", ""subtitle"": ""Những khách ở gần đây đã xếp hạng 5 sao cho quy trình nhận phòng.""}, {""title"": ""Tự nhận phòng"", ""subtitle"": ""Tự nhận phòng với hộp khóa an toàn.""}]"
1776555498554539671,https://www.airbnb.com.vn/rooms/1776555498554539671,20260926000000,2026-09-26,city search,Penthouse 4 phòng ngủ • 5 giường • Hướng sông & thành phố • Hồ bơi • LM81,"Chào mừng bạn đến với Penthouse 4 phòng ngủ • 5 giường • Hướng sông & thành phố • Hồ bơi • LM81 — một không gian lưu trú ấm cúng, sang trọng tọa lạc tại Thành phố Thủ Đức, Thành phố Hồ Chí Minh.
Căn phòng tràn ngập ánh sáng tự nhiên với đầy đủ tiện nghi cao cấp, giường nệm êm ái, máy lạnh, TV và wifi tốc độ cao. Rất thuận tiện di chuyển tới các điểm tham quan, nhà hàng ẩm thực và quán cà phê nổi tiếng của Thành phố Hồ Chí Minh.","Khu vực Thành phố Thủ Đức an ninh, văn minh, gần nhiều địa điểm ăn uống, mua sắm và giải trí sầm uất tại Thành phố Hồ Chí Minh.",https://a0.muscache.com/im/pictures/hosting/Hosting-1776555498554539671/original/277d5888-a5e2-44c9-9bf2-6b6aec6d9732.png,47000016,https://www.airbnb.com.vn/users/show/47000016,Việt,2024-03-03,"Thành phố Hồ Chí Minh, Việt Nam","Xin chào, tôi là Việt, đã có 2 năm kinh nghiệm làm host. Tôi yêu thích du lịch và luôn mong muốn đem lại trải nghiệm lưu trú thoải mái nhất cho khách.",trong vòng một giờ,100%,98%,t,https://a0.muscache.com/im/pictures/user/User-47000016/original/user_profile_6.jpeg,https://a0.muscache.com/im/pictures/user/User-47000016/original/user_profile_6.jpeg,Thành phố Thủ Đức,4,7,"['email', 'phone', 'work_email']",t,t,Thành phố Thủ Đức,Thành phố Thủ Đức,Thành phố Hồ Chí Minh,10.7951,106.7221,Toàn bộ căn hộ cho thuê,Entire home/apt,10,3.0,3 phòng tắm,4,5,"[""Không gian riêng để làm việc"", ""TV màn hình phẳng"", ""Wi-fi tốc độ cao"", ""Thang máy"", ""Chỗ đỗ xe miễn phí trong khuôn viên"", ""Máy sấy tóc"", ""Bộ chăn ga gối cao cấp"", ""Điều hòa nhiệt độ"", ""Dầu gội & Sữa tắm"", ""Tủ lạnh"", ""Bàn ủi / Bàn là"", ""Tự nhận phòng với hộp khóa an toàn"", ""Bồn tắm thư giãn"", ""Máy giặt""]","₫5,697,433",1,1125,1,2,1125,1125,1.0,1125.0,today,t,21,55,72,251,2026-09-26,5,1,2,2026-07-13,2026-09-21,5.0,4.8,4.98,5.0,5.0,4.8,4.72,,t,2,2,0,0,4.38,"[""https://a0.muscache.com/im/pictures/hosting/Hosting-1776555498554539671/original/277d5888-a5e2-44c9-9bf2-6b6aec6d9732.png"", ""https://a0.muscache.com/im/pictures/hosting/Hosting-1755851156435112439/original/aae4f986-e75e-4db1-bbb2-0092611b843c.jpeg"", ""https://a0.muscache.com/im/pictures/hosting/Hosting-1755851156435112439/original/c6116d7b-8df0-4019-81a3-60ba7ef960be.jpeg"", ""https://a0.muscache.com/im/pictures/hosting/Hosting-1755851156435112439/original/2795e34b-8238-49bb-ae1c-c18da34ea7d9.jpeg"", ""https://a0.muscache.com/im/pictures/hosting/Hosting-1755851156435112439/original/20c577ca-eb88-418c-a02e-45b704253ecb.png"", ""https://a0.muscache.com/im/pictures/hosting/Hosting-1755851156435112439/original/490f5a32-6fb2-4574-9747-e338bcc04c1b.jpeg"", ""https://a0.muscache.com/im/pictures/hosting/Hosting-1755851156435112439/original/0b27fcda-ab05-49e5-b5ec-67b84af62fe0.jpeg"", ""https://a0.muscache.com/im/pictures/hosting/Hosting-1755851156435112439/original/1f5c0f15-1a85-437a-a9d8-33ef85aab63d.jpeg"", ""https://a0.muscache.com/im/pictures/hosting/Hosting-1755851156435112439/original/ae360f94-bbb3-41f4-ae20-498f49c1514b.jpeg"", ""https://a0.muscache.com/im/pictures/hosting/Hosting-1755851156435112439/original/d7aaa6f3-d9c9-447a-bf8a-f6eb82fa475e.jpeg"", ""https://a0.muscache.com/im/pictures/hosting/Hosting-1755851156435112439/original/26aa0503-e12b-48a5-a75f-aeba01fb1e3e.jpeg"", ""https://a0.muscache.com/im/pictures/hosting/Hosting-1755851156435112439/original/f387aa7f-1c95-4bf6-bf57-bbc15636d17b.jpeg"", ""https://a0.muscache.com/im/pictures/hosting/Hosting-1755851156435112439/original/6f0ed39d-88df-4bf6-b3cb-1faf80868c08.jpeg"", ""https://a0.muscache.com/im/pictures/hosting/Hosting-1755851156435112439/original/8db240a6-bdba-4d76-a5f8-3792b828e36e.jpeg"", ""https://a0.muscache.com/im/pictures/hosting/Hosting-1755851156435112439/original/858bea94-9a8f-411d-b1c5-04f579647e9b.jpeg"", ""https://a0.muscache.com/im/pictures/hosting/Hosting-1755851156435112439/original/89034d8e-6d79-46a6-a343-0705b7a48ba9.jpeg"", ""https://a0.muscache.com/im/pictures/hosting/Hosting-1755851156435112439/original/349e324e-6a47-4d2d-84c5-bd95da529f91.png"", ""https://a0.muscache.com/im/pictures/hosting/Hosting-1755851156435112439/original/092814d9-1fe4-4a55-b09f-ed7cf09e822e.jpeg"", ""https://a0.muscache.com/im/pictures/hosting/Hosting-1755851156435112439/original/3697d377-f271-47ac-8822-ac2e3b1b057c.jpeg"", ""https://a0.muscache.com/im/pictures/hosting/Hosting-1755851156435112439/original/49efbfbb-1fe5-4fdf-abe7-f3638fcefaca.jpeg"", ""https://a0.muscache.com/im/pictures/hosting/Hosting-1755851156435112439/original/72937ba1-31b2-496b-8883-e69e98ac98e4.png"", ""https://a0.muscache.com/im/pictures/hosting/Hosting-1755851156435112439/original/3e5ced78-3dd2-41e9-b403-4c01c9794cba.png"", ""https://a0.muscache.com/im/pictures/hosting/Hosting-1776555498554539671/original/d98fd6b8-31ed-4b23-b8a3-7ab21aaade38.png"", ""https://a0.muscache.com/im/pictures/hosting/Hosting-1776555498554539671/original/5bbfbf67-3839-49b3-9625-099a5ee97de7.png"", ""https://a0.muscache.com/im/pictures/hosting/Hosting-1776555498554539671/original/53dd607a-b52e-4044-9bee-a0b2b973857b.png"", ""https://a0.muscache.com/im/pictures/hosting/Hosting-1776555498554539671/original/c4eb6aa7-eee6-4f27-ab45-1b2727c300c6.png"", ""https://a0.muscache.com/im/pictures/hosting/Hosting-1776555498554539671/original/b4769bc2-523e-4911-8cc1-3161cfc6bf03.png"", ""https://a0.muscache.com/im/pictures/hosting/Hosting-1776555498554539671/original/0c9e72aa-4a5e-4a4c-8c91-54326d069e23.png"", ""https://a0.muscache.com/im/pictures/hosting/Hosting-1776555498554539671/original/ec515880-18a6-4817-b748-7ba33e66297b.png""]",f,"[{""name"": ""Cindy"", ""avatar"": ""https://a0.muscache.com/im/pictures/user/avatar_cindy.jpg""}, {""name"": ""Rùa"", ""avatar"": ""https://a0.muscache.com/im/pictures/user/avatar_rua.jpg""}, {""name"": ""Long"", ""avatar"": ""https://a0.muscache.com/im/pictures/user/avatar_long.jpg""}]","[{""name"": ""DECOR"", ""localizedName"": ""Trang trí"", ""count"": 15}, {""name"": ""INTERIOR"", ""localizedName"": ""Không gian bên trong"", ""count"": 3}, {""name"": ""CLEANLINESS"", ""localizedName"": ""Mức độ sạch sẽ"", ""count"": 16}, {""name"": ""LOCATION"", ""localizedName"": ""Địa điểm"", ""count"": 2}, {""name"": ""HOSPITALITY"", ""localizedName"": ""Hiếu khách"", ""count"": 12}]","[{""title"": ""Trải nghiệm nhận phòng xuất sắc"", ""subtitle"": ""Những khách ở gần đây đã xếp hạng 5 sao cho quy trình nhận phòng.""}, {""title"": ""Tự nhận phòng"", ""subtitle"": ""Tự nhận phòng với hộp khóa an toàn.""}]"
1593582442961462583,https://www.airbnb.com.vn/rooms/1593582442961462583,20260926000000,2026-09-26,city search,100 - Phòng ấm cúng với phòng tắm chung gần sân bay,"Chào mừng bạn đến với 100 - Phòng ấm cúng với phòng tắm chung gần sân bay — một không gian lưu trú ấm cúng, sang trọng tọa lạc tại Quận Tân Bình, Thành phố Hồ Chí Minh.
Căn phòng tràn ngập ánh sáng tự nhiên với đầy đủ tiện nghi cao cấp, giường nệm êm ái, máy lạnh, TV và wifi tốc độ cao. Rất thuận tiện di chuyển tới các điểm tham quan, nhà hàng ẩm thực và quán cà phê nổi tiếng của Thành phố Hồ Chí Minh.","Khu vực Quận Tân Bình an ninh, văn minh, gần nhiều địa điểm ăn uống, mua sắm và giải trí sầm uất tại Thành phố Hồ Chí Minh.",https://a0.muscache.com/im/pictures/hosting/Hosting-1593582442961462583/original/77ba5015-499e-4938-8243-d591fe948be7.jpeg,47000017,https://www.airbnb.com.vn/users/show/47000017,Phong,2020-09-02,"Thành phố Hồ Chí Minh, Việt Nam","Xin chào, tôi là Phong, đã có 6 năm kinh nghiệm làm host. Tôi yêu thích du lịch và luôn mong muốn đem lại trải nghiệm lưu trú thoải mái nhất cho khách.",trong vòng một giờ,100%,98%,f,https://a0.muscache.com/im/pictures/user/User-47000017/original/user_profile_7.jpeg,https://a0.muscache.com/im/pictures/user/User-47000017/original/user_profile_7.jpeg,Quận Tân Bình,5,3,"['email', 'phone', 'work_email']",t,t,Quận Tân Bình,Quận Tân Bình,Thành phố Hồ Chí Minh,10.8125,106.6686,Phòng riêng trong nhà,Private room,2,1.0,1 phòng tắm,1,1,"[""Bộ chăn ga gối cao cấp"", ""Lò vi sóng"", ""Máy báo khói"", ""Bếp đầy đủ tiện nghi"", ""Ban công ngắm cảnh"", ""Tủ lạnh"", ""Wi-fi tốc độ cao"", ""Chỗ đỗ xe miễn phí trong khuôn viên"", ""Bàn ủi / Bàn là"", ""Máy phát hiện khí CO"", ""Tự nhận phòng với hộp khóa an toàn"", ""Bể bơi"", ""TV màn hình phẳng"", ""Không gian riêng để làm việc"", ""Điều hòa nhiệt độ"", ""Máy giặt"", ""Máy sấy tóc"", ""Bồn tắm thư giãn"", ""Thang máy""]","₫420,000",1,1125,1,2,1125,1125,1.0,1125.0,today,t,12,34,57,244,2026-09-26,13,7,0,2026-03-15,2026-09-10,4.92,4.91,4.82,5.0,5.0,4.83,4.76,,f,2,0,1,0,3.96,"[""https://a0.muscache.com/im/pictures/hosting/Hosting-1593582442961462583/original/77ba5015-499e-4938-8243-d591fe948be7.jpeg"", ""https://a0.muscache.com/im/pictures/hosting/Hosting-1593582442961462583/original/408fcc47-565f-4c89-9307-ce0ff54b4a65.jpeg"", ""https://a0.muscache.com/im/pictures/hosting/Hosting-1593582442961462583/original/dfb41047-985e-4b2f-b70e-f6525d38bae5.jpeg"", ""https://a0.muscache.com/im/pictures/hosting/Hosting-1593582442961462583/original/ed2f9804-b474-473c-b5e8-2c0a78579f12.jpeg"", ""https://a0.muscache.com/im/pictures/hosting/Hosting-1593582442961462583/original/03991d4a-6669-483c-9cf1-5ac7c18057fd.jpeg"", ""https://a0.muscache.com/im/pictures/hosting/Hosting-1593582442961462583/original/06c813a2-05e0-4d8a-8a87-1c80a005cc0a.jpeg""]",t,"[{""name"": ""Long"", ""avatar"": ""https://a0.muscache.com/im/pictures/user/avatar_long.jpg""}, {""name"": ""Cindy"", ""avatar"": ""https://a0.muscache.com/im/pictures/user/avatar_cindy.jpg""}, {""name"": ""Rùa"", ""avatar"": ""https://a0.muscache.com/im/pictures/user/avatar_rua.jpg""}]","[{""name"": ""DECOR"", ""localizedName"": ""Trang trí"", ""count"": 16}, {""name"": ""INTERIOR"", ""localizedName"": ""Không gian bên trong"", ""count"": 14}, {""name"": ""CLEANLINESS"", ""localizedName"": ""Mức độ sạch sẽ"", ""count"": 24}, {""name"": ""LOCATION"", ""localizedName"": ""Địa điểm"", ""count"": 17}, {""name"": ""HOSPITALITY"", ""localizedName"": ""Hiếu khách"", ""count"": 14}]","[{""title"": ""Trải nghiệm nhận phòng xuất sắc"", ""subtitle"": ""Những khách ở gần đây đã xếp hạng 5 sao cho quy trình nhận phòng.""}, {""title"": ""Tự nhận phòng"", ""subtitle"": ""Tự nhận phòng với hộp khóa an toàn.""}]"
1544117946669925456,https://www.airbnb.com.vn/rooms/1544117946669925456,20260926000000,2026-09-26,city search,BW House Thảo Điền Ban công 103,"Chào mừng bạn đến với BW House Thảo Điền Ban công 103 — một không gian lưu trú ấm cúng, sang trọng tọa lạc tại Quận 1, Thành phố Hồ Chí Minh.
Căn phòng tràn ngập ánh sáng tự nhiên với đầy đủ tiện nghi cao cấp, giường nệm êm ái, máy lạnh, TV và wifi tốc độ cao. Rất thuận tiện di chuyển tới các điểm tham quan, nhà hàng ẩm thực và quán cà phê nổi tiếng của Thành phố Hồ Chí Minh.","Khu vực Quận 1 an ninh, văn minh, gần nhiều địa điểm ăn uống, mua sắm và giải trí sầm uất tại Thành phố Hồ Chí Minh.",https://a0.muscache.com/im/pictures/hosting/Hosting-1544117946669925456/original/0d2e5b13-a58e-427d-ab7d-22079cc00e98.jpeg,47000018,https://www.airbnb.com.vn/users/show/47000018,Tùng,2022-02-06,"Thành phố Hồ Chí Minh, Việt Nam","Xin chào, tôi là Tùng, đã có 4 năm kinh nghiệm làm host. Tôi yêu thích du lịch và luôn mong muốn đem lại trải nghiệm lưu trú thoải mái nhất cho khách.",trong vòng một giờ,100%,98%,t,https://a0.muscache.com/im/pictures/user/User-47000018/original/user_profile_8.jpeg,https://a0.muscache.com/im/pictures/user/User-47000018/original/user_profile_8.jpeg,Quận 1,2,2,"['email', 'phone', 'work_email']",t,t,Quận 1,Quận 1,Thành phố Hồ Chí Minh,10.80902,106.73082,Phòng riêng trong nhà,Private room,2,1.0,1 phòng tắm,1,1,"[""Không gian riêng để làm việc"", ""Chỗ đỗ xe miễn phí trong khuôn viên"", ""Máy báo khói"", ""Bồn tắm thư giãn"", ""Điều hòa nhiệt độ"", ""Tủ lạnh"", ""Máy giặt"", ""Thang máy"", ""Tự nhận phòng với hộp khóa an toàn"", ""Wi-fi tốc độ cao"", ""TV màn hình phẳng"", ""Bếp đầy đủ tiện nghi"", ""Lò vi sóng"", ""Bộ chăn ga gối cao cấp"", ""Dầu gội & Sữa tắm"", ""Bàn ủi / Bàn là"", ""Máy phát hiện khí CO"", ""Bể bơi"", ""Ban công ngắm cảnh""]","₫1,150,000",1,1125,1,2,1125,1125,1.0,1125.0,today,t,12,46,51,296,2026-09-26,47,12,5,2024-10-21,2026-09-14,4.98,4.81,4.86,5.0,5.0,4.96,4.76,,t,2,0,1,0,2.93,"[""https://a0.muscache.com/im/pictures/hosting/Hosting-1544117946669925456/original/0d2e5b13-a58e-427d-ab7d-22079cc00e98.jpeg"", ""https://a0.muscache.com/im/pictures/hosting/Hosting-1544117946669925456/original/d570e45f-8939-4687-a0eb-c88c8cbbe598.jpeg"", ""https://a0.muscache.com/im/pictures/hosting/Hosting-1544117946669925456/original/ca5c1201-4b98-4508-b842-e60105b13856.jpeg"", ""https://a0.muscache.com/im/pictures/hosting/Hosting-1544117946669925456/original/08517374-77b4-4e53-bbce-e930d87a7fb0.jpeg"", ""https://a0.muscache.com/im/pictures/hosting/Hosting-1544117946669925456/original/84510b74-0821-4d53-aac3-08e615a07ff4.jpeg"", ""https://a0.muscache.com/im/pictures/hosting/Hosting-1544117946669925456/original/6797336e-856b-4eb0-a5fb-2acf34436225.jpeg""]",t,"[{""name"": ""Dang Nguyen"", ""avatar"": ""https://a0.muscache.com/im/pictures/user/avatar_dang.jpg""}]","[{""name"": ""DECOR"", ""localizedName"": ""Trang trí"", ""count"": 2}, {""name"": ""INTERIOR"", ""localizedName"": ""Không gian bên trong"", ""count"": 8}, {""name"": ""CLEANLINESS"", ""localizedName"": ""Mức độ sạch sẽ"", ""count"": 4}, {""name"": ""LOCATION"", ""localizedName"": ""Địa điểm"", ""count"": 13}, {""name"": ""HOSPITALITY"", ""localizedName"": ""Hiếu khách"", ""count"": 3}]","[{""title"": ""Trải nghiệm nhận phòng xuất sắc"", ""subtitle"": ""Những khách ở gần đây đã xếp hạng 5 sao cho quy trình nhận phòng.""}, {""title"": ""Tự nhận phòng"", ""subtitle"": ""Tự nhận phòng với hộp khóa an toàn.""}]"
1595325081265350133,https://www.airbnb.com.vn/rooms/1595325081265350133,20260926000000,2026-09-26,city search,Phòng cửa sổ siêu yên tĩnh | 30 m2 | Phong cách châu Âu,"Chào mừng bạn đến với Phòng cửa sổ siêu yên tĩnh | 30 m2 | Phong cách châu Âu — một không gian lưu trú ấm cúng, sang trọng tọa lạc tại Quận 3, Thành phố Hồ Chí Minh.
Căn phòng tràn ngập ánh sáng tự nhiên với đầy đủ tiện nghi cao cấp, giường nệm êm ái, máy lạnh, TV và wifi tốc độ cao. Rất thuận tiện di chuyển tới các điểm tham quan, nhà hàng ẩm thực và quán cà phê nổi tiếng của Thành phố Hồ Chí Minh.","Khu vực Quận 3 an ninh, văn minh, gần nhiều địa điểm ăn uống, mua sắm và giải trí sầm uất tại Thành phố Hồ Chí Minh.",https://a0.muscache.com/im/pictures/hosting/Hosting-1595325081265350133/original/c0de5b55-3bed-4859-bf03-1f3a43486a80.jpeg,47000019,https://www.airbnb.com.vn/users/show/47000019,Quân,2022-01-26,"Thành phố Hồ Chí Minh, Việt Nam","Xin chào, tôi là Quân, đã có 4 năm kinh nghiệm làm host. Tôi yêu thích du lịch và luôn mong muốn đem lại trải nghiệm lưu trú thoải mái nhất cho khách.",trong vòng một giờ,100%,98%,f,https://a0.muscache.com/im/pictures/user/User-47000019/original/user_profile_9.jpeg,https://a0.muscache.com/im/pictures/user/User-47000019/original/user_profile_9.jpeg,Quận 3,5,1,"['email', 'phone', 'work_email']",t,t,Quận 3,Quận 3,Thành phố Hồ Chí Minh,10.79289,106.69794,Toàn bộ căn hộ cho thuê,Entire home/apt,2,1.0,1 phòng tắm,1,1,"[""Dầu gội & Sữa tắm"", ""Máy giặt"", ""Máy phát hiện khí CO"", ""Bồn tắm thư giãn"", ""Bếp đầy đủ tiện nghi"", ""Không gian riêng để làm việc"", ""Thang máy"", ""Bể bơi"", ""Điều hòa nhiệt độ"", ""Chỗ đỗ xe miễn phí trong khuôn viên"", ""Máy sấy tóc"", ""Tự nhận phòng với hộp khóa an toàn"", ""Wi-fi tốc độ cao"", ""Máy báo khói""]","₫810,000",1,1125,1,2,1125,1125,1.0,1125.0,today,t,24,39,83,277,2026-09-26,14,9,1,2026-02-28,2026-09-20,4.86,4.83,4.82,5.0,5.0,4.79,4.91,,f,2,2,0,0,3.89,"[""https://a0.muscache.com/im/pictures/hosting/Hosting-1595325081265350133/original/c0de5b55-3bed-4859-bf03-1f3a43486a80.jpeg"", ""https://a0.muscache.com/im/pictures/hosting/Hosting-1595325081265350133/original/d76a71c4-97c0-49a0-9713-19f043a8e2ca.png"", ""https://a0.muscache.com/im/pictures/hosting/Hosting-1595325081265350133/original/3645531c-78ff-44a8-9fdc-b666379eccdb.png"", ""https://a0.muscache.com/im/pictures/hosting/Hosting-1595325081265350133/original/0191ecc3-ca94-4497-8426-bd32e7e031b4.png"", ""https://a0.muscache.com/im/pictures/hosting/Hosting-1595325081265350133/original/ef8c5fc6-2509-419d-be03-31c871b78c5f.png"", ""https://a0.muscache.com/im/pictures/hosting/Hosting-1595325081265350133/original/b6913d6b-307f-4819-9091-37bd134ba6d6.jpeg"", ""https://a0.muscache.com/im/pictures/hosting/Hosting-1595325081265350133/original/dddf4ec2-a788-48a7-b826-6abc92d9fba0.jpeg"", ""https://a0.muscache.com/im/pictures/hosting/Hosting-1595325081265350133/original/e086e6e8-b6e8-4dae-b951-f289ec323929.png"", ""https://a0.muscache.com/im/pictures/hosting/Hosting-1595325081265350133/original/303e2723-252a-4cd5-a78a-31814a21288d.png"", ""https://a0.muscache.com/im/pictures/hosting/Hosting-1595325081265350133/original/ecd57291-3b4c-4627-a27d-e2cc07e39c89.png"", ""https://a0.muscache.com/im/pictures/hosting/Hosting-1595325081265350133/original/f3ee75a1-13cf-42f1-bfa8-1f7b5614c989.png"", ""https://a0.muscache.com/im/pictures/hosting/Hosting-1595325081265350133/original/01a50b24-17af-4a6b-b7d0-d8d96c4f24a5.png"", ""https://a0.muscache.com/im/pictures/hosting/Hosting-1595325081265350133/original/88857aa1-c1e9-42c7-9d4d-553cbf729f7a.png"", ""https://a0.muscache.com/im/pictures/hosting/Hosting-1595325081265350133/original/0febacc8-615f-44ed-90c6-72f6774262e8.png"", ""https://a0.muscache.com/im/pictures/hosting/Hosting-1595325081265350133/original/82afd050-3e4d-49e6-83fe-88cd2e6fd4b4.png"", ""https://a0.muscache.com/im/pictures/hosting/Hosting-1595325081265350133/original/dc557528-f443-4119-b793-84e35f9b2993.png"", ""https://a0.muscache.com/im/pictures/hosting/Hosting-1595325081265350133/original/c0e75ca9-f850-4c05-ad93-f1134db9a150.jpeg""]",t,"[{""name"": ""Cindy"", ""avatar"": ""https://a0.muscache.com/im/pictures/user/avatar_cindy.jpg""}]","[{""name"": ""DECOR"", ""localizedName"": ""Trang trí"", ""count"": 6}, {""name"": ""INTERIOR"", ""localizedName"": ""Không gian bên trong"", ""count"": 17}, {""name"": ""CLEANLINESS"", ""localizedName"": ""Mức độ sạch sẽ"", ""count"": 9}, {""name"": ""LOCATION"", ""localizedName"": ""Địa điểm"", ""count"": 17}, {""name"": ""HOSPITALITY"", ""localizedName"": ""Hiếu khách"", ""count"": 10}]","[{""title"": ""Trải nghiệm nhận phòng xuất sắc"", ""subtitle"": ""Những khách ở gần đây đã xếp hạng 5 sao cho quy trình nhận phòng.""}, {""title"": ""Tự nhận phòng"", ""subtitle"": ""Tự nhận phòng với hộp khóa an toàn.""}]"
1762053845378069222,https://www.airbnb.com.vn/rooms/1762053845378069222,20260926000000,2026-09-26,city search,Căn hộ Eco Green View landmark 81 2 Phòng ngủ 2WC,"Chào mừng bạn đến với Căn hộ Eco Green View landmark 81 2 Phòng ngủ 2WC — một không gian lưu trú ấm cúng, sang trọng tọa lạc tại Quận 4, Thành phố Hồ Chí Minh.
Căn phòng tràn ngập ánh sáng tự nhiên với đầy đủ tiện nghi cao cấp, giường nệm êm ái, máy lạnh, TV và wifi tốc độ cao. Rất thuận tiện di chuyển tới các điểm tham quan, nhà hàng ẩm thực và quán cà phê nổi tiếng của Thành phố Hồ Chí Minh.","Khu vực Quận 4 an ninh, văn minh, gần nhiều địa điểm ăn uống, mua sắm và giải trí sầm uất tại Thành phố Hồ Chí Minh.",https://a0.muscache.com/im/pictures/hosting/Hosting-1762053845378069222/original/894e200e-ca00-4f3f-9b3e-f943cb2b544f.jpeg,47000020,https://www.airbnb.com.vn/users/show/47000020,Felix,2023-06-15,"Thành phố Hồ Chí Minh, Việt Nam","Xin chào, tôi là Felix, đã có 3 năm kinh nghiệm làm host. Tôi yêu thích du lịch và luôn mong muốn đem lại trải nghiệm lưu trú thoải mái nhất cho khách.",trong vòng một giờ,100%,98%,t,https://a0.muscache.com/im/pictures/user/User-47000020/original/user_profile_0.jpeg,https://a0.muscache.com/im/pictures/user/User-47000020/original/user_profile_0.jpeg,Quận 4,6,9,"['email', 'phone', 'work_email']",t,t,Quận 4,Quận 4,Thành phố Hồ Chí Minh,10.7497,106.7244,Toàn bộ căn hộ cho thuê,Entire home/apt,4,2.0,2 phòng tắm,2,2,"[""Bàn ủi / Bàn là"", ""Không gian riêng để làm việc"", ""Bộ chăn ga gối cao cấp"", ""Bể bơi"", ""Máy giặt"", ""Lò vi sóng"", ""Máy phát hiện khí CO"", ""Tự nhận phòng với hộp khóa an toàn"", ""Bồn tắm thư giãn"", ""Wi-fi tốc độ cao"", ""Thang máy"", ""TV màn hình phẳng"", ""Ban công ngắm cảnh"", ""Máy sấy tóc"", ""Dầu gội & Sữa tắm"", ""Chỗ đỗ xe miễn phí trong khuôn viên"", ""Tủ lạnh"", ""Điều hòa nhiệt độ"", ""Máy báo khói"", ""Bếp đầy đủ tiện nghi""]","₫1,600,000",1,1125,1,2,1125,1125,1.0,1125.0,today,t,24,36,51,307,2026-09-26,176,23,6,2023-06-14,2026-09-12,4.85,4.82,4.89,5.0,5.0,4.98,4.83,,t,2,2,0,0,2.72,"[""https://a0.muscache.com/im/pictures/hosting/Hosting-1762053845378069222/original/894e200e-ca00-4f3f-9b3e-f943cb2b544f.jpeg"", ""https://a0.muscache.com/im/pictures/hosting/Hosting-1762053845378069222/original/de17ea6a-4381-4b87-8cc7-f3873f79f142.jpeg"", ""https://a0.muscache.com/im/pictures/hosting/Hosting-1762053845378069222/original/def90ee1-e375-4d8d-bb9f-f3c2cddbbb4b.jpeg"", ""https://a0.muscache.com/im/pictures/hosting/Hosting-1762053845378069222/original/5ca9ba64-f57c-4820-a38c-a75a59c2ea1e.jpeg"", ""https://a0.muscache.com/im/pictures/hosting/Hosting-1762053845378069222/original/bf8ec354-a55d-439c-87e7-d690bfefa065.jpeg"", ""https://a0.muscache.com/im/pictures/hosting/Hosting-1762053845378069222/original/f1726141-042a-4f36-b132-4181a9d7e6e3.jpeg"", ""https://a0.muscache.com/im/pictures/hosting/Hosting-1762053845378069222/original/30369500-97a0-4ddb-951c-4cfb62a0cd70.jpeg"", ""https://a0.muscache.com/im/pictures/hosting/Hosting-1762053845378069222/original/eb8ae053-2452-4326-aea0-bd46ec0576a8.jpeg"", ""https://a0.muscache.com/im/pictures/hosting/Hosting-1762053845378069222/original/8edd8691-72c1-40a1-94f4-e7cbcbbef1e7.jpeg"", ""https://a0.muscache.com/im/pictures/hosting/Hosting-1762053845378069222/original/0b0e2077-8157-4a51-94ab-aedee36ef643.jpeg"", ""https://a0.muscache.com/im/pictures/hosting/Hosting-1762053845378069222/original/c6cc25e4-1fa0-4277-84fc-18e02a65cd5b.jpeg"", ""https://a0.muscache.com/im/pictures/hosting/Hosting-1762053845378069222/original/b4460b4f-8c25-4c89-8460-8800ff6a6225.jpeg"", ""https://a0.muscache.com/im/pictures/hosting/Hosting-1762053845378069222/original/b1745e98-f524-4fda-8186-daf1e4d923f3.jpeg"", ""https://a0.muscache.com/im/pictures/hosting/Hosting-1762053845378069222/original/a0aa2d0b-6423-4d0a-a05c-0f9edbdc33b3.jpeg"", ""https://a0.muscache.com/im/pictures/hosting/Hosting-1762053845378069222/original/2fe55844-fa3b-4b57-8f04-a62eac233740.jpeg"", ""https://a0.muscache.com/im/pictures/hosting/Hosting-1762053845378069222/original/db81c9d7-c22e-4caf-9d3a-20ab85aee8d0.jpeg"", ""https://a0.muscache.com/im/pictures/hosting/Hosting-1762053845378069222/original/860bfd36-28d4-4e1f-8f81-1ccbff465dc3.jpeg"", ""https://a0.muscache.com/im/pictures/hosting/Hosting-1762053845378069222/original/59a10aa7-937b-40f7-824d-b19340ae9409.jpeg"", ""https://a0.muscache.com/im/pictures/hosting/Hosting-1762053845378069222/original/49d1bafa-f572-4e05-8eac-1370b395e8e9.jpeg"", ""https://a0.muscache.com/im/pictures/hosting/Hosting-1762053845378069222/original/c72b53f8-fc53-4e26-9fae-74aebf22724e.jpeg"", ""https://a0.muscache.com/im/pictures/hosting/Hosting-1762053845378069222/original/5739a0b5-c5c9-49b6-aa80-1b19a3a5b579.jpeg"", ""https://a0.muscache.com/im/pictures/hosting/Hosting-1762053845378069222/original/93431e97-2453-437f-8748-51ed9725fe3d.jpeg"", ""https://a0.muscache.com/im/pictures/hosting/Hosting-1762053845378069222/original/ec599a21-c7c6-444c-a413-2905a51b646b.jpeg"", ""https://a0.muscache.com/im/pictures/hosting/Hosting-1762053845378069222/original/96e3cd9f-478e-4cb3-9b56-4b6adb464d4a.jpeg"", ""https://a0.muscache.com/im/pictures/hosting/Hosting-1762053845378069222/original/58b156d5-7dbf-4c3b-ad03-dfe9fccff528.jpeg"", ""https://a0.muscache.com/im/pictures/hosting/Hosting-1762053845378069222/original/fb731b2b-3d5a-4ec0-9f09-cac4f9188830.jpeg"", ""https://a0.muscache.com/im/pictures/hosting/Hosting-1762053845378069222/original/1192aeab-4314-4dd7-aeba-9a91c53db133.jpeg"", ""https://a0.muscache.com/im/pictures/hosting/Hosting-1762053845378069222/original/f7513fee-07e0-4e17-8a92-e5fc3e8c6460.jpeg"", ""https://a0.muscache.com/im/pictures/hosting/Hosting-1762053845378069222/original/82221766-7ef7-4670-aa75-1fe7786f71ed.jpeg""]",f,"[{""name"": ""Dang Nguyen"", ""avatar"": ""https://a0.muscache.com/im/pictures/user/avatar_dang.jpg""}, {""name"": ""Rùa"", ""avatar"": ""https://a0.muscache.com/im/pictures/user/avatar_rua.jpg""}]","[{""name"": ""DECOR"", ""localizedName"": ""Trang trí"", ""count"": 7}, {""name"": ""INTERIOR"", ""localizedName"": ""Không gian bên trong"", ""count"": 4}, {""name"": ""CLEANLINESS"", ""localizedName"": ""Mức độ sạch sẽ"", ""count"": 25}, {""name"": ""LOCATION"", ""localizedName"": ""Địa điểm"", ""count"": 8}, {""name"": ""HOSPITALITY"", ""localizedName"": ""Hiếu khách"", ""count"": 4}]","[{""title"": ""Trải nghiệm nhận phòng xuất sắc"", ""subtitle"": ""Những khách ở gần đây đã xếp hạng 5 sao cho quy trình nhận phòng.""}, {""title"": ""Tự nhận phòng"", ""subtitle"": ""Tự nhận phòng với hộp khóa an toàn.""}]"
1407593719172889750,https://www.airbnb.com.vn/rooms/1407593719172889750,20260926000000,2026-09-26,city search,Căn hộ studio ấm cúng có bồn tắm,"Chào mừng bạn đến với Căn hộ studio ấm cúng có bồn tắm — một không gian lưu trú ấm cúng, sang trọng tọa lạc tại Quận 7, Thành phố Hồ Chí Minh.
Căn phòng tràn ngập ánh sáng tự nhiên với đầy đủ tiện nghi cao cấp, giường nệm êm ái, máy lạnh, TV và wifi tốc độ cao. Rất thuận tiện di chuyển tới các điểm tham quan, nhà hàng ẩm thực và quán cà phê nổi tiếng của Thành phố Hồ Chí Minh.","Khu vực Quận 7 an ninh, văn minh, gần nhiều địa điểm ăn uống, mua sắm và giải trí sầm uất tại Thành phố Hồ Chí Minh.",https://a0.muscache.com/im/pictures/hosting/Hosting-1407593719172889750/original/6cda5711-bfdc-48e0-a6ca-2e8301d41110.jpeg,47000021,https://www.airbnb.com.vn/users/show/47000021,Cindy,2024-04-20,"Thành phố Hồ Chí Minh, Việt Nam","Xin chào, tôi là Cindy, đã có 2 năm kinh nghiệm làm host. Tôi yêu thích du lịch và luôn mong muốn đem lại trải nghiệm lưu trú thoải mái nhất cho khách.",trong vòng một giờ,100%,98%,f,https://a0.muscache.com/im/pictures/user/User-47000021/original/user_profile_1.jpeg,https://a0.muscache.com/im/pictures/user/User-47000021/original/user_profile_1.jpeg,Quận 7,9,1,"['email', 'phone', 'work_email']",t,t,Quận 7,Quận 7,Thành phố Hồ Chí Minh,10.78922,106.7074,Phòng riêng trong nhà,Private room,2,1.0,1 phòng tắm,1,1,"[""Máy giặt"", ""Bộ chăn ga gối cao cấp"", ""TV màn hình phẳng"", ""Thang máy"", ""Máy báo khói"", ""Bồn tắm thư giãn"", ""Bàn ủi / Bàn là"", ""Lò vi sóng"", ""Tủ lạnh"", ""Điều hòa nhiệt độ"", ""Wi-fi tốc độ cao"", ""Dầu gội & Sữa tắm"", ""Máy phát hiện khí CO"", ""Không gian riêng để làm việc""]","₫970,000",1,1125,1,2,1125,1125,1.0,1125.0,today,t,21,39,77,314,2026-09-26,123,2,1,2023-06-14,2026-09-18,4.89,4.8,4.9,5.0,5.0,4.91,4.74,,f,2,0,1,0,4.29,"[""https://a0.muscache.com/im/pictures/hosting/Hosting-1407593719172889750/original/6cda5711-bfdc-48e0-a6ca-2e8301d41110.jpeg"", ""https://a0.muscache.com/im/pictures/hosting/Hosting-1407593719172889750/original/69f16206-9514-4f9f-9959-357fa4d3f816.jpeg"", ""https://a0.muscache.com/im/pictures/hosting/Hosting-1407593719172889750/original/baa6e467-d0bf-47f8-b7fe-8042ed7f560b.jpeg"", ""https://a0.muscache.com/im/pictures/hosting/Hosting-1407593719172889750/original/a08ed8da-261e-4bdb-b0d5-a96891947505.jpeg"", ""https://a0.muscache.com/im/pictures/hosting/Hosting-1407593719172889750/original/79eba601-0252-4c15-b635-10ccc51d6317.jpeg"", ""https://a0.muscache.com/im/pictures/hosting/Hosting-1407593719172889750/original/fc24bc72-741e-4a8c-9304-96279e5f7e06.jpeg""]",t,"[{""name"": ""Cindy"", ""avatar"": ""https://a0.muscache.com/im/pictures/user/avatar_cindy.jpg""}, {""name"": ""Rùa"", ""avatar"": ""https://a0.muscache.com/im/pictures/user/avatar_rua.jpg""}, {""name"": ""Long"", ""avatar"": ""https://a0.muscache.com/im/pictures/user/avatar_long.jpg""}]","[{""name"": ""DECOR"", ""localizedName"": ""Trang trí"", ""count"": 6}, {""name"": ""INTERIOR"", ""localizedName"": ""Không gian bên trong"", ""count"": 6}, {""name"": ""CLEANLINESS"", ""localizedName"": ""Mức độ sạch sẽ"", ""count"": 4}, {""name"": ""LOCATION"", ""localizedName"": ""Địa điểm"", ""count"": 10}, {""name"": ""HOSPITALITY"", ""localizedName"": ""Hiếu khách"", ""count"": 15}]","[{""title"": ""Trải nghiệm nhận phòng xuất sắc"", ""subtitle"": ""Những khách ở gần đây đã xếp hạng 5 sao cho quy trình nhận phòng.""}, {""title"": ""Tự nhận phòng"", ""subtitle"": ""Tự nhận phòng với hộp khóa an toàn.""}]"
1628029049153856540,https://www.airbnb.com.vn/rooms/1628029049153856540,20260926000000,2026-09-26,city search,Căn hộ sân vườn với bồn tắm,"Chào mừng bạn đến với Căn hộ sân vườn với bồn tắm — một không gian lưu trú ấm cúng, sang trọng tọa lạc tại Quận 10, Thành phố Hồ Chí Minh.
Căn phòng tràn ngập ánh sáng tự nhiên với đầy đủ tiện nghi cao cấp, giường nệm êm ái, máy lạnh, TV và wifi tốc độ cao. Rất thuận tiện di chuyển tới các điểm tham quan, nhà hàng ẩm thực và quán cà phê nổi tiếng của Thành phố Hồ Chí Minh.","Khu vực Quận 10 an ninh, văn minh, gần nhiều địa điểm ăn uống, mua sắm và giải trí sầm uất tại Thành phố Hồ Chí Minh.",https://a0.muscache.com/im/pictures/hosting/Hosting-1628029049153856540/original/1a7acf2f-362e-49eb-9620-f1016dbfe973.jpeg,47000022,https://www.airbnb.com.vn/users/show/47000022,Rose,2023-02-02,"Thành phố Hồ Chí Minh, Việt Nam","Xin chào, tôi là Rose, đã có 3 năm kinh nghiệm làm host. Tôi yêu thích du lịch và luôn mong muốn đem lại trải nghiệm lưu trú thoải mái nhất cho khách.",trong vòng một giờ,100%,98%,t,https://a0.muscache.com/im/pictures/user/User-47000022/original/user_profile_2.jpeg,https://a0.muscache.com/im/pictures/user/User-47000022/original/user_profile_2.jpeg,Quận 10,3,10,"['email', 'phone', 'work_email']",t,t,Quận 10,Quận 10,Thành phố Hồ Chí Minh,10.78927,106.70794,Phòng riêng trong nhà,Private room,2,1.0,1 phòng tắm,1,1,"[""Bồn tắm thư giãn"", ""Không gian riêng để làm việc"", ""Tủ lạnh"", ""Ban công ngắm cảnh"", ""Thang máy"", ""Máy sấy tóc"", ""Tự nhận phòng với hộp khóa an toàn"", ""Điều hòa nhiệt độ"", ""Bàn ủi / Bàn là"", ""Máy giặt"", ""Máy báo khói"", ""Lò vi sóng"", ""Máy phát hiện khí CO"", ""Bể bơi"", ""Wi-fi tốc độ cao"", ""Dầu gội & Sữa tắm"", ""Chỗ đỗ xe miễn phí trong khuôn viên"", ""Bộ chăn ga gối cao cấp"", ""Bếp đầy đủ tiện nghi"", ""TV màn hình phẳng""]","₫1,270,000",1,1125,1,2,1125,1125,1.0,1125.0,today,t,27,48,61,293,2026-09-26,67,25,2,2023-12-26,2026-09-11,4.99,4.89,4.9,5.0,5.0,4.82,4.76,,t,2,0,1,0,1.5,"[""https://a0.muscache.com/im/pictures/hosting/Hosting-1628029049153856540/original/1a7acf2f-362e-49eb-9620-f1016dbfe973.jpeg"", ""https://a0.muscache.com/im/pictures/hosting/Hosting-1628029049153856540/original/7c8adb96-6e79-4352-8001-c1de7759c3bd.jpeg"", ""https://a0.muscache.com/im/pictures/hosting/Hosting-1628029049153856540/original/5afde8ed-cd06-43b6-887b-ea65a4dc92e2.jpeg"", ""https://a0.muscache.com/im/pictures/hosting/Hosting-1628029049153856540/original/92479482-406f-4e36-86c2-f276c64f9d4a.jpeg"", ""https://a0.muscache.com/im/pictures/hosting/Hosting-1628029049153856540/original/f16fe20c-3e9e-4dc9-9ebb-4194dd7987ac.jpeg"", ""https://a0.muscache.com/im/pictures/hosting/Hosting-1628029049153856540/original/62b904f1-75d0-42fa-8f96-187ec011e63f.jpeg""]",t,"[{""name"": ""Dang Nguyen"", ""avatar"": ""https://a0.muscache.com/im/pictures/user/avatar_dang.jpg""}, {""name"": ""Rùa"", ""avatar"": ""https://a0.muscache.com/im/pictures/user/avatar_rua.jpg""}, {""name"": ""Cindy"", ""avatar"": ""https://a0.muscache.com/im/pictures/user/avatar_cindy.jpg""}]","[{""name"": ""DECOR"", ""localizedName"": ""Trang trí"", ""count"": 3}, {""name"": ""INTERIOR"", ""localizedName"": ""Không gian bên trong"", ""count"": 20}, {""name"": ""CLEANLINESS"", ""localizedName"": ""Mức độ sạch sẽ"", ""count"": 19}, {""name"": ""LOCATION"", ""localizedName"": ""Địa điểm"", ""count"": 7}, {""name"": ""HOSPITALITY"", ""localizedName"": ""Hiếu khách"", ""count"": 14}]","[{""title"": ""Trải nghiệm nhận phòng xuất sắc"", ""subtitle"": ""Những khách ở gần đây đã xếp hạng 5 sao cho quy trình nhận phòng.""}, {""title"": ""Tự nhận phòng"", ""subtitle"": ""Tự nhận phòng với hộp khóa an toàn.""}]"
1774323721772335021,https://www.airbnb.com.vn/rooms/1774323721772335021,20260926000000,2026-09-26,city search,Phòng Executive có ban công Cubicity Nguyễn Trường Tộ,"Chào mừng bạn đến với Phòng Executive có ban công Cubicity Nguyễn Trường Tộ — một không gian lưu trú ấm cúng, sang trọng tọa lạc tại Quận Bình Thạnh, Thành phố Hồ Chí Minh.
Căn phòng tràn ngập ánh sáng tự nhiên với đầy đủ tiện nghi cao cấp, giường nệm êm ái, máy lạnh, TV và wifi tốc độ cao. Rất thuận tiện di chuyển tới các điểm tham quan, nhà hàng ẩm thực và quán cà phê nổi tiếng của Thành phố Hồ Chí Minh.","Khu vực Quận Bình Thạnh an ninh, văn minh, gần nhiều địa điểm ăn uống, mua sắm và giải trí sầm uất tại Thành phố Hồ Chí Minh.",https://a0.muscache.com/im/pictures/hosting/Hosting-1774323721772335021/original/6f895d7e-70d1-4a76-ab39-6ef4b0f0ae52.jpeg,47000023,https://www.airbnb.com.vn/users/show/47000023,LangX,2024-12-02,"Thành phố Hồ Chí Minh, Việt Nam","Xin chào, tôi là LangX, đã có 1 năm kinh nghiệm làm host. Tôi yêu thích du lịch và luôn mong muốn đem lại trải nghiệm lưu trú thoải mái nhất cho khách.",trong vòng một giờ,100%,98%,f,https://a0.muscache.com/im/pictures/user/User-47000023/original/user_profile_3.jpeg,https://a0.muscache.com/im/pictures/user/User-47000023/original/user_profile_3.jpeg,Quận Bình Thạnh,2,10,"['email', 'phone', 'work_email']",t,t,Quận Bình Thạnh,Quận Bình Thạnh,Thành phố Hồ Chí Minh,10.7655,106.7042,Toàn bộ căn hộ cho thuê,Entire home/apt,2,1.0,1 phòng tắm,1,1,"[""Wi-fi tốc độ cao"", ""Không gian riêng để làm việc"", ""Tủ lạnh"", ""Điều hòa nhiệt độ"", ""Ban công ngắm cảnh"", ""Bếp đầy đủ tiện nghi"", ""Máy báo khói"", ""Chỗ đỗ xe miễn phí trong khuôn viên"", ""Bộ chăn ga gối cao cấp"", ""Tự nhận phòng với hộp khóa an toàn"", ""Bể bơi"", ""Máy phát hiện khí CO"", ""Dầu gội & Sữa tắm"", ""Bồn tắm thư giãn"", ""TV màn hình phẳng""]","₫967,200",1,1125,1,2,1125,1125,1.0,1125.0,today,t,22,32,59,278,2026-09-26,61,9,5,2024-03-25,2026-09-17,4.85,4.87,4.8,5.0,5.0,4.97,4.89,,f,2,2,0,0,2.47,"[""https://a0.muscache.com/im/pictures/hosting/Hosting-1774323721772335021/original/6f895d7e-70d1-4a76-ab39-6ef4b0f0ae52.jpeg"", ""https://a0.muscache.com/im/pictures/hosting/Hosting-1774323721772335021/original/51e8e1a3-d265-44be-bf62-b89bf4427af5.jpeg"", ""https://a0.muscache.com/im/pictures/hosting/Hosting-1774323721772335021/original/621f7ada-58ee-4d02-845d-5224ced0a7d5.jpeg"", ""https://a0.muscache.com/im/pictures/hosting/Hosting-1774323721772335021/original/92db044c-4a85-4d79-8c7e-a75b224b68a6.jpeg"", ""https://a0.muscache.com/im/pictures/hosting/Hosting-1774323721772335021/original/91e3e6cc-eba9-47c0-940c-54f2d379d8eb.jpeg"", ""https://a0.muscache.com/im/pictures/hosting/Hosting-1774323721772335021/original/dd31d599-1f7e-40ad-b364-73c13c73ce90.jpeg"", ""https://a0.muscache.com/im/pictures/hosting/Hosting-1774323721772335021/original/ba55608a-d9d8-40e2-b839-108292d6f1fe.jpeg"", ""https://a0.muscache.com/im/pictures/hosting/Hosting-1774323721772335021/original/ef89dbf3-7129-4d24-9a77-fc1795ce02e7.jpeg"", ""https://a0.muscache.com/im/pictures/hosting/Hosting-1774323721772335021/original/96e95305-cc82-47c3-a14d-4f96f5b32f12.jpeg"", ""https://a0.muscache.com/im/pictures/hosting/Hosting-1774323721772335021/original/82ebaa52-7b0b-488f-9898-6111c26654cd.png"", ""https://a0.muscache.com/im/pictures/hosting/Hosting-1774323721772335021/original/8700e584-ab00-4202-9f53-35ea5b49f405.jpeg"", ""https://a0.muscache.com/im/pictures/hosting/Hosting-1774323721772335021/original/fb2974d3-7749-41e6-9315-0f6c714d4ba0.jpeg"", ""https://a0.muscache.com/im/pictures/hosting/Hosting-1774323721772335021/original/050f0116-3a52-405a-bc2b-9a8ad8666e73.jpeg"", ""https://a0.muscache.com/im/pictures/hosting/Hosting-1774323721772335021/original/9a781ecd-b3e8-4997-a92b-f7387e23c155.jpeg"", ""https://a0.muscache.com/im/pictures/hosting/Hosting-1774323721772335021/original/a9f828cb-c614-49b4-a088-aefcd3867137.jpeg""]",f,"[{""name"": ""Rùa"", ""avatar"": ""https://a0.muscache.com/im/pictures/user/avatar_rua.jpg""}, {""name"": ""Cindy"", ""avatar"": ""https://a0.muscache.com/im/pictures/user/avatar_cindy.jpg""}]","[{""name"": ""DECOR"", ""localizedName"": ""Trang trí"", ""count"": 6}, {""name"": ""INTERIOR"", ""localizedName"": ""Không gian bên trong"", ""count"": 8}, {""name"": ""CLEANLINESS"", ""localizedName"": ""Mức độ sạch sẽ"", ""count"": 6}, {""name"": ""LOCATION"", ""localizedName"": ""Địa điểm"", ""count"": 2}, {""name"": ""HOSPITALITY"", ""localizedName"": ""Hiếu khách"", ""count"": 2}]","[{""title"": ""Trải nghiệm nhận phòng xuất sắc"", ""subtitle"": ""Những khách ở gần đây đã xếp hạng 5 sao cho quy trình nhận phòng.""}, {""title"": ""Tự nhận phòng"", ""subtitle"": ""Tự nhận phòng với hộp khóa an toàn.""}]"
1389848897407550214,https://www.airbnb.com.vn/rooms/1389848897407550214,20260926000000,2026-09-26,city search,Bên ngoài là thành phố • Bên trong là sự yên tĩnh • Trung tâm Quận 1,"Chào mừng bạn đến với Bên ngoài là thành phố • Bên trong là sự yên tĩnh • Trung tâm Quận 1 — một không gian lưu trú ấm cúng, sang trọng tọa lạc tại Quận 1, Thành phố Hồ Chí Minh.
Căn phòng tràn ngập ánh sáng tự nhiên với đầy đủ tiện nghi cao cấp, giường nệm êm ái, máy lạnh, TV và wifi tốc độ cao. Rất thuận tiện di chuyển tới các điểm tham quan, nhà hàng ẩm thực và quán cà phê nổi tiếng của Thành phố Hồ Chí Minh.","Khu vực Quận 1 an ninh, văn minh, gần nhiều địa điểm ăn uống, mua sắm và giải trí sầm uất tại Thành phố Hồ Chí Minh.",https://a0.muscache.com/im/pictures/miso/Hosting-1389848897407550214/original/44dd3fd7-8aa2-43e8-879a-5a1ae0092903.jpeg,47000024,https://www.airbnb.com.vn/users/show/47000024,Ken,2020-02-05,"Thành phố Hồ Chí Minh, Việt Nam","Xin chào, tôi là Ken, đã có 6 năm kinh nghiệm làm host. Tôi yêu thích du lịch và luôn mong muốn đem lại trải nghiệm lưu trú thoải mái nhất cho khách.",trong vòng một giờ,100%,98%,t,https://a0.muscache.com/im/pictures/user/User-47000024/original/user_profile_4.jpeg,https://a0.muscache.com/im/pictures/user/User-47000024/original/user_profile_4.jpeg,Quận 1,3,8,"['email', 'phone', 'work_email']",t,t,Quận 1,Quận 1,Thành phố Hồ Chí Minh,10.7962,106.6853,Toàn bộ căn hộ cho thuê,Entire home/apt,4,1.0,1 phòng tắm,1,2,"[""Bể bơi"", ""Tủ lạnh"", ""Máy phát hiện khí CO"", ""TV màn hình phẳng"", ""Điều hòa nhiệt độ"", ""Bàn ủi / Bàn là"", ""Không gian riêng để làm việc"", ""Wi-fi tốc độ cao"", ""Thang máy"", ""Bộ chăn ga gối cao cấp"", ""Máy sấy tóc"", ""Máy báo khói"", ""Tự nhận phòng với hộp khóa an toàn"", ""Lò vi sóng""]","₫1,353,583",1,1125,1,2,1125,1125,1.0,1125.0,today,t,23,55,80,292,2026-09-26,104,18,5,2023-06-14,2026-09-20,4.9,4.84,4.86,5.0,5.0,4.76,4.84,,t,2,2,0,0,4.02,"[""https://a0.muscache.com/im/pictures/miso/Hosting-1389848897407550214/original/44dd3fd7-8aa2-43e8-879a-5a1ae0092903.jpeg"", ""https://a0.muscache.com/im/pictures/miso/Hosting-1389848897407550214/original/f78560ab-0ea3-43c7-a060-8e9504592b92.jpeg"", ""https://a0.muscache.com/im/pictures/miso/Hosting-1389848897407550214/original/16e06067-6cd8-499d-b8d3-96e008c3e981.jpeg"", ""https://a0.muscache.com/im/pictures/miso/Hosting-1389848897407550214/original/5814b05e-058e-4291-9d31-94e4fb9b95ba.jpeg"", ""https://a0.muscache.com/im/pictures/miso/Hosting-1389848897407550214/original/ea83be02-fcee-4fad-898e-078639c31777.jpeg"", ""https://a0.muscache.com/im/pictures/miso/Hosting-1389848897407550214/original/b7489497-11ed-4880-8951-a6eef11db071.jpeg"", ""https://a0.muscache.com/im/pictures/miso/Hosting-1389848897407550214/original/11df31b0-d7ab-4294-aebd-83fcb6c7cb38.jpeg"", ""https://a0.muscache.com/im/pictures/miso/Hosting-1389848897407550214/original/49cc3ed8-97d7-4356-b14e-c73dd665ea77.jpeg"", ""https://a0.muscache.com/im/pictures/miso/Hosting-1389848897407550214/original/0c4d35d3-3496-4a84-967f-dd901fe4aa12.jpeg"", ""https://a0.muscache.com/im/pictures/miso/Hosting-1389848897407550214/original/7e50b78c-b6cd-4607-af00-db814e46a58d.jpeg"", ""https://a0.muscache.com/im/pictures/miso/Hosting-1389848897407550214/original/cdb7e6fe-e32c-43c4-859f-7d7a1ff5a01c.jpeg"", ""https://a0.muscache.com/im/pictures/miso/Hosting-1389848897407550214/original/2efacdd1-1dcb-4558-848b-f305c35618af.jpeg"", ""https://a0.muscache.com/im/pictures/miso/Hosting-1389848897407550214/original/b9185c7c-ef7e-423c-9f52-0adcad64fc4b.jpeg"", ""https://a0.muscache.com/im/pictures/miso/Hosting-1389848897407550214/original/91b3b562-db2f-4c1b-958d-e192efeede98.jpeg"", ""https://a0.muscache.com/im/pictures/miso/Hosting-1389848897407550214/original/f3011e2f-f612-4b8b-8dd1-26f7e4f744af.jpeg"", ""https://a0.muscache.com/im/pictures/miso/Hosting-1389848897407550214/original/91ff393a-437a-4d58-a55c-57ca59bb5714.jpeg"", ""https://a0.muscache.com/im/pictures/miso/Hosting-1389848897407550214/original/43da27aa-4892-4397-b54f-05c58e34a93f.jpeg"", ""https://a0.muscache.com/im/pictures/miso/Hosting-1389848897407550214/original/0ca3a90c-a866-479f-b85f-28126be3d4a5.jpeg"", ""https://a0.muscache.com/im/pictures/miso/Hosting-1389848897407550214/original/e53bfc7e-3310-4956-bb39-896af19e99d3.jpeg"", ""https://a0.muscache.com/im/pictures/miso/Hosting-1389848897407550214/original/bc3db277-197c-48cc-b0bc-6d41858a30e4.jpeg"", ""https://a0.muscache.com/im/pictures/hosting/Hosting-1389848897407550214/original/5edfed77-4890-4b1a-b94b-873204085d53.jpeg"", ""https://a0.muscache.com/im/pictures/hosting/Hosting-1389848897407550214/original/988e6f93-ec80-4ded-b9e9-9543695f966c.jpeg"", ""https://a0.muscache.com/im/pictures/miso/Hosting-1389848897407550214/original/1f483422-d017-45bb-941e-df44c95cd15c.jpeg"", ""https://a0.muscache.com/im/pictures/hosting/Hosting-1389848897407550214/original/7532b940-b805-4265-92e9-92a42c61e06a.jpeg""]",t,"[{""name"": ""Dang Nguyen"", ""avatar"": ""https://a0.muscache.com/im/pictures/user/avatar_dang.jpg""}]","[{""name"": ""DECOR"", ""localizedName"": ""Trang trí"", ""count"": 6}, {""name"": ""INTERIOR"", ""localizedName"": ""Không gian bên trong"", ""count"": 16}, {""name"": ""CLEANLINESS"", ""localizedName"": ""Mức độ sạch sẽ"", ""count"": 20}, {""name"": ""LOCATION"", ""localizedName"": ""Địa điểm"", ""count"": 11}, {""name"": ""HOSPITALITY"", ""localizedName"": ""Hiếu khách"", ""count"": 13}]","[{""title"": ""Trải nghiệm nhận phòng xuất sắc"", ""subtitle"": ""Những khách ở gần đây đã xếp hạng 5 sao cho quy trình nhận phòng.""}, {""title"": ""Tự nhận phòng"", ""subtitle"": ""Tự nhận phòng với hộp khóa an toàn.""}]"
1622207618732055599,https://www.airbnb.com.vn/rooms/1622207618732055599,20260926000000,2026-09-26,city search,Gần Q1/Sân bay • 30m² • Ban công • Máy chiếu,"Chào mừng bạn đến với Gần Q1/Sân bay • 30m² • Ban công • Máy chiếu — một không gian lưu trú ấm cúng, sang trọng tọa lạc tại Thành phố Thủ Đức, Thành phố Hồ Chí Minh.
Căn phòng tràn ngập ánh sáng tự nhiên với đầy đủ tiện nghi cao cấp, giường nệm êm ái, máy lạnh, TV và wifi tốc độ cao. Rất thuận tiện di chuyển tới các điểm tham quan, nhà hàng ẩm thực và quán cà phê nổi tiếng của Thành phố Hồ Chí Minh.","Khu vực Thành phố Thủ Đức an ninh, văn minh, gần nhiều địa điểm ăn uống, mua sắm và giải trí sầm uất tại Thành phố Hồ Chí Minh.",https://a0.muscache.com/im/pictures/hosting/Hosting-1622207618732055599/original/2332f030-450f-4b65-bfd6-d2623ab97f54.png,47000025,https://www.airbnb.com.vn/users/show/47000025,Bella,2020-02-14,"Thành phố Hồ Chí Minh, Việt Nam","Xin chào, tôi là Bella, đã có 6 năm kinh nghiệm làm host. Tôi yêu thích du lịch và luôn mong muốn đem lại trải nghiệm lưu trú thoải mái nhất cho khách.",trong vòng một giờ,100%,98%,f,https://a0.muscache.com/im/pictures/user/User-47000025/original/user_profile_5.jpeg,https://a0.muscache.com/im/pictures/user/User-47000025/original/user_profile_5.jpeg,Thành phố Thủ Đức,9,3,"['email', 'phone', 'work_email']",t,t,Thành phố Thủ Đức,Thành phố Thủ Đức,Thành phố Hồ Chí Minh,10.80869,106.6833,Phòng riêng trong nhà,Private room,4,1.0,1 phòng tắm,1,2,"[""Chỗ đỗ xe miễn phí trong khuôn viên"", ""Tủ lạnh"", ""Bàn ủi / Bàn là"", ""Máy giặt"", ""Bếp đầy đủ tiện nghi"", ""Wi-fi tốc độ cao"", ""TV màn hình phẳng"", ""Bể bơi"", ""Bồn tắm thư giãn"", ""Điều hòa nhiệt độ"", ""Máy báo khói"", ""Dầu gội & Sữa tắm"", ""Không gian riêng để làm việc"", ""Máy phát hiện khí CO"", ""Tự nhận phòng với hộp khóa an toàn""]","₫872,426",1,1125,1,2,1125,1125,1.0,1125.0,today,t,28,50,51,266,2026-09-26,39,14,1,2025-02-18,2026-09-10,4.95,4.98,4.97,5.0,5.0,4.79,4.77,,f,2,0,1,0,4.06,"[""https://a0.muscache.com/im/pictures/hosting/Hosting-1622207618732055599/original/2332f030-450f-4b65-bfd6-d2623ab97f54.png"", ""https://a0.muscache.com/im/pictures/hosting/Hosting-1622207618732055599/original/9c8a7386-ea13-4e4b-bd22-31ccafcbce75.jpeg"", ""https://a0.muscache.com/im/pictures/hosting/Hosting-1622207618732055599/original/64d12957-2321-4948-9a36-0af685eafc66.jpeg"", ""https://a0.muscache.com/im/pictures/hosting/Hosting-1622207618732055599/original/15ce9356-1cb7-4b64-a0cb-a50f3294b51e.jpeg"", ""https://a0.muscache.com/im/pictures/hosting/Hosting-1622207618732055599/original/e239b5b5-fc8a-4784-a880-a274ee25ed8c.jpeg"", ""https://a0.muscache.com/im/pictures/hosting/Hosting-1622207618732055599/original/82228291-26ab-4d31-ba55-d15d56c846c7.jpeg""]",t,"[{""name"": ""Cindy"", ""avatar"": ""https://a0.muscache.com/im/pictures/user/avatar_cindy.jpg""}]","[{""name"": ""DECOR"", ""localizedName"": ""Trang trí"", ""count"": 2}, {""name"": ""INTERIOR"", ""localizedName"": ""Không gian bên trong"", ""count"": 11}, {""name"": ""CLEANLINESS"", ""localizedName"": ""Mức độ sạch sẽ"", ""count"": 5}, {""name"": ""LOCATION"", ""localizedName"": ""Địa điểm"", ""count"": 18}, {""name"": ""HOSPITALITY"", ""localizedName"": ""Hiếu khách"", ""count"": 12}]","[{""title"": ""Trải nghiệm nhận phòng xuất sắc"", ""subtitle"": ""Những khách ở gần đây đã xếp hạng 5 sao cho quy trình nhận phòng.""}, {""title"": ""Tự nhận phòng"", ""subtitle"": ""Tự nhận phòng với hộp khóa an toàn.""}]"
831183372345891393,https://www.airbnb.com.vn/rooms/831183372345891393,20260926000000,2026-09-26,city search,Phòng dịch vụ giá rẻ tại Quận 1 - S2,"Chào mừng bạn đến với Phòng dịch vụ giá rẻ tại Quận 1 - S2 — một không gian lưu trú ấm cúng, sang trọng tọa lạc tại Quận 1, Thành phố Hồ Chí Minh.
Căn phòng tràn ngập ánh sáng tự nhiên với đầy đủ tiện nghi cao cấp, giường nệm êm ái, máy lạnh, TV và wifi tốc độ cao. Rất thuận tiện di chuyển tới các điểm tham quan, nhà hàng ẩm thực và quán cà phê nổi tiếng của Thành phố Hồ Chí Minh.","Khu vực Quận 1 an ninh, văn minh, gần nhiều địa điểm ăn uống, mua sắm và giải trí sầm uất tại Thành phố Hồ Chí Minh.",https://a0.muscache.com/im/pictures/c22956aa-4bfc-4e20-a329-d2d09165d467.jpg,47000026,https://www.airbnb.com.vn/users/show/47000026,Tony,2022-12-13,"Thành phố Hồ Chí Minh, Việt Nam","Xin chào, tôi là Tony, đã có 3 năm kinh nghiệm làm host. Tôi yêu thích du lịch và luôn mong muốn đem lại trải nghiệm lưu trú thoải mái nhất cho khách.",trong vòng một giờ,100%,98%,t,https://a0.muscache.com/im/pictures/user/User-47000026/original/user_profile_6.jpeg,https://a0.muscache.com/im/pictures/user/User-47000026/original/user_profile_6.jpeg,Quận 1,10,2,"['email', 'phone', 'work_email']",t,t,Quận 1,Quận 1,Thành phố Hồ Chí Minh,10.7849,106.7007,Phòng riêng trong nhà,Private room,2,1.0,1 phòng tắm,1,1,"[""Máy giặt"", ""Bếp đầy đủ tiện nghi"", ""Bể bơi"", ""Chỗ đỗ xe miễn phí trong khuôn viên"", ""Bàn ủi / Bàn là"", ""Máy báo khói"", ""Tủ lạnh"", ""Ban công ngắm cảnh"", ""Lò vi sóng"", ""Dầu gội & Sữa tắm"", ""Bộ chăn ga gối cao cấp"", ""Máy phát hiện khí CO"", ""Máy sấy tóc"", ""Điều hòa nhiệt độ"", ""Tự nhận phòng với hộp khóa an toàn"", ""Bồn tắm thư giãn"", ""Wi-fi tốc độ cao"", ""Thang máy""]","₫393,641",1,1125,1,2,1125,1125,1.0,1125.0,today,t,18,42,81,255,2026-09-26,236,8,0,2023-06-14,2026-09-16,4.88,4.98,4.98,5.0,5.0,4.98,4.79,,t,2,0,1,0,3.97,"[""https://a0.muscache.com/im/pictures/c22956aa-4bfc-4e20-a329-d2d09165d467.jpg"", ""https://a0.muscache.com/im/pictures/hosting/Hosting-831183372345891393/original/8b794d6e-4b77-4bba-84fb-c15573afd8fb.jpeg"", ""https://a0.muscache.com/im/pictures/hosting/Hosting-831183372345891393/original/fd0173e1-f5e8-4347-9a99-a95851b471ca.jpeg"", ""https://a0.muscache.com/im/pictures/hosting/Hosting-831183372345891393/original/ce2c37b8-feea-4b8d-b4a4-ac934937da56.jpeg"", ""https://a0.muscache.com/im/pictures/hosting/Hosting-831183372345891393/original/4cf9a1dc-399c-41b8-9739-6e740284700e.jpeg"", ""https://a0.muscache.com/im/pictures/hosting/Hosting-831183372345891393/original/659e541d-15bf-41ad-b19b-3c2d45c85f56.jpeg""]",t,"[{""name"": ""Dang Nguyen"", ""avatar"": ""https://a0.muscache.com/im/pictures/user/avatar_dang.jpg""}, {""name"": ""Long"", ""avatar"": ""https://a0.muscache.com/im/pictures/user/avatar_long.jpg""}, {""name"": ""Cindy"", ""avatar"": ""https://a0.muscache.com/im/pictures/user/avatar_cindy.jpg""}]","[{""name"": ""DECOR"", ""localizedName"": ""Trang trí"", ""count"": 16}, {""name"": ""INTERIOR"", ""localizedName"": ""Không gian bên trong"", ""count"": 16}, {""name"": ""CLEANLINESS"", ""localizedName"": ""Mức độ sạch sẽ"", ""count"": 4}, {""name"": ""LOCATION"", ""localizedName"": ""Địa điểm"", ""count"": 7}, {""name"": ""HOSPITALITY"", ""localizedName"": ""Hiếu khách"", ""count"": 12}]","[{""title"": ""Trải nghiệm nhận phòng xuất sắc"", ""subtitle"": ""Những khách ở gần đây đã xếp hạng 5 sao cho quy trình nhận phòng.""}, {""title"": ""Tự nhận phòng"", ""subtitle"": ""Tự nhận phòng với hộp khóa an toàn.""}]"
1586035856368820283,https://www.airbnb.com.vn/rooms/1586035856368820283,20260926000000,2026-09-26,city search,2 phòng ngủ ven sông • Cây cối xanh tốt • 5 khách,"Chào mừng bạn đến với 2 phòng ngủ ven sông • Cây cối xanh tốt • 5 khách — một không gian lưu trú ấm cúng, sang trọng tọa lạc tại Quận 1, Thành phố Hồ Chí Minh.
Căn phòng tràn ngập ánh sáng tự nhiên với đầy đủ tiện nghi cao cấp, giường nệm êm ái, máy lạnh, TV và wifi tốc độ cao. Rất thuận tiện di chuyển tới các điểm tham quan, nhà hàng ẩm thực và quán cà phê nổi tiếng của Thành phố Hồ Chí Minh.","Khu vực Quận 1 an ninh, văn minh, gần nhiều địa điểm ăn uống, mua sắm và giải trí sầm uất tại Thành phố Hồ Chí Minh.",https://a0.muscache.com/im/pictures/hosting/Hosting-1586035856368820283/original/4f46e287-0975-4160-b045-4dfa8954ad01.jpeg,47000027,https://www.airbnb.com.vn/users/show/47000027,Anna,2020-02-02,"Thành phố Hồ Chí Minh, Việt Nam","Xin chào, tôi là Anna, đã có 6 năm kinh nghiệm làm host. Tôi yêu thích du lịch và luôn mong muốn đem lại trải nghiệm lưu trú thoải mái nhất cho khách.",trong vòng một giờ,100%,98%,f,https://a0.muscache.com/im/pictures/user/User-47000027/original/user_profile_7.jpeg,https://a0.muscache.com/im/pictures/user/User-47000027/original/user_profile_7.jpeg,Quận 1,1,9,"['email', 'phone', 'work_email']",t,t,Quận 1,Quận 1,Thành phố Hồ Chí Minh,10.7962,106.6853,Toàn bộ căn hộ cho thuê,Entire home/apt,4,1.0,1 phòng tắm,2,2,"[""Không gian riêng để làm việc"", ""Máy báo khói"", ""Tự nhận phòng với hộp khóa an toàn"", ""Wi-fi tốc độ cao"", ""Dầu gội & Sữa tắm"", ""Bàn ủi / Bàn là"", ""Lò vi sóng"", ""Chỗ đỗ xe miễn phí trong khuôn viên"", ""Máy giặt"", ""Bể bơi"", ""Thang máy"", ""Ban công ngắm cảnh"", ""Bồn tắm thư giãn"", ""Bộ chăn ga gối cao cấp"", ""Tủ lạnh"", ""Máy sấy tóc"", ""TV màn hình phẳng"", ""Máy phát hiện khí CO"", ""Điều hòa nhiệt độ""]","₫1,621,246",1,1125,1,2,1125,1125,1.0,1125.0,today,t,24,41,80,280,2026-09-26,57,14,6,2024-05-24,2026-09-23,4.91,4.92,4.85,5.0,5.0,4.94,4.91,,f,2,2,0,0,4.71,"[""https://a0.muscache.com/im/pictures/hosting/Hosting-1586035856368820283/original/4f46e287-0975-4160-b045-4dfa8954ad01.jpeg"", ""https://a0.muscache.com/im/pictures/hosting/Hosting-1586035856368820283/original/90dc3180-a38e-43e3-a95e-cb940adb9ab7.jpeg"", ""https://a0.muscache.com/im/pictures/hosting/Hosting-1586035856368820283/original/4d872a80-55fd-4837-9120-ac9f88929369.jpeg"", ""https://a0.muscache.com/im/pictures/hosting/Hosting-1586035856368820283/original/4a04fba6-6943-4760-9f5a-87bfaec87824.jpeg"", ""https://a0.muscache.com/im/pictures/hosting/Hosting-1586035856368820283/original/a22f5617-f737-4854-835f-a404d7544418.jpeg"", ""https://a0.muscache.com/im/pictures/hosting/Hosting-1586035856368820283/original/9195d901-d4b9-43c0-b2da-680989683b37.jpeg"", ""https://a0.muscache.com/im/pictures/hosting/Hosting-1586035856368820283/original/b36931d2-6d0b-4077-b2ac-be7450089321.jpeg"", ""https://a0.muscache.com/im/pictures/hosting/Hosting-1586035856368820283/original/c9970a83-c5f9-4c88-a6af-4dd5041bdb42.jpeg"", ""https://a0.muscache.com/im/pictures/hosting/Hosting-1586035856368820283/original/260a6c28-6a49-49c7-9675-699e242f0138.jpeg"", ""https://a0.muscache.com/im/pictures/hosting/Hosting-1586035856368820283/original/152c924c-8ee0-4430-bb1b-000b456d36c5.jpeg"", ""https://a0.muscache.com/im/pictures/hosting/Hosting-1586035856368820283/original/dd7446cf-1763-41a8-86e1-c7bb34c79d86.jpeg"", ""https://a0.muscache.com/im/pictures/hosting/Hosting-1586035856368820283/original/7d06b2df-1939-4c38-91bb-344db2e43739.jpeg"", ""https://a0.muscache.com/im/pictures/hosting/Hosting-1586035856368820283/original/a06871a1-6a79-45f7-8730-d1916b8330d9.jpeg"", ""https://a0.muscache.com/im/pictures/hosting/Hosting-1586035856368820283/original/cb6e3149-7150-48d4-9222-9a301ba3f997.jpeg"", ""https://a0.muscache.com/im/pictures/hosting/Hosting-1586035856368820283/original/0b6dbdff-0b52-44ef-98dd-72b44fa3c4b0.jpeg"", ""https://a0.muscache.com/im/pictures/hosting/Hosting-1586035856368820283/original/601b12c2-0805-4e98-8a60-0623a8c6c10c.jpeg"", ""https://a0.muscache.com/im/pictures/hosting/Hosting-1586035856368820283/original/c7e43315-080e-46bb-8810-097914112ca4.jpeg"", ""https://a0.muscache.com/im/pictures/hosting/Hosting-1586035856368820283/original/10719f90-e64b-4b08-a357-22580689f4ed.jpeg"", ""https://a0.muscache.com/im/pictures/hosting/Hosting-1586035856368820283/original/f8dd6526-7510-4f3d-911a-91215f4a5428.jpeg"", ""https://a0.muscache.com/im/pictures/hosting/Hosting-1586035856368820283/original/491ed4a8-94f5-43a7-9f0a-f9796551a23f.jpeg"", ""https://a0.muscache.com/im/pictures/hosting/Hosting-1586035856368820283/original/6829bb20-56f7-40bb-959a-e9ca0f435780.jpeg"", ""https://a0.muscache.com/im/pictures/hosting/Hosting-1586035856368820283/original/48bdb33b-2dd0-4248-b8d4-94368ec7a0a2.jpeg"", ""https://a0.muscache.com/im/pictures/hosting/Hosting-1586035856368820283/original/ecdc2e01-9b3a-4f3e-9291-23787bfb353d.jpeg"", ""https://a0.muscache.com/im/pictures/hosting/Hosting-1586035856368820283/original/41b81e45-8747-4830-9b68-81b7354a1489.jpeg"", ""https://a0.muscache.com/im/pictures/hosting/Hosting-1586035856368820283/original/11d1c484-2208-4636-bae6-b9201d2d2317.jpeg"", ""https://a0.muscache.com/im/pictures/hosting/Hosting-1586035856368820283/original/6fcd7846-206b-4adb-9859-94098da4a882.jpeg"", ""https://a0.muscache.com/im/pictures/hosting/Hosting-1586035856368820283/original/7389498e-f67b-42d2-a71a-a513b0d42d7b.jpeg"", ""https://a0.muscache.com/im/pictures/hosting/Hosting-1586035856368820283/original/6d710a49-4609-440e-9d24-70195d45d77e.jpeg""]",t,"[{""name"": ""Dang Nguyen"", ""avatar"": ""https://a0.muscache.com/im/pictures/user/avatar_dang.jpg""}, {""name"": ""Long"", ""avatar"": ""https://a0.muscache.com/im/pictures/user/avatar_long.jpg""}, {""name"": ""Rùa"", ""avatar"": ""https://a0.muscache.com/im/pictures/user/avatar_rua.jpg""}]","[{""name"": ""DECOR"", ""localizedName"": ""Trang trí"", ""count"": 18}, {""name"": ""INTERIOR"", ""localizedName"": ""Không gian bên trong"", ""count"": 6}, {""name"": ""CLEANLINESS"", ""localizedName"": ""Mức độ sạch sẽ"", ""count"": 17}, {""name"": ""LOCATION"", ""localizedName"": ""Địa điểm"", ""count"": 10}, {""name"": ""HOSPITALITY"", ""localizedName"": ""Hiếu khách"", ""count"": 11}]","[{""title"": ""Trải nghiệm nhận phòng xuất sắc"", ""subtitle"": ""Những khách ở gần đây đã xếp hạng 5 sao cho quy trình nhận phòng.""}, {""title"": ""Tự nhận phòng"", ""subtitle"": ""Tự nhận phòng với hộp khóa an toàn.""}]"
1454915327355242517,https://www.airbnb.com.vn/rooms/1454915327355242517,20260926000000,2026-09-26,city search,Căn hộ hiện đại và thoáng mát với ban công nhìn ra sông,"Chào mừng bạn đến với Căn hộ hiện đại và thoáng mát với ban công nhìn ra sông — một không gian lưu trú ấm cúng, sang trọng tọa lạc tại Quận 3, Thành phố Hồ Chí Minh.
Căn phòng tràn ngập ánh sáng tự nhiên với đầy đủ tiện nghi cao cấp, giường nệm êm ái, máy lạnh, TV và wifi tốc độ cao. Rất thuận tiện di chuyển tới các điểm tham quan, nhà hàng ẩm thực và quán cà phê nổi tiếng của Thành phố Hồ Chí Minh.","Khu vực Quận 3 an ninh, văn minh, gần nhiều địa điểm ăn uống, mua sắm và giải trí sầm uất tại Thành phố Hồ Chí Minh.",https://a0.muscache.com/im/pictures/hosting/Hosting-1454915327355242517/original/cdb61e82-024a-4077-a12e-90e1f12b3bf8.jpeg,47000028,https://www.airbnb.com.vn/users/show/47000028,David,2025-01-01,"Thành phố Hồ Chí Minh, Việt Nam","Xin chào, tôi là David, đã có 1 năm kinh nghiệm làm host. Tôi yêu thích du lịch và luôn mong muốn đem lại trải nghiệm lưu trú thoải mái nhất cho khách.",trong vòng một giờ,100%,98%,t,https://a0.muscache.com/im/pictures/user/User-47000028/original/user_profile_8.jpeg,https://a0.muscache.com/im/pictures/user/User-47000028/original/user_profile_8.jpeg,Quận 3,1,10,"['email', 'phone', 'work_email']",t,t,Quận 3,Quận 3,Thành phố Hồ Chí Minh,10.79376,106.69371,Phòng riêng trong nhà,Private room,2,1.0,1 phòng tắm,1,1,"[""Bể bơi"", ""Điều hòa nhiệt độ"", ""Máy phát hiện khí CO"", ""Không gian riêng để làm việc"", ""Máy sấy tóc"", ""Dầu gội & Sữa tắm"", ""Máy giặt"", ""TV màn hình phẳng"", ""Thang máy"", ""Wi-fi tốc độ cao"", ""Bộ chăn ga gối cao cấp"", ""Bàn ủi / Bàn là"", ""Lò vi sóng"", ""Tủ lạnh"", ""Chỗ đỗ xe miễn phí trong khuôn viên"", ""Tự nhận phòng với hộp khóa an toàn""]","₫622,000",1,1125,1,2,1125,1125,1.0,1125.0,today,t,21,38,71,232,2026-09-26,53,31,5,2024-07-23,2026-09-14,4.92,4.87,4.85,5.0,5.0,4.98,4.78,,t,2,0,1,0,3.33,"[""https://a0.muscache.com/im/pictures/hosting/Hosting-1454915327355242517/original/cdb61e82-024a-4077-a12e-90e1f12b3bf8.jpeg"", ""https://a0.muscache.com/im/pictures/miso/Hosting-1454915327355242517/original/a394cfbb-d349-4881-84a7-9d24e59790c5.jpeg"", ""https://a0.muscache.com/im/pictures/miso/Hosting-1454915327355242517/original/22f8dd6c-13c8-484c-b114-b7024f1b5338.jpeg"", ""https://a0.muscache.com/im/pictures/miso/Hosting-1454915327355242517/original/b9bea0b8-eea2-4b13-a811-c42462a86f7e.jpeg"", ""https://a0.muscache.com/im/pictures/miso/Hosting-1454915327355242517/original/0a29db48-e02e-4a48-8720-58254bb32f0c.jpeg"", ""https://a0.muscache.com/im/pictures/miso/Hosting-1454915327355242517/original/6280ee63-0738-4863-89e8-65897dd2681e.jpeg""]",t,"[{""name"": ""Long"", ""avatar"": ""https://a0.muscache.com/im/pictures/user/avatar_long.jpg""}, {""name"": ""Rùa"", ""avatar"": ""https://a0.muscache.com/im/pictures/user/avatar_rua.jpg""}, {""name"": ""Cindy"", ""avatar"": ""https://a0.muscache.com/im/pictures/user/avatar_cindy.jpg""}]","[{""name"": ""DECOR"", ""localizedName"": ""Trang trí"", ""count"": 4}, {""name"": ""INTERIOR"", ""localizedName"": ""Không gian bên trong"", ""count"": 2}, {""name"": ""CLEANLINESS"", ""localizedName"": ""Mức độ sạch sẽ"", ""count"": 4}, {""name"": ""LOCATION"", ""localizedName"": ""Địa điểm"", ""count"": 11}, {""name"": ""HOSPITALITY"", ""localizedName"": ""Hiếu khách"", ""count"": 13}]","[{""title"": ""Trải nghiệm nhận phòng xuất sắc"", ""subtitle"": ""Những khách ở gần đây đã xếp hạng 5 sao cho quy trình nhận phòng.""}, {""title"": ""Tự nhận phòng"", ""subtitle"": ""Tự nhận phòng với hộp khóa an toàn.""}]"
1729749566721861030,https://www.airbnb.com.vn/rooms/1729749566721861030,20260926000000,2026-09-26,city search,Studio phong cách 45m² | Bàn làm việc | Gần Bến Thành,"Chào mừng bạn đến với Studio phong cách 45m² | Bàn làm việc | Gần Bến Thành — một không gian lưu trú ấm cúng, sang trọng tọa lạc tại Quận 4, Thành phố Hồ Chí Minh.
Căn phòng tràn ngập ánh sáng tự nhiên với đầy đủ tiện nghi cao cấp, giường nệm êm ái, máy lạnh, TV và wifi tốc độ cao. Rất thuận tiện di chuyển tới các điểm tham quan, nhà hàng ẩm thực và quán cà phê nổi tiếng của Thành phố Hồ Chí Minh.","Khu vực Quận 4 an ninh, văn minh, gần nhiều địa điểm ăn uống, mua sắm và giải trí sầm uất tại Thành phố Hồ Chí Minh.",https://a0.muscache.com/im/pictures/hosting/Hosting-1729749566721861030/original/a4c6a98d-10c0-44c6-b93b-08c8adf1e9d8.jpeg,47000029,https://www.airbnb.com.vn/users/show/47000029,Mia,2020-04-03,"Thành phố Hồ Chí Minh, Việt Nam","Xin chào, tôi là Mia, đã có 6 năm kinh nghiệm làm host. Tôi yêu thích du lịch và luôn mong muốn đem lại trải nghiệm lưu trú thoải mái nhất cho khách.",trong vòng một giờ,100%,98%,f,https://a0.muscache.com/im/pictures/user/User-47000029/original/user_profile_9.jpeg,https://a0.muscache.com/im/pictures/user/User-47000029/original/user_profile_9.jpeg,Quận 4,2,5,"['email', 'phone', 'work_email']",t,t,Quận 4,Quận 4,Thành phố Hồ Chí Minh,10.7591,106.6893,Phòng riêng trong nhà,Private room,2,1.0,1 phòng tắm,1,1,"[""Máy sấy tóc"", ""Không gian riêng để làm việc"", ""TV màn hình phẳng"", ""Điều hòa nhiệt độ"", ""Bồn tắm thư giãn"", ""Tự nhận phòng với hộp khóa an toàn"", ""Máy giặt"", ""Bộ chăn ga gối cao cấp"", ""Bếp đầy đủ tiện nghi"", ""Chỗ đỗ xe miễn phí trong khuôn viên"", ""Thang máy"", ""Bể bơi"", ""Lò vi sóng"", ""Tủ lạnh"", ""Wi-fi tốc độ cao""]","₫1,483,178",1,1125,1,2,1125,1125,1.0,1125.0,today,t,22,41,51,250,2026-09-26,11,11,6,2026-04-14,2026-09-21,5.0,4.84,4.99,5.0,5.0,4.71,4.71,,f,2,0,1,0,2.11,"[""https://a0.muscache.com/im/pictures/hosting/Hosting-1729749566721861030/original/a4c6a98d-10c0-44c6-b93b-08c8adf1e9d8.jpeg"", ""https://a0.muscache.com/im/pictures/hosting/Hosting-1729749566721861030/original/4934c5ef-7f5a-417b-9714-a21eca7ef5e5.jpeg"", ""https://a0.muscache.com/im/pictures/hosting/Hosting-1729749566721861030/original/10c6e689-64b8-4396-a289-bfecd56348e1.jpeg"", ""https://a0.muscache.com/im/pictures/hosting/Hosting-1729749566721861030/original/666a817d-67f0-442d-9c18-3c786d0e9aa9.jpeg"", ""https://a0.muscache.com/im/pictures/hosting/Hosting-1729749566721861030/original/141f7e5c-f291-4391-8d4f-bd8d82a0bec4.jpeg"", ""https://a0.muscache.com/im/pictures/hosting/Hosting-1729749566721861030/original/fee87dc8-6d4d-4569-bd47-c6a3e12b669f.jpeg""]",t,"[{""name"": ""Cindy"", ""avatar"": ""https://a0.muscache.com/im/pictures/user/avatar_cindy.jpg""}, {""name"": ""Long"", ""avatar"": ""https://a0.muscache.com/im/pictures/user/avatar_long.jpg""}]","[{""name"": ""DECOR"", ""localizedName"": ""Trang trí"", ""count"": 17}, {""name"": ""INTERIOR"", ""localizedName"": ""Không gian bên trong"", ""count"": 3}, {""name"": ""CLEANLINESS"", ""localizedName"": ""Mức độ sạch sẽ"", ""count"": 14}, {""name"": ""LOCATION"", ""localizedName"": ""Địa điểm"", ""count"": 11}, {""name"": ""HOSPITALITY"", ""localizedName"": ""Hiếu khách"", ""count"": 7}]","[{""title"": ""Trải nghiệm nhận phòng xuất sắc"", ""subtitle"": ""Những khách ở gần đây đã xếp hạng 5 sao cho quy trình nhận phòng.""}, {""title"": ""Tự nhận phòng"", ""subtitle"": ""Tự nhận phòng với hộp khóa an toàn.""}]"
1769675360903118852,https://www.airbnb.com.vn/rooms/1769675360903118852,20260926000000,2026-09-26,city search,Landmark 2 | 3 phòng ngủ | Quang cảnh thành phố | Giường mềm và máy sấy quần áo,"Chào mừng bạn đến với Landmark 2 | 3 phòng ngủ | Quang cảnh thành phố | Giường mềm và máy sấy quần áo — một không gian lưu trú ấm cúng, sang trọng tọa lạc tại Quận 7, Thành phố Hồ Chí Minh.
Căn phòng tràn ngập ánh sáng tự nhiên với đầy đủ tiện nghi cao cấp, giường nệm êm ái, máy lạnh, TV và wifi tốc độ cao. Rất thuận tiện di chuyển tới các điểm tham quan, nhà hàng ẩm thực và quán cà phê nổi tiếng của Thành phố Hồ Chí Minh.","Khu vực Quận 7 an ninh, văn minh, gần nhiều địa điểm ăn uống, mua sắm và giải trí sầm uất tại Thành phố Hồ Chí Minh.",https://a0.muscache.com/im/pictures/hosting/Hosting-1769675360903118852/original/44d3f81a-4c66-4133-b918-3f6c2eb68144.jpeg,47000030,https://www.airbnb.com.vn/users/show/47000030,Minh,2022-07-07,"Thành phố Hồ Chí Minh, Việt Nam","Xin chào, tôi là Minh, đã có 4 năm kinh nghiệm làm host. Tôi yêu thích du lịch và luôn mong muốn đem lại trải nghiệm lưu trú thoải mái nhất cho khách.",trong vòng một giờ,100%,98%,t,https://a0.muscache.com/im/pictures/user/User-47000030/original/user_profile_0.jpeg,https://a0.muscache.com/im/pictures/user/User-47000030/original/user_profile_0.jpeg,Quận 7,4,2,"['email', 'phone', 'work_email']",t,t,Quận 7,Quận 7,Thành phố Hồ Chí Minh,10.794,106.7203,Toàn bộ căn hộ cho thuê,Entire home/apt,6,2.0,2 phòng tắm,3,3,"[""Máy sấy tóc"", ""TV màn hình phẳng"", ""Máy báo khói"", ""Không gian riêng để làm việc"", ""Bếp đầy đủ tiện nghi"", ""Tủ lạnh"", ""Bộ chăn ga gối cao cấp"", ""Máy giặt"", ""Bồn tắm thư giãn"", ""Điều hòa nhiệt độ"", ""Bàn ủi / Bàn là"", ""Wi-fi tốc độ cao"", ""Dầu gội & Sữa tắm"", ""Chỗ đỗ xe miễn phí trong khuôn viên""]","₫2,360,000",1,1125,1,2,1125,1125,1.0,1125.0,today,t,26,31,54,269,2026-09-26,3,3,0,2026-08-12,2026-09-08,5.0,4.89,4.84,5.0,5.0,4.92,4.87,,t,2,2,0,0,4.41,"[""https://a0.muscache.com/im/pictures/hosting/Hosting-1769675360903118852/original/44d3f81a-4c66-4133-b918-3f6c2eb68144.jpeg"", ""https://a0.muscache.com/im/pictures/hosting/Hosting-1769675360903118852/original/51045ec5-eb2c-4d6e-a8c7-d38bb85c73d4.jpeg"", ""https://a0.muscache.com/im/pictures/hosting/Hosting-1769675360903118852/original/38bac37c-76df-4c8e-9da4-0f9cbe7ecdc3.jpeg"", ""https://a0.muscache.com/im/pictures/hosting/Hosting-1769675360903118852/original/9a89d197-6719-4e3f-9ff5-1632f6c1a033.jpeg"", ""https://a0.muscache.com/im/pictures/hosting/Hosting-1769675360903118852/original/796c0d5a-6ac6-476f-9594-0cd0e31f1dd1.jpeg"", ""https://a0.muscache.com/im/pictures/hosting/Hosting-1769675360903118852/original/ca52a2df-3c93-46e8-a34e-db62da84b5f0.jpeg"", ""https://a0.muscache.com/im/pictures/hosting/Hosting-1769675360903118852/original/5da8f3df-7132-48ca-8246-8cfb03e39092.jpeg"", ""https://a0.muscache.com/im/pictures/hosting/Hosting-1769675360903118852/original/61d98218-cca8-4868-b820-bae62747f15f.jpeg"", ""https://a0.muscache.com/im/pictures/hosting/Hosting-1769675360903118852/original/5ac0be65-bbc1-4afb-bce2-635f74a90561.jpeg"", ""https://a0.muscache.com/im/pictures/hosting/Hosting-1769675360903118852/original/4f191cb5-bf55-4613-b8fe-dc8d1ee5973d.jpeg"", ""https://a0.muscache.com/im/pictures/hosting/Hosting-1769675360903118852/original/f3710312-b96b-45a9-b6c4-d3d59464b7e2.jpeg"", ""https://a0.muscache.com/im/pictures/hosting/Hosting-1769675360903118852/original/234e3975-8676-4a7a-9ec1-fa1dd7f739a0.jpeg"", ""https://a0.muscache.com/im/pictures/hosting/Hosting-1769675360903118852/original/bbdcca6d-0666-4da5-ad30-3a5fb7736ee2.jpeg"", ""https://a0.muscache.com/im/pictures/hosting/Hosting-1769675360903118852/original/f9e0b9ad-79c5-4ed4-a80a-c52d22bb75ab.jpeg"", ""https://a0.muscache.com/im/pictures/hosting/Hosting-1769675360903118852/original/5d758e65-c1ac-40df-b520-fb06be4d63bd.jpeg"", ""https://a0.muscache.com/im/pictures/hosting/Hosting-1769675360903118852/original/ffa0e662-4a54-495e-ae7e-bc8bb4659411.jpeg"", ""https://a0.muscache.com/im/pictures/hosting/Hosting-1769675360903118852/original/821aaf5b-59ea-478e-b1e4-2c2255b3b30e.jpeg"", ""https://a0.muscache.com/im/pictures/hosting/Hosting-1769675360903118852/original/7f53825c-15fa-4edf-bf33-56568f4cd860.jpeg"", ""https://a0.muscache.com/im/pictures/hosting/Hosting-1769675360903118852/original/c2676a20-5214-4c2a-949b-4fabc11f2548.jpeg"", ""https://a0.muscache.com/im/pictures/hosting/Hosting-1769675360903118852/original/d5dd7f28-e76b-4009-be56-5324d7624d48.jpeg"", ""https://a0.muscache.com/im/pictures/hosting/Hosting-1769675360903118852/original/92004835-d62a-45a2-9a12-9c304b7e1708.jpeg"", ""https://a0.muscache.com/im/pictures/hosting/Hosting-1769675360903118852/original/9fea2e4d-5f8c-4701-9085-c51e67d28c25.jpeg"", ""https://a0.muscache.com/im/pictures/hosting/Hosting-1769675360903118852/original/5919b4f3-ffea-4083-bf53-ff68f8a8fa63.jpeg"", ""https://a0.muscache.com/im/pictures/hosting/Hosting-1769675360903118852/original/0f7d6516-7c5a-4480-9636-725fe9906602.jpeg"", ""https://a0.muscache.com/im/pictures/hosting/Hosting-1769675360903118852/original/adca61c2-c438-4be9-b4b0-fc8c93febbdc.jpeg"", ""https://a0.muscache.com/im/pictures/hosting/Hosting-1769675360903118852/original/70665914-86af-4e27-8e3f-75b9c709db02.png"", ""https://a0.muscache.com/im/pictures/hosting/Hosting-1769675360903118852/original/7172e567-4d60-452a-8440-df6f31f6b55b.jpeg"", ""https://a0.muscache.com/im/pictures/hosting/Hosting-1769675360903118852/original/43df9b0b-6367-454c-9002-8d06d1dab968.jpeg"", ""https://a0.muscache.com/im/pictures/hosting/Hosting-1769675360903118852/original/219a99c5-d134-4b94-808d-41a18a4a9b66.jpeg""]",f,"[{""name"": ""Long"", ""avatar"": ""https://a0.muscache.com/im/pictures/user/avatar_long.jpg""}, {""name"": ""Dang Nguyen"", ""avatar"": ""https://a0.muscache.com/im/pictures/user/avatar_dang.jpg""}]","[{""name"": ""DECOR"", ""localizedName"": ""Trang trí"", ""count"": 13}, {""name"": ""INTERIOR"", ""localizedName"": ""Không gian bên trong"", ""count"": 17}, {""name"": ""CLEANLINESS"", ""localizedName"": ""Mức độ sạch sẽ"", ""count"": 18}, {""name"": ""LOCATION"", ""localizedName"": ""Địa điểm"", ""count"": 15}, {""name"": ""HOSPITALITY"", ""localizedName"": ""Hiếu khách"", ""count"": 5}]","[{""title"": ""Trải nghiệm nhận phòng xuất sắc"", ""subtitle"": ""Những khách ở gần đây đã xếp hạng 5 sao cho quy trình nhận phòng.""}, {""title"": ""Tự nhận phòng"", ""subtitle"": ""Tự nhận phòng với hộp khóa an toàn.""}]"
1731300115570446737,https://www.airbnb.com.vn/rooms/1731300115570446737,20260926000000,2026-09-26,city search,Studio nhỏ gọn | Thang máy | D1 & Gần Nhà thờ Tân Định,"Chào mừng bạn đến với Studio nhỏ gọn | Thang máy | D1 & Gần Nhà thờ Tân Định — một không gian lưu trú ấm cúng, sang trọng tọa lạc tại Quận 10, Thành phố Hồ Chí Minh.
Căn phòng tràn ngập ánh sáng tự nhiên với đầy đủ tiện nghi cao cấp, giường nệm êm ái, máy lạnh, TV và wifi tốc độ cao. Rất thuận tiện di chuyển tới các điểm tham quan, nhà hàng ẩm thực và quán cà phê nổi tiếng của Thành phố Hồ Chí Minh.","Khu vực Quận 10 an ninh, văn minh, gần nhiều địa điểm ăn uống, mua sắm và giải trí sầm uất tại Thành phố Hồ Chí Minh.",https://a0.muscache.com/im/pictures/hosting/Hosting-1731300115570446737/original/36e0ed2a-2aa3-4b48-bf82-6ae3862a3814.png,47000031,https://www.airbnb.com.vn/users/show/47000031,Anh,2023-08-25,"Thành phố Hồ Chí Minh, Việt Nam","Xin chào, tôi là Anh, đã có 3 năm kinh nghiệm làm host. Tôi yêu thích du lịch và luôn mong muốn đem lại trải nghiệm lưu trú thoải mái nhất cho khách.",trong vòng một giờ,100%,98%,f,https://a0.muscache.com/im/pictures/user/User-47000031/original/user_profile_1.jpeg,https://a0.muscache.com/im/pictures/user/User-47000031/original/user_profile_1.jpeg,Quận 10,1,7,"['email', 'phone', 'work_email']",t,t,Quận 10,Quận 10,Thành phố Hồ Chí Minh,10.79455,106.68974,Phòng riêng trong nhà,Private room,2,1.0,1 phòng tắm,1,1,"[""Máy báo khói"", ""Wi-fi tốc độ cao"", ""Bếp đầy đủ tiện nghi"", ""Bộ chăn ga gối cao cấp"", ""Dầu gội & Sữa tắm"", ""Máy phát hiện khí CO"", ""TV màn hình phẳng"", ""Tủ lạnh"", ""Tự nhận phòng với hộp khóa an toàn"", ""Ban công ngắm cảnh"", ""Máy sấy tóc"", ""Bồn tắm thư giãn"", ""Không gian riêng để làm việc"", ""Chỗ đỗ xe miễn phí trong khuôn viên"", ""Thang máy"", ""Lò vi sóng"", ""Bàn ủi / Bàn là"", ""Máy giặt"", ""Điều hòa nhiệt độ""]","₫700,000",1,1125,1,2,1125,1125,1.0,1125.0,today,t,24,46,64,291,2026-09-26,6,6,4,2026-06-28,2026-09-14,5.0,4.88,4.95,5.0,5.0,4.75,4.86,,f,2,0,1,0,4.74,"[""https://a0.muscache.com/im/pictures/hosting/Hosting-1731300115570446737/original/36e0ed2a-2aa3-4b48-bf82-6ae3862a3814.png"", ""https://a0.muscache.com/im/pictures/hosting/Hosting-1731300115570446737/original/36870433-b099-427a-b57e-68d3b6d88178.jpeg"", ""https://a0.muscache.com/im/pictures/hosting/Hosting-1731300115570446737/original/ce54c3f6-5543-4779-9455-b6d128ce81af.jpeg"", ""https://a0.muscache.com/im/pictures/hosting/Hosting-1731300115570446737/original/17aeaf56-b978-46a8-9d31-d28d908f5f73.jpeg"", ""https://a0.muscache.com/im/pictures/hosting/Hosting-1731300115570446737/original/9381fcc4-1e1b-4adb-9a76-72fc5ba571bf.jpeg"", ""https://a0.muscache.com/im/pictures/hosting/Hosting-1731300115570446737/original/7cf4a24c-33fc-4cd4-86bc-32420afb1041.jpeg""]",t,"[{""name"": ""Cindy"", ""avatar"": ""https://a0.muscache.com/im/pictures/user/avatar_cindy.jpg""}, {""name"": ""Dang Nguyen"", ""avatar"": ""https://a0.muscache.com/im/pictures/user/avatar_dang.jpg""}, {""name"": ""Rùa"", ""avatar"": ""https://a0.muscache.com/im/pictures/user/avatar_rua.jpg""}]","[{""name"": ""DECOR"", ""localizedName"": ""Trang trí"", ""count"": 2}, {""name"": ""INTERIOR"", ""localizedName"": ""Không gian bên trong"", ""count"": 12}, {""name"": ""CLEANLINESS"", ""localizedName"": ""Mức độ sạch sẽ"", ""count"": 20}, {""name"": ""LOCATION"", ""localizedName"": ""Địa điểm"", ""count"": 16}, {""name"": ""HOSPITALITY"", ""localizedName"": ""Hiếu khách"", ""count"": 15}]","[{""title"": ""Trải nghiệm nhận phòng xuất sắc"", ""subtitle"": ""Những khách ở gần đây đã xếp hạng 5 sao cho quy trình nhận phòng.""}, {""title"": ""Tự nhận phòng"", ""subtitle"": ""Tự nhận phòng với hộp khóa an toàn.""}]"
1667977794573341548,https://www.airbnb.com.vn/rooms/1667977794573341548,20260926000000,2026-09-26,city search,Ban công & Bồn tắm • Tầm nhìn cây xanh | D1 Center,"Chào mừng bạn đến với Ban công & Bồn tắm • Tầm nhìn cây xanh | D1 Center — một không gian lưu trú ấm cúng, sang trọng tọa lạc tại Quận Bình Thạnh, Thành phố Hồ Chí Minh.
Căn phòng tràn ngập ánh sáng tự nhiên với đầy đủ tiện nghi cao cấp, giường nệm êm ái, máy lạnh, TV và wifi tốc độ cao. Rất thuận tiện di chuyển tới các điểm tham quan, nhà hàng ẩm thực và quán cà phê nổi tiếng của Thành phố Hồ Chí Minh.","Khu vực Quận Bình Thạnh an ninh, văn minh, gần nhiều địa điểm ăn uống, mua sắm và giải trí sầm uất tại Thành phố Hồ Chí Minh.",https://a0.muscache.com/im/pictures/hosting/Hosting-1667977794573341548/original/e161760e-0db7-44f2-be39-cd24162f344d.jpeg,47000032,https://www.airbnb.com.vn/users/show/47000032,Linh,2020-01-29,"Thành phố Hồ Chí Minh, Việt Nam","Xin chào, tôi là Linh, đã có 6 năm kinh nghiệm làm host. Tôi yêu thích du lịch và luôn mong muốn đem lại trải nghiệm lưu trú thoải mái nhất cho khách.",trong vòng một giờ,100%,98%,t,https://a0.muscache.com/im/pictures/user/User-47000032/original/user_profile_2.jpeg,https://a0.muscache.com/im/pictures/user/User-47000032/original/user_profile_2.jpeg,Quận Bình Thạnh,8,6,"['email', 'phone', 'work_email']",t,t,Quận Bình Thạnh,Quận Bình Thạnh,Thành phố Hồ Chí Minh,10.761420579266783,106.68896190334156,Phòng riêng trong nhà,Private room,2,1.0,1 phòng tắm,1,1,"[""Lò vi sóng"", ""Bộ chăn ga gối cao cấp"", ""Wi-fi tốc độ cao"", ""Bếp đầy đủ tiện nghi"", ""Không gian riêng để làm việc"", ""Điều hòa nhiệt độ"", ""Máy giặt"", ""Máy phát hiện khí CO"", ""Thang máy"", ""Bồn tắm thư giãn"", ""TV màn hình phẳng"", ""Bàn ủi / Bàn là"", ""Dầu gội & Sữa tắm"", ""Tự nhận phòng với hộp khóa an toàn"", ""Máy sấy tóc"", ""Tủ lạnh""]","₫880,000",1,1125,1,2,1125,1125,1.0,1125.0,today,t,26,50,82,330,2026-09-26,7,1,3,2026-06-13,2026-09-01,5.0,4.96,4.81,5.0,5.0,4.97,4.75,,t,2,0,1,0,1.97,"[""https://a0.muscache.com/im/pictures/hosting/Hosting-1667977794573341548/original/e161760e-0db7-44f2-be39-cd24162f344d.jpeg"", ""https://a0.muscache.com/im/pictures/hosting/Hosting-1667977794573341548/original/4834212c-cce2-4c83-a2b7-27573cb73671.jpeg"", ""https://a0.muscache.com/im/pictures/hosting/Hosting-1667977794573341548/original/dd9c49af-e237-4f10-86ee-a90afedeaa2f.jpeg"", ""https://a0.muscache.com/im/pictures/hosting/Hosting-1667977794573341548/original/6c1f9214-9a39-41df-9a22-714812648137.jpeg"", ""https://a0.muscache.com/im/pictures/hosting/Hosting-1667977794573341548/original/d9f1926c-d220-4d93-84a3-7f1fc1e09990.jpeg"", ""https://a0.muscache.com/im/pictures/hosting/Hosting-1667977794573341548/original/d7f4d5dc-a994-470c-94b7-4ef3ddbb65d8.jpeg""]",t,"[{""name"": ""Dang Nguyen"", ""avatar"": ""https://a0.muscache.com/im/pictures/user/avatar_dang.jpg""}, {""name"": ""Long"", ""avatar"": ""https://a0.muscache.com/im/pictures/user/avatar_long.jpg""}, {""name"": ""Cindy"", ""avatar"": ""https://a0.muscache.com/im/pictures/user/avatar_cindy.jpg""}]","[{""name"": ""DECOR"", ""localizedName"": ""Trang trí"", ""count"": 12}, {""name"": ""INTERIOR"", ""localizedName"": ""Không gian bên trong"", ""count"": 17}, {""name"": ""CLEANLINESS"", ""localizedName"": ""Mức độ sạch sẽ"", ""count"": 14}, {""name"": ""LOCATION"", ""localizedName"": ""Địa điểm"", ""count"": 7}, {""name"": ""HOSPITALITY"", ""localizedName"": ""Hiếu khách"", ""count"": 13}]","[{""title"": ""Trải nghiệm nhận phòng xuất sắc"", ""subtitle"": ""Những khách ở gần đây đã xếp hạng 5 sao cho quy trình nhận phòng.""}, {""title"": ""Tự nhận phòng"", ""subtitle"": ""Tự nhận phòng với hộp khóa an toàn.""}]"
1414544559536213207,https://www.airbnb.com.vn/rooms/1414544559536213207,20260926000000,2026-09-26,city search,Rơm Studio gần đường Buivien | Em's Home 4,"Chào mừng bạn đến với Rơm Studio gần đường Buivien | Em's Home 4 — một không gian lưu trú ấm cúng, sang trọng tọa lạc tại Quận Phú Nhuận, Thành phố Hồ Chí Minh.
Căn phòng tràn ngập ánh sáng tự nhiên với đầy đủ tiện nghi cao cấp, giường nệm êm ái, máy lạnh, TV và wifi tốc độ cao. Rất thuận tiện di chuyển tới các điểm tham quan, nhà hàng ẩm thực và quán cà phê nổi tiếng của Thành phố Hồ Chí Minh.","Khu vực Quận Phú Nhuận an ninh, văn minh, gần nhiều địa điểm ăn uống, mua sắm và giải trí sầm uất tại Thành phố Hồ Chí Minh.",https://a0.muscache.com/im/pictures/hosting/Hosting-1414544559536213207/original/ea3e905c-69e7-4339-8593-d8bb7a6d6d46.jpeg,47000033,https://www.airbnb.com.vn/users/show/47000033,Hương,2022-07-26,"Thành phố Hồ Chí Minh, Việt Nam","Xin chào, tôi là Hương, đã có 4 năm kinh nghiệm làm host. Tôi yêu thích du lịch và luôn mong muốn đem lại trải nghiệm lưu trú thoải mái nhất cho khách.",trong vòng một giờ,100%,98%,f,https://a0.muscache.com/im/pictures/user/User-47000033/original/user_profile_3.jpeg,https://a0.muscache.com/im/pictures/user/User-47000033/original/user_profile_3.jpeg,Quận Phú Nhuận,3,7,"['email', 'phone', 'work_email']",t,t,Quận Phú Nhuận,Quận Phú Nhuận,Thành phố Hồ Chí Minh,10.764720279059837,106.68812297206004,Toàn bộ căn hộ cho thuê,Entire home/apt,2,1.0,1 phòng tắm,1,1,"[""Lò vi sóng"", ""Dầu gội & Sữa tắm"", ""Chỗ đỗ xe miễn phí trong khuôn viên"", ""Thang máy"", ""Ban công ngắm cảnh"", ""Tự nhận phòng với hộp khóa an toàn"", ""Bàn ủi / Bàn là"", ""TV màn hình phẳng"", ""Wi-fi tốc độ cao"", ""Máy sấy tóc"", ""Bể bơi"", ""Điều hòa nhiệt độ"", ""Bếp đầy đủ tiện nghi"", ""Máy giặt"", ""Máy báo khói"", ""Bộ chăn ga gối cao cấp"", ""Bồn tắm thư giãn"", ""Không gian riêng để làm việc"", ""Tủ lạnh"", ""Máy phát hiện khí CO""]","₫1,730,000",1,1125,1,2,1125,1125,1.0,1125.0,today,t,19,53,68,244,2026-09-26,94,2,2,2023-06-14,2026-09-13,4.9,4.99,4.97,5.0,5.0,4.79,4.79,,f,2,2,0,0,4.76,"[""https://a0.muscache.com/im/pictures/hosting/Hosting-1414544559536213207/original/ea3e905c-69e7-4339-8593-d8bb7a6d6d46.jpeg"", ""https://a0.muscache.com/im/pictures/hosting/Hosting-1414544559536213207/original/c22f785b-fc0a-442c-9cc0-f31d149367ff.jpeg"", ""https://a0.muscache.com/im/pictures/hosting/Hosting-1414544559536213207/original/4723a9a0-e2a0-419e-acaa-b0c31d33c1c0.jpeg"", ""https://a0.muscache.com/im/pictures/hosting/Hosting-1414544559536213207/original/1dd090c9-dae9-4bd3-ad4e-26928d0b9ecd.jpeg"", ""https://a0.muscache.com/im/pictures/hosting/Hosting-1414544559536213207/original/8d9c0877-c084-434f-a5d1-66d4d4743098.jpeg"", ""https://a0.muscache.com/im/pictures/miso/Hosting-1414544559536213207/original/fde53a47-714b-496c-bc64-91ecf92c682f.jpeg"", ""https://a0.muscache.com/im/pictures/hosting/Hosting-1414544559536213207/original/674f3699-6cf5-411f-ad1f-688576a3d7c1.jpeg"", ""https://a0.muscache.com/im/pictures/hosting/Hosting-1414544559536213207/original/91845368-4581-41eb-8842-64971ec743fb.jpeg"", ""https://a0.muscache.com/im/pictures/hosting/Hosting-1414544559536213207/original/d000ddb9-4db6-46cf-b0c9-51f9b935b02b.jpeg"", ""https://a0.muscache.com/im/pictures/miso/Hosting-1414544559536213207/original/76a07721-6a8b-41f9-aee5-8f3f83bf0552.jpeg"", ""https://a0.muscache.com/im/pictures/hosting/Hosting-U3RheVN1cHBseUxpc3Rpbmc6MTQxNDU0NDU1OTUzNjIxMzIwNw==/original/12aa43c2-9457-441b-9a28-6d58e0903bfb.png"", ""https://a0.muscache.com/im/pictures/miso/Hosting-1414544559536213207/original/251626b6-8da8-440a-8918-46b0c3fc1c03.jpeg"", ""https://a0.muscache.com/im/pictures/miso/Hosting-1414544559536213207/original/ab014b08-e96d-4482-b8d7-efa2a119d3a2.jpeg"", ""https://a0.muscache.com/im/pictures/hosting/Hosting-U3RheVN1cHBseUxpc3Rpbmc6MTQxNDU0NDU1OTUzNjIxMzIwNw==/original/6e10425b-757e-4d47-bd1f-4424974f788c.png"", ""https://a0.muscache.com/im/pictures/miso/Hosting-1414544559536213207/original/59a8e95d-ad9f-4886-9f37-087bc658d629.jpeg"", ""https://a0.muscache.com/im/pictures/miso/Hosting-1414544559536213207/original/66c0e0f8-626b-4704-b171-ed06f7ae63db.jpeg"", ""https://a0.muscache.com/im/pictures/miso/Hosting-1414544559536213207/original/aca2a1e3-d075-434f-96e8-f85d89177a13.jpeg"", ""https://a0.muscache.com/im/pictures/miso/Hosting-1414544559536213207/original/04893766-4112-4004-87ce-998219729605.jpeg"", ""https://a0.muscache.com/im/pictures/miso/Hosting-1414544559536213207/original/1f884384-2fa2-40eb-b357-f74e77813e7e.jpeg"", ""https://a0.muscache.com/im/pictures/hosting/Hosting-1414544559536213207/original/29b69b36-91ad-42be-bb28-a7b0a94978bf.jpeg"", ""https://a0.muscache.com/im/pictures/hosting/Hosting-1414544559536213207/original/0708c6a0-ccb1-4c08-82e2-baaba0a489c5.jpeg"", ""https://a0.muscache.com/im/pictures/hosting/Hosting-U3RheVN1cHBseUxpc3Rpbmc6MTQxNDU0NDU1OTUzNjIxMzIwNw==/original/833c88c4-cd65-489b-9e48-b63a2117c594.jpeg""]",t,"[{""name"": ""Dang Nguyen"", ""avatar"": ""https://a0.muscache.com/im/pictures/user/avatar_dang.jpg""}]","[{""name"": ""DECOR"", ""localizedName"": ""Trang trí"", ""count"": 10}, {""name"": ""INTERIOR"", ""localizedName"": ""Không gian bên trong"", ""count"": 20}, {""name"": ""CLEANLINESS"", ""localizedName"": ""Mức độ sạch sẽ"", ""count"": 20}, {""name"": ""LOCATION"", ""localizedName"": ""Địa điểm"", ""count"": 12}, {""name"": ""HOSPITALITY"", ""localizedName"": ""Hiếu khách"", ""count"": 15}]","[{""title"": ""Trải nghiệm nhận phòng xuất sắc"", ""subtitle"": ""Những khách ở gần đây đã xếp hạng 5 sao cho quy trình nhận phòng.""}, {""title"": ""Tự nhận phòng"", ""subtitle"": ""Tự nhận phòng với hộp khóa an toàn.""}]"
1772120491826357656,https://www.airbnb.com.vn/rooms/1772120491826357656,20260926000000,2026-09-26,city search,Phòng Studio| Bếp đầy đủ tiện nghi & máy giặt,"Chào mừng bạn đến với Phòng Studio| Bếp đầy đủ tiện nghi & máy giặt — một không gian lưu trú ấm cúng, sang trọng tọa lạc tại Thành phố Thủ Đức, Thành phố Hồ Chí Minh.
Căn phòng tràn ngập ánh sáng tự nhiên với đầy đủ tiện nghi cao cấp, giường nệm êm ái, máy lạnh, TV và wifi tốc độ cao. Rất thuận tiện di chuyển tới các điểm tham quan, nhà hàng ẩm thực và quán cà phê nổi tiếng của Thành phố Hồ Chí Minh.","Khu vực Thành phố Thủ Đức an ninh, văn minh, gần nhiều địa điểm ăn uống, mua sắm và giải trí sầm uất tại Thành phố Hồ Chí Minh.",https://a0.muscache.com/im/pictures/hosting/Hosting-1682726843119083360/original/7283288c-5ad4-48ea-92ec-a597b5fb983f.jpeg,47000034,https://www.airbnb.com.vn/users/show/47000034,Phương,2020-09-02,"Thành phố Hồ Chí Minh, Việt Nam","Xin chào, tôi là Phương, đã có 6 năm kinh nghiệm làm host. Tôi yêu thích du lịch và luôn mong muốn đem lại trải nghiệm lưu trú thoải mái nhất cho khách.",trong vòng một giờ,100%,98%,t,https://a0.muscache.com/im/pictures/user/User-47000034/original/user_profile_4.jpeg,https://a0.muscache.com/im/pictures/user/User-47000034/original/user_profile_4.jpeg,Thành phố Thủ Đức,6,5,"['email', 'phone', 'work_email']",t,t,Thành phố Thủ Đức,Thành phố Thủ Đức,Thành phố Hồ Chí Minh,10.763,106.6653,Phòng riêng trong nhà,Private room,2,1.0,1 phòng tắm,1,1,"[""Bể bơi"", ""Điều hòa nhiệt độ"", ""TV màn hình phẳng"", ""Không gian riêng để làm việc"", ""Wi-fi tốc độ cao"", ""Máy giặt"", ""Bồn tắm thư giãn"", ""Bàn ủi / Bàn là"", ""Dầu gội & Sữa tắm"", ""Tự nhận phòng với hộp khóa an toàn"", ""Bộ chăn ga gối cao cấp"", ""Lò vi sóng"", ""Thang máy"", ""Bếp đầy đủ tiện nghi"", ""Máy báo khói"", ""Máy sấy tóc""]","₫485,000",1,1125,1,2,1125,1125,1.0,1125.0,today,t,20,31,61,334,2026-09-26,3,2,3,2026-08-12,2026-09-01,5.0,4.87,4.97,5.0,5.0,4.77,4.75,,t,2,0,1,0,2.05,"[""https://a0.muscache.com/im/pictures/hosting/Hosting-1682726843119083360/original/7283288c-5ad4-48ea-92ec-a597b5fb983f.jpeg"", ""https://a0.muscache.com/im/pictures/hosting/Hosting-1682726843119083360/original/d8351e66-769f-421d-aba1-118ba511615c.png"", ""https://a0.muscache.com/im/pictures/hosting/Hosting-1682726843119083360/original/b63419df-da96-4fb7-872e-69e23a9e47bc.jpeg"", ""https://a0.muscache.com/im/pictures/hosting/Hosting-1682726843119083360/original/ad2496aa-e2aa-4a0c-a23c-9d88c7accd69.jpeg"", ""https://a0.muscache.com/im/pictures/hosting/Hosting-1682726843119083360/original/cf6270e5-0690-48a9-bd9f-fcb96bcc73a6.jpeg"", ""https://a0.muscache.com/im/pictures/hosting/Hosting-1682726843119083360/original/0ca53a77-fe76-40a2-9a29-638bfb2b81a7.jpeg""]",f,"[{""name"": ""Cindy"", ""avatar"": ""https://a0.muscache.com/im/pictures/user/avatar_cindy.jpg""}, {""name"": ""Rùa"", ""avatar"": ""https://a0.muscache.com/im/pictures/user/avatar_rua.jpg""}]","[{""name"": ""DECOR"", ""localizedName"": ""Trang trí"", ""count"": 12}, {""name"": ""INTERIOR"", ""localizedName"": ""Không gian bên trong"", ""count"": 18}, {""name"": ""CLEANLINESS"", ""localizedName"": ""Mức độ sạch sẽ"", ""count"": 16}, {""name"": ""LOCATION"", ""localizedName"": ""Địa điểm"", ""count"": 7}, {""name"": ""HOSPITALITY"", ""localizedName"": ""Hiếu khách"", ""count"": 13}]","[{""title"": ""Trải nghiệm nhận phòng xuất sắc"", ""subtitle"": ""Những khách ở gần đây đã xếp hạng 5 sao cho quy trình nhận phòng.""}, {""title"": ""Tự nhận phòng"", ""subtitle"": ""Tự nhận phòng với hộp khóa an toàn.""}]"
1767506693981145751,https://www.airbnb.com.vn/rooms/1767506693981145751,20260926000000,2026-09-26,city search,Indochine Art Suite 35 m2 | Quận 1 | Nhà thờ Hồng,"Chào mừng bạn đến với Indochine Art Suite 35 m2 | Quận 1 | Nhà thờ Hồng — một không gian lưu trú ấm cúng, sang trọng tọa lạc tại Quận 1, Thành phố Hồ Chí Minh.
Căn phòng tràn ngập ánh sáng tự nhiên với đầy đủ tiện nghi cao cấp, giường nệm êm ái, máy lạnh, TV và wifi tốc độ cao. Rất thuận tiện di chuyển tới các điểm tham quan, nhà hàng ẩm thực và quán cà phê nổi tiếng của Thành phố Hồ Chí Minh.","Khu vực Quận 1 an ninh, văn minh, gần nhiều địa điểm ăn uống, mua sắm và giải trí sầm uất tại Thành phố Hồ Chí Minh.",https://a0.muscache.com/im/pictures/hosting/Hosting-1767506693981145751/original/89992122-9594-43a8-9270-0ee911baad27.jpeg,47000035,https://www.airbnb.com.vn/users/show/47000035,Hà,2021-08-24,"Thành phố Hồ Chí Minh, Việt Nam","Xin chào, tôi là Hà, đã có 5 năm kinh nghiệm làm host. Tôi yêu thích du lịch và luôn mong muốn đem lại trải nghiệm lưu trú thoải mái nhất cho khách.",trong vòng một giờ,100%,98%,f,https://a0.muscache.com/im/pictures/user/User-47000035/original/user_profile_5.jpeg,https://a0.muscache.com/im/pictures/user/User-47000035/original/user_profile_5.jpeg,Quận 1,6,6,"['email', 'phone', 'work_email']",t,t,Quận 1,Quận 1,Thành phố Hồ Chí Minh,10.7905,106.6997,Phòng riêng trong nhà,Private room,2,1.0,1 phòng tắm,1,1,"[""Tủ lạnh"", ""Thang máy"", ""Bồn tắm thư giãn"", ""TV màn hình phẳng"", ""Ban công ngắm cảnh"", ""Máy phát hiện khí CO"", ""Bể bơi"", ""Lò vi sóng"", ""Máy báo khói"", ""Dầu gội & Sữa tắm"", ""Bộ chăn ga gối cao cấp"", ""Máy sấy tóc"", ""Điều hòa nhiệt độ"", ""Bàn ủi / Bàn là"", ""Tự nhận phòng với hộp khóa an toàn"", ""Máy giặt"", ""Chỗ đỗ xe miễn phí trong khuôn viên"", ""Không gian riêng để làm việc"", ""Wi-fi tốc độ cao"", ""Bếp đầy đủ tiện nghi""]","₫854,000",1,1125,1,2,1125,1125,1.0,1125.0,today,t,15,36,75,260,2026-09-26,17,7,6,2026-01-14,2026-09-08,4.85,4.95,4.91,5.0,5.0,4.86,4.74,,f,2,0,1,0,4.0,"[""https://a0.muscache.com/im/pictures/hosting/Hosting-1767506693981145751/original/89992122-9594-43a8-9270-0ee911baad27.jpeg"", ""https://a0.muscache.com/im/pictures/hosting/Hosting-1767506693981145751/original/46bf8bec-51d5-42c2-8158-66b7aab7d181.jpeg"", ""https://a0.muscache.com/im/pictures/hosting/Hosting-1767506693981145751/original/18218e05-4337-4158-be10-aed0b216b3e6.jpeg"", ""https://a0.muscache.com/im/pictures/hosting/Hosting-1767506693981145751/original/b287d389-3fa5-4cd5-acc4-45f201059ba2.jpeg"", ""https://a0.muscache.com/im/pictures/hosting/Hosting-1767506693981145751/original/d6143712-ef09-4943-afc2-dce77e78ff81.jpeg"", ""https://a0.muscache.com/im/pictures/hosting/Hosting-1767506693981145751/original/2eab8823-0851-4c4b-8c89-d891684b3ec6.jpeg""]",f,"[{""name"": ""Dang Nguyen"", ""avatar"": ""https://a0.muscache.com/im/pictures/user/avatar_dang.jpg""}, {""name"": ""Rùa"", ""avatar"": ""https://a0.muscache.com/im/pictures/user/avatar_rua.jpg""}]","[{""name"": ""DECOR"", ""localizedName"": ""Trang trí"", ""count"": 6}, {""name"": ""INTERIOR"", ""localizedName"": ""Không gian bên trong"", ""count"": 4}, {""name"": ""CLEANLINESS"", ""localizedName"": ""Mức độ sạch sẽ"", ""count"": 5}, {""name"": ""LOCATION"", ""localizedName"": ""Địa điểm"", ""count"": 7}, {""name"": ""HOSPITALITY"", ""localizedName"": ""Hiếu khách"", ""count"": 10}]","[{""title"": ""Trải nghiệm nhận phòng xuất sắc"", ""subtitle"": ""Những khách ở gần đây đã xếp hạng 5 sao cho quy trình nhận phòng.""}, {""title"": ""Tự nhận phòng"", ""subtitle"": ""Tự nhận phòng với hộp khóa an toàn.""}]"
1469417573083355159,https://www.airbnb.com.vn/rooms/1469417573083355159,20260926000000,2026-09-26,city search,Leafy River Retreat • 1 phòng ngủ yên bình • Quận 1,"Chào mừng bạn đến với Leafy River Retreat • 1 phòng ngủ yên bình • Quận 1 — một không gian lưu trú ấm cúng, sang trọng tọa lạc tại Quận 1, Thành phố Hồ Chí Minh.
Căn phòng tràn ngập ánh sáng tự nhiên với đầy đủ tiện nghi cao cấp, giường nệm êm ái, máy lạnh, TV và wifi tốc độ cao. Rất thuận tiện di chuyển tới các điểm tham quan, nhà hàng ẩm thực và quán cà phê nổi tiếng của Thành phố Hồ Chí Minh.","Khu vực Quận 1 an ninh, văn minh, gần nhiều địa điểm ăn uống, mua sắm và giải trí sầm uất tại Thành phố Hồ Chí Minh.",https://a0.muscache.com/im/pictures/hosting/Hosting-1469417573083355159/original/a8f89340-5abc-41b7-97fa-3cd55821e041.jpeg,47000036,https://www.airbnb.com.vn/users/show/47000036,Trang,2024-12-16,"Thành phố Hồ Chí Minh, Việt Nam","Xin chào, tôi là Trang, đã có 1 năm kinh nghiệm làm host. Tôi yêu thích du lịch và luôn mong muốn đem lại trải nghiệm lưu trú thoải mái nhất cho khách.",trong vòng một giờ,100%,98%,t,https://a0.muscache.com/im/pictures/user/User-47000036/original/user_profile_6.jpeg,https://a0.muscache.com/im/pictures/user/User-47000036/original/user_profile_6.jpeg,Quận 1,10,2,"['email', 'phone', 'work_email']",t,t,Quận 1,Quận 1,Thành phố Hồ Chí Minh,10.7962,106.6853,Toàn bộ căn hộ cho thuê,Entire home/apt,4,1.0,1 phòng tắm,1,2,"[""Tự nhận phòng với hộp khóa an toàn"", ""Bộ chăn ga gối cao cấp"", ""Thang máy"", ""Máy sấy tóc"", ""Điều hòa nhiệt độ"", ""Dầu gội & Sữa tắm"", ""Bồn tắm thư giãn"", ""TV màn hình phẳng"", ""Máy giặt"", ""Tủ lạnh"", ""Wi-fi tốc độ cao"", ""Bếp đầy đủ tiện nghi"", ""Chỗ đỗ xe miễn phí trong khuôn viên"", ""Lò vi sóng"", ""Máy báo khói"", ""Bàn ủi / Bàn là""]","₫1,335,100",1,1125,1,2,1125,1125,1.0,1125.0,today,t,24,45,52,311,2026-09-26,90,33,0,2023-06-14,2026-09-24,4.92,4.89,4.98,5.0,5.0,4.86,4.75,,t,2,2,0,0,3.15,"[""https://a0.muscache.com/im/pictures/hosting/Hosting-1469417573083355159/original/a8f89340-5abc-41b7-97fa-3cd55821e041.jpeg"", ""https://a0.muscache.com/im/pictures/hosting/Hosting-1469417573083355159/original/28ba31d1-fe78-425c-a165-df3c3e69f7e5.jpeg"", ""https://a0.muscache.com/im/pictures/hosting/Hosting-1469417573083355159/original/740e4aaf-51a6-4bed-a996-2b8e20957eb5.jpeg"", ""https://a0.muscache.com/im/pictures/hosting/Hosting-1469417573083355159/original/2d3bf98d-0943-460d-bc9c-0cc01e6696d7.jpeg"", ""https://a0.muscache.com/im/pictures/hosting/Hosting-1469417573083355159/original/fd61474e-3a0a-44f6-a364-24ed21f48b15.jpeg"", ""https://a0.muscache.com/im/pictures/hosting/Hosting-1469417573083355159/original/773a8e2c-3686-4bd7-ae9c-2458a45ccb73.jpeg"", ""https://a0.muscache.com/im/pictures/hosting/Hosting-1469417573083355159/original/6141aec9-521b-4efe-b3a6-26cac1c7481d.jpeg"", ""https://a0.muscache.com/im/pictures/hosting/Hosting-1469417573083355159/original/69700c1a-59df-4c2e-abc7-22bb725bfb12.jpeg"", ""https://a0.muscache.com/im/pictures/hosting/Hosting-1469417573083355159/original/dd812b80-b099-4875-99fb-55d16d603de8.jpeg"", ""https://a0.muscache.com/im/pictures/hosting/Hosting-1469417573083355159/original/e577d3d4-7c75-46e3-bf97-ef3f70eaf919.jpeg"", ""https://a0.muscache.com/im/pictures/hosting/Hosting-1469417573083355159/original/d353635f-d687-42b5-b753-60795f1a0705.jpeg"", ""https://a0.muscache.com/im/pictures/hosting/Hosting-1469417573083355159/original/11d408d0-be3f-4e01-9588-6c33afeef580.jpeg"", ""https://a0.muscache.com/im/pictures/hosting/Hosting-1469417573083355159/original/a5d1c17b-207d-42f2-885a-c04f3e688502.jpeg"", ""https://a0.muscache.com/im/pictures/hosting/Hosting-1469417573083355159/original/41f3f5d5-cfe2-4708-a251-386b552e52da.jpeg"", ""https://a0.muscache.com/im/pictures/hosting/Hosting-1469417573083355159/original/f883dea8-76fa-4b28-af75-1ab2477ab0f6.jpeg"", ""https://a0.muscache.com/im/pictures/hosting/Hosting-1469417573083355159/original/15c4267c-eb9f-42fd-a5fc-dc1992fa2cdb.jpeg"", ""https://a0.muscache.com/im/pictures/hosting/Hosting-1469417573083355159/original/fc3a0d72-ebe0-4428-b1b1-8f471b27e7b4.jpeg"", ""https://a0.muscache.com/im/pictures/hosting/Hosting-1469417573083355159/original/9300052e-e29f-4ae6-80ef-99af8501fa4f.jpeg"", ""https://a0.muscache.com/im/pictures/hosting/Hosting-1469417573083355159/original/b095852b-afd1-4f86-b752-cba8e5a98f31.jpeg"", ""https://a0.muscache.com/im/pictures/hosting/Hosting-1469417573083355159/original/9a9d22c9-d0da-42f4-a266-56d0ee420a12.jpeg"", ""https://a0.muscache.com/im/pictures/hosting/Hosting-1469417573083355159/original/8631d70f-4ae9-42ce-800b-05f7ff0f665b.jpeg"", ""https://a0.muscache.com/im/pictures/hosting/Hosting-1469417573083355159/original/23aac492-7f22-4d14-bd88-cbcb4f67aeaf.jpeg"", ""https://a0.muscache.com/im/pictures/hosting/Hosting-1469417573083355159/original/05f5325a-9af0-4e6a-bc2d-d0c63ddc865d.jpeg"", ""https://a0.muscache.com/im/pictures/hosting/Hosting-1316285335668580577/original/ab9f99dc-8a5e-4b48-85f9-7b8708944bb2.jpeg"", ""https://a0.muscache.com/im/pictures/hosting/Hosting-1316285335668580577/original/e4bc07c1-d4cc-4876-b2d7-f330cea89b4c.jpeg"", ""https://a0.muscache.com/im/pictures/hosting/Hosting-1316285335668580577/original/043e4c92-2191-4f83-bc81-86f766c1e0bf.jpeg"", ""https://a0.muscache.com/im/pictures/hosting/Hosting-1469417573083355159/original/fa174355-d1d0-418e-ae2c-22e64c736f2e.jpeg""]",t,"[{""name"": ""Dang Nguyen"", ""avatar"": ""https://a0.muscache.com/im/pictures/user/avatar_dang.jpg""}, {""name"": ""Long"", ""avatar"": ""https://a0.muscache.com/im/pictures/user/avatar_long.jpg""}, {""name"": ""Rùa"", ""avatar"": ""https://a0.muscache.com/im/pictures/user/avatar_rua.jpg""}]","[{""name"": ""DECOR"", ""localizedName"": ""Trang trí"", ""count"": 17}, {""name"": ""INTERIOR"", ""localizedName"": ""Không gian bên trong"", ""count"": 13}, {""name"": ""CLEANLINESS"", ""localizedName"": ""Mức độ sạch sẽ"", ""count"": 15}, {""name"": ""LOCATION"", ""localizedName"": ""Địa điểm"", ""count"": 18}, {""name"": ""HOSPITALITY"", ""localizedName"": ""Hiếu khách"", ""count"": 10}]","[{""title"": ""Trải nghiệm nhận phòng xuất sắc"", ""subtitle"": ""Những khách ở gần đây đã xếp hạng 5 sao cho quy trình nhận phòng.""}, {""title"": ""Tự nhận phòng"", ""subtitle"": ""Tự nhận phòng với hộp khóa an toàn.""}]"
1758739529234000818,https://www.airbnb.com.vn/rooms/1758739529234000818,20260926000000,2026-09-26,city search,Căn hộ riêng tư ở trung tâm Sài Gòn - Netflix,"Chào mừng bạn đến với Căn hộ riêng tư ở trung tâm Sài Gòn - Netflix — một không gian lưu trú ấm cúng, sang trọng tọa lạc tại Quận 3, Thành phố Hồ Chí Minh.
Căn phòng tràn ngập ánh sáng tự nhiên với đầy đủ tiện nghi cao cấp, giường nệm êm ái, máy lạnh, TV và wifi tốc độ cao. Rất thuận tiện di chuyển tới các điểm tham quan, nhà hàng ẩm thực và quán cà phê nổi tiếng của Thành phố Hồ Chí Minh.","Khu vực Quận 3 an ninh, văn minh, gần nhiều địa điểm ăn uống, mua sắm và giải trí sầm uất tại Thành phố Hồ Chí Minh.",https://a0.muscache.com/im/pictures/hosting/Hosting-1758739529234000818/original/efe88ff9-767a-4a87-ab8f-8a30211be943.png,47000037,https://www.airbnb.com.vn/users/show/47000037,Dương,2021-01-24,"Thành phố Hồ Chí Minh, Việt Nam","Xin chào, tôi là Dương, đã có 5 năm kinh nghiệm làm host. Tôi yêu thích du lịch và luôn mong muốn đem lại trải nghiệm lưu trú thoải mái nhất cho khách.",trong vòng một giờ,100%,98%,f,https://a0.muscache.com/im/pictures/user/User-47000037/original/user_profile_7.jpeg,https://a0.muscache.com/im/pictures/user/User-47000037/original/user_profile_7.jpeg,Quận 3,3,7,"['email', 'phone', 'work_email']",t,t,Quận 3,Quận 3,Thành phố Hồ Chí Minh,10.7598,106.6922,Phòng riêng trong nhà,Private room,2,1.0,1 phòng tắm,1,1,"[""Wi-fi tốc độ cao"", ""Bể bơi"", ""Ban công ngắm cảnh"", ""TV màn hình phẳng"", ""Điều hòa nhiệt độ"", ""Không gian riêng để làm việc"", ""Chỗ đỗ xe miễn phí trong khuôn viên"", ""Bộ chăn ga gối cao cấp"", ""Bếp đầy đủ tiện nghi"", ""Máy sấy tóc"", ""Lò vi sóng"", ""Bồn tắm thư giãn"", ""Dầu gội & Sữa tắm"", ""Máy giặt"", ""Máy phát hiện khí CO"", ""Tủ lạnh"", ""Máy báo khói"", ""Thang máy""]","₫538,800",1,1125,1,2,1125,1125,1.0,1125.0,today,t,27,41,75,248,2026-09-26,160,8,2,2023-06-14,2026-09-14,4.85,4.92,4.99,5.0,5.0,4.93,4.86,,f,2,0,1,0,3.09,"[""https://a0.muscache.com/im/pictures/hosting/Hosting-1758739529234000818/original/efe88ff9-767a-4a87-ab8f-8a30211be943.png"", ""https://a0.muscache.com/im/pictures/hosting/Hosting-1758739529234000818/original/0611ce0a-a6f4-4a72-8e87-8cbec61e1ca0.png"", ""https://a0.muscache.com/im/pictures/hosting/Hosting-1758739529234000818/original/16607737-e3c2-4cad-9bb2-7f5bb2b87279.jpeg"", ""https://a0.muscache.com/im/pictures/hosting/Hosting-1758739529234000818/original/70742c3f-f78b-4bf6-aea0-e11062b14fa3.png"", ""https://a0.muscache.com/im/pictures/hosting/Hosting-1758739529234000818/original/0f0fd21b-1538-406e-92cf-1431240fd752.png"", ""https://a0.muscache.com/im/pictures/hosting/Hosting-1758739529234000818/original/0867809d-e4ef-49ab-ac52-8d11ae95fb9b.png""]",f,"[{""name"": ""Long"", ""avatar"": ""https://a0.muscache.com/im/pictures/user/avatar_long.jpg""}, {""name"": ""Cindy"", ""avatar"": ""https://a0.muscache.com/im/pictures/user/avatar_cindy.jpg""}, {""name"": ""Rùa"", ""avatar"": ""https://a0.muscache.com/im/pictures/user/avatar_rua.jpg""}]","[{""name"": ""DECOR"", ""localizedName"": ""Trang trí"", ""count"": 16}, {""name"": ""INTERIOR"", ""localizedName"": ""Không gian bên trong"", ""count"": 17}, {""name"": ""CLEANLINESS"", ""localizedName"": ""Mức độ sạch sẽ"", ""count"": 21}, {""name"": ""LOCATION"", ""localizedName"": ""Địa điểm"", ""count"": 9}, {""name"": ""HOSPITALITY"", ""localizedName"": ""Hiếu khách"", ""count"": 12}]","[{""title"": ""Trải nghiệm nhận phòng xuất sắc"", ""subtitle"": ""Những khách ở gần đây đã xếp hạng 5 sao cho quy trình nhận phòng.""}, {""title"": ""Tự nhận phòng"", ""subtitle"": ""Tự nhận phòng với hộp khóa an toàn.""}]"
1777580385177293379,https://www.airbnb.com.vn/rooms/1777580385177293379,20260926000000,2026-09-26,city search,Luxe Haven/2 phòng ngủ/3 giường/2 WC/hồ bơi/phòng tập thể dục/tầm nhìn ra thành phố,"Chào mừng bạn đến với Luxe Haven/2 phòng ngủ/3 giường/2 WC/hồ bơi/phòng tập thể dục/tầm nhìn ra thành phố — một không gian lưu trú ấm cúng, sang trọng tọa lạc tại Quận 4, Thành phố Hồ Chí Minh.
Căn phòng tràn ngập ánh sáng tự nhiên với đầy đủ tiện nghi cao cấp, giường nệm êm ái, máy lạnh, TV và wifi tốc độ cao. Rất thuận tiện di chuyển tới các điểm tham quan, nhà hàng ẩm thực và quán cà phê nổi tiếng của Thành phố Hồ Chí Minh.","Khu vực Quận 4 an ninh, văn minh, gần nhiều địa điểm ăn uống, mua sắm và giải trí sầm uất tại Thành phố Hồ Chí Minh.",https://a0.muscache.com/im/pictures/hosting/Hosting-1777580385177293379/original/63d136df-c615-4c28-8e0c-563d0021c175.jpeg,47000038,https://www.airbnb.com.vn/users/show/47000038,Thảo,2024-06-22,"Thành phố Hồ Chí Minh, Việt Nam","Xin chào, tôi là Thảo, đã có 2 năm kinh nghiệm làm host. Tôi yêu thích du lịch và luôn mong muốn đem lại trải nghiệm lưu trú thoải mái nhất cho khách.",trong vòng một giờ,100%,98%,t,https://a0.muscache.com/im/pictures/user/User-47000038/original/user_profile_8.jpeg,https://a0.muscache.com/im/pictures/user/User-47000038/original/user_profile_8.jpeg,Quận 4,4,1,"['email', 'phone', 'work_email']",t,t,Quận 4,Quận 4,Thành phố Hồ Chí Minh,10.7889,106.6856,Toàn bộ căn hộ cho thuê,Entire home/apt,6,2.0,2 phòng tắm,2,3,"[""Wi-fi tốc độ cao"", ""Bếp đầy đủ tiện nghi"", ""Không gian riêng để làm việc"", ""Máy giặt"", ""Lò vi sóng"", ""Dầu gội & Sữa tắm"", ""Bàn ủi / Bàn là"", ""Bồn tắm thư giãn"", ""Điều hòa nhiệt độ"", ""Tủ lạnh"", ""Chỗ đỗ xe miễn phí trong khuôn viên"", ""Bể bơi"", ""Máy sấy tóc"", ""TV màn hình phẳng"", ""Tự nhận phòng với hộp khóa an toàn""]","₫2,827,999",1,1125,1,2,1125,1125,1.0,1125.0,today,t,27,31,68,335,2026-09-26,4,3,3,2026-07-28,2026-09-13,5.0,4.97,4.96,5.0,5.0,4.77,4.9,,t,2,2,0,0,3.97,"[""https://a0.muscache.com/im/pictures/hosting/Hosting-1777580385177293379/original/63d136df-c615-4c28-8e0c-563d0021c175.jpeg"", ""https://a0.muscache.com/im/pictures/hosting/Hosting-1777580385177293379/original/e58d04a6-65c2-41b9-bd42-0128f9149fe2.jpeg"", ""https://a0.muscache.com/im/pictures/hosting/Hosting-1777580385177293379/original/51209691-d980-4659-8ac0-9dffa02d82e7.jpeg"", ""https://a0.muscache.com/im/pictures/hosting/Hosting-1777580385177293379/original/fd2ce51a-cfb4-4d91-92b1-8991f1698303.jpeg"", ""https://a0.muscache.com/im/pictures/hosting/Hosting-1777580385177293379/original/b4786285-a399-4a53-89d8-9703b180024a.jpeg"", ""https://a0.muscache.com/im/pictures/hosting/Hosting-1777580385177293379/original/9037b53b-fe07-4fd3-858a-6740bac49bee.jpeg"", ""https://a0.muscache.com/im/pictures/hosting/Hosting-1777580385177293379/original/8a2a5a5f-1f82-4d79-892b-f0dc2ba73b3f.jpeg"", ""https://a0.muscache.com/im/pictures/hosting/Hosting-1777580385177293379/original/605fa801-2ef7-47e4-8ee5-94286e0ed6a2.jpeg"", ""https://a0.muscache.com/im/pictures/hosting/Hosting-1777580385177293379/original/68b47e9d-6761-4469-847c-304d1063b1da.jpeg"", ""https://a0.muscache.com/im/pictures/hosting/Hosting-1777580385177293379/original/84cc9e95-475e-4231-9e86-5f412c2ae5c0.jpeg"", ""https://a0.muscache.com/im/pictures/hosting/Hosting-1777580385177293379/original/87832910-95e2-45a3-8cd3-b812a76a124e.jpeg"", ""https://a0.muscache.com/im/pictures/hosting/Hosting-1777580385177293379/original/836b8d0b-6fc9-4b62-b618-4445b54488bd.jpeg"", ""https://a0.muscache.com/im/pictures/hosting/Hosting-1777580385177293379/original/39222c1f-6efa-4354-bd0b-4cc90fb3a51c.jpeg"", ""https://a0.muscache.com/im/pictures/hosting/Hosting-1777580385177293379/original/411e42c6-74ab-4dbf-918c-9a3303997b8d.jpeg"", ""https://a0.muscache.com/im/pictures/hosting/Hosting-1777580385177293379/original/7388cd9c-83df-47df-b773-70d1dac9c4bd.jpeg"", ""https://a0.muscache.com/im/pictures/hosting/Hosting-1777580385177293379/original/3ae1c0f1-16ac-47c4-8d81-09cbcd21e38e.jpeg"", ""https://a0.muscache.com/im/pictures/hosting/Hosting-1777580385177293379/original/e228526b-2e85-4b78-8068-008efe74f96c.jpeg"", ""https://a0.muscache.com/im/pictures/hosting/Hosting-1777580385177293379/original/27251e1a-9461-4694-ad0e-7dc1de3488f0.jpeg"", ""https://a0.muscache.com/im/pictures/hosting/Hosting-1777580385177293379/original/06253f49-2f8a-4a78-bf5e-99b619626ef8.jpeg"", ""https://a0.muscache.com/im/pictures/hosting/Hosting-1777580385177293379/original/bb000b4d-c872-486f-9c01-f145c45ba91c.jpeg"", ""https://a0.muscache.com/im/pictures/hosting/Hosting-1777580385177293379/original/e7b49be1-e73e-46f2-8fdb-3451813687e5.jpeg"", ""https://a0.muscache.com/im/pictures/hosting/Hosting-1777580385177293379/original/bd56856b-431b-4566-96ff-61c7ad6a0e40.jpeg"", ""https://a0.muscache.com/im/pictures/hosting/Hosting-1777580385177293379/original/c2c6a485-fb4c-4b92-8cf5-d8cec6fbfcad.jpeg"", ""https://a0.muscache.com/im/pictures/hosting/Hosting-1777580385177293379/original/cd6a4e77-e1aa-4600-900b-6b217c8a930c.jpeg"", ""https://a0.muscache.com/im/pictures/hosting/Hosting-1777580385177293379/original/831a33de-456a-4370-acfa-b3419f9fe1ac.jpeg"", ""https://a0.muscache.com/im/pictures/hosting/Hosting-1777580385177293379/original/6bafc052-c527-45b2-8df3-2a76bf764605.jpeg"", ""https://a0.muscache.com/im/pictures/hosting/Hosting-1777580385177293379/original/3a7f4912-3bc2-47b2-9fc6-2c3dfba98497.jpeg"", ""https://a0.muscache.com/im/pictures/hosting/Hosting-1777580385177293379/original/985a7406-54fe-455b-b914-b149c77c0c5f.jpeg"", ""https://a0.muscache.com/im/pictures/hosting/Hosting-1777580385177293379/original/2a46f532-1bf5-490c-a3a6-b1ffc5414651.jpeg""]",f,"[{""name"": ""Rùa"", ""avatar"": ""https://a0.muscache.com/im/pictures/user/avatar_rua.jpg""}, {""name"": ""Dang Nguyen"", ""avatar"": ""https://a0.muscache.com/im/pictures/user/avatar_dang.jpg""}]","[{""name"": ""DECOR"", ""localizedName"": ""Trang trí"", ""count"": 6}, {""name"": ""INTERIOR"", ""localizedName"": ""Không gian bên trong"", ""count"": 5}, {""name"": ""CLEANLINESS"", ""localizedName"": ""Mức độ sạch sẽ"", ""count"": 13}, {""name"": ""LOCATION"", ""localizedName"": ""Địa điểm"", ""count"": 5}, {""name"": ""HOSPITALITY"", ""localizedName"": ""Hiếu khách"", ""count"": 12}]","[{""title"": ""Trải nghiệm nhận phòng xuất sắc"", ""subtitle"": ""Những khách ở gần đây đã xếp hạng 5 sao cho quy trình nhận phòng.""}, {""title"": ""Tự nhận phòng"", ""subtitle"": ""Tự nhận phòng với hộp khóa an toàn.""}]"
1741340129869914580,https://www.airbnb.com.vn/rooms/1741340129869914580,20260926000000,2026-09-26,city search,Ngôi nhà xưa tại một làng chài Vũng Tàu,"Chào mừng bạn đến với Ngôi nhà xưa tại một làng chài Vũng Tàu — một không gian lưu trú ấm cúng, sang trọng tọa lạc tại Quận 7, Thành phố Hồ Chí Minh.
Căn phòng tràn ngập ánh sáng tự nhiên với đầy đủ tiện nghi cao cấp, giường nệm êm ái, máy lạnh, TV và wifi tốc độ cao. Rất thuận tiện di chuyển tới các điểm tham quan, nhà hàng ẩm thực và quán cà phê nổi tiếng của Thành phố Hồ Chí Minh.","Khu vực Quận 7 an ninh, văn minh, gần nhiều địa điểm ăn uống, mua sắm và giải trí sầm uất tại Thành phố Hồ Chí Minh.",https://a0.muscache.com/im/pictures/hosting/Hosting-1741340129869914580/original/378acadc-9e9d-4fc1-bb34-ef46a8b7266c.jpeg,47000039,https://www.airbnb.com.vn/users/show/47000039,Hải,2020-03-18,"Thành phố Hồ Chí Minh, Việt Nam","Xin chào, tôi là Hải, đã có 6 năm kinh nghiệm làm host. Tôi yêu thích du lịch và luôn mong muốn đem lại trải nghiệm lưu trú thoải mái nhất cho khách.",trong vòng một giờ,100%,98%,f,https://a0.muscache.com/im/pictures/user/User-47000039/original/user_profile_9.jpeg,https://a0.muscache.com/im/pictures/user/User-47000039/original/user_profile_9.jpeg,Quận 7,8,2,"['email', 'phone', 'work_email']",t,t,Quận 7,Quận 7,Thành phố Hồ Chí Minh,10.85838,106.72521,Toàn bộ nhà,Entire home/apt,2,1.0,1 phòng tắm,1,1,"[""Tự nhận phòng với hộp khóa an toàn"", ""Thang máy"", ""Bể bơi"", ""TV màn hình phẳng"", ""Máy báo khói"", ""Bàn ủi / Bàn là"", ""Tủ lạnh"", ""Bếp đầy đủ tiện nghi"", ""Điều hòa nhiệt độ"", ""Không gian riêng để làm việc"", ""Máy phát hiện khí CO"", ""Máy giặt"", ""Wi-fi tốc độ cao"", ""Chỗ đỗ xe miễn phí trong khuôn viên""]","₫994,462",1,1125,1,2,1125,1125,1.0,1125.0,today,t,21,31,73,268,2026-09-26,3,2,0,2026-08-12,2026-09-19,5.0,4.84,4.87,5.0,5.0,4.87,4.73,,f,2,2,0,0,4.54,"[""https://a0.muscache.com/im/pictures/hosting/Hosting-1741340129869914580/original/378acadc-9e9d-4fc1-bb34-ef46a8b7266c.jpeg"", ""https://a0.muscache.com/im/pictures/hosting/Hosting-1741340129869914580/original/08694b0d-3a42-4f34-ad14-fd5a4fb00a2d.jpeg"", ""https://a0.muscache.com/im/pictures/hosting/Hosting-1741340129869914580/original/5489b089-db27-48ba-b6b6-c2a3072d529d.jpeg"", ""https://a0.muscache.com/im/pictures/hosting/Hosting-1741340129869914580/original/a4c4a662-10d5-4ba9-8b8f-57c5f0cda9c4.jpeg"", ""https://a0.muscache.com/im/pictures/hosting/Hosting-1741340129869914580/original/7d24477f-325c-4f44-a3d0-91fc2009c6a2.jpeg"", ""https://a0.muscache.com/im/pictures/hosting/Hosting-1741340129869914580/original/77e865c7-2a91-4dc8-b09a-aeba54588eda.jpeg"", ""https://a0.muscache.com/im/pictures/hosting/Hosting-1741340129869914580/original/98570cff-18e1-4ba2-ba63-eebe49c1828f.jpeg"", ""https://a0.muscache.com/im/pictures/hosting/Hosting-1741340129869914580/original/9a5d0462-8773-4393-86d1-3ee0b235aaa9.jpeg"", ""https://a0.muscache.com/im/pictures/hosting/Hosting-1741340129869914580/original/c83be32b-f153-482c-8432-90172c44be1a.jpeg"", ""https://a0.muscache.com/im/pictures/hosting/Hosting-1741340129869914580/original/d0592254-2270-458e-a9a4-502ee3289bad.jpeg"", ""https://a0.muscache.com/im/pictures/hosting/Hosting-1741340129869914580/original/df8a2530-74fb-4074-84b5-09bc847199e7.jpeg"", ""https://a0.muscache.com/im/pictures/hosting/Hosting-1741340129869914580/original/b29b8011-dd29-42ac-9c26-54aa9db85607.jpeg"", ""https://a0.muscache.com/im/pictures/hosting/Hosting-1741340129869914580/original/2202ce34-260f-494a-9aab-1c7e0d61646b.png"", ""https://a0.muscache.com/im/pictures/hosting/Hosting-1741340129869914580/original/89019e5e-4453-4a7a-8073-afe2cb386abc.jpeg"", ""https://a0.muscache.com/im/pictures/hosting/Hosting-1741340129869914580/original/0fc6a1a2-1f2c-4608-ba04-45158bcfabc7.jpeg"", ""https://a0.muscache.com/im/pictures/hosting/Hosting-1741340129869914580/original/193f30ea-4a0c-457a-974d-37269c09cf2c.jpeg"", ""https://a0.muscache.com/im/pictures/hosting/Hosting-1741340129869914580/original/2dc70f02-91a3-4fb3-948b-df1226238abc.jpeg"", ""https://a0.muscache.com/im/pictures/hosting/Hosting-1741340129869914580/original/fb86f874-51e7-4b99-8450-f468521d81cc.jpeg"", ""https://a0.muscache.com/im/pictures/hosting/Hosting-1741340129869914580/original/5b42a4a4-7f5a-4f83-9f9d-9a01ba6dcf9b.jpeg"", ""https://a0.muscache.com/im/pictures/hosting/Hosting-1741340129869914580/original/b39132d5-9af3-4961-8f46-ec39bb2850ac.jpeg"", ""https://a0.muscache.com/im/pictures/hosting/Hosting-1741340129869914580/original/b9cf56df-979b-411f-a230-bf210f6fb946.jpeg"", ""https://a0.muscache.com/im/pictures/hosting/Hosting-1741340129869914580/original/f5a21819-2ae8-4463-a8f2-325336bad433.jpeg"", ""https://a0.muscache.com/im/pictures/hosting/Hosting-1741340129869914580/original/a436ad40-0772-4f3c-8da8-0a5c36978ac5.jpeg"", ""https://a0.muscache.com/im/pictures/hosting/Hosting-1741340129869914580/original/ef8d90b4-2c12-4482-953d-0ad6e49fec44.jpeg"", ""https://a0.muscache.com/im/pictures/hosting/Hosting-1741340129869914580/original/53e56acf-cf12-4529-bb62-cc7f88cc5e36.jpeg"", ""https://a0.muscache.com/im/pictures/hosting/Hosting-1741340129869914580/original/4834939a-6f99-4a8e-bb1f-6536a09d46d8.jpeg"", ""https://a0.muscache.com/im/pictures/hosting/Hosting-1741340129869914580/original/93cabaeb-498b-4e3c-b175-ff05be6dea71.jpeg"", ""https://a0.muscache.com/im/pictures/hosting/Hosting-1741340129869914580/original/a15903a1-b8e4-450c-b29e-fbf4a67e4617.jpeg"", ""https://a0.muscache.com/im/pictures/hosting/Hosting-1741340129869914580/original/310ad7e4-6003-4f96-aee1-888c48929941.jpeg""]",f,"[{""name"": ""Dang Nguyen"", ""avatar"": ""https://a0.muscache.com/im/pictures/user/avatar_dang.jpg""}, {""name"": ""Long"", ""avatar"": ""https://a0.muscache.com/im/pictures/user/avatar_long.jpg""}]","[{""name"": ""DECOR"", ""localizedName"": ""Trang trí"", ""count"": 16}, {""name"": ""INTERIOR"", ""localizedName"": ""Không gian bên trong"", ""count"": 20}, {""name"": ""CLEANLINESS"", ""localizedName"": ""Mức độ sạch sẽ"", ""count"": 8}, {""name"": ""LOCATION"", ""localizedName"": ""Địa điểm"", ""count"": 7}, {""name"": ""HOSPITALITY"", ""localizedName"": ""Hiếu khách"", ""count"": 2}]","[{""title"": ""Trải nghiệm nhận phòng xuất sắc"", ""subtitle"": ""Những khách ở gần đây đã xếp hạng 5 sao cho quy trình nhận phòng.""}, {""title"": ""Tự nhận phòng"", ""subtitle"": ""Tự nhận phòng với hộp khóa an toàn.""}]"
1669944980676735968,https://www.airbnb.com.vn/rooms/1669944980676735968,20260926000000,2026-09-26,city search,Phòng Golden | Bồn tắm & máy chiếu| Trung tâm D1,"Chào mừng bạn đến với Phòng Golden | Bồn tắm & máy chiếu| Trung tâm D1 — một không gian lưu trú ấm cúng, sang trọng tọa lạc tại Quận 10, Thành phố Hồ Chí Minh.
Căn phòng tràn ngập ánh sáng tự nhiên với đầy đủ tiện nghi cao cấp, giường nệm êm ái, máy lạnh, TV và wifi tốc độ cao. Rất thuận tiện di chuyển tới các điểm tham quan, nhà hàng ẩm thực và quán cà phê nổi tiếng của Thành phố Hồ Chí Minh.","Khu vực Quận 10 an ninh, văn minh, gần nhiều địa điểm ăn uống, mua sắm và giải trí sầm uất tại Thành phố Hồ Chí Minh.",https://a0.muscache.com/im/pictures/hosting/Hosting-1669944980676735968/original/96fb4927-b930-4275-af7e-5e35e99d009f.jpeg,47000040,https://www.airbnb.com.vn/users/show/47000040,Nam,2024-05-20,"Thành phố Hồ Chí Minh, Việt Nam","Xin chào, tôi là Nam, đã có 2 năm kinh nghiệm làm host. Tôi yêu thích du lịch và luôn mong muốn đem lại trải nghiệm lưu trú thoải mái nhất cho khách.",trong vòng một giờ,100%,98%,t,https://a0.muscache.com/im/pictures/user/User-47000040/original/user_profile_0.jpeg,https://a0.muscache.com/im/pictures/user/User-47000040/original/user_profile_0.jpeg,Quận 10,1,1,"['email', 'phone', 'work_email']",t,t,Quận 10,Quận 10,Thành phố Hồ Chí Minh,10.79107,106.70228,Phòng riêng trong nhà,Private room,2,1.0,1 phòng tắm,1,1,"[""Tự nhận phòng với hộp khóa an toàn"", ""Điều hòa nhiệt độ"", ""Lò vi sóng"", ""Tủ lạnh"", ""Ban công ngắm cảnh"", ""Máy sấy tóc"", ""Bộ chăn ga gối cao cấp"", ""Chỗ đỗ xe miễn phí trong khuôn viên"", ""Không gian riêng để làm việc"", ""Bể bơi"", ""Dầu gội & Sữa tắm"", ""Wi-fi tốc độ cao"", ""Bàn ủi / Bàn là"", ""Máy giặt"", ""Bếp đầy đủ tiện nghi"", ""Máy báo khói""]","₫829,000",1,1125,1,2,1125,1125,1.0,1125.0,today,t,22,42,66,276,2026-09-26,104,9,2,2023-06-14,2026-09-20,4.85,4.94,4.95,5.0,5.0,4.92,4.94,,t,2,0,1,0,1.43,"[""https://a0.muscache.com/im/pictures/hosting/Hosting-1669944980676735968/original/96fb4927-b930-4275-af7e-5e35e99d009f.jpeg"", ""https://a0.muscache.com/im/pictures/hosting/Hosting-1669944980676735968/original/8a4fa043-24c6-46f2-8fc9-75652016cc9e.jpeg"", ""https://a0.muscache.com/im/pictures/hosting/Hosting-1669944980676735968/original/a96dd751-04e5-4427-a8dd-af4737bb5d74.jpeg"", ""https://a0.muscache.com/im/pictures/hosting/Hosting-1669944980676735968/original/b08f207d-8eed-47ee-9c9c-a9e0030557e0.jpeg"", ""https://a0.muscache.com/im/pictures/hosting/Hosting-1669944980676735968/original/90f44790-1d26-4aba-801a-83eda4d56904.jpeg"", ""https://a0.muscache.com/im/pictures/hosting/Hosting-1669944980676735968/original/a499d04e-8fab-4fb0-ab8b-04c3d60dd90f.jpeg""]",f,"[{""name"": ""Dang Nguyen"", ""avatar"": ""https://a0.muscache.com/im/pictures/user/avatar_dang.jpg""}, {""name"": ""Cindy"", ""avatar"": ""https://a0.muscache.com/im/pictures/user/avatar_cindy.jpg""}]","[{""name"": ""DECOR"", ""localizedName"": ""Trang trí"", ""count"": 8}, {""name"": ""INTERIOR"", ""localizedName"": ""Không gian bên trong"", ""count"": 5}, {""name"": ""CLEANLINESS"", ""localizedName"": ""Mức độ sạch sẽ"", ""count"": 9}, {""name"": ""LOCATION"", ""localizedName"": ""Địa điểm"", ""count"": 9}, {""name"": ""HOSPITALITY"", ""localizedName"": ""Hiếu khách"", ""count"": 7}]","[{""title"": ""Trải nghiệm nhận phòng xuất sắc"", ""subtitle"": ""Những khách ở gần đây đã xếp hạng 5 sao cho quy trình nhận phòng.""}, {""title"": ""Tự nhận phòng"", ""subtitle"": ""Tự nhận phòng với hộp khóa an toàn.""}]"
1414613317481978797,https://www.airbnb.com.vn/rooms/1414613317481978797,20260926000000,2026-09-26,city search,Sài Gòn Studio gần đường Buivien | Em's Home 6,"Chào mừng bạn đến với Sài Gòn Studio gần đường Buivien | Em's Home 6 — một không gian lưu trú ấm cúng, sang trọng tọa lạc tại Quận Bình Thạnh, Thành phố Hồ Chí Minh.
Căn phòng tràn ngập ánh sáng tự nhiên với đầy đủ tiện nghi cao cấp, giường nệm êm ái, máy lạnh, TV và wifi tốc độ cao. Rất thuận tiện di chuyển tới các điểm tham quan, nhà hàng ẩm thực và quán cà phê nổi tiếng của Thành phố Hồ Chí Minh.","Khu vực Quận Bình Thạnh an ninh, văn minh, gần nhiều địa điểm ăn uống, mua sắm và giải trí sầm uất tại Thành phố Hồ Chí Minh.",https://a0.muscache.com/im/pictures/hosting/Hosting-1414613317481978797/original/49a1d660-fa3b-45ce-a5b8-c694dc8ffd1b.jpeg,47000041,https://www.airbnb.com.vn/users/show/47000041,Tuấn,2021-12-29,"Thành phố Hồ Chí Minh, Việt Nam","Xin chào, tôi là Tuấn, đã có 4 năm kinh nghiệm làm host. Tôi yêu thích du lịch và luôn mong muốn đem lại trải nghiệm lưu trú thoải mái nhất cho khách.",trong vòng một giờ,100%,98%,f,https://a0.muscache.com/im/pictures/user/User-47000041/original/user_profile_1.jpeg,https://a0.muscache.com/im/pictures/user/User-47000041/original/user_profile_1.jpeg,Quận Bình Thạnh,4,1,"['email', 'phone', 'work_email']",t,t,Quận Bình Thạnh,Quận Bình Thạnh,Thành phố Hồ Chí Minh,10.76684870432919,106.68798173572029,Toàn bộ căn hộ cho thuê,Entire home/apt,2,1.0,1 phòng tắm,1,1,"[""Wi-fi tốc độ cao"", ""Bàn ủi / Bàn là"", ""Máy báo khói"", ""Máy giặt"", ""Chỗ đỗ xe miễn phí trong khuôn viên"", ""TV màn hình phẳng"", ""Điều hòa nhiệt độ"", ""Ban công ngắm cảnh"", ""Bộ chăn ga gối cao cấp"", ""Thang máy"", ""Bể bơi"", ""Tự nhận phòng với hộp khóa an toàn"", ""Tủ lạnh"", ""Không gian riêng để làm việc"", ""Bồn tắm thư giãn"", ""Dầu gội & Sữa tắm""]","₫1,790,000",1,1125,1,2,1125,1125,1.0,1125.0,today,t,22,36,52,273,2026-09-26,80,28,2,2023-06-14,2026-09-18,5.0,4.84,4.91,5.0,5.0,4.79,4.77,,f,2,2,0,0,3.08,"[""https://a0.muscache.com/im/pictures/hosting/Hosting-1414613317481978797/original/49a1d660-fa3b-45ce-a5b8-c694dc8ffd1b.jpeg"", ""https://a0.muscache.com/im/pictures/hosting/Hosting-1414613317481978797/original/fa3654de-e23e-4a71-b07a-0074016b6d1f.jpeg"", ""https://a0.muscache.com/im/pictures/hosting/Hosting-U3RheVN1cHBseUxpc3Rpbmc6MTQxNDYxMzMxNzQ4MTk3ODc5Nw==/original/fd9abb44-7912-479d-8ed0-7bcabc48c57e.png"", ""https://a0.muscache.com/im/pictures/hosting/Hosting-1414613317481978797/original/79326760-83f2-43bb-8ef0-bf814616102e.jpeg"", ""https://a0.muscache.com/im/pictures/hosting/Hosting-1414613317481978797/original/6dd551c4-4f2a-4a81-a476-77ab62de2334.jpeg"", ""https://a0.muscache.com/im/pictures/hosting/Hosting-1414613317481978797/original/e98582ad-7a7d-404b-be8e-1579a9322b4d.jpeg"", ""https://a0.muscache.com/im/pictures/hosting/Hosting-1414613317481978797/original/c29d5da9-4ae1-40fe-b8c8-4dcd42623f0a.jpeg"", ""https://a0.muscache.com/im/pictures/hosting/Hosting-1414613317481978797/original/614cd9a5-81c9-4266-8231-8167577fad72.jpeg"", ""https://a0.muscache.com/im/pictures/hosting/Hosting-1414613317481978797/original/03ab776a-907b-4652-9ffd-fcf8ab7d7071.jpeg"", ""https://a0.muscache.com/im/pictures/hosting/Hosting-U3RheVN1cHBseUxpc3Rpbmc6MTQxNDYxMzMxNzQ4MTk3ODc5Nw==/original/1bd7aff3-3a95-4a44-91a1-380e68158610.png"", ""https://a0.muscache.com/im/pictures/miso/Hosting-1414613317481978797/original/5c78b2ba-d0e3-49a9-9983-9d8de1f4447e.jpeg"", ""https://a0.muscache.com/im/pictures/hosting/Hosting-1414613317481978797/original/411b4429-3233-44d8-a99b-c1f8c463caca.jpeg"", ""https://a0.muscache.com/im/pictures/miso/Hosting-1414613317481978797/original/f79df181-cbcd-4f94-9620-b80205e1f226.jpeg"", ""https://a0.muscache.com/im/pictures/hosting/Hosting-1414613317481978797/original/c04e4150-6d15-4e7a-8d8b-35beb5723b6e.jpeg"", ""https://a0.muscache.com/im/pictures/miso/Hosting-1414613317481978797/original/3fe17551-0dcb-499f-a368-5650f6dace7e.jpeg"", ""https://a0.muscache.com/im/pictures/hosting/Hosting-U3RheVN1cHBseUxpc3Rpbmc6MTQxNDYxMzMxNzQ4MTk3ODc5Nw==/original/76fc2508-a15b-47dd-90da-2f711b1b2531.png"", ""https://a0.muscache.com/im/pictures/hosting/Hosting-U3RheVN1cHBseUxpc3Rpbmc6MTQxNDYxMzMxNzQ4MTk3ODc5Nw==/original/93c33784-4269-4da1-97e0-0c63f650c66e.png"", ""https://a0.muscache.com/im/pictures/hosting/Hosting-1414613317481978797/original/d7e07025-0796-427b-9546-d0f01bf2a84e.jpeg"", ""https://a0.muscache.com/im/pictures/hosting/Hosting-U3RheVN1cHBseUxpc3Rpbmc6MTQxNDYxMzMxNzQ4MTk3ODc5Nw==/original/c09e7f29-d9e2-49ca-bbd5-5e2f3593eefd.png"", ""https://a0.muscache.com/im/pictures/hosting/Hosting-U3RheVN1cHBseUxpc3Rpbmc6MTQxNDYxMzMxNzQ4MTk3ODc5Nw==/original/4b408b4e-a98a-4d0a-a682-67bd32d74daa.png""]",t,"[{""name"": ""Rùa"", ""avatar"": ""https://a0.muscache.com/im/pictures/user/avatar_rua.jpg""}, {""name"": ""Long"", ""avatar"": ""https://a0.muscache.com/im/pictures/user/avatar_long.jpg""}, {""name"": ""Dang Nguyen"", ""avatar"": ""https://a0.muscache.com/im/pictures/user/avatar_dang.jpg""}]","[{""name"": ""DECOR"", ""localizedName"": ""Trang trí"", ""count"": 18}, {""name"": ""INTERIOR"", ""localizedName"": ""Không gian bên trong"", ""count"": 4}, {""name"": ""CLEANLINESS"", ""localizedName"": ""Mức độ sạch sẽ"", ""count"": 23}, {""name"": ""LOCATION"", ""localizedName"": ""Địa điểm"", ""count"": 7}, {""name"": ""HOSPITALITY"", ""localizedName"": ""Hiếu khách"", ""count"": 14}]","[{""title"": ""Trải nghiệm nhận phòng xuất sắc"", ""subtitle"": ""Những khách ở gần đây đã xếp hạng 5 sao cho quy trình nhận phòng.""}, {""title"": ""Tự nhận phòng"", ""subtitle"": ""Tự nhận phòng với hộp khóa an toàn.""}]"
1749386066244624058,https://www.airbnb.com.vn/rooms/1749386066244624058,20260926000000,2026-09-26,city search,[ROOM707] Đèn chói mắt • Nghỉ dưỡng tại nhà • Quận 3,"Chào mừng bạn đến với [ROOM707] Đèn chói mắt • Nghỉ dưỡng tại nhà • Quận 3 — một không gian lưu trú ấm cúng, sang trọng tọa lạc tại Quận 3, Thành phố Hồ Chí Minh.
Căn phòng tràn ngập ánh sáng tự nhiên với đầy đủ tiện nghi cao cấp, giường nệm êm ái, máy lạnh, TV và wifi tốc độ cao. Rất thuận tiện di chuyển tới các điểm tham quan, nhà hàng ẩm thực và quán cà phê nổi tiếng của Thành phố Hồ Chí Minh.","Khu vực Quận 3 an ninh, văn minh, gần nhiều địa điểm ăn uống, mua sắm và giải trí sầm uất tại Thành phố Hồ Chí Minh.",https://a0.muscache.com/im/pictures/hosting/Hosting-1749386066244624058/original/247b773f-cc3e-4466-bbda-04748eedb295.png,47000042,https://www.airbnb.com.vn/users/show/47000042,Long,2020-06-23,"Thành phố Hồ Chí Minh, Việt Nam","Xin chào, tôi là Long, đã có 6 năm kinh nghiệm làm host. Tôi yêu thích du lịch và luôn mong muốn đem lại trải nghiệm lưu trú thoải mái nhất cho khách.",trong vòng một giờ,100%,98%,t,https://a0.muscache.com/im/pictures/user/User-47000042/original/user_profile_2.jpeg,https://a0.muscache.com/im/pictures/user/User-47000042/original/user_profile_2.jpeg,Quận 3,3,8,"['email', 'phone', 'work_email']",t,t,Quận 3,Quận 3,Thành phố Hồ Chí Minh,10.7873,106.6739,Phòng riêng trong nhà,Private room,2,1.0,1 phòng tắm,1,1,"[""Wi-fi tốc độ cao"", ""Dầu gội & Sữa tắm"", ""TV màn hình phẳng"", ""Không gian riêng để làm việc"", ""Bồn tắm thư giãn"", ""Máy phát hiện khí CO"", ""Lò vi sóng"", ""Máy sấy tóc"", ""Tủ lạnh"", ""Bể bơi"", ""Tự nhận phòng với hộp khóa an toàn"", ""Máy giặt"", ""Ban công ngắm cảnh"", ""Thang máy"", ""Điều hòa nhiệt độ"", ""Chỗ đỗ xe miễn phí trong khuôn viên"", ""Bếp đầy đủ tiện nghi"", ""Bộ chăn ga gối cao cấp""]","₫811,440",1,1125,1,2,1125,1125,1.0,1125.0,today,t,27,56,82,291,2026-09-26,33,7,0,2025-05-19,2026-09-10,4.85,4.85,4.87,5.0,5.0,4.96,4.8,,t,2,0,1,0,1.57,"[""https://a0.muscache.com/im/pictures/hosting/Hosting-1749386066244624058/original/247b773f-cc3e-4466-bbda-04748eedb295.png"", ""https://a0.muscache.com/im/pictures/hosting/Hosting-1749386066244624058/original/0fb01621-1d30-42f7-8f97-b9dfcdec178f.png"", ""https://a0.muscache.com/im/pictures/hosting/Hosting-1749386066244624058/original/17a4a4d4-7d48-49dd-97ac-5c2156383bc0.png"", ""https://a0.muscache.com/im/pictures/hosting/Hosting-1749386066244624058/original/3e9aa4c6-e7c1-42ed-aeab-fb7a02acee22.png"", ""https://a0.muscache.com/im/pictures/hosting/Hosting-1749386066244624058/original/0fad1a0a-9f9f-415a-be62-132da133b51f.jpeg"", ""https://a0.muscache.com/im/pictures/hosting/Hosting-1749386066244624058/original/1ac683d9-f42d-401d-89da-f62adb3cb54b.jpeg""]",f,"[{""name"": ""Rùa"", ""avatar"": ""https://a0.muscache.com/im/pictures/user/avatar_rua.jpg""}]","[{""name"": ""DECOR"", ""localizedName"": ""Trang trí"", ""count"": 10}, {""name"": ""INTERIOR"", ""localizedName"": ""Không gian bên trong"", ""count"": 14}, {""name"": ""CLEANLINESS"", ""localizedName"": ""Mức độ sạch sẽ"", ""count"": 15}, {""name"": ""LOCATION"", ""localizedName"": ""Địa điểm"", ""count"": 8}, {""name"": ""HOSPITALITY"", ""localizedName"": ""Hiếu khách"", ""count"": 11}]","[{""title"": ""Trải nghiệm nhận phòng xuất sắc"", ""subtitle"": ""Những khách ở gần đây đã xếp hạng 5 sao cho quy trình nhận phòng.""}, {""title"": ""Tự nhận phòng"", ""subtitle"": ""Tự nhận phòng với hộp khóa an toàn.""}]"
1628024572474577056,https://www.airbnb.com.vn/rooms/1628024572474577056,20260926000000,2026-09-26,city search,Căn hộ có ban công và bồn tắm,"Chào mừng bạn đến với Căn hộ có ban công và bồn tắm — một không gian lưu trú ấm cúng, sang trọng tọa lạc tại Thành phố Thủ Đức, Thành phố Hồ Chí Minh.
Căn phòng tràn ngập ánh sáng tự nhiên với đầy đủ tiện nghi cao cấp, giường nệm êm ái, máy lạnh, TV và wifi tốc độ cao. Rất thuận tiện di chuyển tới các điểm tham quan, nhà hàng ẩm thực và quán cà phê nổi tiếng của Thành phố Hồ Chí Minh.","Khu vực Thành phố Thủ Đức an ninh, văn minh, gần nhiều địa điểm ăn uống, mua sắm và giải trí sầm uất tại Thành phố Hồ Chí Minh.",https://a0.muscache.com/im/pictures/hosting/Hosting-1628024572474577056/original/58899c93-656d-4e3f-9536-b3007f040575.jpeg,47000043,https://www.airbnb.com.vn/users/show/47000043,Đức,2023-12-31,"Thành phố Hồ Chí Minh, Việt Nam","Xin chào, tôi là Đức, đã có 2 năm kinh nghiệm làm host. Tôi yêu thích du lịch và luôn mong muốn đem lại trải nghiệm lưu trú thoải mái nhất cho khách.",trong vòng một giờ,100%,98%,f,https://a0.muscache.com/im/pictures/user/User-47000043/original/user_profile_3.jpeg,https://a0.muscache.com/im/pictures/user/User-47000043/original/user_profile_3.jpeg,Thành phố Thủ Đức,1,9,"['email', 'phone', 'work_email']",t,t,Thành phố Thủ Đức,Thành phố Thủ Đức,Thành phố Hồ Chí Minh,10.78907,106.70879,Phòng riêng trong nhà,Private room,2,1.0,1 phòng tắm,1,1,"[""Thang máy"", ""Bàn ủi / Bàn là"", ""Tự nhận phòng với hộp khóa an toàn"", ""Không gian riêng để làm việc"", ""Lò vi sóng"", ""TV màn hình phẳng"", ""Tủ lạnh"", ""Ban công ngắm cảnh"", ""Máy sấy tóc"", ""Bể bơi"", ""Bộ chăn ga gối cao cấp"", ""Bếp đầy đủ tiện nghi"", ""Chỗ đỗ xe miễn phí trong khuôn viên"", ""Wi-fi tốc độ cao"", ""Điều hòa nhiệt độ"", ""Máy phát hiện khí CO"", ""Dầu gội & Sữa tắm""]","₫1,100,000",1,1125,1,2,1125,1125,1.0,1125.0,today,t,28,49,72,291,2026-09-26,35,1,1,2025-04-19,2026-09-03,4.91,4.86,4.84,5.0,5.0,4.77,4.75,,f,2,0,1,0,4.35,"[""https://a0.muscache.com/im/pictures/hosting/Hosting-1628024572474577056/original/58899c93-656d-4e3f-9536-b3007f040575.jpeg"", ""https://a0.muscache.com/im/pictures/hosting/Hosting-1628024572474577056/original/c5f805ed-aa9e-4d42-9367-70f0a2db18af.jpeg"", ""https://a0.muscache.com/im/pictures/hosting/Hosting-1628024572474577056/original/feab21ae-67af-4f70-936a-bba367ea89e1.jpeg"", ""https://a0.muscache.com/im/pictures/hosting/Hosting-1628024572474577056/original/920de57b-223d-4bca-ba47-8b338aed8442.jpeg"", ""https://a0.muscache.com/im/pictures/hosting/Hosting-1628024572474577056/original/0ab41638-1bba-4d5b-8305-fc73dceb35bd.jpeg"", ""https://a0.muscache.com/im/pictures/hosting/Hosting-1628024572474577056/original/203955c0-2d31-49d8-81d4-a1de55929e61.jpeg""]",t,"[{""name"": ""Long"", ""avatar"": ""https://a0.muscache.com/im/pictures/user/avatar_long.jpg""}, {""name"": ""Dang Nguyen"", ""avatar"": ""https://a0.muscache.com/im/pictures/user/avatar_dang.jpg""}]","[{""name"": ""DECOR"", ""localizedName"": ""Trang trí"", ""count"": 10}, {""name"": ""INTERIOR"", ""localizedName"": ""Không gian bên trong"", ""count"": 14}, {""name"": ""CLEANLINESS"", ""localizedName"": ""Mức độ sạch sẽ"", ""count"": 18}, {""name"": ""LOCATION"", ""localizedName"": ""Địa điểm"", ""count"": 3}, {""name"": ""HOSPITALITY"", ""localizedName"": ""Hiếu khách"", ""count"": 8}]","[{""title"": ""Trải nghiệm nhận phòng xuất sắc"", ""subtitle"": ""Những khách ở gần đây đã xếp hạng 5 sao cho quy trình nhận phòng.""}, {""title"": ""Tự nhận phòng"", ""subtitle"": ""Tự nhận phòng với hộp khóa an toàn.""}]"
1654406909348787668,https://www.airbnb.com.vn/rooms/1654406909348787668,20260926000000,2026-09-26,city search,Studio có ban công • D1 Central • Sang trọng đô thị • 5 người,"Chào mừng bạn đến với Studio có ban công • D1 Central • Sang trọng đô thị • 5 người — một không gian lưu trú ấm cúng, sang trọng tọa lạc tại Quận Tân Bình, Thành phố Hồ Chí Minh.
Căn phòng tràn ngập ánh sáng tự nhiên với đầy đủ tiện nghi cao cấp, giường nệm êm ái, máy lạnh, TV và wifi tốc độ cao. Rất thuận tiện di chuyển tới các điểm tham quan, nhà hàng ẩm thực và quán cà phê nổi tiếng của Thành phố Hồ Chí Minh.","Khu vực Quận Tân Bình an ninh, văn minh, gần nhiều địa điểm ăn uống, mua sắm và giải trí sầm uất tại Thành phố Hồ Chí Minh.",https://a0.muscache.com/im/pictures/hosting/Hosting-1654406909348787668/original/13cd93de-1787-49f1-89e8-857d16b3cb75.jpeg,47000044,https://www.airbnb.com.vn/users/show/47000044,Khoa,2021-03-12,"Thành phố Hồ Chí Minh, Việt Nam","Xin chào, tôi là Khoa, đã có 5 năm kinh nghiệm làm host. Tôi yêu thích du lịch và luôn mong muốn đem lại trải nghiệm lưu trú thoải mái nhất cho khách.",trong vòng một giờ,100%,98%,t,https://a0.muscache.com/im/pictures/user/User-47000044/original/user_profile_4.jpeg,https://a0.muscache.com/im/pictures/user/User-47000044/original/user_profile_4.jpeg,Quận Tân Bình,4,6,"['email', 'phone', 'work_email']",t,t,Quận Tân Bình,Quận Tân Bình,Thành phố Hồ Chí Minh,10.7639,106.6961,Toàn bộ căn hộ cho thuê,Entire home/apt,6,1.0,1 phòng tắm,1,3,"[""Không gian riêng để làm việc"", ""Wi-fi tốc độ cao"", ""Lò vi sóng"", ""Máy giặt"", ""Bếp đầy đủ tiện nghi"", ""Chỗ đỗ xe miễn phí trong khuôn viên"", ""Bể bơi"", ""Máy báo khói"", ""TV màn hình phẳng"", ""Bồn tắm thư giãn"", ""Tủ lạnh"", ""Điều hòa nhiệt độ"", ""Ban công ngắm cảnh"", ""Máy sấy tóc""]","₫1,749,100",1,1125,1,2,1125,1125,1.0,1125.0,today,t,25,47,76,234,2026-09-26,29,19,1,2025-07-18,2026-09-23,4.93,5.0,4.98,5.0,5.0,4.93,4.74,,t,2,2,0,0,4.72,"[""https://a0.muscache.com/im/pictures/hosting/Hosting-1654406909348787668/original/13cd93de-1787-49f1-89e8-857d16b3cb75.jpeg"", ""https://a0.muscache.com/im/pictures/hosting/Hosting-1654406909348787668/original/03726923-38c3-4b24-b874-7767a566204a.jpeg"", ""https://a0.muscache.com/im/pictures/hosting/Hosting-1654406909348787668/original/e0e2f296-d13d-4679-9ec2-9abab57a8ac0.jpeg"", ""https://a0.muscache.com/im/pictures/hosting/Hosting-1654406909348787668/original/53e082d7-bd61-4283-a348-f256fa693faa.jpeg"", ""https://a0.muscache.com/im/pictures/hosting/Hosting-1654406909348787668/original/4da90948-66a5-49f4-8126-eaddc9cbe859.jpeg"", ""https://a0.muscache.com/im/pictures/hosting/Hosting-1654406909348787668/original/8be99cd4-a522-4828-9878-5a10674d5588.jpeg"", ""https://a0.muscache.com/im/pictures/hosting/Hosting-1654406909348787668/original/27da414c-64ae-47de-b754-f45fcd04ea6b.jpeg"", ""https://a0.muscache.com/im/pictures/hosting/Hosting-1654406909348787668/original/708c5a7e-3e1a-4318-bc6c-3388ed4ea40f.jpeg"", ""https://a0.muscache.com/im/pictures/hosting/Hosting-1654406909348787668/original/83de5b6a-5636-48f1-96ed-d2c2248d7646.jpeg"", ""https://a0.muscache.com/im/pictures/hosting/Hosting-1654406909348787668/original/ee8b5a93-8887-4931-9011-dfce2125d103.jpeg"", ""https://a0.muscache.com/im/pictures/hosting/Hosting-1654406909348787668/original/7f2f3125-ae07-4c23-9c9f-063da9716aef.jpeg"", ""https://a0.muscache.com/im/pictures/hosting/Hosting-1654406909348787668/original/464d1dbd-9845-4360-a50a-7aa09e14f3ae.jpeg"", ""https://a0.muscache.com/im/pictures/hosting/Hosting-1654406909348787668/original/5f6a4cbf-4b76-426d-94bf-f0754030d00b.jpeg"", ""https://a0.muscache.com/im/pictures/hosting/Hosting-1654406909348787668/original/b6240c00-4560-4f6a-9cc7-d87a7672412a.jpeg"", ""https://a0.muscache.com/im/pictures/hosting/Hosting-1654406909348787668/original/91d67dca-3676-4721-97cf-c8e0d9d6fa91.jpeg"", ""https://a0.muscache.com/im/pictures/hosting/Hosting-1654406909348787668/original/a52c5b2b-c25a-428c-8388-dcd13bb8b178.jpeg"", ""https://a0.muscache.com/im/pictures/hosting/Hosting-1654406909348787668/original/ee011419-2ed0-43ba-94eb-b8cfc9dbe660.jpeg"", ""https://a0.muscache.com/im/pictures/hosting/Hosting-1654406909348787668/original/3195d85d-6791-4b1c-9b27-5fd0df3325b9.jpeg"", ""https://a0.muscache.com/im/pictures/hosting/Hosting-1654406909348787668/original/ed805199-16c0-4069-990b-df98bf5ac5c5.jpeg"", ""https://a0.muscache.com/im/pictures/hosting/Hosting-1654406909348787668/original/930ed0f5-b96e-4ea2-8a53-504120a6059f.jpeg""]",t,"[{""name"": ""Rùa"", ""avatar"": ""https://a0.muscache.com/im/pictures/user/avatar_rua.jpg""}, {""name"": ""Dang Nguyen"", ""avatar"": ""https://a0.muscache.com/im/pictures/user/avatar_dang.jpg""}, {""name"": ""Long"", ""avatar"": ""https://a0.muscache.com/im/pictures/user/avatar_long.jpg""}]","[{""name"": ""DECOR"", ""localizedName"": ""Trang trí"", ""count"": 10}, {""name"": ""INTERIOR"", ""localizedName"": ""Không gian bên trong"", ""count"": 7}, {""name"": ""CLEANLINESS"", ""localizedName"": ""Mức độ sạch sẽ"", ""count"": 3}, {""name"": ""LOCATION"", ""localizedName"": ""Địa điểm"", ""count"": 18}, {""name"": ""HOSPITALITY"", ""localizedName"": ""Hiếu khách"", ""count"": 9}]","[{""title"": ""Trải nghiệm nhận phòng xuất sắc"", ""subtitle"": ""Những khách ở gần đây đã xếp hạng 5 sao cho quy trình nhận phòng.""}, {""title"": ""Tự nhận phòng"", ""subtitle"": ""Tự nhận phòng với hộp khóa an toàn.""}]"
1760875665609825046,https://www.airbnb.com.vn/rooms/1760875665609825046,20260926000000,2026-09-26,city search,Sterling •2 phòng ngủ (3 giường)• Nhìn ra Bitexco & Thành phố • D1 5m,"Chào mừng bạn đến với Sterling •2 phòng ngủ (3 giường)• Nhìn ra Bitexco & Thành phố • D1 5m — một không gian lưu trú ấm cúng, sang trọng tọa lạc tại Quận 1, Thành phố Hồ Chí Minh.
Căn phòng tràn ngập ánh sáng tự nhiên với đầy đủ tiện nghi cao cấp, giường nệm êm ái, máy lạnh, TV và wifi tốc độ cao. Rất thuận tiện di chuyển tới các điểm tham quan, nhà hàng ẩm thực và quán cà phê nổi tiếng của Thành phố Hồ Chí Minh.","Khu vực Quận 1 an ninh, văn minh, gần nhiều địa điểm ăn uống, mua sắm và giải trí sầm uất tại Thành phố Hồ Chí Minh.",https://a0.muscache.com/im/pictures/hosting/Hosting-1760875665609825046/original/bcca47c8-e3ca-456b-810f-bb017999afdb.jpeg,47000045,https://www.airbnb.com.vn/users/show/47000045,Hoàng,2022-06-15,"Thành phố Hồ Chí Minh, Việt Nam","Xin chào, tôi là Hoàng, đã có 4 năm kinh nghiệm làm host. Tôi yêu thích du lịch và luôn mong muốn đem lại trải nghiệm lưu trú thoải mái nhất cho khách.",trong vòng một giờ,100%,98%,f,https://a0.muscache.com/im/pictures/user/User-47000045/original/user_profile_5.jpeg,https://a0.muscache.com/im/pictures/user/User-47000045/original/user_profile_5.jpeg,Quận 1,3,6,"['email', 'phone', 'work_email']",t,t,Quận 1,Quận 1,Thành phố Hồ Chí Minh,10.7628,106.6986,Toàn bộ căn hộ cho thuê,Entire home/apt,6,2.0,2 phòng tắm,2,3,"[""Không gian riêng để làm việc"", ""Wi-fi tốc độ cao"", ""Máy phát hiện khí CO"", ""Lò vi sóng"", ""Tủ lạnh"", ""Máy sấy tóc"", ""Thang máy"", ""Tự nhận phòng với hộp khóa an toàn"", ""Bể bơi"", ""Điều hòa nhiệt độ"", ""TV màn hình phẳng"", ""Máy giặt"", ""Bếp đầy đủ tiện nghi"", ""Bàn ủi / Bàn là"", ""Bộ chăn ga gối cao cấp""]","₫2,512,050",1,1125,1,2,1125,1125,1.0,1125.0,today,t,21,41,65,226,2026-09-26,6,5,6,2026-06-28,2026-09-04,5.0,4.99,4.85,5.0,5.0,4.89,4.89,,f,2,2,0,0,2.39,"[""https://a0.muscache.com/im/pictures/hosting/Hosting-1760875665609825046/original/bcca47c8-e3ca-456b-810f-bb017999afdb.jpeg"", ""https://a0.muscache.com/im/pictures/hosting/Hosting-1760875665609825046/original/37c6cc44-0273-4425-8a97-63536228ecc2.jpeg"", ""https://a0.muscache.com/im/pictures/hosting/Hosting-1760875665609825046/original/38abd96b-1f67-477e-8fbb-8d37d3da16f5.jpeg"", ""https://a0.muscache.com/im/pictures/hosting/Hosting-1760875665609825046/original/63c36f17-caa2-416b-a412-2da49c3224cd.jpeg"", ""https://a0.muscache.com/im/pictures/hosting/Hosting-1760875665609825046/original/1a1869ed-0fc6-40bf-9ebf-f559d6f8f438.jpeg"", ""https://a0.muscache.com/im/pictures/hosting/Hosting-1760875665609825046/original/859d1789-98f7-42fc-9311-6b1add3c7e0d.jpeg"", ""https://a0.muscache.com/im/pictures/hosting/Hosting-1760875665609825046/original/98638f9e-7def-4fa3-ae31-893ab869096b.jpeg"", ""https://a0.muscache.com/im/pictures/hosting/Hosting-1760875665609825046/original/82fab33e-7bf5-4f05-8f09-df4e7110e6a6.jpeg"", ""https://a0.muscache.com/im/pictures/hosting/Hosting-1760875665609825046/original/7296f7ee-6018-4c89-9f48-b6026e90f6a0.jpeg"", ""https://a0.muscache.com/im/pictures/hosting/Hosting-1760875665609825046/original/325d5de6-debf-4971-a63e-de71030d690c.jpeg"", ""https://a0.muscache.com/im/pictures/hosting/Hosting-1760875665609825046/original/0a0339e5-2811-46b4-9314-0bdc94aea473.jpeg"", ""https://a0.muscache.com/im/pictures/hosting/Hosting-1760875665609825046/original/432deb75-9493-4ba4-9ce2-508faefb3a6e.jpeg"", ""https://a0.muscache.com/im/pictures/hosting/Hosting-1760875665609825046/original/0f338d2b-a276-4fae-b8d9-263f6cd9d27f.jpeg"", ""https://a0.muscache.com/im/pictures/hosting/Hosting-1760875665609825046/original/8b98392d-5e6c-4036-8cb8-9bc1b096fc69.jpeg"", ""https://a0.muscache.com/im/pictures/hosting/Hosting-1760875665609825046/original/c0f4470f-46da-4c69-b2b9-54e8ea716d77.jpeg"", ""https://a0.muscache.com/im/pictures/hosting/Hosting-1760875665609825046/original/7489df20-2d46-4255-a5d3-15007a2c5334.jpeg"", ""https://a0.muscache.com/im/pictures/hosting/Hosting-1760875665609825046/original/d9c00127-c5aa-4167-9a97-95a1b276d777.jpeg"", ""https://a0.muscache.com/im/pictures/hosting/Hosting-1760875665609825046/original/1b04de06-70fb-4ed3-96fe-15222ad15db8.jpeg"", ""https://a0.muscache.com/im/pictures/hosting/Hosting-1760875665609825046/original/4d851582-2b7b-4e4e-a80e-9145ad99921e.jpeg"", ""https://a0.muscache.com/im/pictures/hosting/Hosting-1760875665609825046/original/187dfd89-1f78-467c-b8a6-24a47d9275ac.jpeg"", ""https://a0.muscache.com/im/pictures/hosting/Hosting-1760875665609825046/original/fa164599-f447-4c68-8816-e952be6f1ce6.jpeg"", ""https://a0.muscache.com/im/pictures/hosting/Hosting-1760875665609825046/original/d53bd540-1a31-4688-8347-f0d65f8a18bf.jpeg"", ""https://a0.muscache.com/im/pictures/hosting/Hosting-1760875665609825046/original/fe1643c4-3b5f-46ad-8aae-01e6990396ba.jpeg"", ""https://a0.muscache.com/im/pictures/hosting/Hosting-1760875665609825046/original/14318c14-9aca-423c-ab89-63f08c9b6a22.jpeg"", ""https://a0.muscache.com/im/pictures/hosting/Hosting-1760875665609825046/original/189d63d7-3798-446f-88de-3b2defa4f0f5.jpeg"", ""https://a0.muscache.com/im/pictures/hosting/Hosting-1760875665609825046/original/f60862c0-7b40-4f86-8c2f-e629df17253f.jpeg"", ""https://a0.muscache.com/im/pictures/hosting/Hosting-1760875665609825046/original/9445a091-d921-46bd-bf60-fb305bf9a0af.jpeg"", ""https://a0.muscache.com/im/pictures/hosting/Hosting-1760875665609825046/original/ae861768-533e-4bac-b611-eabd87f57a35.jpeg"", ""https://a0.muscache.com/im/pictures/hosting/Hosting-1760875665609825046/original/21599ed6-d1e7-4ad9-8652-6d8e7cb9901f.jpeg""]",t,"[{""name"": ""Rùa"", ""avatar"": ""https://a0.muscache.com/im/pictures/user/avatar_rua.jpg""}]","[{""name"": ""DECOR"", ""localizedName"": ""Trang trí"", ""count"": 12}, {""name"": ""INTERIOR"", ""localizedName"": ""Không gian bên trong"", ""count"": 9}, {""name"": ""CLEANLINESS"", ""localizedName"": ""Mức độ sạch sẽ"", ""count"": 24}, {""name"": ""LOCATION"", ""localizedName"": ""Địa điểm"", ""count"": 7}, {""name"": ""HOSPITALITY"", ""localizedName"": ""Hiếu khách"", ""count"": 14}]","[{""title"": ""Trải nghiệm nhận phòng xuất sắc"", ""subtitle"": ""Những khách ở gần đây đã xếp hạng 5 sao cho quy trình nhận phòng.""}, {""title"": ""Tự nhận phòng"", ""subtitle"": ""Tự nhận phòng với hộp khóa an toàn.""}]"
1443973878016260721,https://www.airbnb.com.vn/rooms/1443973878016260721,20260926000000,2026-09-26,city search,The Canal Atelier • Studio nhìn ra kênh • D1,"Chào mừng bạn đến với The Canal Atelier • Studio nhìn ra kênh • D1 — một không gian lưu trú ấm cúng, sang trọng tọa lạc tại Quận 3, Thành phố Hồ Chí Minh.
Căn phòng tràn ngập ánh sáng tự nhiên với đầy đủ tiện nghi cao cấp, giường nệm êm ái, máy lạnh, TV và wifi tốc độ cao. Rất thuận tiện di chuyển tới các điểm tham quan, nhà hàng ẩm thực và quán cà phê nổi tiếng của Thành phố Hồ Chí Minh.","Khu vực Quận 3 an ninh, văn minh, gần nhiều địa điểm ăn uống, mua sắm và giải trí sầm uất tại Thành phố Hồ Chí Minh.",https://a0.muscache.com/im/pictures/hosting/Hosting-1443973878016260721/original/b3909f41-905f-481c-a6c2-d57ecd991032.jpeg,47000046,https://www.airbnb.com.vn/users/show/47000046,Việt,2024-05-11,"Thành phố Hồ Chí Minh, Việt Nam","Xin chào, tôi là Việt, đã có 2 năm kinh nghiệm làm host. Tôi yêu thích du lịch và luôn mong muốn đem lại trải nghiệm lưu trú thoải mái nhất cho khách.",trong vòng một giờ,100%,98%,t,https://a0.muscache.com/im/pictures/user/User-47000046/original/user_profile_6.jpeg,https://a0.muscache.com/im/pictures/user/User-47000046/original/user_profile_6.jpeg,Quận 3,8,3,"['email', 'phone', 'work_email']",t,t,Quận 3,Quận 3,Thành phố Hồ Chí Minh,10.7961,106.6853,Toàn bộ căn hộ cho thuê,Entire home/apt,4,1.0,1 phòng tắm,1,2,"[""Lò vi sóng"", ""Ban công ngắm cảnh"", ""Điều hòa nhiệt độ"", ""Wi-fi tốc độ cao"", ""Không gian riêng để làm việc"", ""Bồn tắm thư giãn"", ""Máy giặt"", ""Bếp đầy đủ tiện nghi"", ""TV màn hình phẳng"", ""Máy phát hiện khí CO"", ""Tự nhận phòng với hộp khóa an toàn"", ""Máy sấy tóc"", ""Thang máy"", ""Bể bơi""]","₫1,335,100",1,1125,1,2,1125,1125,1.0,1125.0,today,t,18,40,66,249,2026-09-26,84,36,5,2023-06-14,2026-09-20,4.92,4.82,4.89,5.0,5.0,4.72,4.74,,t,2,2,0,0,3.01,"[""https://a0.muscache.com/im/pictures/hosting/Hosting-1443973878016260721/original/b3909f41-905f-481c-a6c2-d57ecd991032.jpeg"", ""https://a0.muscache.com/im/pictures/hosting/Hosting-1443973878016260721/original/0791279f-7920-4e69-ab3f-8e25cda0159f.jpeg"", ""https://a0.muscache.com/im/pictures/hosting/Hosting-1443973878016260721/original/9931ca33-142a-4894-ba5e-1de009091aa5.jpeg"", ""https://a0.muscache.com/im/pictures/hosting/Hosting-1443973878016260721/original/219a8653-247c-4064-bd5e-dd79ca0349fb.jpeg"", ""https://a0.muscache.com/im/pictures/hosting/Hosting-1443973878016260721/original/d4fb4436-a843-4bdc-9b3e-e2453ee97f94.jpeg"", ""https://a0.muscache.com/im/pictures/hosting/Hosting-1443973878016260721/original/a504e494-15a9-449f-b2c2-efc876e9f986.jpeg"", ""https://a0.muscache.com/im/pictures/hosting/Hosting-1443973878016260721/original/4cee20a6-64f8-48ec-95c3-eaa9755e787c.jpeg"", ""https://a0.muscache.com/im/pictures/hosting/Hosting-1443973878016260721/original/c14dafde-dfb3-4acb-9f0a-00ea6ce4ea36.jpeg"", ""https://a0.muscache.com/im/pictures/hosting/Hosting-1443973878016260721/original/be2660e7-1de7-4461-8b81-e52998831093.jpeg"", ""https://a0.muscache.com/im/pictures/hosting/Hosting-1443973878016260721/original/db7981ae-13df-434d-9a82-973da3cef822.jpeg"", ""https://a0.muscache.com/im/pictures/hosting/Hosting-1443973878016260721/original/4331e093-11e1-40e7-ab85-726986ab5555.jpeg"", ""https://a0.muscache.com/im/pictures/hosting/Hosting-1443973878016260721/original/72df086c-cfff-4f35-ae7a-fdadd78dd90d.jpeg"", ""https://a0.muscache.com/im/pictures/hosting/Hosting-1443973878016260721/original/5d819069-e17d-4a50-91dc-eec693b7c902.jpeg"", ""https://a0.muscache.com/im/pictures/hosting/Hosting-1443973878016260721/original/c5a78cf1-52e5-4e20-891b-fa5909cdf2ba.jpeg"", ""https://a0.muscache.com/im/pictures/hosting/Hosting-1443973878016260721/original/6508f4eb-25aa-4fba-9c41-c5de3ca1f7fb.jpeg"", ""https://a0.muscache.com/im/pictures/hosting/Hosting-1443973878016260721/original/0799ac59-937a-4234-983a-68d9eec02aae.jpeg"", ""https://a0.muscache.com/im/pictures/hosting/Hosting-1443973878016260721/original/ee4ca5ae-3f7a-4916-8f24-3a683bfaf064.jpeg"", ""https://a0.muscache.com/im/pictures/hosting/Hosting-1443973878016260721/original/f03f9b56-ed70-4da5-a73f-64b565929435.jpeg"", ""https://a0.muscache.com/im/pictures/hosting/Hosting-1443973878016260721/original/ed0c58ce-4c86-45a3-900d-7a09347e046f.jpeg""]",t,"[{""name"": ""Cindy"", ""avatar"": ""https://a0.muscache.com/im/pictures/user/avatar_cindy.jpg""}, {""name"": ""Long"", ""avatar"": ""https://a0.muscache.com/im/pictures/user/avatar_long.jpg""}]","[{""name"": ""DECOR"", ""localizedName"": ""Trang trí"", ""count"": 15}, {""name"": ""INTERIOR"", ""localizedName"": ""Không gian bên trong"", ""count"": 13}, {""name"": ""CLEANLINESS"", ""localizedName"": ""Mức độ sạch sẽ"", ""count"": 9}, {""name"": ""LOCATION"", ""localizedName"": ""Địa điểm"", ""count"": 9}, {""name"": ""HOSPITALITY"", ""localizedName"": ""Hiếu khách"", ""count"": 12}]","[{""title"": ""Trải nghiệm nhận phòng xuất sắc"", ""subtitle"": ""Những khách ở gần đây đã xếp hạng 5 sao cho quy trình nhận phòng.""}, {""title"": ""Tự nhận phòng"", ""subtitle"": ""Tự nhận phòng với hộp khóa an toàn.""}]"
1749908749828896940,https://www.airbnb.com.vn/rooms/1749908749828896940,20260926000000,2026-09-26,city search,Gần sân bay/Studio/nhìn ra thành phố/Hội/Netflix,"Chào mừng bạn đến với Gần sân bay/Studio/nhìn ra thành phố/Hội/Netflix — một không gian lưu trú ấm cúng, sang trọng tọa lạc tại Quận 4, Thành phố Hồ Chí Minh.
Căn phòng tràn ngập ánh sáng tự nhiên với đầy đủ tiện nghi cao cấp, giường nệm êm ái, máy lạnh, TV và wifi tốc độ cao. Rất thuận tiện di chuyển tới các điểm tham quan, nhà hàng ẩm thực và quán cà phê nổi tiếng của Thành phố Hồ Chí Minh.","Khu vực Quận 4 an ninh, văn minh, gần nhiều địa điểm ăn uống, mua sắm và giải trí sầm uất tại Thành phố Hồ Chí Minh.",https://a0.muscache.com/im/pictures/hosting/Hosting-1749908749828896940/original/f6578bac-d832-4fe2-9e8a-485ed0344ffe.jpeg,47000047,https://www.airbnb.com.vn/users/show/47000047,Phong,2019-12-31,"Thành phố Hồ Chí Minh, Việt Nam","Xin chào, tôi là Phong, đã có 6 năm kinh nghiệm làm host. Tôi yêu thích du lịch và luôn mong muốn đem lại trải nghiệm lưu trú thoải mái nhất cho khách.",trong vòng một giờ,100%,98%,f,https://a0.muscache.com/im/pictures/user/User-47000047/original/user_profile_7.jpeg,https://a0.muscache.com/im/pictures/user/User-47000047/original/user_profile_7.jpeg,Quận 4,7,5,"['email', 'phone', 'work_email']",t,t,Quận 4,Quận 4,Thành phố Hồ Chí Minh,10.8317,106.6349,Toàn bộ căn hộ cho thuê,Entire home/apt,2,1.0,1 phòng tắm,1,1,"[""Lò vi sóng"", ""Máy giặt"", ""Bồn tắm thư giãn"", ""Bàn ủi / Bàn là"", ""Bể bơi"", ""Máy phát hiện khí CO"", ""Tự nhận phòng với hộp khóa an toàn"", ""Máy báo khói"", ""Wi-fi tốc độ cao"", ""TV màn hình phẳng"", ""Bộ chăn ga gối cao cấp"", ""Không gian riêng để làm việc"", ""Thang máy"", ""Bếp đầy đủ tiện nghi"", ""Dầu gội & Sữa tắm"", ""Máy sấy tóc"", ""Tủ lạnh"", ""Điều hòa nhiệt độ"", ""Chỗ đỗ xe miễn phí trong khuôn viên""]","₫476,424",1,1125,1,2,1125,1125,1.0,1125.0,today,t,19,49,72,320,2026-09-26,131,4,5,2023-06-14,2026-09-03,4.85,4.83,4.94,5.0,5.0,4.8,4.76,,f,2,2,0,0,2.17,"[""https://a0.muscache.com/im/pictures/hosting/Hosting-1749908749828896940/original/f6578bac-d832-4fe2-9e8a-485ed0344ffe.jpeg"", ""https://a0.muscache.com/im/pictures/hosting/Hosting-1749908749828896940/original/a4c8c287-38c5-4eac-9e07-425df02c2065.jpeg"", ""https://a0.muscache.com/im/pictures/hosting/Hosting-1749908749828896940/original/cf433e06-d9e9-4b00-9870-c86d2ee04f19.jpeg"", ""https://a0.muscache.com/im/pictures/hosting/Hosting-1749908749828896940/original/dd0ab635-adcc-4e66-9aef-ba8b58f16980.jpeg"", ""https://a0.muscache.com/im/pictures/hosting/Hosting-1749908749828896940/original/75519d9b-8f5e-405a-b7ad-c6210a8ceb76.jpeg"", ""https://a0.muscache.com/im/pictures/hosting/Hosting-1749908749828896940/original/f1dcce47-4788-4640-b9d7-b83a2c7f22a7.jpeg"", ""https://a0.muscache.com/im/pictures/hosting/Hosting-1749908749828896940/original/66333ed1-fc5e-45f7-abb5-16bf4341e91b.jpeg"", ""https://a0.muscache.com/im/pictures/hosting/Hosting-1749908749828896940/original/7692e680-39a3-44ff-ab7d-c4ec8cd112c0.jpeg"", ""https://a0.muscache.com/im/pictures/hosting/Hosting-1749908749828896940/original/da753b85-418c-4483-87af-2c6e780616a3.jpeg""]",f,"[{""name"": ""Long"", ""avatar"": ""https://a0.muscache.com/im/pictures/user/avatar_long.jpg""}, {""name"": ""Dang Nguyen"", ""avatar"": ""https://a0.muscache.com/im/pictures/user/avatar_dang.jpg""}]","[{""name"": ""DECOR"", ""localizedName"": ""Trang trí"", ""count"": 12}, {""name"": ""INTERIOR"", ""localizedName"": ""Không gian bên trong"", ""count"": 17}, {""name"": ""CLEANLINESS"", ""localizedName"": ""Mức độ sạch sẽ"", ""count"": 7}, {""name"": ""LOCATION"", ""localizedName"": ""Địa điểm"", ""count"": 7}, {""name"": ""HOSPITALITY"", ""localizedName"": ""Hiếu khách"", ""count"": 13}]","[{""title"": ""Trải nghiệm nhận phòng xuất sắc"", ""subtitle"": ""Những khách ở gần đây đã xếp hạng 5 sao cho quy trình nhận phòng.""}, {""title"": ""Tự nhận phòng"", ""subtitle"": ""Tự nhận phòng với hộp khóa an toàn.""}]"
1693248896132079433,https://www.airbnb.com.vn/rooms/1693248896132079433,20260926000000,2026-09-26,city search,MOJO TwinSuite| Giường cao cấp| Ban công| Thang máy,"Chào mừng bạn đến với MOJO TwinSuite| Giường cao cấp| Ban công| Thang máy — một không gian lưu trú ấm cúng, sang trọng tọa lạc tại Quận 7, Thành phố Hồ Chí Minh.
Căn phòng tràn ngập ánh sáng tự nhiên với đầy đủ tiện nghi cao cấp, giường nệm êm ái, máy lạnh, TV và wifi tốc độ cao. Rất thuận tiện di chuyển tới các điểm tham quan, nhà hàng ẩm thực và quán cà phê nổi tiếng của Thành phố Hồ Chí Minh.","Khu vực Quận 7 an ninh, văn minh, gần nhiều địa điểm ăn uống, mua sắm và giải trí sầm uất tại Thành phố Hồ Chí Minh.",https://a0.muscache.com/im/pictures/hosting/Hosting-1693248896132079433/original/48852709-2306-4340-b9c4-f9b846c037c1.jpeg,47000048,https://www.airbnb.com.vn/users/show/47000048,Tùng,2024-06-12,"Thành phố Hồ Chí Minh, Việt Nam","Xin chào, tôi là Tùng, đã có 2 năm kinh nghiệm làm host. Tôi yêu thích du lịch và luôn mong muốn đem lại trải nghiệm lưu trú thoải mái nhất cho khách.",trong vòng một giờ,100%,98%,t,https://a0.muscache.com/im/pictures/user/User-47000048/original/user_profile_8.jpeg,https://a0.muscache.com/im/pictures/user/User-47000048/original/user_profile_8.jpeg,Quận 7,2,3,"['email', 'phone', 'work_email']",t,t,Quận 7,Quận 7,Thành phố Hồ Chí Minh,10.7869,106.6911,Phòng riêng trong nhà,Private room,4,1.0,1 phòng tắm,1,2,"[""Bếp đầy đủ tiện nghi"", ""Điều hòa nhiệt độ"", ""Bộ chăn ga gối cao cấp"", ""Tự nhận phòng với hộp khóa an toàn"", ""TV màn hình phẳng"", ""Bồn tắm thư giãn"", ""Bàn ủi / Bàn là"", ""Máy sấy tóc"", ""Tủ lạnh"", ""Máy phát hiện khí CO"", ""Lò vi sóng"", ""Chỗ đỗ xe miễn phí trong khuôn viên"", ""Bể bơi"", ""Dầu gội & Sữa tắm"", ""Wi-fi tốc độ cao"", ""Máy giặt"", ""Ban công ngắm cảnh"", ""Không gian riêng để làm việc"", ""Thang máy""]","₫1,948,212",1,1125,1,2,1125,1125,1.0,1125.0,today,t,24,40,63,275,2026-09-26,20,19,1,2025-11-30,2026-09-20,4.9,4.95,4.95,5.0,5.0,4.77,4.7,,t,2,0,1,0,1.38,"[""https://a0.muscache.com/im/pictures/hosting/Hosting-1693248896132079433/original/48852709-2306-4340-b9c4-f9b846c037c1.jpeg"", ""https://a0.muscache.com/im/pictures/hosting/Hosting-1693248896132079433/original/d85c5a35-14be-41d1-913f-e65e51f549bc.jpeg"", ""https://a0.muscache.com/im/pictures/hosting/Hosting-1601887470978637754/original/bc63d48d-d6e6-4d0b-880c-b3e240aa1816.jpeg"", ""https://a0.muscache.com/im/pictures/hosting/Hosting-1693248896132079433/original/63c0ee98-43fb-4516-9513-0d8e733e1768.jpeg"", ""https://a0.muscache.com/im/pictures/hosting/Hosting-1601887470978637754/original/6cb6e815-5f6f-42f0-82ce-2ca38c5d0aea.jpeg"", ""https://a0.muscache.com/im/pictures/hosting/Hosting-1614398951600135093/original/1f9a108f-cfe9-4a79-b927-52301a5eb5b8.jpeg""]",t,"[{""name"": ""Long"", ""avatar"": ""https://a0.muscache.com/im/pictures/user/avatar_long.jpg""}]","[{""name"": ""DECOR"", ""localizedName"": ""Trang trí"", ""count"": 9}, {""name"": ""INTERIOR"", ""localizedName"": ""Không gian bên trong"", ""count"": 22}, {""name"": ""CLEANLINESS"", ""localizedName"": ""Mức độ sạch sẽ"", ""count"": 11}, {""name"": ""LOCATION"", ""localizedName"": ""Địa điểm"", ""count"": 14}, {""name"": ""HOSPITALITY"", ""localizedName"": ""Hiếu khách"", ""count"": 3}]","[{""title"": ""Trải nghiệm nhận phòng xuất sắc"", ""subtitle"": ""Những khách ở gần đây đã xếp hạng 5 sao cho quy trình nhận phòng.""}, {""title"": ""Tự nhận phòng"", ""subtitle"": ""Tự nhận phòng với hộp khóa an toàn.""}]"
1235516888030126914,https://www.airbnb.com.vn/rooms/1235516888030126914,20260926000000,2026-09-26,city search,BW House Inner 101,"Chào mừng bạn đến với BW House Inner 101 — một không gian lưu trú ấm cúng, sang trọng tọa lạc tại Quận 3, Thành phố Hồ Chí Minh.
Căn phòng tràn ngập ánh sáng tự nhiên với đầy đủ tiện nghi cao cấp, giường nệm êm ái, máy lạnh, TV và wifi tốc độ cao. Rất thuận tiện di chuyển tới các điểm tham quan, nhà hàng ẩm thực và quán cà phê nổi tiếng của Thành phố Hồ Chí Minh.","Khu vực Quận 3 an ninh, văn minh, gần nhiều địa điểm ăn uống, mua sắm và giải trí sầm uất tại Thành phố Hồ Chí Minh.",https://a0.muscache.com/im/pictures/hosting/Hosting-1235516888030126914/original/f1e0c53b-cd6e-49d8-9a8a-db14f883f3e9.jpeg,47000049,https://www.airbnb.com.vn/users/show/47000049,Quân,2025-05-15,"Thành phố Hồ Chí Minh, Việt Nam","Xin chào, tôi là Quân, đã có 1 năm kinh nghiệm làm host. Tôi yêu thích du lịch và luôn mong muốn đem lại trải nghiệm lưu trú thoải mái nhất cho khách.",trong vòng một giờ,100%,98%,f,https://a0.muscache.com/im/pictures/user/User-47000049/original/user_profile_9.jpeg,https://a0.muscache.com/im/pictures/user/User-47000049/original/user_profile_9.jpeg,Quận 3,9,3,"['email', 'phone', 'work_email']",t,t,Quận 3,Quận 3,Thành phố Hồ Chí Minh,10.78257,106.68818,Phòng riêng trong nhà,Private room,2,1.0,1 phòng tắm,1,1,"[""Bếp đầy đủ tiện nghi"", ""Máy báo khói"", ""Thang máy"", ""Máy sấy tóc"", ""Máy giặt"", ""Bể bơi"", ""Bộ chăn ga gối cao cấp"", ""Máy phát hiện khí CO"", ""Tủ lạnh"", ""Ban công ngắm cảnh"", ""Điều hòa nhiệt độ"", ""Bồn tắm thư giãn"", ""TV màn hình phẳng"", ""Dầu gội & Sữa tắm"", ""Wi-fi tốc độ cao""]","₫575,000",1,1125,1,2,1125,1125,1.0,1125.0,today,t,19,48,77,248,2026-09-26,66,11,0,2024-01-10,2026-09-03,4.95,4.95,4.85,5.0,5.0,4.71,4.84,,f,2,0,1,0,1.66,"[""https://a0.muscache.com/im/pictures/hosting/Hosting-1235516888030126914/original/f1e0c53b-cd6e-49d8-9a8a-db14f883f3e9.jpeg"", ""https://a0.muscache.com/im/pictures/hosting/Hosting-1235516888030126914/original/276c1d6a-4651-4e70-afdc-e02c84e8982a.jpeg"", ""https://a0.muscache.com/im/pictures/hosting/Hosting-1235516888030126914/original/0dbe987e-2e70-4356-8ae5-cbdaae6315b6.jpeg"", ""https://a0.muscache.com/im/pictures/hosting/Hosting-1235516888030126914/original/9a45d6d9-05aa-42b3-8dbe-190bce88390e.jpeg"", ""https://a0.muscache.com/im/pictures/hosting/Hosting-1235516888030126914/original/11cf402a-515b-45d4-b3e3-bf3cd336bfc0.jpeg"", ""https://a0.muscache.com/im/pictures/hosting/Hosting-1235516888030126914/original/bfd4fcc7-1e7a-4ca4-9fb3-8b21d1139192.jpeg""]",t,"[{""name"": ""Dang Nguyen"", ""avatar"": ""https://a0.muscache.com/im/pictures/user/avatar_dang.jpg""}, {""name"": ""Long"", ""avatar"": ""https://a0.muscache.com/im/pictures/user/avatar_long.jpg""}]","[{""name"": ""DECOR"", ""localizedName"": ""Trang trí"", ""count"": 7}, {""name"": ""INTERIOR"", ""localizedName"": ""Không gian bên trong"", ""count"": 18}, {""name"": ""CLEANLINESS"", ""localizedName"": ""Mức độ sạch sẽ"", ""count"": 13}, {""name"": ""LOCATION"", ""localizedName"": ""Địa điểm"", ""count"": 7}, {""name"": ""HOSPITALITY"", ""localizedName"": ""Hiếu khách"", ""count"": 15}]","[{""title"": ""Trải nghiệm nhận phòng xuất sắc"", ""subtitle"": ""Những khách ở gần đây đã xếp hạng 5 sao cho quy trình nhận phòng.""}, {""title"": ""Tự nhận phòng"", ""subtitle"": ""Tự nhận phòng với hộp khóa an toàn.""}]"
1601887470978637754,https://www.airbnb.com.vn/rooms/1601887470978637754,20260926000000,2026-09-26,city search,MOJOhome| Bộ đồ giường cao cấp| Ban công| Thang máy| 22,"Chào mừng bạn đến với MOJOhome| Bộ đồ giường cao cấp| Ban công| Thang máy| 22 — một không gian lưu trú ấm cúng, sang trọng tọa lạc tại Quận 3, Thành phố Hồ Chí Minh.
Căn phòng tràn ngập ánh sáng tự nhiên với đầy đủ tiện nghi cao cấp, giường nệm êm ái, máy lạnh, TV và wifi tốc độ cao. Rất thuận tiện di chuyển tới các điểm tham quan, nhà hàng ẩm thực và quán cà phê nổi tiếng của Thành phố Hồ Chí Minh.","Khu vực Quận 3 an ninh, văn minh, gần nhiều địa điểm ăn uống, mua sắm và giải trí sầm uất tại Thành phố Hồ Chí Minh.",https://a0.muscache.com/im/pictures/hosting/Hosting-1601887470978637754/original/e71aae67-678f-4d1d-afcd-3911a069d812.jpeg,47000050,https://www.airbnb.com.vn/users/show/47000050,Felix,2023-12-23,"Thành phố Hồ Chí Minh, Việt Nam","Xin chào, tôi là Felix, đã có 2 năm kinh nghiệm làm host. Tôi yêu thích du lịch và luôn mong muốn đem lại trải nghiệm lưu trú thoải mái nhất cho khách.",trong vòng một giờ,100%,98%,t,https://a0.muscache.com/im/pictures/user/User-47000050/original/user_profile_0.jpeg,https://a0.muscache.com/im/pictures/user/User-47000050/original/user_profile_0.jpeg,Quận 3,8,8,"['email', 'phone', 'work_email']",t,t,Quận 3,Quận 3,Thành phố Hồ Chí Minh,10.7868,106.6909,Phòng riêng trong nhà,Private room,2,1.0,1 phòng tắm,1,1,"[""Ban công ngắm cảnh"", ""Bồn tắm thư giãn"", ""Máy phát hiện khí CO"", ""Máy giặt"", ""Bếp đầy đủ tiện nghi"", ""Không gian riêng để làm việc"", ""Lò vi sóng"", ""Tủ lạnh"", ""TV màn hình phẳng"", ""Wi-fi tốc độ cao"", ""Dầu gội & Sữa tắm"", ""Chỗ đỗ xe miễn phí trong khuôn viên"", ""Máy báo khói"", ""Máy sấy tóc"", ""Thang máy"", ""Bể bơi"", ""Điều hòa nhiệt độ""]","₫1,048,877",1,1125,1,2,1125,1125,1.0,1125.0,today,t,15,37,81,237,2026-09-26,35,9,5,2025-04-19,2026-09-03,4.91,4.95,4.96,5.0,5.0,4.79,4.75,,t,2,0,1,0,4.23,"[""https://a0.muscache.com/im/pictures/hosting/Hosting-1601887470978637754/original/e71aae67-678f-4d1d-afcd-3911a069d812.jpeg"", ""https://a0.muscache.com/im/pictures/hosting/Hosting-1601887470978637754/original/a73073b1-b689-438b-a075-1ea961040b08.jpeg"", ""https://a0.muscache.com/im/pictures/hosting/Hosting-1601887470978637754/original/bc63d48d-d6e6-4d0b-880c-b3e240aa1816.jpeg"", ""https://a0.muscache.com/im/pictures/hosting/Hosting-1601887470978637754/original/fb90c94d-72f0-4996-ac4e-cff952582ecc.jpeg"", ""https://a0.muscache.com/im/pictures/hosting/Hosting-1601887470978637754/original/e429e468-08e0-42cc-b0c5-66545ce61812.jpeg"", ""https://a0.muscache.com/im/pictures/hosting/Hosting-1601887470978637754/original/c0b69a7f-3bcc-4a89-9b87-bc655f3c3328.jpeg""]",t,"[{""name"": ""Rùa"", ""avatar"": ""https://a0.muscache.com/im/pictures/user/avatar_rua.jpg""}]","[{""name"": ""DECOR"", ""localizedName"": ""Trang trí"", ""count"": 17}, {""name"": ""INTERIOR"", ""localizedName"": ""Không gian bên trong"", ""count"": 22}, {""name"": ""CLEANLINESS"", ""localizedName"": ""Mức độ sạch sẽ"", ""count"": 4}, {""name"": ""LOCATION"", ""localizedName"": ""Địa điểm"", ""count"": 3}, {""name"": ""HOSPITALITY"", ""localizedName"": ""Hiếu khách"", ""count"": 7}]","[{""title"": ""Trải nghiệm nhận phòng xuất sắc"", ""subtitle"": ""Những khách ở gần đây đã xếp hạng 5 sao cho quy trình nhận phòng.""}, {""title"": ""Tự nhận phòng"", ""subtitle"": ""Tự nhận phòng với hộp khóa an toàn.""}]"
1635346311829846408,https://www.airbnb.com.vn/rooms/1635346311829846408,20260926000000,2026-09-26,city search,Gần Q1/Sân bay • Japandi • Góc làm việc • Netflix,"Chào mừng bạn đến với Gần Q1/Sân bay • Japandi • Góc làm việc • Netflix — một không gian lưu trú ấm cúng, sang trọng tọa lạc tại Quận Phú Nhuận, Thành phố Hồ Chí Minh.
Căn phòng tràn ngập ánh sáng tự nhiên với đầy đủ tiện nghi cao cấp, giường nệm êm ái, máy lạnh, TV và wifi tốc độ cao. Rất thuận tiện di chuyển tới các điểm tham quan, nhà hàng ẩm thực và quán cà phê nổi tiếng của Thành phố Hồ Chí Minh.","Khu vực Quận Phú Nhuận an ninh, văn minh, gần nhiều địa điểm ăn uống, mua sắm và giải trí sầm uất tại Thành phố Hồ Chí Minh.",https://a0.muscache.com/im/pictures/hosting/Hosting-1635346311829846408/original/7e332fd4-f8a8-4aff-8473-ed5366cfe83a.png,47000051,https://www.airbnb.com.vn/users/show/47000051,Cindy,2023-02-02,"Thành phố Hồ Chí Minh, Việt Nam","Xin chào, tôi là Cindy, đã có 3 năm kinh nghiệm làm host. Tôi yêu thích du lịch và luôn mong muốn đem lại trải nghiệm lưu trú thoải mái nhất cho khách.",trong vòng một giờ,100%,98%,f,https://a0.muscache.com/im/pictures/user/User-47000051/original/user_profile_1.jpeg,https://a0.muscache.com/im/pictures/user/User-47000051/original/user_profile_1.jpeg,Quận Phú Nhuận,7,9,"['email', 'phone', 'work_email']",t,t,Quận Phú Nhuận,Quận Phú Nhuận,Thành phố Hồ Chí Minh,10.80733,106.68311,Phòng riêng trong nhà,Private room,2,1.0,1 phòng tắm,1,1,"[""Máy giặt"", ""Điều hòa nhiệt độ"", ""Ban công ngắm cảnh"", ""Dầu gội & Sữa tắm"", ""Tự nhận phòng với hộp khóa an toàn"", ""Bàn ủi / Bàn là"", ""Máy sấy tóc"", ""Bể bơi"", ""Lò vi sóng"", ""TV màn hình phẳng"", ""Máy báo khói"", ""Chỗ đỗ xe miễn phí trong khuôn viên"", ""Bộ chăn ga gối cao cấp"", ""Thang máy"", ""Wi-fi tốc độ cao"", ""Bồn tắm thư giãn"", ""Không gian riêng để làm việc"", ""Tủ lạnh"", ""Bếp đầy đủ tiện nghi""]","₫587,429",1,1125,1,2,1125,1125,1.0,1125.0,today,t,14,50,56,266,2026-09-26,16,3,3,2026-01-29,2026-09-24,5.0,4.9,4.94,5.0,5.0,4.97,4.78,,f,2,0,1,0,1.94,"[""https://a0.muscache.com/im/pictures/hosting/Hosting-1635346311829846408/original/7e332fd4-f8a8-4aff-8473-ed5366cfe83a.png"", ""https://a0.muscache.com/im/pictures/hosting/Hosting-1635346311829846408/original/7c34b7f9-e611-468f-bfe7-1178657e4d2d.png"", ""https://a0.muscache.com/im/pictures/hosting/Hosting-1635346311829846408/original/4f0c1a35-e5b1-421b-8707-52780e86b3ef.png"", ""https://a0.muscache.com/im/pictures/hosting/Hosting-1635346311829846408/original/9a278edc-3aa9-4690-80b1-648f781e61ed.png"", ""https://a0.muscache.com/im/pictures/hosting/Hosting-1635346311829846408/original/e19867f3-354a-4172-af7b-3eb00b4e9f30.png"", ""https://a0.muscache.com/im/pictures/hosting/Hosting-1635346311829846408/original/b7634ccb-2697-4356-986d-e5c6493b0552.png""]",t,"[{""name"": ""Cindy"", ""avatar"": ""https://a0.muscache.com/im/pictures/user/avatar_cindy.jpg""}]","[{""name"": ""DECOR"", ""localizedName"": ""Trang trí"", ""count"": 3}, {""name"": ""INTERIOR"", ""localizedName"": ""Không gian bên trong"", ""count"": 10}, {""name"": ""CLEANLINESS"", ""localizedName"": ""Mức độ sạch sẽ"", ""count"": 13}, {""name"": ""LOCATION"", ""localizedName"": ""Địa điểm"", ""count"": 14}, {""name"": ""HOSPITALITY"", ""localizedName"": ""Hiếu khách"", ""count"": 12}]","[{""title"": ""Trải nghiệm nhận phòng xuất sắc"", ""subtitle"": ""Những khách ở gần đây đã xếp hạng 5 sao cho quy trình nhận phòng.""}, {""title"": ""Tự nhận phòng"", ""subtitle"": ""Tự nhận phòng với hộp khóa an toàn.""}]"
1720997859591623543,https://www.airbnb.com.vn/rooms/1720997859591623543,20260926000000,2026-09-26,city search,Sonder _Studio Bùi Viện có bồn tắm và bếp,"Chào mừng bạn đến với Sonder _Studio Bùi Viện có bồn tắm và bếp — một không gian lưu trú ấm cúng, sang trọng tọa lạc tại Thành phố Thủ Đức, Thành phố Hồ Chí Minh.
Căn phòng tràn ngập ánh sáng tự nhiên với đầy đủ tiện nghi cao cấp, giường nệm êm ái, máy lạnh, TV và wifi tốc độ cao. Rất thuận tiện di chuyển tới các điểm tham quan, nhà hàng ẩm thực và quán cà phê nổi tiếng của Thành phố Hồ Chí Minh.","Khu vực Thành phố Thủ Đức an ninh, văn minh, gần nhiều địa điểm ăn uống, mua sắm và giải trí sầm uất tại Thành phố Hồ Chí Minh.",https://a0.muscache.com/im/pictures/hosting/Hosting-1720997859591623543/original/f61093db-bd86-4a45-bbd4-c397fb1ef5fa.png,47000052,https://www.airbnb.com.vn/users/show/47000052,Rose,2025-05-25,"Thành phố Hồ Chí Minh, Việt Nam","Xin chào, tôi là Rose, đã có 1 năm kinh nghiệm làm host. Tôi yêu thích du lịch và luôn mong muốn đem lại trải nghiệm lưu trú thoải mái nhất cho khách.",trong vòng một giờ,100%,98%,t,https://a0.muscache.com/im/pictures/user/User-47000052/original/user_profile_2.jpeg,https://a0.muscache.com/im/pictures/user/User-47000052/original/user_profile_2.jpeg,Thành phố Thủ Đức,10,6,"['email', 'phone', 'work_email']",t,t,Thành phố Thủ Đức,Thành phố Thủ Đức,Thành phố Hồ Chí Minh,10.761,106.687,Phòng riêng trong nhà,Private room,2,1.0,1 phòng tắm,1,1,"[""Tủ lạnh"", ""Không gian riêng để làm việc"", ""Máy báo khói"", ""Điều hòa nhiệt độ"", ""Wi-fi tốc độ cao"", ""Chỗ đỗ xe miễn phí trong khuôn viên"", ""Tự nhận phòng với hộp khóa an toàn"", ""Bàn ủi / Bàn là"", ""Máy giặt"", ""Lò vi sóng"", ""Bồn tắm thư giãn"", ""Máy sấy tóc"", ""Dầu gội & Sữa tắm"", ""Bộ chăn ga gối cao cấp"", ""Bếp đầy đủ tiện nghi"", ""TV màn hình phẳng"", ""Máy phát hiện khí CO"", ""Bể bơi"", ""Thang máy"", ""Ban công ngắm cảnh""]","₫522,223",1,1125,1,2,1125,1125,1.0,1125.0,today,t,16,38,73,336,2026-09-26,3,2,3,2026-08-12,2026-09-17,5.0,4.9,4.91,5.0,5.0,4.81,4.81,,t,2,0,1,0,3.06,"[""https://a0.muscache.com/im/pictures/hosting/Hosting-1720997859591623543/original/f61093db-bd86-4a45-bbd4-c397fb1ef5fa.png"", ""https://a0.muscache.com/im/pictures/hosting/Hosting-1720997859591623543/original/1a9a41dd-43e2-4689-afb3-ad5a2476d916.jpeg"", ""https://a0.muscache.com/im/pictures/hosting/Hosting-1720997859591623543/original/9278770d-2a95-4531-b864-837e237a494c.jpeg"", ""https://a0.muscache.com/im/pictures/hosting/Hosting-1720997859591623543/original/75987d65-4942-4ecd-a8d2-6738f3dfe18f.jpeg"", ""https://a0.muscache.com/im/pictures/hosting/Hosting-1720997859591623543/original/2ef501a4-f686-45fe-be95-b1aa9b24958e.jpeg"", ""https://a0.muscache.com/im/pictures/hosting/Hosting-1720997859591623543/original/e9efcd13-1400-4f28-9d2e-7fdb98e7a9fc.jpeg""]",f,"[{""name"": ""Rùa"", ""avatar"": ""https://a0.muscache.com/im/pictures/user/avatar_rua.jpg""}]","[{""name"": ""DECOR"", ""localizedName"": ""Trang trí"", ""count"": 13}, {""name"": ""INTERIOR"", ""localizedName"": ""Không gian bên trong"", ""count"": 22}, {""name"": ""CLEANLINESS"", ""localizedName"": ""Mức độ sạch sẽ"", ""count"": 19}, {""name"": ""LOCATION"", ""localizedName"": ""Địa điểm"", ""count"": 18}, {""name"": ""HOSPITALITY"", ""localizedName"": ""Hiếu khách"", ""count"": 8}]","[{""title"": ""Trải nghiệm nhận phòng xuất sắc"", ""subtitle"": ""Những khách ở gần đây đã xếp hạng 5 sao cho quy trình nhận phòng.""}, {""title"": ""Tự nhận phòng"", ""subtitle"": ""Tự nhận phòng với hộp khóa an toàn.""}]"
1544052981406247638,https://www.airbnb.com.vn/rooms/1544052981406247638,20260926000000,2026-09-26,city search,BW House Thảo Điền Window G02,"Chào mừng bạn đến với BW House Thảo Điền Window G02 — một không gian lưu trú ấm cúng, sang trọng tọa lạc tại Quận Tân Bình, Thành phố Hồ Chí Minh.
Căn phòng tràn ngập ánh sáng tự nhiên với đầy đủ tiện nghi cao cấp, giường nệm êm ái, máy lạnh, TV và wifi tốc độ cao. Rất thuận tiện di chuyển tới các điểm tham quan, nhà hàng ẩm thực và quán cà phê nổi tiếng của Thành phố Hồ Chí Minh.","Khu vực Quận Tân Bình an ninh, văn minh, gần nhiều địa điểm ăn uống, mua sắm và giải trí sầm uất tại Thành phố Hồ Chí Minh.",https://a0.muscache.com/im/pictures/hosting/Hosting-1544052981406247638/original/89643b56-10da-43ec-bc5b-c0bd8962658d.jpeg,47000053,https://www.airbnb.com.vn/users/show/47000053,LangX,2020-12-05,"Thành phố Hồ Chí Minh, Việt Nam","Xin chào, tôi là LangX, đã có 5 năm kinh nghiệm làm host. Tôi yêu thích du lịch và luôn mong muốn đem lại trải nghiệm lưu trú thoải mái nhất cho khách.",trong vòng một giờ,100%,98%,f,https://a0.muscache.com/im/pictures/user/User-47000053/original/user_profile_3.jpeg,https://a0.muscache.com/im/pictures/user/User-47000053/original/user_profile_3.jpeg,Quận Tân Bình,7,9,"['email', 'phone', 'work_email']",t,t,Quận Tân Bình,Quận Tân Bình,Thành phố Hồ Chí Minh,10.80884124983343,106.73218219364504,Phòng riêng trong nhà,Private room,2,1.0,1 phòng tắm,1,1,"[""Máy phát hiện khí CO"", ""Điều hòa nhiệt độ"", ""Tủ lạnh"", ""Thang máy"", ""Chỗ đỗ xe miễn phí trong khuôn viên"", ""Dầu gội & Sữa tắm"", ""Wi-fi tốc độ cao"", ""Máy báo khói"", ""TV màn hình phẳng"", ""Bồn tắm thư giãn"", ""Lò vi sóng"", ""Máy sấy tóc"", ""Không gian riêng để làm việc"", ""Bộ chăn ga gối cao cấp"", ""Tự nhận phòng với hộp khóa an toàn"", ""Ban công ngắm cảnh"", ""Bếp đầy đủ tiện nghi"", ""Máy giặt""]","₫1,000,000",1,1125,1,2,1125,1125,1.0,1125.0,today,t,17,48,85,321,2026-09-26,24,6,0,2025-10-01,2026-09-10,4.96,4.82,4.94,5.0,5.0,4.99,4.73,,f,2,0,1,0,3.33,"[""https://a0.muscache.com/im/pictures/hosting/Hosting-1544052981406247638/original/89643b56-10da-43ec-bc5b-c0bd8962658d.jpeg"", ""https://a0.muscache.com/im/pictures/hosting/Hosting-1544052981406247638/original/22ab4f93-f13f-495b-8121-5f8b31e85e43.jpeg"", ""https://a0.muscache.com/im/pictures/hosting/Hosting-1544052981406247638/original/dcd6c51d-cac0-4e5e-ae7d-d1989db1900c.jpeg"", ""https://a0.muscache.com/im/pictures/hosting/Hosting-1544052981406247638/original/acd80f01-6551-437d-9fa4-3f84a69f6c7a.jpeg"", ""https://a0.muscache.com/im/pictures/hosting/Hosting-1544052981406247638/original/da7b2a0c-5251-4c75-9548-49030e951409.jpeg"", ""https://a0.muscache.com/im/pictures/hosting/Hosting-1544052981406247638/original/a32f149f-bea7-4f5a-92a7-c4463657b8b1.jpeg""]",t,"[{""name"": ""Dang Nguyen"", ""avatar"": ""https://a0.muscache.com/im/pictures/user/avatar_dang.jpg""}]","[{""name"": ""DECOR"", ""localizedName"": ""Trang trí"", ""count"": 17}, {""name"": ""INTERIOR"", ""localizedName"": ""Không gian bên trong"", ""count"": 8}, {""name"": ""CLEANLINESS"", ""localizedName"": ""Mức độ sạch sẽ"", ""count"": 25}, {""name"": ""LOCATION"", ""localizedName"": ""Địa điểm"", ""count"": 15}, {""name"": ""HOSPITALITY"", ""localizedName"": ""Hiếu khách"", ""count"": 10}]","[{""title"": ""Trải nghiệm nhận phòng xuất sắc"", ""subtitle"": ""Những khách ở gần đây đã xếp hạng 5 sao cho quy trình nhận phòng.""}, {""title"": ""Tự nhận phòng"", ""subtitle"": ""Tự nhận phòng với hộp khóa an toàn.""}]"
1645117276089977775,https://www.airbnb.com.vn/rooms/1645117276089977775,20260926000000,2026-09-26,city search,Quận 1/Khu vực trung tâm/Du lịch/Hội Home/Netflix,"Chào mừng bạn đến với Quận 1/Khu vực trung tâm/Du lịch/Hội Home/Netflix — một không gian lưu trú ấm cúng, sang trọng tọa lạc tại Quận 1, Thành phố Hồ Chí Minh.
Căn phòng tràn ngập ánh sáng tự nhiên với đầy đủ tiện nghi cao cấp, giường nệm êm ái, máy lạnh, TV và wifi tốc độ cao. Rất thuận tiện di chuyển tới các điểm tham quan, nhà hàng ẩm thực và quán cà phê nổi tiếng của Thành phố Hồ Chí Minh.","Khu vực Quận 1 an ninh, văn minh, gần nhiều địa điểm ăn uống, mua sắm và giải trí sầm uất tại Thành phố Hồ Chí Minh.",https://a0.muscache.com/im/pictures/hosting/Hosting-1645117276089977775/original/734329e4-fe4e-4ed3-afb0-f7737b15bc36.jpeg,47000054,https://www.airbnb.com.vn/users/show/47000054,Ken,2024-08-23,"Thành phố Hồ Chí Minh, Việt Nam","Xin chào, tôi là Ken, đã có 2 năm kinh nghiệm làm host. Tôi yêu thích du lịch và luôn mong muốn đem lại trải nghiệm lưu trú thoải mái nhất cho khách.",trong vòng một giờ,100%,98%,t,https://a0.muscache.com/im/pictures/user/User-47000054/original/user_profile_4.jpeg,https://a0.muscache.com/im/pictures/user/User-47000054/original/user_profile_4.jpeg,Quận 1,7,5,"['email', 'phone', 'work_email']",t,t,Quận 1,Quận 1,Thành phố Hồ Chí Minh,10.790581468360454,106.694726803771,Phòng riêng trong nhà,Private room,2,1.0,1 phòng tắm,1,1,"[""Bồn tắm thư giãn"", ""Wi-fi tốc độ cao"", ""Chỗ đỗ xe miễn phí trong khuôn viên"", ""TV màn hình phẳng"", ""Máy sấy tóc"", ""Máy giặt"", ""Máy phát hiện khí CO"", ""Ban công ngắm cảnh"", ""Máy báo khói"", ""Thang máy"", ""Lò vi sóng"", ""Bàn ủi / Bàn là"", ""Bếp đầy đủ tiện nghi"", ""Không gian riêng để làm việc"", ""Bể bơi"", ""Điều hòa nhiệt độ""]","₫650,000",1,1125,1,2,1125,1125,1.0,1125.0,today,t,12,49,80,336,2026-09-26,3,1,0,2026-08-12,2026-09-18,5.0,4.92,5.0,5.0,5.0,4.96,4.9,,t,2,0,1,0,3.34,"[""https://a0.muscache.com/im/pictures/hosting/Hosting-1645117276089977775/original/734329e4-fe4e-4ed3-afb0-f7737b15bc36.jpeg"", ""https://a0.muscache.com/im/pictures/hosting/Hosting-1645117276089977775/original/b2964d31-c5f0-48be-8a45-453c232f5c5b.jpeg"", ""https://a0.muscache.com/im/pictures/hosting/Hosting-1645117276089977775/original/e4cd0e38-72ec-4b4e-bc81-bb98d8d328ff.jpeg"", ""https://a0.muscache.com/im/pictures/hosting/Hosting-1645117276089977775/original/32208c51-a9a5-48fa-9cd7-cbf812e8c943.jpeg"", ""https://a0.muscache.com/im/pictures/hosting/Hosting-1645117276089977775/original/e89ce502-a8f9-4c8c-b8c5-4aefc6089270.jpeg"", ""https://a0.muscache.com/im/pictures/hosting/Hosting-1645117276089977775/original/2d064c11-494f-4b56-96b2-6093bccae64a.jpeg""]",f,"[{""name"": ""Long"", ""avatar"": ""https://a0.muscache.com/im/pictures/user/avatar_long.jpg""}, {""name"": ""Rùa"", ""avatar"": ""https://a0.muscache.com/im/pictures/user/avatar_rua.jpg""}]","[{""name"": ""DECOR"", ""localizedName"": ""Trang trí"", ""count"": 18}, {""name"": ""INTERIOR"", ""localizedName"": ""Không gian bên trong"", ""count"": 18}, {""name"": ""CLEANLINESS"", ""localizedName"": ""Mức độ sạch sẽ"", ""count"": 17}, {""name"": ""LOCATION"", ""localizedName"": ""Địa điểm"", ""count"": 19}, {""name"": ""HOSPITALITY"", ""localizedName"": ""Hiếu khách"", ""count"": 13}]","[{""title"": ""Trải nghiệm nhận phòng xuất sắc"", ""subtitle"": ""Những khách ở gần đây đã xếp hạng 5 sao cho quy trình nhận phòng.""}, {""title"": ""Tự nhận phòng"", ""subtitle"": ""Tự nhận phòng với hộp khóa an toàn.""}]"
1663778957432667632,https://www.airbnb.com.vn/rooms/1663778957432667632,20260926000000,2026-09-26,city search,Studio hoài cổ: Ánh sáng tự nhiên & tinh thần cổ điển,"Chào mừng bạn đến với Studio hoài cổ: Ánh sáng tự nhiên & tinh thần cổ điển — một không gian lưu trú ấm cúng, sang trọng tọa lạc tại Quận 3, Thành phố Hồ Chí Minh.
Căn phòng tràn ngập ánh sáng tự nhiên với đầy đủ tiện nghi cao cấp, giường nệm êm ái, máy lạnh, TV và wifi tốc độ cao. Rất thuận tiện di chuyển tới các điểm tham quan, nhà hàng ẩm thực và quán cà phê nổi tiếng của Thành phố Hồ Chí Minh.","Khu vực Quận 3 an ninh, văn minh, gần nhiều địa điểm ăn uống, mua sắm và giải trí sầm uất tại Thành phố Hồ Chí Minh.",https://a0.muscache.com/im/pictures/hosting/Hosting-1663778957432667632/original/2225f1ae-ce50-4b80-b84d-a7342a5e83bd.jpeg,47000055,https://www.airbnb.com.vn/users/show/47000055,Bella,2020-02-09,"Thành phố Hồ Chí Minh, Việt Nam","Xin chào, tôi là Bella, đã có 6 năm kinh nghiệm làm host. Tôi yêu thích du lịch và luôn mong muốn đem lại trải nghiệm lưu trú thoải mái nhất cho khách.",trong vòng một giờ,100%,98%,f,https://a0.muscache.com/im/pictures/user/User-47000055/original/user_profile_5.jpeg,https://a0.muscache.com/im/pictures/user/User-47000055/original/user_profile_5.jpeg,Quận 3,1,8,"['email', 'phone', 'work_email']",t,t,Quận 3,Quận 3,Thành phố Hồ Chí Minh,10.793003996409603,106.68728284651391,Toàn bộ căn hộ cho thuê,Entire home/apt,2,1.0,1 phòng tắm,1,1,"[""Chỗ đỗ xe miễn phí trong khuôn viên"", ""Tự nhận phòng với hộp khóa an toàn"", ""Máy sấy tóc"", ""Không gian riêng để làm việc"", ""Bàn ủi / Bàn là"", ""Tủ lạnh"", ""Bồn tắm thư giãn"", ""Ban công ngắm cảnh"", ""Lò vi sóng"", ""Dầu gội & Sữa tắm"", ""Máy giặt"", ""Bộ chăn ga gối cao cấp"", ""Bể bơi"", ""Wi-fi tốc độ cao"", ""Máy báo khói"", ""Điều hòa nhiệt độ"", ""Máy phát hiện khí CO"", ""TV màn hình phẳng"", ""Thang máy"", ""Bếp đầy đủ tiện nghi""]","₫2,441,759",1,1125,1,2,1125,1125,1.0,1125.0,today,t,23,42,74,284,2026-09-26,20,6,1,2025-11-30,2026-09-19,4.95,4.82,4.98,5.0,5.0,4.82,4.81,,f,2,2,0,0,4.46,"[""https://a0.muscache.com/im/pictures/hosting/Hosting-1663778957432667632/original/2225f1ae-ce50-4b80-b84d-a7342a5e83bd.jpeg"", ""https://a0.muscache.com/im/pictures/hosting/Hosting-1663778957432667632/original/3182bae5-e112-4885-8abe-c08e05d55fbd.jpeg"", ""https://a0.muscache.com/im/pictures/hosting/Hosting-1663778957432667632/original/3a156b6e-57a9-42f2-a2c8-34a420b8a664.jpeg"", ""https://a0.muscache.com/im/pictures/hosting/Hosting-1663778957432667632/original/7903c253-6594-4fed-9627-5fb35009120c.jpeg"", ""https://a0.muscache.com/im/pictures/hosting/Hosting-1663778957432667632/original/c6b9a784-2403-4fa7-99a7-2f4453756678.jpeg"", ""https://a0.muscache.com/im/pictures/hosting/Hosting-1663778957432667632/original/8ea64baa-6266-4ac5-adcb-c80db442876c.jpeg"", ""https://a0.muscache.com/im/pictures/hosting/Hosting-1663778957432667632/original/efb182d3-34ef-4e37-a28e-d9a8c4fa3591.jpeg"", ""https://a0.muscache.com/im/pictures/hosting/Hosting-1663778957432667632/original/41bc60c5-94e1-41b9-a478-fcc275b5a697.jpeg"", ""https://a0.muscache.com/im/pictures/hosting/Hosting-1663778957432667632/original/d7d9bdd7-d57d-46ae-b9d1-2dcc80a05ad1.jpeg"", ""https://a0.muscache.com/im/pictures/hosting/Hosting-1663778957432667632/original/98a2559a-243d-45c2-8e74-0fe8986e2019.jpeg"", ""https://a0.muscache.com/im/pictures/hosting/Hosting-1663778957432667632/original/fcd205f8-b708-4dc0-bb94-f54e9e51979e.jpeg"", ""https://a0.muscache.com/im/pictures/hosting/Hosting-1663778957432667632/original/580b893d-40c8-4812-a9a0-e3548a7d0c6f.jpeg"", ""https://a0.muscache.com/im/pictures/hosting/Hosting-1663778957432667632/original/886032d4-3dc9-4e71-b163-d60744dc7b84.jpeg"", ""https://a0.muscache.com/im/pictures/hosting/Hosting-1663778957432667632/original/498cf8d9-34ab-48a1-99fc-cccfa4251010.jpeg"", ""https://a0.muscache.com/im/pictures/hosting/Hosting-1663778957432667632/original/c0c8e75b-374f-4f49-9c89-7ae061ec20ae.jpeg"", ""https://a0.muscache.com/im/pictures/hosting/Hosting-1663778957432667632/original/c16ab05c-5079-4c07-9c9e-b5cbf5a72c1d.jpeg"", ""https://a0.muscache.com/im/pictures/hosting/Hosting-1663778957432667632/original/61559da0-b5ab-4746-9ace-4504a3e66614.jpeg"", ""https://a0.muscache.com/im/pictures/hosting/Hosting-1663778957432667632/original/0958de55-1cea-44bb-ab85-d4b72d914b06.jpeg"", ""https://a0.muscache.com/im/pictures/hosting/Hosting-1663778957432667632/original/3073d2db-34ad-46cc-bb39-5c21dd08dd59.jpeg"", ""https://a0.muscache.com/im/pictures/hosting/Hosting-1663778957432667632/original/c1074bdb-dd73-4658-b02c-fcf81fea7d2f.jpeg"", ""https://a0.muscache.com/im/pictures/hosting/Hosting-1663778957432667632/original/ac618810-3677-4dcb-b645-0a65264c7428.jpeg"", ""https://a0.muscache.com/im/pictures/hosting/Hosting-1663778957432667632/original/a2767dd0-0342-4370-9289-22744a7f8382.jpeg""]",t,"[{""name"": ""Cindy"", ""avatar"": ""https://a0.muscache.com/im/pictures/user/avatar_cindy.jpg""}, {""name"": ""Dang Nguyen"", ""avatar"": ""https://a0.muscache.com/im/pictures/user/avatar_dang.jpg""}, {""name"": ""Long"", ""avatar"": ""https://a0.muscache.com/im/pictures/user/avatar_long.jpg""}]","[{""name"": ""DECOR"", ""localizedName"": ""Trang trí"", ""count"": 5}, {""name"": ""INTERIOR"", ""localizedName"": ""Không gian bên trong"", ""count"": 21}, {""name"": ""CLEANLINESS"", ""localizedName"": ""Mức độ sạch sẽ"", ""count"": 24}, {""name"": ""LOCATION"", ""localizedName"": ""Địa điểm"", ""count"": 19}, {""name"": ""HOSPITALITY"", ""localizedName"": ""Hiếu khách"", ""count"": 5}]","[{""title"": ""Trải nghiệm nhận phòng xuất sắc"", ""subtitle"": ""Những khách ở gần đây đã xếp hạng 5 sao cho quy trình nhận phòng.""}, {""title"": ""Tự nhận phòng"", ""subtitle"": ""Tự nhận phòng với hộp khóa an toàn.""}]"
1655524680225454510,https://www.airbnb.com.vn/rooms/1655524680225454510,20260926000000,2026-09-26,city search,Studio đầy nắng • Trung tâm D1 • Nơi nghỉ dưỡng ấm cúng • 3 người,"Chào mừng bạn đến với Studio đầy nắng • Trung tâm D1 • Nơi nghỉ dưỡng ấm cúng • 3 người — một không gian lưu trú ấm cúng, sang trọng tọa lạc tại Quận 4, Thành phố Hồ Chí Minh.
Căn phòng tràn ngập ánh sáng tự nhiên với đầy đủ tiện nghi cao cấp, giường nệm êm ái, máy lạnh, TV và wifi tốc độ cao. Rất thuận tiện di chuyển tới các điểm tham quan, nhà hàng ẩm thực và quán cà phê nổi tiếng của Thành phố Hồ Chí Minh.","Khu vực Quận 4 an ninh, văn minh, gần nhiều địa điểm ăn uống, mua sắm và giải trí sầm uất tại Thành phố Hồ Chí Minh.",https://a0.muscache.com/im/pictures/hosting/Hosting-1655524680225454510/original/e4d02bbe-2dd3-422c-a97c-1bc366167e8a.jpeg,47000056,https://www.airbnb.com.vn/users/show/47000056,Tony,2021-01-05,"Thành phố Hồ Chí Minh, Việt Nam","Xin chào, tôi là Tony, đã có 5 năm kinh nghiệm làm host. Tôi yêu thích du lịch và luôn mong muốn đem lại trải nghiệm lưu trú thoải mái nhất cho khách.",trong vòng một giờ,100%,98%,t,https://a0.muscache.com/im/pictures/user/User-47000056/original/user_profile_6.jpeg,https://a0.muscache.com/im/pictures/user/User-47000056/original/user_profile_6.jpeg,Quận 4,7,8,"['email', 'phone', 'work_email']",t,t,Quận 4,Quận 4,Thành phố Hồ Chí Minh,10.7639,106.6961,Toàn bộ căn hộ cho thuê,Entire home/apt,4,1.0,1 phòng tắm,1,2,"[""Bàn ủi / Bàn là"", ""Thang máy"", ""Bồn tắm thư giãn"", ""Tự nhận phòng với hộp khóa an toàn"", ""Máy báo khói"", ""Điều hòa nhiệt độ"", ""Bể bơi"", ""Bộ chăn ga gối cao cấp"", ""Máy phát hiện khí CO"", ""Wi-fi tốc độ cao"", ""TV màn hình phẳng"", ""Bếp đầy đủ tiện nghi"", ""Tủ lạnh"", ""Chỗ đỗ xe miễn phí trong khuôn viên"", ""Không gian riêng để làm việc"", ""Dầu gội & Sữa tắm""]","₫1,191,100",1,1125,1,2,1125,1125,1.0,1125.0,today,t,13,41,61,272,2026-09-26,31,29,4,2025-06-18,2026-09-24,4.97,4.89,4.84,5.0,5.0,4.89,4.84,,t,2,2,0,0,1.23,"[""https://a0.muscache.com/im/pictures/hosting/Hosting-1655524680225454510/original/e4d02bbe-2dd3-422c-a97c-1bc366167e8a.jpeg"", ""https://a0.muscache.com/im/pictures/hosting/Hosting-1655524680225454510/original/bb85ad6f-baca-4ff3-b4a8-4850fa7b9e43.jpeg"", ""https://a0.muscache.com/im/pictures/hosting/Hosting-1655524680225454510/original/6b6c691a-efa1-4b77-a1bd-96eeca08bdae.jpeg"", ""https://a0.muscache.com/im/pictures/hosting/Hosting-1655524680225454510/original/8f17684a-e538-4b13-adde-c3663c1ee92c.jpeg"", ""https://a0.muscache.com/im/pictures/hosting/Hosting-1655524680225454510/original/ad730655-80e1-4def-88a8-92780fb3275e.jpeg"", ""https://a0.muscache.com/im/pictures/hosting/Hosting-1655524680225454510/original/b9cb9930-6cbe-41fa-aad8-3765bc07b33f.jpeg"", ""https://a0.muscache.com/im/pictures/hosting/Hosting-1655524680225454510/original/3ae44cc1-068e-4c6c-afc6-8581a07a898d.jpeg"", ""https://a0.muscache.com/im/pictures/hosting/Hosting-1655524680225454510/original/954a1cc1-0076-42a9-a6b8-6e87cc60b6ff.jpeg"", ""https://a0.muscache.com/im/pictures/hosting/Hosting-1655524680225454510/original/89a17e83-05e7-4fa5-832d-e4ae3b3e04dc.jpeg"", ""https://a0.muscache.com/im/pictures/hosting/Hosting-1655524680225454510/original/75694924-ce4a-4c4b-a70e-aecce85fdbb9.jpeg"", ""https://a0.muscache.com/im/pictures/hosting/Hosting-1655524680225454510/original/a50dadf9-678c-4265-b6df-a759d56fd725.jpeg"", ""https://a0.muscache.com/im/pictures/hosting/Hosting-1655524680225454510/original/ac63eefd-d2a6-4435-8d95-651f26e99207.jpeg"", ""https://a0.muscache.com/im/pictures/hosting/Hosting-1655524680225454510/original/8924debb-b513-4285-92ab-9fcaeec15d6f.jpeg"", ""https://a0.muscache.com/im/pictures/hosting/Hosting-1655524680225454510/original/34483aa4-8917-4ac4-861c-a5fe86fbd9ec.jpeg""]",t,"[{""name"": ""Dang Nguyen"", ""avatar"": ""https://a0.muscache.com/im/pictures/user/avatar_dang.jpg""}]","[{""name"": ""DECOR"", ""localizedName"": ""Trang trí"", ""count"": 12}, {""name"": ""INTERIOR"", ""localizedName"": ""Không gian bên trong"", ""count"": 12}, {""name"": ""CLEANLINESS"", ""localizedName"": ""Mức độ sạch sẽ"", ""count"": 24}, {""name"": ""LOCATION"", ""localizedName"": ""Địa điểm"", ""count"": 11}, {""name"": ""HOSPITALITY"", ""localizedName"": ""Hiếu khách"", ""count"": 12}]","[{""title"": ""Trải nghiệm nhận phòng xuất sắc"", ""subtitle"": ""Những khách ở gần đây đã xếp hạng 5 sao cho quy trình nhận phòng.""}, {""title"": ""Tự nhận phòng"", ""subtitle"": ""Tự nhận phòng với hộp khóa an toàn.""}]"
1759794172561383305,https://www.airbnb.com.vn/rooms/1759794172561383305,20260926000000,2026-09-26,city search,Trọn Căn Gò Vấp 4PN Gia Đình/ nhóm bạn | private,"Chào mừng bạn đến với Trọn Căn Gò Vấp 4PN Gia Đình/ nhóm bạn | private — một không gian lưu trú ấm cúng, sang trọng tọa lạc tại Quận 7, Thành phố Hồ Chí Minh.
Căn phòng tràn ngập ánh sáng tự nhiên với đầy đủ tiện nghi cao cấp, giường nệm êm ái, máy lạnh, TV và wifi tốc độ cao. Rất thuận tiện di chuyển tới các điểm tham quan, nhà hàng ẩm thực và quán cà phê nổi tiếng của Thành phố Hồ Chí Minh.","Khu vực Quận 7 an ninh, văn minh, gần nhiều địa điểm ăn uống, mua sắm và giải trí sầm uất tại Thành phố Hồ Chí Minh.",https://a0.muscache.com/im/pictures/hosting/Hosting-1759794172561383305/original/4381db47-c9b8-49b2-9253-7713dd598fba.jpeg,47000057,https://www.airbnb.com.vn/users/show/47000057,Anna,2024-05-15,"Thành phố Hồ Chí Minh, Việt Nam","Xin chào, tôi là Anna, đã có 2 năm kinh nghiệm làm host. Tôi yêu thích du lịch và luôn mong muốn đem lại trải nghiệm lưu trú thoải mái nhất cho khách.",trong vòng một giờ,100%,98%,f,https://a0.muscache.com/im/pictures/user/User-47000057/original/user_profile_7.jpeg,https://a0.muscache.com/im/pictures/user/User-47000057/original/user_profile_7.jpeg,Quận 7,5,3,"['email', 'phone', 'work_email']",t,t,Quận 7,Quận 7,Thành phố Hồ Chí Minh,10.8327,106.6386,Toàn bộ nhà,Entire home/apt,8,3.0,3 phòng tắm,4,4,"[""Bàn ủi / Bàn là"", ""Ban công ngắm cảnh"", ""Thang máy"", ""Dầu gội & Sữa tắm"", ""Bồn tắm thư giãn"", ""Máy báo khói"", ""Máy giặt"", ""Máy sấy tóc"", ""Máy phát hiện khí CO"", ""Điều hòa nhiệt độ"", ""Tủ lạnh"", ""Wi-fi tốc độ cao"", ""Tự nhận phòng với hộp khóa an toàn"", ""TV màn hình phẳng"", ""Lò vi sóng""]","₫1,955,000",1,1125,1,2,1125,1125,1.0,1125.0,today,t,27,39,54,276,2026-09-26,44,40,5,2024-12-05,2026-09-15,4.85,4.84,4.9,5.0,5.0,4.89,4.77,,f,2,2,0,0,2.69,"[""https://a0.muscache.com/im/pictures/hosting/Hosting-1759794172561383305/original/4381db47-c9b8-49b2-9253-7713dd598fba.jpeg"", ""https://a0.muscache.com/im/pictures/hosting/Hosting-1759794172561383305/original/8f6c9287-afd7-46da-a7c2-f9a3fd376e24.jpeg"", ""https://a0.muscache.com/im/pictures/hosting/Hosting-1759794172561383305/original/33edf921-0934-4e74-8c78-d39d0dada94f.jpeg"", ""https://a0.muscache.com/im/pictures/hosting/Hosting-1759794172561383305/original/131380d9-73ff-40c8-93cd-40cf68c7f11f.jpeg"", ""https://a0.muscache.com/im/pictures/hosting/Hosting-1759794172561383305/original/25073b87-70fd-4377-832f-b08f882bb845.jpeg"", ""https://a0.muscache.com/im/pictures/hosting/Hosting-1759794172561383305/original/d79b01c0-a4d5-4fa7-a037-ca7e05f7f76f.jpeg"", ""https://a0.muscache.com/im/pictures/hosting/Hosting-1759794172561383305/original/82c55368-3d20-4882-8b60-53c5dfb8033a.jpeg"", ""https://a0.muscache.com/im/pictures/hosting/Hosting-1759794172561383305/original/335a608f-2c2c-4f30-90d8-9e40b6ba13a3.jpeg"", ""https://a0.muscache.com/im/pictures/hosting/Hosting-1759794172561383305/original/26d1ca49-2193-4c15-87d7-bd87a2783147.jpeg"", ""https://a0.muscache.com/im/pictures/hosting/Hosting-1759794172561383305/original/13e8bc70-a33d-4458-a68e-272b8ad4e3ef.jpeg"", ""https://a0.muscache.com/im/pictures/hosting/Hosting-1759794172561383305/original/b07ed40d-db19-44a5-a479-61a1f37afb78.jpeg"", ""https://a0.muscache.com/im/pictures/hosting/Hosting-1759794172561383305/original/bc8443e3-688a-4dd4-91d5-c1506fe55197.jpeg"", ""https://a0.muscache.com/im/pictures/hosting/Hosting-1759794172561383305/original/19afbe3f-4b27-4ff4-8e26-e5b3f75ecb29.jpeg"", ""https://a0.muscache.com/im/pictures/hosting/Hosting-1759794172561383305/original/92cdb11e-1298-4b2e-8a98-382c56ba73c9.jpeg"", ""https://a0.muscache.com/im/pictures/hosting/Hosting-1759794172561383305/original/af8b9599-f217-4e4d-993a-f0755b22ff62.jpeg"", ""https://a0.muscache.com/im/pictures/hosting/Hosting-1759794172561383305/original/b6815102-dee7-431e-90cd-a171dd763fbe.jpeg"", ""https://a0.muscache.com/im/pictures/hosting/Hosting-1759794172561383305/original/8dee0060-d71f-4018-9382-8854aa3dfc3d.jpeg"", ""https://a0.muscache.com/im/pictures/hosting/Hosting-1759794172561383305/original/e7a7a6d7-1b98-4ae2-97ee-845c25921d90.jpeg"", ""https://a0.muscache.com/im/pictures/hosting/Hosting-1759794172561383305/original/e06a1638-71c1-4d8a-b4db-6bff2bc3d0ff.jpeg"", ""https://a0.muscache.com/im/pictures/hosting/Hosting-1759794172561383305/original/02fa6e96-afe2-4864-af15-021d1822ece1.jpeg"", ""https://a0.muscache.com/im/pictures/hosting/Hosting-1759794172561383305/original/c993d945-217f-4c36-ae4f-1d8b8867e73d.jpeg"", ""https://a0.muscache.com/im/pictures/hosting/Hosting-1759794172561383305/original/012fbaeb-3b49-4e98-8bed-f38d9f668215.jpeg"", ""https://a0.muscache.com/im/pictures/hosting/Hosting-1759794172561383305/original/0be639a0-88c5-4181-a062-e88b2cabecb4.jpeg"", ""https://a0.muscache.com/im/pictures/hosting/Hosting-1759794172561383305/original/a0bc4a59-790a-44c0-b499-6a34fad1e4ed.jpeg"", ""https://a0.muscache.com/im/pictures/hosting/Hosting-1759794172561383305/original/480b890a-e771-4efe-a12f-bd5832f183ab.jpeg"", ""https://a0.muscache.com/im/pictures/hosting/Hosting-1759794172561383305/original/f3088bd3-3248-47ca-aaa3-200876c94001.jpeg"", ""https://a0.muscache.com/im/pictures/hosting/Hosting-1759794172561383305/original/7d963085-78ad-4c2a-aac1-b81c8907ee72.jpeg"", ""https://a0.muscache.com/im/pictures/hosting/Hosting-1759794172561383305/original/6cab897f-b8f2-4376-9aa2-4303582ac5bd.jpeg"", ""https://a0.muscache.com/im/pictures/hosting/Hosting-1759794172561383305/original/49da5c37-6ba7-4bde-bee4-01eb9b8b1fce.jpeg""]",f,"[{""name"": ""Rùa"", ""avatar"": ""https://a0.muscache.com/im/pictures/user/avatar_rua.jpg""}]","[{""name"": ""DECOR"", ""localizedName"": ""Trang trí"", ""count"": 11}, {""name"": ""INTERIOR"", ""localizedName"": ""Không gian bên trong"", ""count"": 4}, {""name"": ""CLEANLINESS"", ""localizedName"": ""Mức độ sạch sẽ"", ""count"": 25}, {""name"": ""LOCATION"", ""localizedName"": ""Địa điểm"", ""count"": 16}, {""name"": ""HOSPITALITY"", ""localizedName"": ""Hiếu khách"", ""count"": 13}]","[{""title"": ""Trải nghiệm nhận phòng xuất sắc"", ""subtitle"": ""Những khách ở gần đây đã xếp hạng 5 sao cho quy trình nhận phòng.""}, {""title"": ""Tự nhận phòng"", ""subtitle"": ""Tự nhận phòng với hộp khóa an toàn.""}]"
1181836124942202198,https://www.airbnb.com.vn/rooms/1181836124942202198,20260926000000,2026-09-26,city search,A&VHome#2_Cuộc sống hiện đại (Không có thang máy),"Chào mừng bạn đến với A&VHome#2_Cuộc sống hiện đại (Không có thang máy) — một không gian lưu trú ấm cúng, sang trọng tọa lạc tại Quận 10, Thành phố Hồ Chí Minh.
Căn phòng tràn ngập ánh sáng tự nhiên với đầy đủ tiện nghi cao cấp, giường nệm êm ái, máy lạnh, TV và wifi tốc độ cao. Rất thuận tiện di chuyển tới các điểm tham quan, nhà hàng ẩm thực và quán cà phê nổi tiếng của Thành phố Hồ Chí Minh.","Khu vực Quận 10 an ninh, văn minh, gần nhiều địa điểm ăn uống, mua sắm và giải trí sầm uất tại Thành phố Hồ Chí Minh.",https://a0.muscache.com/im/pictures/hosting/Hosting-U3RheVN1cHBseUxpc3Rpbmc6MTE4MTgzNjEyNDk0MjIwMjE5OA%3D%3D/original/79541d3f-d3ad-4129-ac0b-2bab90ccd2a1.jpeg,47000058,https://www.airbnb.com.vn/users/show/47000058,David,2020-07-13,"Thành phố Hồ Chí Minh, Việt Nam","Xin chào, tôi là David, đã có 6 năm kinh nghiệm làm host. Tôi yêu thích du lịch và luôn mong muốn đem lại trải nghiệm lưu trú thoải mái nhất cho khách.",trong vòng một giờ,100%,98%,t,https://a0.muscache.com/im/pictures/user/User-47000058/original/user_profile_8.jpeg,https://a0.muscache.com/im/pictures/user/User-47000058/original/user_profile_8.jpeg,Quận 10,8,3,"['email', 'phone', 'work_email']",t,t,Quận 10,Quận 10,Thành phố Hồ Chí Minh,10.784632690058558,106.66920007090704,Phòng riêng trong nhà,Private room,2,1.0,1 phòng tắm,1,1,"[""Wi-fi tốc độ cao"", ""Thang máy"", ""Bàn ủi / Bàn là"", ""Bộ chăn ga gối cao cấp"", ""Dầu gội & Sữa tắm"", ""Bể bơi"", ""Máy giặt"", ""Chỗ đỗ xe miễn phí trong khuôn viên"", ""Không gian riêng để làm việc"", ""Điều hòa nhiệt độ"", ""Máy phát hiện khí CO"", ""Lò vi sóng"", ""Tự nhận phòng với hộp khóa an toàn"", ""Tủ lạnh"", ""Bồn tắm thư giãn"", ""Máy báo khói"", ""TV màn hình phẳng"", ""Ban công ngắm cảnh"", ""Bếp đầy đủ tiện nghi"", ""Máy sấy tóc""]","₫570,000",1,1125,1,2,1125,1125,1.0,1125.0,today,t,12,50,70,307,2026-09-26,78,6,4,2023-07-14,2026-09-09,5.0,4.91,4.88,5.0,5.0,5.0,4.9,,t,2,0,1,0,4.31,"[""https://a0.muscache.com/im/pictures/hosting/Hosting-U3RheVN1cHBseUxpc3Rpbmc6MTE4MTgzNjEyNDk0MjIwMjE5OA%3D%3D/original/79541d3f-d3ad-4129-ac0b-2bab90ccd2a1.jpeg"", ""https://a0.muscache.com/im/pictures/hosting/Hosting-U3RheVN1cHBseUxpc3Rpbmc6MTE4MTgzNjEyNDk0MjIwMjE5OA%3D%3D/original/54e02ef5-7988-46a8-95ca-c8b5bf44d021.jpeg"", ""https://a0.muscache.com/im/pictures/hosting/Hosting-U3RheVN1cHBseUxpc3Rpbmc6MTE4MTgzNjEyNDk0MjIwMjE5OA%3D%3D/original/736696fc-3df7-47cc-9d0c-a94c371f87f7.jpeg"", ""https://a0.muscache.com/im/pictures/hosting/Hosting-U3RheVN1cHBseUxpc3Rpbmc6MTE4MTgzNjEyNDk0MjIwMjE5OA%3D%3D/original/e3bc0543-2b56-4735-806d-267740e0e04c.jpeg"", ""https://a0.muscache.com/im/pictures/hosting/Hosting-U3RheVN1cHBseUxpc3Rpbmc6MTE4MTgzNjEyNDk0MjIwMjE5OA%3D%3D/original/2dfa615d-c350-427a-92d1-69ea86e1137c.jpeg"", ""https://a0.muscache.com/im/pictures/hosting/Hosting-U3RheVN1cHBseUxpc3Rpbmc6MTE4MTgzNjEyNDk0MjIwMjE5OA%3D%3D/original/151be8e0-6164-4a87-99e5-9cb7d3a34e24.jpeg""]",t,"[{""name"": ""Long"", ""avatar"": ""https://a0.muscache.com/im/pictures/user/avatar_long.jpg""}, {""name"": ""Dang Nguyen"", ""avatar"": ""https://a0.muscache.com/im/pictures/user/avatar_dang.jpg""}, {""name"": ""Rùa"", ""avatar"": ""https://a0.muscache.com/im/pictures/user/avatar_rua.jpg""}]","[{""name"": ""DECOR"", ""localizedName"": ""Trang trí"", ""count"": 9}, {""name"": ""INTERIOR"", ""localizedName"": ""Không gian bên trong"", ""count"": 11}, {""name"": ""CLEANLINESS"", ""localizedName"": ""Mức độ sạch sẽ"", ""count"": 7}, {""name"": ""LOCATION"", ""localizedName"": ""Địa điểm"", ""count"": 17}, {""name"": ""HOSPITALITY"", ""localizedName"": ""Hiếu khách"", ""count"": 7}]","[{""title"": ""Trải nghiệm nhận phòng xuất sắc"", ""subtitle"": ""Những khách ở gần đây đã xếp hạng 5 sao cho quy trình nhận phòng.""}, {""title"": ""Tự nhận phòng"", ""subtitle"": ""Tự nhận phòng với hộp khóa an toàn.""}]"
1768799704037023673,https://www.airbnb.com.vn/rooms/1768799704037023673,20260926000000,2026-09-26,city search,34.09 Landmark 6•Nhìn ra Landmark 81• Phòng tập thể dục/hồ bơi miễn phí,"Chào mừng bạn đến với 34.09 Landmark 6•Nhìn ra Landmark 81• Phòng tập thể dục/hồ bơi miễn phí — một không gian lưu trú ấm cúng, sang trọng tọa lạc tại Quận Bình Thạnh, Thành phố Hồ Chí Minh.
Căn phòng tràn ngập ánh sáng tự nhiên với đầy đủ tiện nghi cao cấp, giường nệm êm ái, máy lạnh, TV và wifi tốc độ cao. Rất thuận tiện di chuyển tới các điểm tham quan, nhà hàng ẩm thực và quán cà phê nổi tiếng của Thành phố Hồ Chí Minh.","Khu vực Quận Bình Thạnh an ninh, văn minh, gần nhiều địa điểm ăn uống, mua sắm và giải trí sầm uất tại Thành phố Hồ Chí Minh.",https://a0.muscache.com/im/pictures/hosting/Hosting-1768799704037023673/original/86b7407a-764d-4b93-b43c-9c9f61c645f8.jpeg,47000059,https://www.airbnb.com.vn/users/show/47000059,Mia,2022-02-03,"Thành phố Hồ Chí Minh, Việt Nam","Xin chào, tôi là Mia, đã có 4 năm kinh nghiệm làm host. Tôi yêu thích du lịch và luôn mong muốn đem lại trải nghiệm lưu trú thoải mái nhất cho khách.",trong vòng một giờ,100%,98%,f,https://a0.muscache.com/im/pictures/user/User-47000059/original/user_profile_9.jpeg,https://a0.muscache.com/im/pictures/user/User-47000059/original/user_profile_9.jpeg,Quận Bình Thạnh,4,4,"['email', 'phone', 'work_email']",t,t,Quận Bình Thạnh,Quận Bình Thạnh,Thành phố Hồ Chí Minh,10.7961,106.721,Toàn bộ căn hộ cho thuê,Entire home/apt,6,2.0,2 phòng tắm,3,3,"[""Bàn ủi / Bàn là"", ""Điều hòa nhiệt độ"", ""Máy phát hiện khí CO"", ""Tự nhận phòng với hộp khóa an toàn"", ""Bếp đầy đủ tiện nghi"", ""Bể bơi"", ""Máy sấy tóc"", ""Máy báo khói"", ""Máy giặt"", ""Dầu gội & Sữa tắm"", ""Bộ chăn ga gối cao cấp"", ""Chỗ đỗ xe miễn phí trong khuôn viên"", ""Wi-fi tốc độ cao"", ""Ban công ngắm cảnh"", ""Thang máy"", ""Lò vi sóng"", ""Tủ lạnh"", ""Bồn tắm thư giãn"", ""Không gian riêng để làm việc""]","₫2,719,229",1,1125,1,2,1125,1125,1.0,1125.0,today,t,19,46,65,328,2026-09-26,9,4,4,2026-05-14,2026-09-01,5.0,4.8,4.84,5.0,5.0,4.81,4.87,,f,2,2,0,0,1.85,"[""https://a0.muscache.com/im/pictures/hosting/Hosting-1768799704037023673/original/86b7407a-764d-4b93-b43c-9c9f61c645f8.jpeg"", ""https://a0.muscache.com/im/pictures/hosting/Hosting-1768799704037023673/original/5bd94e21-74f7-41d8-ac85-6e6df4b528b0.png"", ""https://a0.muscache.com/im/pictures/hosting/Hosting-1768799704037023673/original/bf6bec65-9f48-419d-9eca-4df35213aeb1.png"", ""https://a0.muscache.com/im/pictures/hosting/Hosting-1768799704037023673/original/e2160de6-7b85-4d1e-a5e9-8560cc016212.png"", ""https://a0.muscache.com/im/pictures/hosting/Hosting-1768799704037023673/original/3f7370b4-8d35-40be-b868-51d2d9dde1fd.png"", ""https://a0.muscache.com/im/pictures/hosting/Hosting-1768799704037023673/original/9d515e93-dde1-40b1-a23a-68287041cff4.png"", ""https://a0.muscache.com/im/pictures/hosting/Hosting-1768799704037023673/original/fbb20fea-dc1a-489b-b447-50978544d0da.png"", ""https://a0.muscache.com/im/pictures/hosting/Hosting-1768799704037023673/original/3b8165a2-af25-4118-9391-c26d62c39656.png"", ""https://a0.muscache.com/im/pictures/hosting/Hosting-1768799704037023673/original/7ea7703b-8185-4378-aa52-d2956f293d2b.png"", ""https://a0.muscache.com/im/pictures/hosting/Hosting-1768799704037023673/original/86f16322-1197-401c-8690-a09f6c94e3f9.png"", ""https://a0.muscache.com/im/pictures/hosting/Hosting-1768799704037023673/original/4a6e9561-14ff-4ba6-ab6a-ecec0a01b599.png"", ""https://a0.muscache.com/im/pictures/hosting/Hosting-1768799704037023673/original/8e240207-805c-4aaf-9399-e878ece10823.png"", ""https://a0.muscache.com/im/pictures/hosting/Hosting-1768799704037023673/original/44946f5f-b4b6-47fe-979d-83e7e9100085.png"", ""https://a0.muscache.com/im/pictures/hosting/Hosting-1768799704037023673/original/5a96308a-45d6-4dbe-89bd-e347faea2501.png"", ""https://a0.muscache.com/im/pictures/hosting/Hosting-1768799704037023673/original/9c8d85cd-21f3-406f-8214-088818065087.png"", ""https://a0.muscache.com/im/pictures/hosting/Hosting-1768799704037023673/original/98e8b3f4-c0fa-46a6-a914-f49b575ed278.png"", ""https://a0.muscache.com/im/pictures/hosting/Hosting-1768799704037023673/original/7e38deb2-a796-44b6-9db7-ed0139010c92.png"", ""https://a0.muscache.com/im/pictures/hosting/Hosting-1768799704037023673/original/0d107aa8-ac9d-4bb7-9549-79dc5b3fba49.png"", ""https://a0.muscache.com/im/pictures/hosting/Hosting-1768799704037023673/original/6eab1318-44ff-43f3-832f-599bd76d1e26.png"", ""https://a0.muscache.com/im/pictures/hosting/Hosting-1768799704037023673/original/d7f7c418-d60d-41c2-b7bd-a54d849fe179.png"", ""https://a0.muscache.com/im/pictures/hosting/Hosting-1768799704037023673/original/41e47fa0-7dea-41fa-90e5-980cab74d852.png"", ""https://a0.muscache.com/im/pictures/hosting/Hosting-1768799704037023673/original/cebd73c0-855a-4062-b001-50fab59cb7e8.png"", ""https://a0.muscache.com/im/pictures/hosting/Hosting-1768799704037023673/original/d6790b5f-2a08-4f5b-b4bd-898fbe5f7c73.png"", ""https://a0.muscache.com/im/pictures/hosting/Hosting-1768799704037023673/original/0018f2d4-5410-4b25-b72b-425f0af128e7.png"", ""https://a0.muscache.com/im/pictures/hosting/Hosting-1768799704037023673/original/049704b0-c2c8-49f2-8e6c-1c6266fe2b15.png"", ""https://a0.muscache.com/im/pictures/hosting/Hosting-1768799704037023673/original/54e629d3-63c8-4f33-a2cc-069f6fceb01e.png"", ""https://a0.muscache.com/im/pictures/hosting/Hosting-1768799704037023673/original/61637cae-dab5-4923-aa4e-9680b47893f3.png"", ""https://a0.muscache.com/im/pictures/hosting/Hosting-1768799704037023673/original/332af472-518f-4747-ad90-e3c9517dd6bf.png"", ""https://a0.muscache.com/im/pictures/hosting/Hosting-1768799704037023673/original/4ad176bb-bd19-4716-886e-faa5a3d26e1c.png""]",t,"[{""name"": ""Dang Nguyen"", ""avatar"": ""https://a0.muscache.com/im/pictures/user/avatar_dang.jpg""}]","[{""name"": ""DECOR"", ""localizedName"": ""Trang trí"", ""count"": 5}, {""name"": ""INTERIOR"", ""localizedName"": ""Không gian bên trong"", ""count"": 16}, {""name"": ""CLEANLINESS"", ""localizedName"": ""Mức độ sạch sẽ"", ""count"": 10}, {""name"": ""LOCATION"", ""localizedName"": ""Địa điểm"", ""count"": 9}, {""name"": ""HOSPITALITY"", ""localizedName"": ""Hiếu khách"", ""count"": 4}]","[{""title"": ""Trải nghiệm nhận phòng xuất sắc"", ""subtitle"": ""Những khách ở gần đây đã xếp hạng 5 sao cho quy trình nhận phòng.""}, {""title"": ""Tự nhận phòng"", ""subtitle"": ""Tự nhận phòng với hộp khóa an toàn.""}]"
1774540934423447876,https://www.airbnb.com.vn/rooms/1774540934423447876,20260926000000,2026-09-26,city search,Olive Studio 37m2 ấm cúng tại Quận 1- Tân Định,"Chào mừng bạn đến với Olive Studio 37m2 ấm cúng tại Quận 1- Tân Định — một không gian lưu trú ấm cúng, sang trọng tọa lạc tại Quận 1, Thành phố Hồ Chí Minh.
Căn phòng tràn ngập ánh sáng tự nhiên với đầy đủ tiện nghi cao cấp, giường nệm êm ái, máy lạnh, TV và wifi tốc độ cao. Rất thuận tiện di chuyển tới các điểm tham quan, nhà hàng ẩm thực và quán cà phê nổi tiếng của Thành phố Hồ Chí Minh.","Khu vực Quận 1 an ninh, văn minh, gần nhiều địa điểm ăn uống, mua sắm và giải trí sầm uất tại Thành phố Hồ Chí Minh.",https://a0.muscache.com/im/pictures/hosting/Hosting-1774540934423447876/original/e7c4a1df-cde0-4a9c-9633-18e302331429.png,47000060,https://www.airbnb.com.vn/users/show/47000060,Minh,2023-02-17,"Thành phố Hồ Chí Minh, Việt Nam","Xin chào, tôi là Minh, đã có 3 năm kinh nghiệm làm host. Tôi yêu thích du lịch và luôn mong muốn đem lại trải nghiệm lưu trú thoải mái nhất cho khách.",trong vòng một giờ,100%,98%,t,https://a0.muscache.com/im/pictures/user/User-47000060/original/user_profile_0.jpeg,https://a0.muscache.com/im/pictures/user/User-47000060/original/user_profile_0.jpeg,Quận 1,10,5,"['email', 'phone', 'work_email']",t,t,Quận 1,Quận 1,Thành phố Hồ Chí Minh,10.79434,106.68972,Phòng riêng trong nhà,Private room,4,1.0,1 phòng tắm,1,2,"[""Ban công ngắm cảnh"", ""TV màn hình phẳng"", ""Bếp đầy đủ tiện nghi"", ""Tự nhận phòng với hộp khóa an toàn"", ""Không gian riêng để làm việc"", ""Thang máy"", ""Wi-fi tốc độ cao"", ""Điều hòa nhiệt độ"", ""Bồn tắm thư giãn"", ""Máy sấy tóc"", ""Máy giặt"", ""Chỗ đỗ xe miễn phí trong khuôn viên"", ""Lò vi sóng"", ""Tủ lạnh"", ""Bàn ủi / Bàn là""]","₫1,070,000",1,1125,1,2,1125,1125,1.0,1125.0,today,t,22,42,72,252,2026-09-26,84,34,3,2023-06-14,2026-09-16,4.85,4.98,4.86,5.0,5.0,4.79,4.7,,t,2,0,1,0,3.25,"[""https://a0.muscache.com/im/pictures/hosting/Hosting-1774540934423447876/original/e7c4a1df-cde0-4a9c-9633-18e302331429.png"", ""https://a0.muscache.com/im/pictures/hosting/Hosting-1774540934423447876/original/984eb00d-5f8e-42dd-812e-51a817e0d6b4.png"", ""https://a0.muscache.com/im/pictures/hosting/Hosting-1774540934423447876/original/ab0106ca-6379-4996-9e23-2ba628af8fb5.png"", ""https://a0.muscache.com/im/pictures/hosting/Hosting-1774540934423447876/original/12fab2db-b9a7-4cd5-86f6-370543696fb9.png"", ""https://a0.muscache.com/im/pictures/hosting/Hosting-1774540934423447876/original/52357cac-05fe-48f7-ac91-a5ad760cc8ac.png"", ""https://a0.muscache.com/im/pictures/hosting/Hosting-1774540934423447876/original/893ef6b5-8745-4d0b-9a14-b0b4881ec531.png""]",f,"[{""name"": ""Rùa"", ""avatar"": ""https://a0.muscache.com/im/pictures/user/avatar_rua.jpg""}, {""name"": ""Cindy"", ""avatar"": ""https://a0.muscache.com/im/pictures/user/avatar_cindy.jpg""}]","[{""name"": ""DECOR"", ""localizedName"": ""Trang trí"", ""count"": 17}, {""name"": ""INTERIOR"", ""localizedName"": ""Không gian bên trong"", ""count"": 18}, {""name"": ""CLEANLINESS"", ""localizedName"": ""Mức độ sạch sẽ"", ""count"": 4}, {""name"": ""LOCATION"", ""localizedName"": ""Địa điểm"", ""count"": 12}, {""name"": ""HOSPITALITY"", ""localizedName"": ""Hiếu khách"", ""count"": 5}]","[{""title"": ""Trải nghiệm nhận phòng xuất sắc"", ""subtitle"": ""Những khách ở gần đây đã xếp hạng 5 sao cho quy trình nhận phòng.""}, {""title"": ""Tự nhận phòng"", ""subtitle"": ""Tự nhận phòng với hộp khóa an toàn.""}]"
1711526135963773129,https://www.airbnb.com.vn/rooms/1711526135963773129,20260926000000,2026-09-26,city search,Cửa sổ khổng lồ cho 4 người tại Quận 1,"Chào mừng bạn đến với Cửa sổ khổng lồ cho 4 người tại Quận 1 — một không gian lưu trú ấm cúng, sang trọng tọa lạc tại Quận 1, Thành phố Hồ Chí Minh.
Căn phòng tràn ngập ánh sáng tự nhiên với đầy đủ tiện nghi cao cấp, giường nệm êm ái, máy lạnh, TV và wifi tốc độ cao. Rất thuận tiện di chuyển tới các điểm tham quan, nhà hàng ẩm thực và quán cà phê nổi tiếng của Thành phố Hồ Chí Minh.","Khu vực Quận 1 an ninh, văn minh, gần nhiều địa điểm ăn uống, mua sắm và giải trí sầm uất tại Thành phố Hồ Chí Minh.",https://a0.muscache.com/im/pictures/hosting/Hosting-1711526135963773129/original/f2646bd5-89f6-4ea5-b9ee-6dafb571aea9.jpeg,47000061,https://www.airbnb.com.vn/users/show/47000061,Anh,2020-01-13,"Thành phố Hồ Chí Minh, Việt Nam","Xin chào, tôi là Anh, đã có 6 năm kinh nghiệm làm host. Tôi yêu thích du lịch và luôn mong muốn đem lại trải nghiệm lưu trú thoải mái nhất cho khách.",trong vòng một giờ,100%,98%,f,https://a0.muscache.com/im/pictures/user/User-47000061/original/user_profile_1.jpeg,https://a0.muscache.com/im/pictures/user/User-47000061/original/user_profile_1.jpeg,Quận 1,5,8,"['email', 'phone', 'work_email']",t,t,Quận 1,Quận 1,Thành phố Hồ Chí Minh,10.7797,106.7046,Phòng riêng trong nhà,Private room,4,1.0,1 phòng tắm,1,2,"[""Wi-fi tốc độ cao"", ""Điều hòa nhiệt độ"", ""Máy phát hiện khí CO"", ""Không gian riêng để làm việc"", ""Thang máy"", ""Bếp đầy đủ tiện nghi"", ""Tủ lạnh"", ""Lò vi sóng"", ""Chỗ đỗ xe miễn phí trong khuôn viên"", ""Tự nhận phòng với hộp khóa an toàn"", ""Bồn tắm thư giãn"", ""Bàn ủi / Bàn là"", ""Máy sấy tóc"", ""Máy báo khói"", ""Máy giặt"", ""TV màn hình phẳng"", ""Bộ chăn ga gối cao cấp"", ""Ban công ngắm cảnh""]","₫1,160,000",1,1125,1,2,1125,1125,1.0,1125.0,today,t,12,30,62,336,2026-09-26,5,3,5,2026-07-13,2026-09-06,4.6,4.83,4.96,5.0,5.0,4.7,4.89,,f,2,0,1,0,3.54,"[""https://a0.muscache.com/im/pictures/hosting/Hosting-1711526135963773129/original/f2646bd5-89f6-4ea5-b9ee-6dafb571aea9.jpeg"", ""https://a0.muscache.com/im/pictures/hosting/Hosting-1711526135963773129/original/cfda3431-f59b-402c-92ed-b433d3903539.jpeg"", ""https://a0.muscache.com/im/pictures/hosting/Hosting-1711526135963773129/original/f7fdca92-d75a-4933-8eac-bfbb89200f3b.jpeg"", ""https://a0.muscache.com/im/pictures/hosting/Hosting-1711526135963773129/original/72b60326-c224-455f-b8a4-1dc9aa084b6b.jpeg"", ""https://a0.muscache.com/im/pictures/hosting/Hosting-1711526135963773129/original/f927e91a-6aa4-4f0b-92a2-f1ec15c5ad11.jpeg"", ""https://a0.muscache.com/im/pictures/hosting/Hosting-1711526135963773129/original/17accfd0-3f63-44a1-a853-49a4628f4a29.jpeg""]",f,"[{""name"": ""Dang Nguyen"", ""avatar"": ""https://a0.muscache.com/im/pictures/user/avatar_dang.jpg""}, {""name"": ""Long"", ""avatar"": ""https://a0.muscache.com/im/pictures/user/avatar_long.jpg""}, {""name"": ""Cindy"", ""avatar"": ""https://a0.muscache.com/im/pictures/user/avatar_cindy.jpg""}]","[{""name"": ""DECOR"", ""localizedName"": ""Trang trí"", ""count"": 16}, {""name"": ""INTERIOR"", ""localizedName"": ""Không gian bên trong"", ""count"": 20}, {""name"": ""CLEANLINESS"", ""localizedName"": ""Mức độ sạch sẽ"", ""count"": 17}, {""name"": ""LOCATION"", ""localizedName"": ""Địa điểm"", ""count"": 11}, {""name"": ""HOSPITALITY"", ""localizedName"": ""Hiếu khách"", ""count"": 13}]","[{""title"": ""Trải nghiệm nhận phòng xuất sắc"", ""subtitle"": ""Những khách ở gần đây đã xếp hạng 5 sao cho quy trình nhận phòng.""}, {""title"": ""Tự nhận phòng"", ""subtitle"": ""Tự nhận phòng với hộp khóa an toàn.""}]"
1594849958261500679,https://www.airbnb.com.vn/rooms/1594849958261500679,20260926000000,2026-09-26,city search,Lam Living | Studio ban công thanh tĩnh gần Thảo Điền,"Chào mừng bạn đến với Lam Living | Studio ban công thanh tĩnh gần Thảo Điền — một không gian lưu trú ấm cúng, sang trọng tọa lạc tại Quận Tân Bình, Thành phố Hồ Chí Minh.
Căn phòng tràn ngập ánh sáng tự nhiên với đầy đủ tiện nghi cao cấp, giường nệm êm ái, máy lạnh, TV và wifi tốc độ cao. Rất thuận tiện di chuyển tới các điểm tham quan, nhà hàng ẩm thực và quán cà phê nổi tiếng của Thành phố Hồ Chí Minh.","Khu vực Quận Tân Bình an ninh, văn minh, gần nhiều địa điểm ăn uống, mua sắm và giải trí sầm uất tại Thành phố Hồ Chí Minh.",https://a0.muscache.com/im/pictures/hosting/Hosting-1594849958261500679/original/2ae0640d-987a-4a1a-8feb-29a371adf768.jpeg,47000062,https://www.airbnb.com.vn/users/show/47000062,Linh,2025-08-21,"Thành phố Hồ Chí Minh, Việt Nam","Xin chào, tôi là Linh, đã có 1 năm kinh nghiệm làm host. Tôi yêu thích du lịch và luôn mong muốn đem lại trải nghiệm lưu trú thoải mái nhất cho khách.",trong vòng một giờ,100%,98%,t,https://a0.muscache.com/im/pictures/user/User-47000062/original/user_profile_2.jpeg,https://a0.muscache.com/im/pictures/user/User-47000062/original/user_profile_2.jpeg,Quận Tân Bình,4,1,"['email', 'phone', 'work_email']",t,t,Quận Tân Bình,Quận Tân Bình,Thành phố Hồ Chí Minh,10.7919,106.7408,Toàn bộ căn hộ cho thuê,Entire home/apt,2,1.0,1 phòng tắm,1,1,"[""Điều hòa nhiệt độ"", ""Máy sấy tóc"", ""Máy phát hiện khí CO"", ""Máy báo khói"", ""Máy giặt"", ""Không gian riêng để làm việc"", ""Lò vi sóng"", ""Chỗ đỗ xe miễn phí trong khuôn viên"", ""Thang máy"", ""Dầu gội & Sữa tắm"", ""Bộ chăn ga gối cao cấp"", ""Bếp đầy đủ tiện nghi"", ""Tự nhận phòng với hộp khóa an toàn"", ""Bồn tắm thư giãn"", ""Bể bơi"", ""Tủ lạnh"", ""Wi-fi tốc độ cao"", ""Ban công ngắm cảnh"", ""Bàn ủi / Bàn là""]","₫1,041,624",1,1125,1,2,1125,1125,1.0,1125.0,today,t,18,48,68,269,2026-09-26,27,25,6,2025-08-17,2026-09-08,5.0,4.97,4.86,5.0,5.0,4.81,4.8,,t,2,2,0,0,4.11,"[""https://a0.muscache.com/im/pictures/hosting/Hosting-1594849958261500679/original/2ae0640d-987a-4a1a-8feb-29a371adf768.jpeg"", ""https://a0.muscache.com/im/pictures/hosting/Hosting-1594849958261500679/original/723b1d68-f7c7-4aef-be54-8860e5e433ce.jpeg"", ""https://a0.muscache.com/im/pictures/hosting/Hosting-1594849958261500679/original/52c4ace6-bbd1-48c3-b2fd-8dc5b34d8c47.jpeg"", ""https://a0.muscache.com/im/pictures/hosting/Hosting-1594849958261500679/original/14255dc3-68cd-4e58-b38c-4b423aff89f9.jpeg"", ""https://a0.muscache.com/im/pictures/hosting/Hosting-1594849958261500679/original/ce65230a-d1c3-42f1-a6be-3f4406c5a9ab.jpeg"", ""https://a0.muscache.com/im/pictures/hosting/Hosting-1594849958261500679/original/e961fba9-0bc2-4b6b-98d3-9322508717bf.jpeg"", ""https://a0.muscache.com/im/pictures/hosting/Hosting-1594849958261500679/original/252ab229-1a6a-456e-8b35-6e7510a76402.jpeg"", ""https://a0.muscache.com/im/pictures/hosting/Hosting-1594849958261500679/original/67a375a3-e8cc-4f6c-b06b-41b17012e318.jpeg"", ""https://a0.muscache.com/im/pictures/hosting/Hosting-1594849958261500679/original/dbd596a8-e43c-453c-a643-72d80a73f5ac.jpeg"", ""https://a0.muscache.com/im/pictures/hosting/Hosting-1594849958261500679/original/5d4317a3-d2fb-4a91-99bd-30d780211f77.jpeg"", ""https://a0.muscache.com/im/pictures/hosting/Hosting-1594849958261500679/original/71bd555b-e7ac-4ffd-badb-ba3973af01ed.jpeg"", ""https://a0.muscache.com/im/pictures/hosting/Hosting-1594849958261500679/original/286b748e-de99-4cac-bd8f-75d51ada750f.jpeg"", ""https://a0.muscache.com/im/pictures/hosting/Hosting-1594849958261500679/original/8ed39a90-2830-4885-9239-8ac5199b750d.jpeg"", ""https://a0.muscache.com/im/pictures/hosting/Hosting-1594849958261500679/original/74d850fa-db2c-465f-bbee-df8ff74ff930.jpeg"", ""https://a0.muscache.com/im/pictures/hosting/Hosting-1594849958261500679/original/87e1bb3a-ea9d-45f9-8454-65fec3d27ba3.jpeg"", ""https://a0.muscache.com/im/pictures/hosting/Hosting-1594849958261500679/original/0bf1d878-c67e-4c84-8df0-925a326677e0.jpeg"", ""https://a0.muscache.com/im/pictures/hosting/Hosting-1594849958261500679/original/0f8f1a4c-b77a-4b9d-a6d8-48bf2f2e0bdb.jpeg"", ""https://a0.muscache.com/im/pictures/hosting/Hosting-1594849958261500679/original/1e0527d6-50e0-4074-bc78-51c4d670690c.jpeg"", ""https://a0.muscache.com/im/pictures/hosting/Hosting-1594849958261500679/original/5af5dbe3-c1a9-4fcd-9e90-e47787adc53c.jpeg"", ""https://a0.muscache.com/im/pictures/hosting/Hosting-1594849958261500679/original/68f513cd-9050-4a32-8ad4-fc8815e72c28.jpeg"", ""https://a0.muscache.com/im/pictures/hosting/Hosting-1594849958261500679/original/9be88308-8d3c-40aa-a688-48aed54ea97b.jpeg""]",t,"[{""name"": ""Long"", ""avatar"": ""https://a0.muscache.com/im/pictures/user/avatar_long.jpg""}]","[{""name"": ""DECOR"", ""localizedName"": ""Trang trí"", ""count"": 13}, {""name"": ""INTERIOR"", ""localizedName"": ""Không gian bên trong"", ""count"": 4}, {""name"": ""CLEANLINESS"", ""localizedName"": ""Mức độ sạch sẽ"", ""count"": 25}, {""name"": ""LOCATION"", ""localizedName"": ""Địa điểm"", ""count"": 12}, {""name"": ""HOSPITALITY"", ""localizedName"": ""Hiếu khách"", ""count"": 6}]","[{""title"": ""Trải nghiệm nhận phòng xuất sắc"", ""subtitle"": ""Những khách ở gần đây đã xếp hạng 5 sao cho quy trình nhận phòng.""}, {""title"": ""Tự nhận phòng"", ""subtitle"": ""Tự nhận phòng với hộp khóa an toàn.""}]"
1670734921484747263,https://www.airbnb.com.vn/rooms/1670734921484747263,20260926000000,2026-09-26,city search,Gần Q1/Sân bay • Máy chiếu • Cửa sổ • Góc làm việc,"Chào mừng bạn đến với Gần Q1/Sân bay • Máy chiếu • Cửa sổ • Góc làm việc — một không gian lưu trú ấm cúng, sang trọng tọa lạc tại Quận 1, Thành phố Hồ Chí Minh.
Căn phòng tràn ngập ánh sáng tự nhiên với đầy đủ tiện nghi cao cấp, giường nệm êm ái, máy lạnh, TV và wifi tốc độ cao. Rất thuận tiện di chuyển tới các điểm tham quan, nhà hàng ẩm thực và quán cà phê nổi tiếng của Thành phố Hồ Chí Minh.","Khu vực Quận 1 an ninh, văn minh, gần nhiều địa điểm ăn uống, mua sắm và giải trí sầm uất tại Thành phố Hồ Chí Minh.",https://a0.muscache.com/im/pictures/hosting/Hosting-1670734921484747263/original/0521a1ef-e521-4c38-906b-909e766bf1d7.jpeg,47000063,https://www.airbnb.com.vn/users/show/47000063,Hương,2024-05-25,"Thành phố Hồ Chí Minh, Việt Nam","Xin chào, tôi là Hương, đã có 2 năm kinh nghiệm làm host. Tôi yêu thích du lịch và luôn mong muốn đem lại trải nghiệm lưu trú thoải mái nhất cho khách.",trong vòng một giờ,100%,98%,f,https://a0.muscache.com/im/pictures/user/User-47000063/original/user_profile_3.jpeg,https://a0.muscache.com/im/pictures/user/User-47000063/original/user_profile_3.jpeg,Quận 1,5,1,"['email', 'phone', 'work_email']",t,t,Quận 1,Quận 1,Thành phố Hồ Chí Minh,10.8079,106.6839,Phòng riêng trong nhà,Private room,2,1.0,1 phòng tắm,1,1,"[""Máy giặt"", ""Thang máy"", ""Bếp đầy đủ tiện nghi"", ""Không gian riêng để làm việc"", ""Máy báo khói"", ""Tủ lạnh"", ""Bể bơi"", ""Dầu gội & Sữa tắm"", ""Bàn ủi / Bàn là"", ""Chỗ đỗ xe miễn phí trong khuôn viên"", ""Điều hòa nhiệt độ"", ""Máy phát hiện khí CO"", ""Máy sấy tóc"", ""Lò vi sóng"", ""Tự nhận phòng với hộp khóa an toàn"", ""Ban công ngắm cảnh"", ""TV màn hình phẳng"", ""Bồn tắm thư giãn"", ""Wi-fi tốc độ cao"", ""Bộ chăn ga gối cao cấp""]","₫594,478",1,1125,1,2,1125,1125,1.0,1125.0,today,t,18,36,71,284,2026-09-26,16,14,6,2026-01-29,2026-09-10,5.0,4.82,4.95,5.0,5.0,4.83,4.87,,f,2,0,1,0,1.94,"[""https://a0.muscache.com/im/pictures/hosting/Hosting-1670734921484747263/original/0521a1ef-e521-4c38-906b-909e766bf1d7.jpeg"", ""https://a0.muscache.com/im/pictures/hosting/Hosting-1670734921484747263/original/0a6b706e-bfd8-4360-afc1-beca5eee422a.jpeg"", ""https://a0.muscache.com/im/pictures/hosting/Hosting-1670734921484747263/original/b06b9c36-f4bf-4830-81ba-276b81bca142.png"", ""https://a0.muscache.com/im/pictures/hosting/Hosting-1670734921484747263/original/a4711fe3-acc4-47b7-809a-6c483cab657f.jpeg"", ""https://a0.muscache.com/im/pictures/hosting/Hosting-1670734921484747263/original/bc20c359-bec8-4742-8262-93121d24e851.png"", ""https://a0.muscache.com/im/pictures/hosting/Hosting-1670734921484747263/original/109497c5-e652-4123-a0da-7e07c700b78d.png""]",t,"[{""name"": ""Rùa"", ""avatar"": ""https://a0.muscache.com/im/pictures/user/avatar_rua.jpg""}, {""name"": ""Cindy"", ""avatar"": ""https://a0.muscache.com/im/pictures/user/avatar_cindy.jpg""}]","[{""name"": ""DECOR"", ""localizedName"": ""Trang trí"", ""count"": 12}, {""name"": ""INTERIOR"", ""localizedName"": ""Không gian bên trong"", ""count"": 14}, {""name"": ""CLEANLINESS"", ""localizedName"": ""Mức độ sạch sẽ"", ""count"": 17}, {""name"": ""LOCATION"", ""localizedName"": ""Địa điểm"", ""count"": 15}, {""name"": ""HOSPITALITY"", ""localizedName"": ""Hiếu khách"", ""count"": 14}]","[{""title"": ""Trải nghiệm nhận phòng xuất sắc"", ""subtitle"": ""Những khách ở gần đây đã xếp hạng 5 sao cho quy trình nhận phòng.""}, {""title"": ""Tự nhận phòng"", ""subtitle"": ""Tự nhận phòng với hộp khóa an toàn.""}]"
1774493271474414949,https://www.airbnb.com.vn/rooms/1774493271474414949,20260926000000,2026-09-26,city search,"2 phòng ngủ, tầng 7, bồn tắm, Landmark Plus, bên cạnh Landmark 81","Chào mừng bạn đến với 2 phòng ngủ, tầng 7, bồn tắm, Landmark Plus, bên cạnh Landmark 81 — một không gian lưu trú ấm cúng, sang trọng tọa lạc tại Quận 3, Thành phố Hồ Chí Minh.
Căn phòng tràn ngập ánh sáng tự nhiên với đầy đủ tiện nghi cao cấp, giường nệm êm ái, máy lạnh, TV và wifi tốc độ cao. Rất thuận tiện di chuyển tới các điểm tham quan, nhà hàng ẩm thực và quán cà phê nổi tiếng của Thành phố Hồ Chí Minh.","Khu vực Quận 3 an ninh, văn minh, gần nhiều địa điểm ăn uống, mua sắm và giải trí sầm uất tại Thành phố Hồ Chí Minh.",https://a0.muscache.com/im/pictures/hosting/Hosting-1774493271474414949/original/8d67ee7f-b638-4463-a7dc-a81b703fc1e0.png,47000064,https://www.airbnb.com.vn/users/show/47000064,Phương,2024-01-22,"Thành phố Hồ Chí Minh, Việt Nam","Xin chào, tôi là Phương, đã có 2 năm kinh nghiệm làm host. Tôi yêu thích du lịch và luôn mong muốn đem lại trải nghiệm lưu trú thoải mái nhất cho khách.",trong vòng một giờ,100%,98%,t,https://a0.muscache.com/im/pictures/user/User-47000064/original/user_profile_4.jpeg,https://a0.muscache.com/im/pictures/user/User-47000064/original/user_profile_4.jpeg,Quận 3,6,8,"['email', 'phone', 'work_email']",t,t,Quận 3,Quận 3,Thành phố Hồ Chí Minh,10.7951,106.7221,Toàn bộ căn hộ cho thuê,Entire home/apt,4,2.0,2 phòng tắm,2,2,"[""Ban công ngắm cảnh"", ""Tủ lạnh"", ""Máy báo khói"", ""Máy phát hiện khí CO"", ""Điều hòa nhiệt độ"", ""Bồn tắm thư giãn"", ""Bếp đầy đủ tiện nghi"", ""Wi-fi tốc độ cao"", ""Chỗ đỗ xe miễn phí trong khuôn viên"", ""Bàn ủi / Bàn là"", ""Lò vi sóng"", ""Máy sấy tóc"", ""Bộ chăn ga gối cao cấp"", ""Thang máy"", ""Máy giặt"", ""TV màn hình phẳng"", ""Dầu gội & Sữa tắm"", ""Tự nhận phòng với hộp khóa an toàn"", ""Bể bơi""]","₫1,845,917",1,1125,1,2,1125,1125,1.0,1125.0,today,t,23,44,71,231,2026-09-26,6,2,2,2026-06-28,2026-09-21,5.0,4.94,4.95,5.0,5.0,4.88,4.94,,t,2,2,0,0,1.66,"[""https://a0.muscache.com/im/pictures/hosting/Hosting-1774493271474414949/original/8d67ee7f-b638-4463-a7dc-a81b703fc1e0.png"", ""https://a0.muscache.com/im/pictures/hosting/Hosting-1774493271474414949/original/b99bea6f-55b0-4102-ac2e-7e0b90350952.png"", ""https://a0.muscache.com/im/pictures/hosting/Hosting-1774493271474414949/original/4e43f173-8d4a-4bcd-8405-c750aec727ba.png"", ""https://a0.muscache.com/im/pictures/hosting/Hosting-1774493271474414949/original/924f19b9-e258-498b-ad3d-5094839642db.png"", ""https://a0.muscache.com/im/pictures/hosting/Hosting-1774493271474414949/original/46489c5b-8ec4-42c4-802e-706e9d4789c8.png"", ""https://a0.muscache.com/im/pictures/hosting/Hosting-1774493271474414949/original/11404b2f-a9ff-40f3-8090-3eaedbdd5abc.png"", ""https://a0.muscache.com/im/pictures/hosting/Hosting-1774493271474414949/original/f2922db8-3f28-4815-87da-4d267461a672.png"", ""https://a0.muscache.com/im/pictures/hosting/Hosting-1774493271474414949/original/974dfd88-bae2-4ab9-9ea9-ab2c95c3c8b1.png"", ""https://a0.muscache.com/im/pictures/hosting/Hosting-1774493271474414949/original/7ae57dd0-82a6-437c-b869-bc0767ecedcd.png"", ""https://a0.muscache.com/im/pictures/hosting/Hosting-1774493271474414949/original/1f261bc2-f78d-4728-bd57-618dbe6ea730.png"", ""https://a0.muscache.com/im/pictures/hosting/Hosting-1774493271474414949/original/8e69cb9e-34d5-4882-82d9-f38c229e637f.png"", ""https://a0.muscache.com/im/pictures/hosting/Hosting-1774493271474414949/original/0f8401fc-69da-457e-99a5-60c20daec7f9.png"", ""https://a0.muscache.com/im/pictures/hosting/Hosting-1774493271474414949/original/d0626aeb-4691-4f71-89ff-9cb327a2188d.png"", ""https://a0.muscache.com/im/pictures/hosting/Hosting-1774493271474414949/original/1da04301-d9cf-4bb0-9ffb-8fbadd915a18.png"", ""https://a0.muscache.com/im/pictures/hosting/Hosting-1774493271474414949/original/1b5021f8-30c8-4a27-bfd8-b59fe3c23b91.png"", ""https://a0.muscache.com/im/pictures/hosting/Hosting-1774493271474414949/original/87f707d8-150e-4dbf-862c-b42c655ea864.png"", ""https://a0.muscache.com/im/pictures/hosting/Hosting-1774493271474414949/original/f388ccaf-d26c-48fb-a3ce-d4f32e64d3d2.png"", ""https://a0.muscache.com/im/pictures/hosting/Hosting-1774493271474414949/original/042fa90e-486b-4dd1-8945-e71f51239e7c.jpeg"", ""https://a0.muscache.com/im/pictures/hosting/Hosting-1774493271474414949/original/e7229414-a6de-4b01-833c-3dc1e3d7eb71.jpeg"", ""https://a0.muscache.com/im/pictures/hosting/Hosting-1774493271474414949/original/2208385e-9386-4cc3-b314-4a2b97fa7535.jpeg"", ""https://a0.muscache.com/im/pictures/hosting/Hosting-1774493271474414949/original/8e2a0971-8f50-4365-b00a-f4df7ab5e609.jpeg"", ""https://a0.muscache.com/im/pictures/hosting/Hosting-1774493271474414949/original/3d6a45b9-e2f6-403f-b517-ed086b2f918e.jpeg"", ""https://a0.muscache.com/im/pictures/hosting/Hosting-1774493271474414949/original/c27b0088-899a-4e54-a3fb-046f3d796b8f.jpeg"", ""https://a0.muscache.com/im/pictures/hosting/Hosting-1774493271474414949/original/658af31e-a0a6-4805-abea-5233767976b1.jpeg"", ""https://a0.muscache.com/im/pictures/hosting/Hosting-1774493271474414949/original/8c179201-244b-460d-9956-94ccc2e6f364.jpeg"", ""https://a0.muscache.com/im/pictures/hosting/Hosting-1774493271474414949/original/a8c35f12-eb40-47a1-ad04-68b854a570ed.jpeg"", ""https://a0.muscache.com/im/pictures/hosting/Hosting-1774493271474414949/original/3082f1f3-5c5b-40d8-bc49-9736ecfef2d3.jpeg"", ""https://a0.muscache.com/im/pictures/hosting/Hosting-1774493271474414949/original/422fbe7d-5b6d-4ed0-9085-6f8bc4452555.jpeg"", ""https://a0.muscache.com/im/pictures/hosting/Hosting-1774493271474414949/original/abddfebd-2ed4-4f58-bb22-d2be682b52f7.jpeg""]",t,"[{""name"": ""Cindy"", ""avatar"": ""https://a0.muscache.com/im/pictures/user/avatar_cindy.jpg""}, {""name"": ""Rùa"", ""avatar"": ""https://a0.muscache.com/im/pictures/user/avatar_rua.jpg""}, {""name"": ""Long"", ""avatar"": ""https://a0.muscache.com/im/pictures/user/avatar_long.jpg""}]","[{""name"": ""DECOR"", ""localizedName"": ""Trang trí"", ""count"": 6}, {""name"": ""INTERIOR"", ""localizedName"": ""Không gian bên trong"", ""count"": 9}, {""name"": ""CLEANLINESS"", ""localizedName"": ""Mức độ sạch sẽ"", ""count"": 4}, {""name"": ""LOCATION"", ""localizedName"": ""Địa điểm"", ""count"": 2}, {""name"": ""HOSPITALITY"", ""localizedName"": ""Hiếu khách"", ""count"": 4}]","[{""title"": ""Trải nghiệm nhận phòng xuất sắc"", ""subtitle"": ""Những khách ở gần đây đã xếp hạng 5 sao cho quy trình nhận phòng.""}, {""title"": ""Tự nhận phòng"", ""subtitle"": ""Tự nhận phòng với hộp khóa an toàn.""}]"
1772273130082174088,https://www.airbnb.com.vn/rooms/1772273130082174088,20260926000000,2026-09-26,city search,Nhà Chu,"Chào mừng bạn đến với Nhà Chu — một không gian lưu trú ấm cúng, sang trọng tọa lạc tại Quận 4, Thành phố Hồ Chí Minh.
Căn phòng tràn ngập ánh sáng tự nhiên với đầy đủ tiện nghi cao cấp, giường nệm êm ái, máy lạnh, TV và wifi tốc độ cao. Rất thuận tiện di chuyển tới các điểm tham quan, nhà hàng ẩm thực và quán cà phê nổi tiếng của Thành phố Hồ Chí Minh.","Khu vực Quận 4 an ninh, văn minh, gần nhiều địa điểm ăn uống, mua sắm và giải trí sầm uất tại Thành phố Hồ Chí Minh.",https://a0.muscache.com/im/pictures/hosting/Hosting-1772273130082174088/original/bc77e995-d603-48f2-b06c-e53b0c8469e8.jpeg,47000065,https://www.airbnb.com.vn/users/show/47000065,Hà,2024-05-08,"Thành phố Hồ Chí Minh, Việt Nam","Xin chào, tôi là Hà, đã có 2 năm kinh nghiệm làm host. Tôi yêu thích du lịch và luôn mong muốn đem lại trải nghiệm lưu trú thoải mái nhất cho khách.",trong vòng một giờ,100%,98%,f,https://a0.muscache.com/im/pictures/user/User-47000065/original/user_profile_5.jpeg,https://a0.muscache.com/im/pictures/user/User-47000065/original/user_profile_5.jpeg,Quận 4,9,1,"['email', 'phone', 'work_email']",t,t,Quận 4,Quận 4,Thành phố Hồ Chí Minh,10.7716,106.6881,Phòng riêng trong nhà,Private room,4,1.0,1 phòng tắm,1,2,"[""Tủ lạnh"", ""Lò vi sóng"", ""Máy sấy tóc"", ""Bàn ủi / Bàn là"", ""Bếp đầy đủ tiện nghi"", ""Wi-fi tốc độ cao"", ""Máy báo khói"", ""Máy giặt"", ""Ban công ngắm cảnh"", ""Chỗ đỗ xe miễn phí trong khuôn viên"", ""Máy phát hiện khí CO"", ""TV màn hình phẳng"", ""Dầu gội & Sữa tắm"", ""Tự nhận phòng với hộp khóa an toàn"", ""Bộ chăn ga gối cao cấp"", ""Điều hòa nhiệt độ"", ""Thang máy"", ""Không gian riêng để làm việc""]","₫590,000",1,1125,1,2,1125,1125,1.0,1125.0,today,t,14,37,60,269,2026-09-26,38,9,3,2025-03-05,2026-09-19,4.85,4.83,4.91,5.0,5.0,4.94,4.79,,f,2,0,1,0,1.97,"[""https://a0.muscache.com/im/pictures/hosting/Hosting-1772273130082174088/original/bc77e995-d603-48f2-b06c-e53b0c8469e8.jpeg"", ""https://a0.muscache.com/im/pictures/hosting/Hosting-1772273130082174088/original/9d3f39a3-dcb6-477f-aab2-1ea14850361b.jpeg"", ""https://a0.muscache.com/im/pictures/hosting/Hosting-1772273130082174088/original/d2e2fa46-5c5e-42b8-8d9f-8805aad216e9.png"", ""https://a0.muscache.com/im/pictures/hosting/Hosting-1772273130082174088/original/ef4c9dc2-362f-4972-9cfe-9d9987479aad.jpeg"", ""https://a0.muscache.com/im/pictures/hosting/Hosting-1772273130082174088/original/2db14621-014a-4cce-9bdd-7beecea2a181.jpeg"", ""https://a0.muscache.com/im/pictures/hosting/Hosting-1772273130082174088/original/c7985b85-6afb-4125-ac84-194a4a2cbea1.jpeg""]",f,"[{""name"": ""Long"", ""avatar"": ""https://a0.muscache.com/im/pictures/user/avatar_long.jpg""}, {""name"": ""Rùa"", ""avatar"": ""https://a0.muscache.com/im/pictures/user/avatar_rua.jpg""}, {""name"": ""Cindy"", ""avatar"": ""https://a0.muscache.com/im/pictures/user/avatar_cindy.jpg""}]","[{""name"": ""DECOR"", ""localizedName"": ""Trang trí"", ""count"": 17}, {""name"": ""INTERIOR"", ""localizedName"": ""Không gian bên trong"", ""count"": 17}, {""name"": ""CLEANLINESS"", ""localizedName"": ""Mức độ sạch sẽ"", ""count"": 17}, {""name"": ""LOCATION"", ""localizedName"": ""Địa điểm"", ""count"": 18}, {""name"": ""HOSPITALITY"", ""localizedName"": ""Hiếu khách"", ""count"": 15}]","[{""title"": ""Trải nghiệm nhận phòng xuất sắc"", ""subtitle"": ""Những khách ở gần đây đã xếp hạng 5 sao cho quy trình nhận phòng.""}, {""title"": ""Tự nhận phòng"", ""subtitle"": ""Tự nhận phòng với hộp khóa an toàn.""}]"
1689889005916800228,https://www.airbnb.com.vn/rooms/1689889005916800228,20260926000000,2026-09-26,city search,Family Studio 2 Giường Lớn|Sân Hiên|Đề Thám Quận 1,"Chào mừng bạn đến với Family Studio 2 Giường Lớn|Sân Hiên|Đề Thám Quận 1 — một không gian lưu trú ấm cúng, sang trọng tọa lạc tại Quận 1, Thành phố Hồ Chí Minh.
Căn phòng tràn ngập ánh sáng tự nhiên với đầy đủ tiện nghi cao cấp, giường nệm êm ái, máy lạnh, TV và wifi tốc độ cao. Rất thuận tiện di chuyển tới các điểm tham quan, nhà hàng ẩm thực và quán cà phê nổi tiếng của Thành phố Hồ Chí Minh.","Khu vực Quận 1 an ninh, văn minh, gần nhiều địa điểm ăn uống, mua sắm và giải trí sầm uất tại Thành phố Hồ Chí Minh.",https://a0.muscache.com/im/pictures/hosting/Hosting-1689889005916800228/original/825c6f39-4c1f-49aa-8a93-5021937f7394.png,47000066,https://www.airbnb.com.vn/users/show/47000066,Trang,2020-08-09,"Thành phố Hồ Chí Minh, Việt Nam","Xin chào, tôi là Trang, đã có 6 năm kinh nghiệm làm host. Tôi yêu thích du lịch và luôn mong muốn đem lại trải nghiệm lưu trú thoải mái nhất cho khách.",trong vòng một giờ,100%,98%,t,https://a0.muscache.com/im/pictures/user/User-47000066/original/user_profile_6.jpeg,https://a0.muscache.com/im/pictures/user/User-47000066/original/user_profile_6.jpeg,Quận 1,5,3,"['email', 'phone', 'work_email']",t,t,Quận 1,Quận 1,Thành phố Hồ Chí Minh,10.7656,106.6943,Toàn bộ căn hộ cho thuê,Entire home/apt,4,1.0,1 phòng tắm,1,2,"[""Bếp đầy đủ tiện nghi"", ""Máy báo khói"", ""Ban công ngắm cảnh"", ""Máy sấy tóc"", ""Máy phát hiện khí CO"", ""Tự nhận phòng với hộp khóa an toàn"", ""Lò vi sóng"", ""Wi-fi tốc độ cao"", ""Bể bơi"", ""Dầu gội & Sữa tắm"", ""Tủ lạnh"", ""Bộ chăn ga gối cao cấp"", ""Bồn tắm thư giãn"", ""Máy giặt"", ""Điều hòa nhiệt độ"", ""Chỗ đỗ xe miễn phí trong khuôn viên"", ""TV màn hình phẳng"", ""Thang máy"", ""Không gian riêng để làm việc""]","₫1,715,112",1,1125,1,2,1125,1125,1.0,1125.0,today,t,23,38,55,339,2026-09-26,22,15,0,2025-10-31,2026-09-21,4.91,4.91,4.82,5.0,5.0,4.9,4.75,,t,2,2,0,0,2.24,"[""https://a0.muscache.com/im/pictures/hosting/Hosting-1689889005916800228/original/825c6f39-4c1f-49aa-8a93-5021937f7394.png"", ""https://a0.muscache.com/im/pictures/hosting/Hosting-1689889005916800228/original/074cc64a-1d2d-4c2d-b7ea-5d79cf7e5535.png"", ""https://a0.muscache.com/im/pictures/hosting/Hosting-1689889005916800228/original/6e2c67c6-2b42-4c77-8eae-a330da94b347.png"", ""https://a0.muscache.com/im/pictures/hosting/Hosting-1689889005916800228/original/45477204-a64a-4a39-a2a0-da14404089d9.png"", ""https://a0.muscache.com/im/pictures/hosting/Hosting-1689889005916800228/original/c2dbcc50-8eaf-49c7-b830-f950a7da87ff.png"", ""https://a0.muscache.com/im/pictures/hosting/Hosting-1689889005916800228/original/d25a3e27-e1f1-49d6-ba8b-0918dfacf284.png"", ""https://a0.muscache.com/im/pictures/hosting/Hosting-1689889005916800228/original/0eb710b3-bac2-4d01-b965-b35c35b5a0a2.png"", ""https://a0.muscache.com/im/pictures/hosting/Hosting-1689889005916800228/original/27880941-7b32-4499-8c03-c17f391cd49a.png"", ""https://a0.muscache.com/im/pictures/hosting/Hosting-1689889005916800228/original/66548cea-d7c4-4fb4-b7c1-e039ac2014d0.png"", ""https://a0.muscache.com/im/pictures/hosting/Hosting-1689889005916800228/original/8fcf8aa2-79e0-47fd-b2b2-24cda7da4d4f.png"", ""https://a0.muscache.com/im/pictures/hosting/Hosting-1689889005916800228/original/df2ac24a-793b-46cb-a59e-889a7306f749.png"", ""https://a0.muscache.com/im/pictures/hosting/Hosting-1689889005916800228/original/74cdecb5-5c54-42bd-b154-f6f55c3f63f3.png"", ""https://a0.muscache.com/im/pictures/hosting/Hosting-1689889005916800228/original/875257a7-6a7e-4d36-a03f-2fc365d7ac26.png"", ""https://a0.muscache.com/im/pictures/hosting/Hosting-1689889005916800228/original/224ecbc5-a08b-446f-af4d-def9c8dc9495.png"", ""https://a0.muscache.com/im/pictures/hosting/Hosting-1689889005916800228/original/38e0c032-0610-4b5b-b768-413b07176ce9.png"", ""https://a0.muscache.com/im/pictures/hosting/Hosting-1689889005916800228/original/2c5fcb6b-cf8b-4002-8150-19474239829d.png""]",t,"[{""name"": ""Cindy"", ""avatar"": ""https://a0.muscache.com/im/pictures/user/avatar_cindy.jpg""}, {""name"": ""Dang Nguyen"", ""avatar"": ""https://a0.muscache.com/im/pictures/user/avatar_dang.jpg""}, {""name"": ""Long"", ""avatar"": ""https://a0.muscache.com/im/pictures/user/avatar_long.jpg""}]","[{""name"": ""DECOR"", ""localizedName"": ""Trang trí"", ""count"": 15}, {""name"": ""INTERIOR"", ""localizedName"": ""Không gian bên trong"", ""count"": 11}, {""name"": ""CLEANLINESS"", ""localizedName"": ""Mức độ sạch sẽ"", ""count"": 4}, {""name"": ""LOCATION"", ""localizedName"": ""Địa điểm"", ""count"": 6}, {""name"": ""HOSPITALITY"", ""localizedName"": ""Hiếu khách"", ""count"": 8}]","[{""title"": ""Trải nghiệm nhận phòng xuất sắc"", ""subtitle"": ""Những khách ở gần đây đã xếp hạng 5 sao cho quy trình nhận phòng.""}, {""title"": ""Tự nhận phòng"", ""subtitle"": ""Tự nhận phòng với hộp khóa an toàn.""}]"
744631369409788487,https://www.airbnb.com.vn/rooms/744631369409788487,20260926000000,2026-09-26,city search,"(Ấm cúng) L23@Fresh, Phòng tắm riêng,Quận 1,Thang máy","Chào mừng bạn đến với (Ấm cúng) L23@Fresh, Phòng tắm riêng,Quận 1,Thang máy — một không gian lưu trú ấm cúng, sang trọng tọa lạc tại Quận 1, Thành phố Hồ Chí Minh.
Căn phòng tràn ngập ánh sáng tự nhiên với đầy đủ tiện nghi cao cấp, giường nệm êm ái, máy lạnh, TV và wifi tốc độ cao. Rất thuận tiện di chuyển tới các điểm tham quan, nhà hàng ẩm thực và quán cà phê nổi tiếng của Thành phố Hồ Chí Minh.","Khu vực Quận 1 an ninh, văn minh, gần nhiều địa điểm ăn uống, mua sắm và giải trí sầm uất tại Thành phố Hồ Chí Minh.",https://a0.muscache.com/im/pictures/miso/Hosting-744631369409788487/original/0f86e8c9-66d3-4d0c-8fde-4927c1632420.jpeg,47000067,https://www.airbnb.com.vn/users/show/47000067,Dương,2022-12-04,"Thành phố Hồ Chí Minh, Việt Nam","Xin chào, tôi là Dương, đã có 3 năm kinh nghiệm làm host. Tôi yêu thích du lịch và luôn mong muốn đem lại trải nghiệm lưu trú thoải mái nhất cho khách.",trong vòng một giờ,100%,98%,f,https://a0.muscache.com/im/pictures/user/User-47000067/original/user_profile_7.jpeg,https://a0.muscache.com/im/pictures/user/User-47000067/original/user_profile_7.jpeg,Quận 1,7,4,"['email', 'phone', 'work_email']",t,t,Quận 1,Quận 1,Thành phố Hồ Chí Minh,10.7595,106.6922,Phòng riêng trong nhà,Private room,2,1.0,1 phòng tắm,1,1,"[""Tủ lạnh"", ""Bộ chăn ga gối cao cấp"", ""Máy phát hiện khí CO"", ""Không gian riêng để làm việc"", ""Bồn tắm thư giãn"", ""Wi-fi tốc độ cao"", ""Chỗ đỗ xe miễn phí trong khuôn viên"", ""Tự nhận phòng với hộp khóa an toàn"", ""Máy sấy tóc"", ""Ban công ngắm cảnh"", ""Bể bơi"", ""Bàn ủi / Bàn là"", ""Lò vi sóng"", ""Dầu gội & Sữa tắm"", ""Điều hòa nhiệt độ"", ""Máy báo khói"", ""Bếp đầy đủ tiện nghi"", ""Máy giặt"", ""TV màn hình phẳng"", ""Thang máy""]","₫488,178",1,1125,1,2,1125,1125,1.0,1125.0,today,t,23,39,73,223,2026-09-26,163,20,0,2023-06-14,2026-09-10,4.89,4.87,4.98,5.0,5.0,4.71,4.79,,f,2,0,1,0,4.13,"[""https://a0.muscache.com/im/pictures/miso/Hosting-744631369409788487/original/0f86e8c9-66d3-4d0c-8fde-4927c1632420.jpeg"", ""https://a0.muscache.com/im/pictures/miso/Hosting-744631369409788487/original/5b9bea4c-979d-40a7-ab36-c8f12f7767d6.jpeg"", ""https://a0.muscache.com/im/pictures/miso/Hosting-744631369409788487/original/c00fdd0f-17b7-4315-a270-32f96d952660.jpeg"", ""https://a0.muscache.com/im/pictures/miso/Hosting-744631369409788487/original/5c21edea-743e-47ee-bf51-1aa93495ba58.jpeg"", ""https://a0.muscache.com/im/pictures/miso/Hosting-744631369409788487/original/af832a50-12c3-4e21-b6b8-2ca67f57abbc.jpeg"", ""https://a0.muscache.com/im/pictures/miso/Hosting-744631369409788487/original/000aca13-bd82-4fba-87c8-067581264cd6.jpeg""]",t,"[{""name"": ""Long"", ""avatar"": ""https://a0.muscache.com/im/pictures/user/avatar_long.jpg""}]","[{""name"": ""DECOR"", ""localizedName"": ""Trang trí"", ""count"": 14}, {""name"": ""INTERIOR"", ""localizedName"": ""Không gian bên trong"", ""count"": 16}, {""name"": ""CLEANLINESS"", ""localizedName"": ""Mức độ sạch sẽ"", ""count"": 7}, {""name"": ""LOCATION"", ""localizedName"": ""Địa điểm"", ""count"": 8}, {""name"": ""HOSPITALITY"", ""localizedName"": ""Hiếu khách"", ""count"": 6}]","[{""title"": ""Trải nghiệm nhận phòng xuất sắc"", ""subtitle"": ""Những khách ở gần đây đã xếp hạng 5 sao cho quy trình nhận phòng.""}, {""title"": ""Tự nhận phòng"", ""subtitle"": ""Tự nhận phòng với hộp khóa an toàn.""}]"
1254813922213845974,https://www.airbnb.com.vn/rooms/1254813922213845974,20260926000000,2026-09-26,city search,"P""m""P.26: Colonial Art Loft with Greenery Balcony","Chào mừng bạn đến với P""m""P.26: Colonial Art Loft with Greenery Balcony — một không gian lưu trú ấm cúng, sang trọng tọa lạc tại Quận Bình Thạnh, Thành phố Hồ Chí Minh.
Căn phòng tràn ngập ánh sáng tự nhiên với đầy đủ tiện nghi cao cấp, giường nệm êm ái, máy lạnh, TV và wifi tốc độ cao. Rất thuận tiện di chuyển tới các điểm tham quan, nhà hàng ẩm thực và quán cà phê nổi tiếng của Thành phố Hồ Chí Minh.","Khu vực Quận Bình Thạnh an ninh, văn minh, gần nhiều địa điểm ăn uống, mua sắm và giải trí sầm uất tại Thành phố Hồ Chí Minh.",https://a0.muscache.com/im/pictures/hosting/Hosting-1254813922213845974/original/b5f57ff9-e7ab-4808-ae0a-ecf71a7e3983.jpeg,47000068,https://www.airbnb.com.vn/users/show/47000068,Thảo,2025-08-14,"Thành phố Hồ Chí Minh, Việt Nam","Xin chào, tôi là Thảo, đã có 1 năm kinh nghiệm làm host. Tôi yêu thích du lịch và luôn mong muốn đem lại trải nghiệm lưu trú thoải mái nhất cho khách.",trong vòng một giờ,100%,98%,t,https://a0.muscache.com/im/pictures/user/User-47000068/original/user_profile_8.jpeg,https://a0.muscache.com/im/pictures/user/User-47000068/original/user_profile_8.jpeg,Quận Bình Thạnh,5,4,"['email', 'phone', 'work_email']",t,t,Quận Bình Thạnh,Quận Bình Thạnh,Thành phố Hồ Chí Minh,10.7653,106.6883,Toàn bộ căn hộ cho thuê,Entire home/apt,2,1.0,1 phòng tắm,1,1,"[""TV màn hình phẳng"", ""Máy sấy tóc"", ""Thang máy"", ""Ban công ngắm cảnh"", ""Chỗ đỗ xe miễn phí trong khuôn viên"", ""Dầu gội & Sữa tắm"", ""Bộ chăn ga gối cao cấp"", ""Tự nhận phòng với hộp khóa an toàn"", ""Không gian riêng để làm việc"", ""Máy phát hiện khí CO"", ""Máy giặt"", ""Bể bơi"", ""Bồn tắm thư giãn"", ""Điều hòa nhiệt độ"", ""Bếp đầy đủ tiện nghi"", ""Bàn ủi / Bàn là"", ""Lò vi sóng"", ""Máy báo khói"", ""Wi-fi tốc độ cao""]","₫1,800,000",1,1125,1,2,1125,1125,1.0,1125.0,today,t,21,38,72,268,2026-09-26,145,26,4,2023-06-14,2026-09-24,4.96,4.91,4.8,5.0,5.0,4.87,4.93,,t,2,2,0,0,2.21,"[""https://a0.muscache.com/im/pictures/hosting/Hosting-1254813922213845974/original/b5f57ff9-e7ab-4808-ae0a-ecf71a7e3983.jpeg"", ""https://a0.muscache.com/im/pictures/hosting/Hosting-1254813922213845974/original/b0850c61-a7f2-44b6-b7c8-de0615f6af44.jpeg"", ""https://a0.muscache.com/im/pictures/hosting/Hosting-1254813922213845974/original/401a3f54-8353-4c4d-bd86-36ccbaea712f.jpeg"", ""https://a0.muscache.com/im/pictures/miso/Hosting-1254813922213845974/original/85969bbb-f86f-48bc-a9b1-ff6356e60aab.jpeg"", ""https://a0.muscache.com/im/pictures/hosting/Hosting-1254813922213845974/original/0920afe2-2b73-4b0a-b12b-c37463ca9ebb.jpeg"", ""https://a0.muscache.com/im/pictures/hosting/Hosting-1254813922213845974/original/c4eaccde-8c2c-4dec-964b-5070cea26e0f.jpeg"", ""https://a0.muscache.com/im/pictures/hosting/Hosting-1254813922213845974/original/32596038-8742-41df-b666-f2ea3231caf8.jpeg"", ""https://a0.muscache.com/im/pictures/hosting/Hosting-1254813922213845974/original/83c74761-cf35-4f3e-991b-0b35ee8b7577.jpeg"", ""https://a0.muscache.com/im/pictures/miso/Hosting-1254813922213845974/original/ccace073-c598-4c4c-b611-484d5a8a30df.jpeg"", ""https://a0.muscache.com/im/pictures/miso/Hosting-1254813922213845974/original/1a0c48b5-c92b-4790-915b-c156cf4dd001.jpeg"", ""https://a0.muscache.com/im/pictures/miso/Hosting-1254813922213845974/original/0125bd1d-d1c0-4b4a-bb2a-c7ec277880e2.jpeg"", ""https://a0.muscache.com/im/pictures/miso/Hosting-1254813922213845974/original/32f66273-5eab-43b7-bfb0-050397c72a74.jpeg"", ""https://a0.muscache.com/im/pictures/hosting/Hosting-1254813922213845974/original/d12d03ca-c2e6-4133-9a95-6d825b580941.jpeg"", ""https://a0.muscache.com/im/pictures/hosting/Hosting-1254813922213845974/original/32b00d96-e3c7-4aab-b612-4ce157394ee2.jpeg"", ""https://a0.muscache.com/im/pictures/hosting/Hosting-1254813922213845974/original/15b02ae8-c5d8-434e-8e66-c937a0adc77d.jpeg"", ""https://a0.muscache.com/im/pictures/miso/Hosting-1254813922213845974/original/a96192bb-30af-4b87-ab04-b894cf8a90b2.jpeg"", ""https://a0.muscache.com/im/pictures/hosting/Hosting-1254813922213845974/original/941e82fe-d980-4ded-9047-27cc84f6112e.jpeg"", ""https://a0.muscache.com/im/pictures/hosting/Hosting-1254813922213845974/original/15ad2985-cca4-4a02-bfa0-8e0f9ed713d7.jpeg"", ""https://a0.muscache.com/im/pictures/hosting/Hosting-1254813922213845974/original/fd5fd519-0ad6-40ca-b612-16c3bfc6c6a1.jpeg""]",t,"[{""name"": ""Rùa"", ""avatar"": ""https://a0.muscache.com/im/pictures/user/avatar_rua.jpg""}, {""name"": ""Long"", ""avatar"": ""https://a0.muscache.com/im/pictures/user/avatar_long.jpg""}, {""name"": ""Dang Nguyen"", ""avatar"": ""https://a0.muscache.com/im/pictures/user/avatar_dang.jpg""}]","[{""name"": ""DECOR"", ""localizedName"": ""Trang trí"", ""count"": 17}, {""name"": ""INTERIOR"", ""localizedName"": ""Không gian bên trong"", ""count"": 10}, {""name"": ""CLEANLINESS"", ""localizedName"": ""Mức độ sạch sẽ"", ""count"": 10}, {""name"": ""LOCATION"", ""localizedName"": ""Địa điểm"", ""count"": 15}, {""name"": ""HOSPITALITY"", ""localizedName"": ""Hiếu khách"", ""count"": 8}]","[{""title"": ""Trải nghiệm nhận phòng xuất sắc"", ""subtitle"": ""Những khách ở gần đây đã xếp hạng 5 sao cho quy trình nhận phòng.""}, {""title"": ""Tự nhận phòng"", ""subtitle"": ""Tự nhận phòng với hộp khóa an toàn.""}]"
1161924160014039510,https://www.airbnb.com.vn/rooms/1161924160014039510,20260926000000,2026-09-26,city search,Phòng suite Marshmallow | Netflix | Sân bay Tân Sơn Nhất,"Chào mừng bạn đến với Phòng suite Marshmallow | Netflix | Sân bay Tân Sơn Nhất — một không gian lưu trú ấm cúng, sang trọng tọa lạc tại Quận Phú Nhuận, Thành phố Hồ Chí Minh.
Căn phòng tràn ngập ánh sáng tự nhiên với đầy đủ tiện nghi cao cấp, giường nệm êm ái, máy lạnh, TV và wifi tốc độ cao. Rất thuận tiện di chuyển tới các điểm tham quan, nhà hàng ẩm thực và quán cà phê nổi tiếng của Thành phố Hồ Chí Minh.","Khu vực Quận Phú Nhuận an ninh, văn minh, gần nhiều địa điểm ăn uống, mua sắm và giải trí sầm uất tại Thành phố Hồ Chí Minh.",https://a0.muscache.com/im/pictures/hosting/Hosting-1161924160014039510/original/f59f135b-f460-4753-8f68-f4ab7e3f8c3e.jpeg,47000069,https://www.airbnb.com.vn/users/show/47000069,Hải,2021-04-04,"Thành phố Hồ Chí Minh, Việt Nam","Xin chào, tôi là Hải, đã có 5 năm kinh nghiệm làm host. Tôi yêu thích du lịch và luôn mong muốn đem lại trải nghiệm lưu trú thoải mái nhất cho khách.",trong vòng một giờ,100%,98%,f,https://a0.muscache.com/im/pictures/user/User-47000069/original/user_profile_9.jpeg,https://a0.muscache.com/im/pictures/user/User-47000069/original/user_profile_9.jpeg,Quận Phú Nhuận,2,4,"['email', 'phone', 'work_email']",t,t,Quận Phú Nhuận,Quận Phú Nhuận,Thành phố Hồ Chí Minh,10.8044,106.6395,Phòng riêng trong nhà,Private room,2,1.0,1 phòng tắm,1,1,"[""Dầu gội & Sữa tắm"", ""Máy báo khói"", ""Bồn tắm thư giãn"", ""Bếp đầy đủ tiện nghi"", ""Bể bơi"", ""Máy sấy tóc"", ""Bàn ủi / Bàn là"", ""Lò vi sóng"", ""Thang máy"", ""Tủ lạnh"", ""Wi-fi tốc độ cao"", ""Máy giặt"", ""Điều hòa nhiệt độ"", ""Máy phát hiện khí CO"", ""Không gian riêng để làm việc"", ""Chỗ đỗ xe miễn phí trong khuôn viên""]","₫1,180,000",1,1125,1,2,1125,1125,1.0,1125.0,today,t,26,50,65,304,2026-09-26,183,2,1,2023-06-14,2026-09-17,4.98,4.82,4.81,5.0,5.0,4.71,4.83,,f,2,0,1,0,2.42,"[""https://a0.muscache.com/im/pictures/hosting/Hosting-1161924160014039510/original/f59f135b-f460-4753-8f68-f4ab7e3f8c3e.jpeg"", ""https://a0.muscache.com/im/pictures/hosting/Hosting-1161924160014039510/original/e54ffe2d-87a0-416a-9fef-5ac8543af8dd.png"", ""https://a0.muscache.com/im/pictures/hosting/Hosting-1161924160014039510/original/7ccfba1a-66c4-4f4d-9854-36e459db43bf.png"", ""https://a0.muscache.com/im/pictures/hosting/Hosting-1161924160014039510/original/fa6b2f40-6a0f-463e-8607-ae5d1ec5009c.jpeg"", ""https://a0.muscache.com/im/pictures/hosting/Hosting-1161924160014039510/original/1427fdc9-4944-4548-bf83-0052ecb5cec7.jpeg"", ""https://a0.muscache.com/im/pictures/hosting/Hosting-1161924160014039510/original/fcb27760-f3c4-45cb-a716-2b52214e9d18.jpeg""]",t,"[{""name"": ""Long"", ""avatar"": ""https://a0.muscache.com/im/pictures/user/avatar_long.jpg""}]","[{""name"": ""DECOR"", ""localizedName"": ""Trang trí"", ""count"": 8}, {""name"": ""INTERIOR"", ""localizedName"": ""Không gian bên trong"", ""count"": 7}, {""name"": ""CLEANLINESS"", ""localizedName"": ""Mức độ sạch sẽ"", ""count"": 22}, {""name"": ""LOCATION"", ""localizedName"": ""Địa điểm"", ""count"": 7}, {""name"": ""HOSPITALITY"", ""localizedName"": ""Hiếu khách"", ""count"": 13}]","[{""title"": ""Trải nghiệm nhận phòng xuất sắc"", ""subtitle"": ""Những khách ở gần đây đã xếp hạng 5 sao cho quy trình nhận phòng.""}, {""title"": ""Tự nhận phòng"", ""subtitle"": ""Tự nhận phòng với hộp khóa an toàn.""}]"
1768248295978592520,https://www.airbnb.com.vn/rooms/1768248295978592520,20260926000000,2026-09-26,city search,D1 Heart | Tầng thượng•Nhà bếp•Thang máy | Cotta @ Cozinema,"Chào mừng bạn đến với D1 Heart | Tầng thượng•Nhà bếp•Thang máy | Cotta @ Cozinema — một không gian lưu trú ấm cúng, sang trọng tọa lạc tại Thành phố Thủ Đức, Thành phố Hồ Chí Minh.
Căn phòng tràn ngập ánh sáng tự nhiên với đầy đủ tiện nghi cao cấp, giường nệm êm ái, máy lạnh, TV và wifi tốc độ cao. Rất thuận tiện di chuyển tới các điểm tham quan, nhà hàng ẩm thực và quán cà phê nổi tiếng của Thành phố Hồ Chí Minh.","Khu vực Thành phố Thủ Đức an ninh, văn minh, gần nhiều địa điểm ăn uống, mua sắm và giải trí sầm uất tại Thành phố Hồ Chí Minh.",https://a0.muscache.com/im/pictures/hosting/Hosting-1768248295978592520/original/9dcbb76b-d557-4076-95e3-244f945ea252.jpeg,47000070,https://www.airbnb.com.vn/users/show/47000070,Nam,2020-06-29,"Thành phố Hồ Chí Minh, Việt Nam","Xin chào, tôi là Nam, đã có 6 năm kinh nghiệm làm host. Tôi yêu thích du lịch và luôn mong muốn đem lại trải nghiệm lưu trú thoải mái nhất cho khách.",trong vòng một giờ,100%,98%,t,https://a0.muscache.com/im/pictures/user/User-47000070/original/user_profile_0.jpeg,https://a0.muscache.com/im/pictures/user/User-47000070/original/user_profile_0.jpeg,Thành phố Thủ Đức,4,7,"['email', 'phone', 'work_email']",t,t,Thành phố Thủ Đức,Thành phố Thủ Đức,Thành phố Hồ Chí Minh,10.7682,106.6925,Toàn bộ căn hộ cho thuê,Entire home/apt,2,1.0,1 phòng tắm,1,1,"[""Ban công ngắm cảnh"", ""Điều hòa nhiệt độ"", ""Bể bơi"", ""Lò vi sóng"", ""Bếp đầy đủ tiện nghi"", ""Máy phát hiện khí CO"", ""Máy sấy tóc"", ""Không gian riêng để làm việc"", ""Bàn ủi / Bàn là"", ""Bộ chăn ga gối cao cấp"", ""Dầu gội & Sữa tắm"", ""Tủ lạnh"", ""Tự nhận phòng với hộp khóa an toàn"", ""Bồn tắm thư giãn"", ""Chỗ đỗ xe miễn phí trong khuôn viên"", ""Wi-fi tốc độ cao""]","₫800,230",1,1125,1,2,1125,1125,1.0,1125.0,today,t,28,37,51,294,2026-09-26,3,3,2,2026-08-12,2026-09-17,5.0,4.92,4.92,5.0,5.0,4.89,4.84,,t,2,2,0,0,1.44,"[""https://a0.muscache.com/im/pictures/hosting/Hosting-1768248295978592520/original/9dcbb76b-d557-4076-95e3-244f945ea252.jpeg"", ""https://a0.muscache.com/im/pictures/hosting/Hosting-1768248295978592520/original/09855c5d-a169-4665-8f81-f94665b59175.jpeg"", ""https://a0.muscache.com/im/pictures/hosting/Hosting-1768248295978592520/original/b2b401f5-2557-4f62-be18-83bb97ed10a2.jpeg"", ""https://a0.muscache.com/im/pictures/hosting/Hosting-1768248295978592520/original/f98f3376-a151-4264-b3ae-a0405b0a70b1.jpeg"", ""https://a0.muscache.com/im/pictures/hosting/Hosting-1768248295978592520/original/6243bab6-ca22-4315-a291-98d91e71dd31.jpeg"", ""https://a0.muscache.com/im/pictures/hosting/Hosting-1768248295978592520/original/5e19c8ef-1a84-4340-b044-c52d26f94d12.jpeg"", ""https://a0.muscache.com/im/pictures/hosting/Hosting-1768248295978592520/original/d3b08009-86f9-4c70-916d-889a818184ab.jpeg"", ""https://a0.muscache.com/im/pictures/hosting/Hosting-1768248295978592520/original/6f7e4594-3053-4c6a-8826-164366750c7a.jpeg"", ""https://a0.muscache.com/im/pictures/hosting/Hosting-1768248295978592520/original/94a98749-d2df-4557-b0c0-a4b3c5acd3c7.jpeg"", ""https://a0.muscache.com/im/pictures/hosting/Hosting-1768248295978592520/original/9ab3e8e0-ce2c-4394-b823-b0545fdb7464.jpeg"", ""https://a0.muscache.com/im/pictures/hosting/Hosting-1768248295978592520/original/d2a12cde-0473-405b-8b60-9f7c6b810242.jpeg"", ""https://a0.muscache.com/im/pictures/hosting/Hosting-1768248295978592520/original/3908f4ce-8095-4b1c-8cc2-54e6d4082126.jpeg"", ""https://a0.muscache.com/im/pictures/hosting/Hosting-1768248295978592520/original/53f74e47-99a9-48f8-b823-08c3a3ef2417.jpeg"", ""https://a0.muscache.com/im/pictures/hosting/Hosting-1768248295978592520/original/9f6e910b-befe-466e-ab90-f322f469dc51.jpeg"", ""https://a0.muscache.com/im/pictures/hosting/Hosting-1768248295978592520/original/758943d4-1ba9-401f-b4fb-33eb57078a3e.jpeg"", ""https://a0.muscache.com/im/pictures/hosting/Hosting-1768248295978592520/original/2d54dc10-1bad-45cd-bca2-9bc705016bba.jpeg"", ""https://a0.muscache.com/im/pictures/hosting/Hosting-1768248295978592520/original/9f64af45-4bba-428c-b901-826de602a2fb.jpeg"", ""https://a0.muscache.com/im/pictures/hosting/Hosting-1768248295978592520/original/e2facac2-7531-48e1-9468-ecf804aec224.jpeg"", ""https://a0.muscache.com/im/pictures/hosting/Hosting-1768248295978592520/original/ebf1d2db-8418-40e1-9eed-f64132032938.jpeg"", ""https://a0.muscache.com/im/pictures/hosting/Hosting-1768248295978592520/original/1486b2bc-6539-4cbc-bcd3-73b6233dac96.jpeg"", ""https://a0.muscache.com/im/pictures/hosting/Hosting-1768248295978592520/original/8d81ae14-7b56-431c-9439-3e9864b6209f.jpeg"", ""https://a0.muscache.com/im/pictures/hosting/Hosting-1768248295978592520/original/8b67ea6d-24d0-42bc-8f4e-1d34c009d96f.jpeg"", ""https://a0.muscache.com/im/pictures/hosting/Hosting-1768248295978592520/original/69fd9d76-e371-4f5a-b57c-435c9e48e71c.jpeg"", ""https://a0.muscache.com/im/pictures/hosting/Hosting-1768248295978592520/original/4add3bb9-1b31-4a9f-a5cf-b24b1835220b.jpeg"", ""https://a0.muscache.com/im/pictures/hosting/Hosting-1768248295978592520/original/fda42e6f-4763-4127-9e3a-054975924f91.jpeg"", ""https://a0.muscache.com/im/pictures/hosting/Hosting-1768248295978592520/original/d64588c4-7f56-4ca1-a26d-2ac78a30d04c.jpeg"", ""https://a0.muscache.com/im/pictures/hosting/Hosting-1768248295978592520/original/7063425e-9da6-446c-8a9d-711b923159f0.jpeg"", ""https://a0.muscache.com/im/pictures/hosting/Hosting-1768248295978592520/original/ff3af021-cc47-420d-ad59-a3bdd79b8883.jpeg"", ""https://a0.muscache.com/im/pictures/hosting/Hosting-1768248295978592520/original/256fc767-ab90-48cc-96f7-d5ee97ba7890.jpeg""]",f,"[{""name"": ""Rùa"", ""avatar"": ""https://a0.muscache.com/im/pictures/user/avatar_rua.jpg""}, {""name"": ""Dang Nguyen"", ""avatar"": ""https://a0.muscache.com/im/pictures/user/avatar_dang.jpg""}]","[{""name"": ""DECOR"", ""localizedName"": ""Trang trí"", ""count"": 6}, {""name"": ""INTERIOR"", ""localizedName"": ""Không gian bên trong"", ""count"": 17}, {""name"": ""CLEANLINESS"", ""localizedName"": ""Mức độ sạch sẽ"", ""count"": 23}, {""name"": ""LOCATION"", ""localizedName"": ""Địa điểm"", ""count"": 19}, {""name"": ""HOSPITALITY"", ""localizedName"": ""Hiếu khách"", ""count"": 2}]","[{""title"": ""Trải nghiệm nhận phòng xuất sắc"", ""subtitle"": ""Những khách ở gần đây đã xếp hạng 5 sao cho quy trình nhận phòng.""}, {""title"": ""Tự nhận phòng"", ""subtitle"": ""Tự nhận phòng với hộp khóa an toàn.""}]"
1765346471750867635,https://www.airbnb.com.vn/rooms/1765346471750867635,20260926000000,2026-09-26,city search,Căn hộ cao cấp.3 BR.view sông.cách Bùi Viện 2min,"Chào mừng bạn đến với Căn hộ cao cấp.3 BR.view sông.cách Bùi Viện 2min — một không gian lưu trú ấm cúng, sang trọng tọa lạc tại Quận Tân Bình, Thành phố Hồ Chí Minh.
Căn phòng tràn ngập ánh sáng tự nhiên với đầy đủ tiện nghi cao cấp, giường nệm êm ái, máy lạnh, TV và wifi tốc độ cao. Rất thuận tiện di chuyển tới các điểm tham quan, nhà hàng ẩm thực và quán cà phê nổi tiếng của Thành phố Hồ Chí Minh.","Khu vực Quận Tân Bình an ninh, văn minh, gần nhiều địa điểm ăn uống, mua sắm và giải trí sầm uất tại Thành phố Hồ Chí Minh.",https://a0.muscache.com/im/pictures/hosting/Hosting-1765346471750867635/original/6424ce1a-1387-4851-b295-ae34364923c1.jpeg,47000071,https://www.airbnb.com.vn/users/show/47000071,Tuấn,2021-08-17,"Thành phố Hồ Chí Minh, Việt Nam","Xin chào, tôi là Tuấn, đã có 5 năm kinh nghiệm làm host. Tôi yêu thích du lịch và luôn mong muốn đem lại trải nghiệm lưu trú thoải mái nhất cho khách.",trong vòng một giờ,100%,98%,f,https://a0.muscache.com/im/pictures/user/User-47000071/original/user_profile_1.jpeg,https://a0.muscache.com/im/pictures/user/User-47000071/original/user_profile_1.jpeg,Quận Tân Bình,10,3,"['email', 'phone', 'work_email']",t,t,Quận Tân Bình,Quận Tân Bình,Thành phố Hồ Chí Minh,10.7657,106.7031,Phòng riêng trong nhà,Private room,6,2.0,2 phòng tắm,3,3,"[""Bàn ủi / Bàn là"", ""Dầu gội & Sữa tắm"", ""Tự nhận phòng với hộp khóa an toàn"", ""Máy phát hiện khí CO"", ""Bồn tắm thư giãn"", ""Bếp đầy đủ tiện nghi"", ""Không gian riêng để làm việc"", ""TV màn hình phẳng"", ""Wi-fi tốc độ cao"", ""Máy báo khói"", ""Máy giặt"", ""Bể bơi"", ""Điều hòa nhiệt độ"", ""Bộ chăn ga gối cao cấp"", ""Máy sấy tóc"", ""Tủ lạnh"", ""Thang máy"", ""Lò vi sóng""]","₫2,719,229",1,1125,1,2,1125,1125,1.0,1125.0,today,t,16,52,50,220,2026-09-26,5,5,4,2026-07-13,2026-09-17,5.0,4.82,4.87,5.0,5.0,4.74,4.8,,f,2,0,1,0,1.52,"[""https://a0.muscache.com/im/pictures/hosting/Hosting-1765346471750867635/original/6424ce1a-1387-4851-b295-ae34364923c1.jpeg"", ""https://a0.muscache.com/im/pictures/hosting/Hosting-1765346471750867635/original/d9dab346-05d9-4aad-acde-43f7bd357d27.png"", ""https://a0.muscache.com/im/pictures/hosting/Hosting-1765346471750867635/original/5db3baae-6eb6-4bf2-9d21-485893da6e53.png"", ""https://a0.muscache.com/im/pictures/hosting/Hosting-1765346471750867635/original/536762d7-4cb3-4056-9162-f6f77597cec1.png"", ""https://a0.muscache.com/im/pictures/hosting/Hosting-1765346471750867635/original/6f6ce349-8f24-450c-9181-16293098c24d.png"", ""https://a0.muscache.com/im/pictures/hosting/Hosting-1765346471750867635/original/e2e2bebe-362c-4df6-8898-382db8ebae91.png""]",t,"[{""name"": ""Cindy"", ""avatar"": ""https://a0.muscache.com/im/pictures/user/avatar_cindy.jpg""}, {""name"": ""Dang Nguyen"", ""avatar"": ""https://a0.muscache.com/im/pictures/user/avatar_dang.jpg""}]","[{""name"": ""DECOR"", ""localizedName"": ""Trang trí"", ""count"": 14}, {""name"": ""INTERIOR"", ""localizedName"": ""Không gian bên trong"", ""count"": 16}, {""name"": ""CLEANLINESS"", ""localizedName"": ""Mức độ sạch sẽ"", ""count"": 22}, {""name"": ""LOCATION"", ""localizedName"": ""Địa điểm"", ""count"": 11}, {""name"": ""HOSPITALITY"", ""localizedName"": ""Hiếu khách"", ""count"": 3}]","[{""title"": ""Trải nghiệm nhận phòng xuất sắc"", ""subtitle"": ""Những khách ở gần đây đã xếp hạng 5 sao cho quy trình nhận phòng.""}, {""title"": ""Tự nhận phòng"", ""subtitle"": ""Tự nhận phòng với hộp khóa an toàn.""}]"
1707123205595513773,https://www.airbnb.com.vn/rooms/1707123205595513773,20260926000000,2026-09-26,city search,La Vintage - Căn phòng mang vẻ đẹp kiêu sa,"Chào mừng bạn đến với La Vintage - Căn phòng mang vẻ đẹp kiêu sa — một không gian lưu trú ấm cúng, sang trọng tọa lạc tại Quận 1, Thành phố Hồ Chí Minh.
Căn phòng tràn ngập ánh sáng tự nhiên với đầy đủ tiện nghi cao cấp, giường nệm êm ái, máy lạnh, TV và wifi tốc độ cao. Rất thuận tiện di chuyển tới các điểm tham quan, nhà hàng ẩm thực và quán cà phê nổi tiếng của Thành phố Hồ Chí Minh.","Khu vực Quận 1 an ninh, văn minh, gần nhiều địa điểm ăn uống, mua sắm và giải trí sầm uất tại Thành phố Hồ Chí Minh.",https://a0.muscache.com/im/pictures/hosting/Hosting-1707123205595513773/original/58b37f23-acac-4fde-bc1a-a81269fe98a3.jpeg,47000072,https://www.airbnb.com.vn/users/show/47000072,Long,2020-03-14,"Thành phố Hồ Chí Minh, Việt Nam","Xin chào, tôi là Long, đã có 6 năm kinh nghiệm làm host. Tôi yêu thích du lịch và luôn mong muốn đem lại trải nghiệm lưu trú thoải mái nhất cho khách.",trong vòng một giờ,100%,98%,t,https://a0.muscache.com/im/pictures/user/User-47000072/original/user_profile_2.jpeg,https://a0.muscache.com/im/pictures/user/User-47000072/original/user_profile_2.jpeg,Quận 1,10,3,"['email', 'phone', 'work_email']",t,t,Quận 1,Quận 1,Thành phố Hồ Chí Minh,10.81605,106.67385,Phòng riêng trong nhà,Private room,2,1.0,1 phòng tắm,1,1,"[""Wi-fi tốc độ cao"", ""Không gian riêng để làm việc"", ""Lò vi sóng"", ""Bàn ủi / Bàn là"", ""Bếp đầy đủ tiện nghi"", ""Máy báo khói"", ""Thang máy"", ""Tự nhận phòng với hộp khóa an toàn"", ""Máy phát hiện khí CO"", ""Tủ lạnh"", ""Điều hòa nhiệt độ"", ""Dầu gội & Sữa tắm"", ""TV màn hình phẳng"", ""Máy giặt"", ""Chỗ đỗ xe miễn phí trong khuôn viên""]","₫999,000",1,1125,1,2,1125,1125,1.0,1125.0,today,t,18,54,69,327,2026-09-26,13,12,0,2026-03-15,2026-09-02,5.0,4.84,4.98,5.0,5.0,4.96,4.72,,t,2,0,1,0,3.2,"[""https://a0.muscache.com/im/pictures/hosting/Hosting-1707123205595513773/original/58b37f23-acac-4fde-bc1a-a81269fe98a3.jpeg"", ""https://a0.muscache.com/im/pictures/hosting/Hosting-1707123205595513773/original/bf5636ed-9c7d-48e6-860b-98f128d48292.jpeg"", ""https://a0.muscache.com/im/pictures/hosting/Hosting-1707123205595513773/original/af8d595a-02d8-4ecd-8235-2b6da377a207.jpeg"", ""https://a0.muscache.com/im/pictures/hosting/Hosting-1707123205595513773/original/16ce57b4-24e3-4128-9478-04b108e2db85.jpeg"", ""https://a0.muscache.com/im/pictures/hosting/Hosting-1707123205595513773/original/a3eb26f3-6098-4c97-957b-b05b5fe4cec8.jpeg"", ""https://a0.muscache.com/im/pictures/hosting/Hosting-1707123205595513773/original/1163f965-08e6-4cbc-867b-52d4b62c3936.jpeg""]",t,"[{""name"": ""Rùa"", ""avatar"": ""https://a0.muscache.com/im/pictures/user/avatar_rua.jpg""}]","[{""name"": ""DECOR"", ""localizedName"": ""Trang trí"", ""count"": 16}, {""name"": ""INTERIOR"", ""localizedName"": ""Không gian bên trong"", ""count"": 6}, {""name"": ""CLEANLINESS"", ""localizedName"": ""Mức độ sạch sẽ"", ""count"": 12}, {""name"": ""LOCATION"", ""localizedName"": ""Địa điểm"", ""count"": 17}, {""name"": ""HOSPITALITY"", ""localizedName"": ""Hiếu khách"", ""count"": 7}]","[{""title"": ""Trải nghiệm nhận phòng xuất sắc"", ""subtitle"": ""Những khách ở gần đây đã xếp hạng 5 sao cho quy trình nhận phòng.""}, {""title"": ""Tự nhận phòng"", ""subtitle"": ""Tự nhận phòng với hộp khóa an toàn.""}]"
1405568623864558382,https://www.airbnb.com.vn/rooms/1405568623864558382,20260926000000,2026-09-26,city search,Phòng sáng sủa ở Phú Nhuận,"Chào mừng bạn đến với Phòng sáng sủa ở Phú Nhuận — một không gian lưu trú ấm cúng, sang trọng tọa lạc tại Quận 3, Thành phố Hồ Chí Minh.
Căn phòng tràn ngập ánh sáng tự nhiên với đầy đủ tiện nghi cao cấp, giường nệm êm ái, máy lạnh, TV và wifi tốc độ cao. Rất thuận tiện di chuyển tới các điểm tham quan, nhà hàng ẩm thực và quán cà phê nổi tiếng của Thành phố Hồ Chí Minh.","Khu vực Quận 3 an ninh, văn minh, gần nhiều địa điểm ăn uống, mua sắm và giải trí sầm uất tại Thành phố Hồ Chí Minh.",https://a0.muscache.com/im/pictures/miso/Hosting-1405568623864558382/original/633d3402-af56-4b08-b158-c1ab19a7336f.jpeg,47000073,https://www.airbnb.com.vn/users/show/47000073,Đức,2022-01-09,"Thành phố Hồ Chí Minh, Việt Nam","Xin chào, tôi là Đức, đã có 4 năm kinh nghiệm làm host. Tôi yêu thích du lịch và luôn mong muốn đem lại trải nghiệm lưu trú thoải mái nhất cho khách.",trong vòng một giờ,100%,98%,f,https://a0.muscache.com/im/pictures/user/User-47000073/original/user_profile_3.jpeg,https://a0.muscache.com/im/pictures/user/User-47000073/original/user_profile_3.jpeg,Quận 3,3,1,"['email', 'phone', 'work_email']",t,t,Quận 3,Quận 3,Thành phố Hồ Chí Minh,10.7936,106.6759,Phòng riêng trong nhà,Private room,2,1.0,1 phòng tắm,1,1,"[""TV màn hình phẳng"", ""Bếp đầy đủ tiện nghi"", ""Điều hòa nhiệt độ"", ""Bộ chăn ga gối cao cấp"", ""Dầu gội & Sữa tắm"", ""Ban công ngắm cảnh"", ""Máy báo khói"", ""Bể bơi"", ""Bàn ủi / Bàn là"", ""Tự nhận phòng với hộp khóa an toàn"", ""Tủ lạnh"", ""Wi-fi tốc độ cao"", ""Chỗ đỗ xe miễn phí trong khuôn viên"", ""Bồn tắm thư giãn"", ""Lò vi sóng"", ""Máy giặt"", ""Máy sấy tóc"", ""Máy phát hiện khí CO""]","₫476,513",1,1125,1,2,1125,1125,1.0,1125.0,today,t,20,32,70,276,2026-09-26,22,14,3,2025-10-31,2026-09-14,5.0,4.85,4.93,5.0,5.0,4.87,4.87,,f,2,0,1,0,3.52,"[""https://a0.muscache.com/im/pictures/miso/Hosting-1405568623864558382/original/633d3402-af56-4b08-b158-c1ab19a7336f.jpeg"", ""https://a0.muscache.com/im/pictures/miso/Hosting-1405568623864558382/original/6b7c2171-b28b-480f-b7c4-22a7ddc92fe8.jpeg"", ""https://a0.muscache.com/im/pictures/miso/Hosting-1405568623864558382/original/bcf205e9-c092-440a-85ed-5e28521ca2bb.jpeg"", ""https://a0.muscache.com/im/pictures/miso/Hosting-1405568623864558382/original/d9c5c04e-07f5-493a-9689-8e7f67f25800.jpeg"", ""https://a0.muscache.com/im/pictures/miso/Hosting-1405568623864558382/original/5c604e54-0984-4a8f-96f9-86852de3a7c0.jpeg"", ""https://a0.muscache.com/im/pictures/miso/Hosting-1405568623864558382/original/bf461497-5b6f-4e63-bca6-fe02982cb339.jpeg""]",t,"[{""name"": ""Cindy"", ""avatar"": ""https://a0.muscache.com/im/pictures/user/avatar_cindy.jpg""}, {""name"": ""Rùa"", ""avatar"": ""https://a0.muscache.com/im/pictures/user/avatar_rua.jpg""}]","[{""name"": ""DECOR"", ""localizedName"": ""Trang trí"", ""count"": 9}, {""name"": ""INTERIOR"", ""localizedName"": ""Không gian bên trong"", ""count"": 16}, {""name"": ""CLEANLINESS"", ""localizedName"": ""Mức độ sạch sẽ"", ""count"": 17}, {""name"": ""LOCATION"", ""localizedName"": ""Địa điểm"", ""count"": 6}, {""name"": ""HOSPITALITY"", ""localizedName"": ""Hiếu khách"", ""count"": 12}]","[{""title"": ""Trải nghiệm nhận phòng xuất sắc"", ""subtitle"": ""Những khách ở gần đây đã xếp hạng 5 sao cho quy trình nhận phòng.""}, {""title"": ""Tự nhận phòng"", ""subtitle"": ""Tự nhận phòng với hộp khóa an toàn.""}]"
1645657563949722734,https://www.airbnb.com.vn/rooms/1645657563949722734,20260926000000,2026-09-26,city search,Vị trí tốt nhất| Rạp chiếu phim tại nhà| Yên bình| Suối Calmigo,"Chào mừng bạn đến với Vị trí tốt nhất| Rạp chiếu phim tại nhà| Yên bình| Suối Calmigo — một không gian lưu trú ấm cúng, sang trọng tọa lạc tại Quận 4, Thành phố Hồ Chí Minh.
Căn phòng tràn ngập ánh sáng tự nhiên với đầy đủ tiện nghi cao cấp, giường nệm êm ái, máy lạnh, TV và wifi tốc độ cao. Rất thuận tiện di chuyển tới các điểm tham quan, nhà hàng ẩm thực và quán cà phê nổi tiếng của Thành phố Hồ Chí Minh.","Khu vực Quận 4 an ninh, văn minh, gần nhiều địa điểm ăn uống, mua sắm và giải trí sầm uất tại Thành phố Hồ Chí Minh.",https://a0.muscache.com/im/pictures/hosting/Hosting-1645657563949722734/original/4c1b8361-a6b8-4148-838d-eeba0d975caa.png,47000074,https://www.airbnb.com.vn/users/show/47000074,Khoa,2024-07-18,"Thành phố Hồ Chí Minh, Việt Nam","Xin chào, tôi là Khoa, đã có 2 năm kinh nghiệm làm host. Tôi yêu thích du lịch và luôn mong muốn đem lại trải nghiệm lưu trú thoải mái nhất cho khách.",trong vòng một giờ,100%,98%,t,https://a0.muscache.com/im/pictures/user/User-47000074/original/user_profile_4.jpeg,https://a0.muscache.com/im/pictures/user/User-47000074/original/user_profile_4.jpeg,Quận 4,3,3,"['email', 'phone', 'work_email']",t,t,Quận 4,Quận 4,Thành phố Hồ Chí Minh,10.76621,106.69075,Phòng riêng trong nhà,Private room,2,1.0,1 phòng tắm,1,1,"[""Thang máy"", ""Bàn ủi / Bàn là"", ""Ban công ngắm cảnh"", ""Bộ chăn ga gối cao cấp"", ""Tủ lạnh"", ""Bể bơi"", ""TV màn hình phẳng"", ""Lò vi sóng"", ""Máy phát hiện khí CO"", ""Chỗ đỗ xe miễn phí trong khuôn viên"", ""Tự nhận phòng với hộp khóa an toàn"", ""Dầu gội & Sữa tắm"", ""Không gian riêng để làm việc"", ""Máy sấy tóc"", ""Máy báo khói"", ""Điều hòa nhiệt độ"", ""Bếp đầy đủ tiện nghi"", ""Wi-fi tốc độ cao"", ""Bồn tắm thư giãn"", ""Máy giặt""]","₫757,746",1,1125,1,2,1125,1125,1.0,1125.0,today,t,22,50,82,317,2026-09-26,32,25,6,2025-06-03,2026-09-19,4.94,4.87,4.98,5.0,5.0,4.81,4.91,,t,2,0,1,0,4.76,"[""https://a0.muscache.com/im/pictures/hosting/Hosting-1645657563949722734/original/4c1b8361-a6b8-4148-838d-eeba0d975caa.png"", ""https://a0.muscache.com/im/pictures/hosting/Hosting-1645657563949722734/original/5be9a260-dd81-4997-b7f8-827db7372953.png"", ""https://a0.muscache.com/im/pictures/hosting/Hosting-1645657563949722734/original/2b51055d-ae7a-4ae4-92ed-02840aedf4b7.png"", ""https://a0.muscache.com/im/pictures/hosting/Hosting-1645657563949722734/original/2f6ad50e-62a0-4870-8a6b-0bb14bf4687c.png"", ""https://a0.muscache.com/im/pictures/hosting/Hosting-1645657563949722734/original/ead67e4d-1a4f-49e7-bdf5-8fcd2992aa8c.png"", ""https://a0.muscache.com/im/pictures/hosting/Hosting-1645657563949722734/original/eaf838b2-f3dd-49a6-912a-56f4af1abd60.png""]",t,"[{""name"": ""Long"", ""avatar"": ""https://a0.muscache.com/im/pictures/user/avatar_long.jpg""}, {""name"": ""Cindy"", ""avatar"": ""https://a0.muscache.com/im/pictures/user/avatar_cindy.jpg""}, {""name"": ""Dang Nguyen"", ""avatar"": ""https://a0.muscache.com/im/pictures/user/avatar_dang.jpg""}]","[{""name"": ""DECOR"", ""localizedName"": ""Trang trí"", ""count"": 2}, {""name"": ""INTERIOR"", ""localizedName"": ""Không gian bên trong"", ""count"": 2}, {""name"": ""CLEANLINESS"", ""localizedName"": ""Mức độ sạch sẽ"", ""count"": 10}, {""name"": ""LOCATION"", ""localizedName"": ""Địa điểm"", ""count"": 16}, {""name"": ""HOSPITALITY"", ""localizedName"": ""Hiếu khách"", ""count"": 7}]","[{""title"": ""Trải nghiệm nhận phòng xuất sắc"", ""subtitle"": ""Những khách ở gần đây đã xếp hạng 5 sao cho quy trình nhận phòng.""}, {""title"": ""Tự nhận phòng"", ""subtitle"": ""Tự nhận phòng với hộp khóa an toàn.""}]"
1146759334237360547,https://www.airbnb.com.vn/rooms/1146759334237360547,20260926000000,2026-09-26,city search,A&VHome#1_Nghệ thuật sống (Không có thang máy),"Chào mừng bạn đến với A&VHome#1_Nghệ thuật sống (Không có thang máy) — một không gian lưu trú ấm cúng, sang trọng tọa lạc tại Quận 7, Thành phố Hồ Chí Minh.
Căn phòng tràn ngập ánh sáng tự nhiên với đầy đủ tiện nghi cao cấp, giường nệm êm ái, máy lạnh, TV và wifi tốc độ cao. Rất thuận tiện di chuyển tới các điểm tham quan, nhà hàng ẩm thực và quán cà phê nổi tiếng của Thành phố Hồ Chí Minh.","Khu vực Quận 7 an ninh, văn minh, gần nhiều địa điểm ăn uống, mua sắm và giải trí sầm uất tại Thành phố Hồ Chí Minh.",https://a0.muscache.com/im/pictures/hosting/Hosting-U3RheVN1cHBseUxpc3Rpbmc6MTE0Njc1OTMzNDIzNzM2MDU0Nw%3D%3D/original/5534cf7f-24d5-41ef-9b33-e30535978d03.jpeg,47000075,https://www.airbnb.com.vn/users/show/47000075,Hoàng,2021-06-22,"Thành phố Hồ Chí Minh, Việt Nam","Xin chào, tôi là Hoàng, đã có 5 năm kinh nghiệm làm host. Tôi yêu thích du lịch và luôn mong muốn đem lại trải nghiệm lưu trú thoải mái nhất cho khách.",trong vòng một giờ,100%,98%,f,https://a0.muscache.com/im/pictures/user/User-47000075/original/user_profile_5.jpeg,https://a0.muscache.com/im/pictures/user/User-47000075/original/user_profile_5.jpeg,Quận 7,10,9,"['email', 'phone', 'work_email']",t,t,Quận 7,Quận 7,Thành phố Hồ Chí Minh,10.785510939624013,106.66872266780018,Phòng riêng trong nhà,Private room,2,1.0,1 phòng tắm,1,1,"[""Lò vi sóng"", ""Máy giặt"", ""TV màn hình phẳng"", ""Máy sấy tóc"", ""Bồn tắm thư giãn"", ""Tủ lạnh"", ""Tự nhận phòng với hộp khóa an toàn"", ""Wi-fi tốc độ cao"", ""Ban công ngắm cảnh"", ""Máy báo khói"", ""Thang máy"", ""Chỗ đỗ xe miễn phí trong khuôn viên"", ""Dầu gội & Sữa tắm"", ""Điều hòa nhiệt độ""]","₫570,000",1,1125,1,2,1125,1125,1.0,1125.0,today,t,19,56,81,310,2026-09-26,58,25,1,2024-05-09,2026-09-20,4.98,4.93,4.87,5.0,5.0,4.91,4.76,,f,2,0,1,0,3.84,"[""https://a0.muscache.com/im/pictures/hosting/Hosting-U3RheVN1cHBseUxpc3Rpbmc6MTE0Njc1OTMzNDIzNzM2MDU0Nw%3D%3D/original/5534cf7f-24d5-41ef-9b33-e30535978d03.jpeg"", ""https://a0.muscache.com/im/pictures/hosting/Hosting-U3RheVN1cHBseUxpc3Rpbmc6MTE0Njc1OTMzNDIzNzM2MDU0Nw%3D%3D/original/02f18575-6ae6-422e-ad7a-52a53c193841.jpeg"", ""https://a0.muscache.com/im/pictures/hosting/Hosting-U3RheVN1cHBseUxpc3Rpbmc6MTE0Njc1OTMzNDIzNzM2MDU0Nw%3D%3D/original/8cceedc8-d3c4-4dee-9fa5-f4c641777978.jpeg"", ""https://a0.muscache.com/im/pictures/hosting/Hosting-U3RheVN1cHBseUxpc3Rpbmc6MTE0Njc1OTMzNDIzNzM2MDU0Nw%3D%3D/original/57d434e1-c14b-472d-9cb0-40270d55ef38.jpeg"", ""https://a0.muscache.com/im/pictures/hosting/Hosting-U3RheVN1cHBseUxpc3Rpbmc6MTE0Njc1OTMzNDIzNzM2MDU0Nw%3D%3D/original/bf594756-630d-4858-94c2-51e02b7e34b0.jpeg"", ""https://a0.muscache.com/im/pictures/hosting/Hosting-U3RheVN1cHBseUxpc3Rpbmc6MTE0Njc1OTMzNDIzNzM2MDU0Nw%3D%3D/original/79b1532f-84bb-4501-a38c-b051802013f4.jpeg""]",t,"[{""name"": ""Cindy"", ""avatar"": ""https://a0.muscache.com/im/pictures/user/avatar_cindy.jpg""}, {""name"": ""Long"", ""avatar"": ""https://a0.muscache.com/im/pictures/user/avatar_long.jpg""}, {""name"": ""Rùa"", ""avatar"": ""https://a0.muscache.com/im/pictures/user/avatar_rua.jpg""}]","[{""name"": ""DECOR"", ""localizedName"": ""Trang trí"", ""count"": 13}, {""name"": ""INTERIOR"", ""localizedName"": ""Không gian bên trong"", ""count"": 20}, {""name"": ""CLEANLINESS"", ""localizedName"": ""Mức độ sạch sẽ"", ""count"": 3}, {""name"": ""LOCATION"", ""localizedName"": ""Địa điểm"", ""count"": 2}, {""name"": ""HOSPITALITY"", ""localizedName"": ""Hiếu khách"", ""count"": 15}]","[{""title"": ""Trải nghiệm nhận phòng xuất sắc"", ""subtitle"": ""Những khách ở gần đây đã xếp hạng 5 sao cho quy trình nhận phòng.""}, {""title"": ""Tự nhận phòng"", ""subtitle"": ""Tự nhận phòng với hộp khóa an toàn.""}]"
1628020384629433579,https://www.airbnb.com.vn/rooms/1628020384629433579,20260926000000,2026-09-26,city search,Căn hộ áp mái  với bồn tắm ở sân hiên,"Chào mừng bạn đến với Căn hộ áp mái  với bồn tắm ở sân hiên — một không gian lưu trú ấm cúng, sang trọng tọa lạc tại Quận 10, Thành phố Hồ Chí Minh.
Căn phòng tràn ngập ánh sáng tự nhiên với đầy đủ tiện nghi cao cấp, giường nệm êm ái, máy lạnh, TV và wifi tốc độ cao. Rất thuận tiện di chuyển tới các điểm tham quan, nhà hàng ẩm thực và quán cà phê nổi tiếng của Thành phố Hồ Chí Minh.","Khu vực Quận 10 an ninh, văn minh, gần nhiều địa điểm ăn uống, mua sắm và giải trí sầm uất tại Thành phố Hồ Chí Minh.",https://a0.muscache.com/im/pictures/hosting/Hosting-1628020384629433579/original/c5645b4d-3bb5-4e74-8a79-a6014b3d8c92.jpeg,47000076,https://www.airbnb.com.vn/users/show/47000076,Việt,2023-04-09,"Thành phố Hồ Chí Minh, Việt Nam","Xin chào, tôi là Việt, đã có 3 năm kinh nghiệm làm host. Tôi yêu thích du lịch và luôn mong muốn đem lại trải nghiệm lưu trú thoải mái nhất cho khách.",trong vòng một giờ,100%,98%,t,https://a0.muscache.com/im/pictures/user/User-47000076/original/user_profile_6.jpeg,https://a0.muscache.com/im/pictures/user/User-47000076/original/user_profile_6.jpeg,Quận 10,2,7,"['email', 'phone', 'work_email']",t,t,Quận 10,Quận 10,Thành phố Hồ Chí Minh,10.78948,106.70904,Phòng riêng trong nhà,Private room,2,1.0,1 phòng tắm,1,1,"[""Wi-fi tốc độ cao"", ""Thang máy"", ""Máy phát hiện khí CO"", ""Máy giặt"", ""Tự nhận phòng với hộp khóa an toàn"", ""Bếp đầy đủ tiện nghi"", ""Máy sấy tóc"", ""Không gian riêng để làm việc"", ""Bồn tắm thư giãn"", ""Ban công ngắm cảnh"", ""Điều hòa nhiệt độ"", ""Bàn ủi / Bàn là"", ""Chỗ đỗ xe miễn phí trong khuôn viên"", ""TV màn hình phẳng"", ""Bể bơi"", ""Bộ chăn ga gối cao cấp""]","₫1,270,000",1,1125,1,2,1125,1125,1.0,1125.0,today,t,12,56,79,259,2026-09-26,19,18,2,2025-12-15,2026-09-08,5.0,4.93,4.84,5.0,5.0,4.83,4.9,,t,2,0,1,0,3.54,"[""https://a0.muscache.com/im/pictures/hosting/Hosting-1628020384629433579/original/c5645b4d-3bb5-4e74-8a79-a6014b3d8c92.jpeg"", ""https://a0.muscache.com/im/pictures/hosting/Hosting-1628020384629433579/original/c5bde020-5e3e-4795-af3b-307914a3d70c.jpeg"", ""https://a0.muscache.com/im/pictures/hosting/Hosting-1628020384629433579/original/8c087d59-adbe-43d5-a286-e0d05e4c9975.jpeg"", ""https://a0.muscache.com/im/pictures/hosting/Hosting-1628020384629433579/original/9d3a23e6-61af-4e61-94e4-74e8e3a3cad7.jpeg"", ""https://a0.muscache.com/im/pictures/hosting/Hosting-1628020384629433579/original/26d5cfae-f0c9-4209-818c-3f349472f53d.jpeg"", ""https://a0.muscache.com/im/pictures/hosting/Hosting-1628020384629433579/original/6534937a-6c0a-4536-9e35-2901cfb9bdb7.jpeg""]",t,"[{""name"": ""Cindy"", ""avatar"": ""https://a0.muscache.com/im/pictures/user/avatar_cindy.jpg""}, {""name"": ""Dang Nguyen"", ""avatar"": ""https://a0.muscache.com/im/pictures/user/avatar_dang.jpg""}]","[{""name"": ""DECOR"", ""localizedName"": ""Trang trí"", ""count"": 3}, {""name"": ""INTERIOR"", ""localizedName"": ""Không gian bên trong"", ""count"": 4}, {""name"": ""CLEANLINESS"", ""localizedName"": ""Mức độ sạch sẽ"", ""count"": 13}, {""name"": ""LOCATION"", ""localizedName"": ""Địa điểm"", ""count"": 20}, {""name"": ""HOSPITALITY"", ""localizedName"": ""Hiếu khách"", ""count"": 11}]","[{""title"": ""Trải nghiệm nhận phòng xuất sắc"", ""subtitle"": ""Những khách ở gần đây đã xếp hạng 5 sao cho quy trình nhận phòng.""}, {""title"": ""Tự nhận phòng"", ""subtitle"": ""Tự nhận phòng với hộp khóa an toàn.""}]"
1613103988633877388,https://www.airbnb.com.vn/rooms/1613103988633877388,20260926000000,2026-09-26,city search,Bui Retreat | Phòng sang trọng nhìn ra biển • Ban công lớn.,"Chào mừng bạn đến với Bui Retreat | Phòng sang trọng nhìn ra biển • Ban công lớn. — một không gian lưu trú ấm cúng, sang trọng tọa lạc tại Quận Bình Thạnh, Thành phố Hồ Chí Minh.
Căn phòng tràn ngập ánh sáng tự nhiên với đầy đủ tiện nghi cao cấp, giường nệm êm ái, máy lạnh, TV và wifi tốc độ cao. Rất thuận tiện di chuyển tới các điểm tham quan, nhà hàng ẩm thực và quán cà phê nổi tiếng của Thành phố Hồ Chí Minh.","Khu vực Quận Bình Thạnh an ninh, văn minh, gần nhiều địa điểm ăn uống, mua sắm và giải trí sầm uất tại Thành phố Hồ Chí Minh.",https://a0.muscache.com/im/pictures/hosting/Hosting-1613103988633877388/original/987bcd6b-4892-47ac-8e13-f5ed65def02f.jpeg,47000077,https://www.airbnb.com.vn/users/show/47000077,Phong,2025-09-13,"Thành phố Hồ Chí Minh, Việt Nam","Xin chào, tôi là Phong, đã có 1 năm kinh nghiệm làm host. Tôi yêu thích du lịch và luôn mong muốn đem lại trải nghiệm lưu trú thoải mái nhất cho khách.",trong vòng một giờ,100%,98%,f,https://a0.muscache.com/im/pictures/user/User-47000077/original/user_profile_7.jpeg,https://a0.muscache.com/im/pictures/user/User-47000077/original/user_profile_7.jpeg,Quận Bình Thạnh,1,9,"['email', 'phone', 'work_email']",t,t,Quận Bình Thạnh,Quận Bình Thạnh,Thành phố Hồ Chí Minh,10.78769,106.66285,Toàn bộ căn hộ cho thuê,Entire home/apt,4,1.0,1 phòng tắm,1,2,"[""Wi-fi tốc độ cao"", ""TV màn hình phẳng"", ""Thang máy"", ""Máy giặt"", ""Chỗ đỗ xe miễn phí trong khuôn viên"", ""Bồn tắm thư giãn"", ""Tự nhận phòng với hộp khóa an toàn"", ""Bếp đầy đủ tiện nghi"", ""Tủ lạnh"", ""Bàn ủi / Bàn là"", ""Không gian riêng để làm việc"", ""Máy sấy tóc"", ""Dầu gội & Sữa tắm"", ""Máy báo khói"", ""Điều hòa nhiệt độ""]","₫1,632,068",1,1125,1,2,1125,1125,1.0,1125.0,today,t,15,44,56,254,2026-09-26,14,5,5,2026-02-28,2026-09-10,4.93,4.98,4.94,5.0,5.0,4.71,4.86,,f,2,2,0,0,4.54,"[""https://a0.muscache.com/im/pictures/hosting/Hosting-1613103988633877388/original/987bcd6b-4892-47ac-8e13-f5ed65def02f.jpeg"", ""https://a0.muscache.com/im/pictures/hosting/Hosting-1613103988633877388/original/d7eb667c-a5fb-4590-936f-393be9dac174.jpeg"", ""https://a0.muscache.com/im/pictures/hosting/Hosting-1613103988633877388/original/ad98edc0-24a7-4664-8fd3-e884f051bd05.jpeg"", ""https://a0.muscache.com/im/pictures/hosting/Hosting-1613103988633877388/original/e0695d64-7871-49b6-bd28-6f85c49a6f3b.jpeg"", ""https://a0.muscache.com/im/pictures/hosting/Hosting-1613103988633877388/original/9b2b4b12-0388-4ec8-a22f-78c928f08645.jpeg"", ""https://a0.muscache.com/im/pictures/hosting/Hosting-1613103988633877388/original/488d321a-5781-4f40-a518-7ecdf2062b38.jpeg"", ""https://a0.muscache.com/im/pictures/hosting/Hosting-1613103988633877388/original/4bc42163-2909-4e84-8ff2-dd4e7cdaf9a3.jpeg"", ""https://a0.muscache.com/im/pictures/hosting/Hosting-1613103988633877388/original/d3ecc29c-3ac0-4f1a-bc4d-c032d56c4db7.jpeg"", ""https://a0.muscache.com/im/pictures/hosting/Hosting-1613103988633877388/original/c06a4df1-6d72-4c05-8173-c746c82d287b.jpeg"", ""https://a0.muscache.com/im/pictures/hosting/Hosting-1613103988633877388/original/7222f2ee-3508-46cb-8558-a9418c167f42.jpeg"", ""https://a0.muscache.com/im/pictures/hosting/Hosting-1613103988633877388/original/7f934e1a-bf23-4875-bebc-9d3b9063a6bb.jpeg"", ""https://a0.muscache.com/im/pictures/hosting/Hosting-1613103988633877388/original/67ed351a-4ce3-4dca-9c4d-85cfc878503a.jpeg"", ""https://a0.muscache.com/im/pictures/hosting/Hosting-1613103988633877388/original/b65720b5-0c51-453e-85be-5c5624678b5f.jpeg"", ""https://a0.muscache.com/im/pictures/hosting/Hosting-1613103988633877388/original/9f0fd41b-d136-4232-ba1e-9f066f9fb917.jpeg"", ""https://a0.muscache.com/im/pictures/hosting/Hosting-1613103988633877388/original/24ad8d0d-078c-4181-ab46-f8b13f4e0cba.jpeg""]",t,"[{""name"": ""Long"", ""avatar"": ""https://a0.muscache.com/im/pictures/user/avatar_long.jpg""}, {""name"": ""Cindy"", ""avatar"": ""https://a0.muscache.com/im/pictures/user/avatar_cindy.jpg""}]","[{""name"": ""DECOR"", ""localizedName"": ""Trang trí"", ""count"": 10}, {""name"": ""INTERIOR"", ""localizedName"": ""Không gian bên trong"", ""count"": 9}, {""name"": ""CLEANLINESS"", ""localizedName"": ""Mức độ sạch sẽ"", ""count"": 17}, {""name"": ""LOCATION"", ""localizedName"": ""Địa điểm"", ""count"": 3}, {""name"": ""HOSPITALITY"", ""localizedName"": ""Hiếu khách"", ""count"": 8}]","[{""title"": ""Trải nghiệm nhận phòng xuất sắc"", ""subtitle"": ""Những khách ở gần đây đã xếp hạng 5 sao cho quy trình nhận phòng.""}, {""title"": ""Tự nhận phòng"", ""subtitle"": ""Tự nhận phòng với hộp khóa an toàn.""}]"
1608578695869941372,https://www.airbnb.com.vn/rooms/1608578695869941372,20260926000000,2026-09-26,city search,Zen Studio L3 • 15m đến D1・Khu vực biệt thự・Giặt ủi miễn phí,"Chào mừng bạn đến với Zen Studio L3 • 15m đến D1・Khu vực biệt thự・Giặt ủi miễn phí — một không gian lưu trú ấm cúng, sang trọng tọa lạc tại Quận Phú Nhuận, Thành phố Hồ Chí Minh.
Căn phòng tràn ngập ánh sáng tự nhiên với đầy đủ tiện nghi cao cấp, giường nệm êm ái, máy lạnh, TV và wifi tốc độ cao. Rất thuận tiện di chuyển tới các điểm tham quan, nhà hàng ẩm thực và quán cà phê nổi tiếng của Thành phố Hồ Chí Minh.","Khu vực Quận Phú Nhuận an ninh, văn minh, gần nhiều địa điểm ăn uống, mua sắm và giải trí sầm uất tại Thành phố Hồ Chí Minh.",https://a0.muscache.com/im/pictures/hosting/Hosting-1608578695869941372/original/36bce7e3-235e-4ced-af2e-c707d8648b7b.png,47000078,https://www.airbnb.com.vn/users/show/47000078,Tùng,2020-12-19,"Thành phố Hồ Chí Minh, Việt Nam","Xin chào, tôi là Tùng, đã có 5 năm kinh nghiệm làm host. Tôi yêu thích du lịch và luôn mong muốn đem lại trải nghiệm lưu trú thoải mái nhất cho khách.",trong vòng một giờ,100%,98%,t,https://a0.muscache.com/im/pictures/user/User-47000078/original/user_profile_8.jpeg,https://a0.muscache.com/im/pictures/user/User-47000078/original/user_profile_8.jpeg,Quận Phú Nhuận,5,5,"['email', 'phone', 'work_email']",t,t,Quận Phú Nhuận,Quận Phú Nhuận,Thành phố Hồ Chí Minh,10.7927,106.6765,Phòng riêng trong nhà,Private room,2,1.0,1 phòng tắm,1,1,"[""Máy báo khói"", ""Điều hòa nhiệt độ"", ""Tủ lạnh"", ""Bếp đầy đủ tiện nghi"", ""Ban công ngắm cảnh"", ""TV màn hình phẳng"", ""Máy sấy tóc"", ""Thang máy"", ""Máy giặt"", ""Tự nhận phòng với hộp khóa an toàn"", ""Wi-fi tốc độ cao"", ""Không gian riêng để làm việc"", ""Bồn tắm thư giãn"", ""Bộ chăn ga gối cao cấp"", ""Lò vi sóng"", ""Chỗ đỗ xe miễn phí trong khuôn viên""]","₫666,544",1,1125,1,2,1125,1125,1.0,1125.0,today,t,19,53,66,266,2026-09-26,27,20,1,2025-08-17,2026-09-13,5.0,4.9,4.83,5.0,5.0,4.9,4.93,,t,2,0,1,0,1.74,"[""https://a0.muscache.com/im/pictures/hosting/Hosting-1608578695869941372/original/36bce7e3-235e-4ced-af2e-c707d8648b7b.png"", ""https://a0.muscache.com/im/pictures/hosting/Hosting-1608578695869941372/original/71413648-35ab-41c8-b45b-dcfbd0b45ba4.png"", ""https://a0.muscache.com/im/pictures/hosting/Hosting-1608578695869941372/original/ef332bc9-f217-4290-aa32-8d0da2670964.png"", ""https://a0.muscache.com/im/pictures/hosting/Hosting-1608578695869941372/original/fbf17d52-a7c1-4b3a-9245-6f182705ef84.png"", ""https://a0.muscache.com/im/pictures/hosting/Hosting-1608578695869941372/original/299352d3-b5e0-4e50-8306-6e0778e5988f.png"", ""https://a0.muscache.com/im/pictures/hosting/Hosting-1608578695869941372/original/b4b3ee9d-aaa4-493d-b4f6-7c2a14ce9218.png""]",t,"[{""name"": ""Long"", ""avatar"": ""https://a0.muscache.com/im/pictures/user/avatar_long.jpg""}, {""name"": ""Dang Nguyen"", ""avatar"": ""https://a0.muscache.com/im/pictures/user/avatar_dang.jpg""}, {""name"": ""Rùa"", ""avatar"": ""https://a0.muscache.com/im/pictures/user/avatar_rua.jpg""}]","[{""name"": ""DECOR"", ""localizedName"": ""Trang trí"", ""count"": 16}, {""name"": ""INTERIOR"", ""localizedName"": ""Không gian bên trong"", ""count"": 2}, {""name"": ""CLEANLINESS"", ""localizedName"": ""Mức độ sạch sẽ"", ""count"": 24}, {""name"": ""LOCATION"", ""localizedName"": ""Địa điểm"", ""count"": 3}, {""name"": ""HOSPITALITY"", ""localizedName"": ""Hiếu khách"", ""count"": 12}]","[{""title"": ""Trải nghiệm nhận phòng xuất sắc"", ""subtitle"": ""Những khách ở gần đây đã xếp hạng 5 sao cho quy trình nhận phòng.""}, {""title"": ""Tự nhận phòng"", ""subtitle"": ""Tự nhận phòng với hộp khóa an toàn.""}]"
1747115725252260060,https://www.airbnb.com.vn/rooms/1747115725252260060,20260926000000,2026-09-26,city search,Phòng Boho mộng mơ|Quận 1|Nhà thờ Hồng|Trung tâm thành phố,"Chào mừng bạn đến với Phòng Boho mộng mơ|Quận 1|Nhà thờ Hồng|Trung tâm thành phố — một không gian lưu trú ấm cúng, sang trọng tọa lạc tại Quận 1, Thành phố Hồ Chí Minh.
Căn phòng tràn ngập ánh sáng tự nhiên với đầy đủ tiện nghi cao cấp, giường nệm êm ái, máy lạnh, TV và wifi tốc độ cao. Rất thuận tiện di chuyển tới các điểm tham quan, nhà hàng ẩm thực và quán cà phê nổi tiếng của Thành phố Hồ Chí Minh.","Khu vực Quận 1 an ninh, văn minh, gần nhiều địa điểm ăn uống, mua sắm và giải trí sầm uất tại Thành phố Hồ Chí Minh.",https://a0.muscache.com/im/pictures/hosting/Hosting-1747115725252260060/original/853de509-86d3-465b-aa40-bea921694eb0.jpeg,47000079,https://www.airbnb.com.vn/users/show/47000079,Quân,2021-05-07,"Thành phố Hồ Chí Minh, Việt Nam","Xin chào, tôi là Quân, đã có 5 năm kinh nghiệm làm host. Tôi yêu thích du lịch và luôn mong muốn đem lại trải nghiệm lưu trú thoải mái nhất cho khách.",trong vòng một giờ,100%,98%,f,https://a0.muscache.com/im/pictures/user/User-47000079/original/user_profile_9.jpeg,https://a0.muscache.com/im/pictures/user/User-47000079/original/user_profile_9.jpeg,Quận 1,2,2,"['email', 'phone', 'work_email']",t,t,Quận 1,Quận 1,Thành phố Hồ Chí Minh,10.7905,106.6997,Phòng riêng trong nhà,Private room,2,1.0,1 phòng tắm,1,1,"[""Thang máy"", ""Bếp đầy đủ tiện nghi"", ""Wi-fi tốc độ cao"", ""Chỗ đỗ xe miễn phí trong khuôn viên"", ""Điều hòa nhiệt độ"", ""Máy giặt"", ""Máy sấy tóc"", ""Bồn tắm thư giãn"", ""TV màn hình phẳng"", ""Tự nhận phòng với hộp khóa an toàn"", ""Tủ lạnh"", ""Bộ chăn ga gối cao cấp"", ""Dầu gội & Sữa tắm"", ""Bể bơi"", ""Máy phát hiện khí CO"", ""Lò vi sóng"", ""Không gian riêng để làm việc"", ""Bàn ủi / Bàn là"", ""Máy báo khói"", ""Ban công ngắm cảnh""]","₫707,000",1,1125,1,2,1125,1125,1.0,1125.0,today,t,12,44,53,313,2026-09-26,11,5,5,2026-04-14,2026-09-14,5.0,4.94,4.84,5.0,5.0,4.82,4.92,,f,2,0,1,0,4.34,"[""https://a0.muscache.com/im/pictures/hosting/Hosting-1747115725252260060/original/853de509-86d3-465b-aa40-bea921694eb0.jpeg"", ""https://a0.muscache.com/im/pictures/hosting/Hosting-1747115725252260060/original/4ee6a3f4-65b5-4d0b-83cb-07e76d38fbba.jpeg"", ""https://a0.muscache.com/im/pictures/hosting/Hosting-1747115725252260060/original/b6a30e4e-d643-457c-8b4f-313630f976d3.jpeg"", ""https://a0.muscache.com/im/pictures/hosting/Hosting-1747115725252260060/original/8b899a36-365c-4684-abfe-7dacdf0fdae8.jpeg"", ""https://a0.muscache.com/im/pictures/hosting/Hosting-1747115725252260060/original/2efeb1f9-9385-4268-9406-6ea05d5bc080.jpeg"", ""https://a0.muscache.com/im/pictures/hosting/Hosting-1747115725252260060/original/c71c06da-3195-45f4-b683-5723a54e6ad9.jpeg""]",t,"[{""name"": ""Rùa"", ""avatar"": ""https://a0.muscache.com/im/pictures/user/avatar_rua.jpg""}]","[{""name"": ""DECOR"", ""localizedName"": ""Trang trí"", ""count"": 10}, {""name"": ""INTERIOR"", ""localizedName"": ""Không gian bên trong"", ""count"": 10}, {""name"": ""CLEANLINESS"", ""localizedName"": ""Mức độ sạch sẽ"", ""count"": 7}, {""name"": ""LOCATION"", ""localizedName"": ""Địa điểm"", ""count"": 3}, {""name"": ""HOSPITALITY"", ""localizedName"": ""Hiếu khách"", ""count"": 11}]","[{""title"": ""Trải nghiệm nhận phòng xuất sắc"", ""subtitle"": ""Những khách ở gần đây đã xếp hạng 5 sao cho quy trình nhận phòng.""}, {""title"": ""Tự nhận phòng"", ""subtitle"": ""Tự nhận phòng với hộp khóa an toàn.""}]"
1772397716236919620,https://www.airbnb.com.vn/rooms/1772397716236919620,20260926000000,2026-09-26,city search,Hướng nhìn đường chân trời/2 phòng ngủ + 3 giường + 2 nhà vệ sinh/Hồ bơi/Phòng tập/BBQ/Vườn/D3,"Chào mừng bạn đến với Hướng nhìn đường chân trời/2 phòng ngủ + 3 giường + 2 nhà vệ sinh/Hồ bơi/Phòng tập/BBQ/Vườn/D3 — một không gian lưu trú ấm cúng, sang trọng tọa lạc tại Quận Tân Bình, Thành phố Hồ Chí Minh.
Căn phòng tràn ngập ánh sáng tự nhiên với đầy đủ tiện nghi cao cấp, giường nệm êm ái, máy lạnh, TV và wifi tốc độ cao. Rất thuận tiện di chuyển tới các điểm tham quan, nhà hàng ẩm thực và quán cà phê nổi tiếng của Thành phố Hồ Chí Minh.","Khu vực Quận Tân Bình an ninh, văn minh, gần nhiều địa điểm ăn uống, mua sắm và giải trí sầm uất tại Thành phố Hồ Chí Minh.",https://a0.muscache.com/im/pictures/hosting/Hosting-1772397716236919620/original/a073fa0f-c755-4a2f-ac5e-1859bf3c904c.jpeg,47000080,https://www.airbnb.com.vn/users/show/47000080,Felix,2023-08-05,"Thành phố Hồ Chí Minh, Việt Nam","Xin chào, tôi là Felix, đã có 3 năm kinh nghiệm làm host. Tôi yêu thích du lịch và luôn mong muốn đem lại trải nghiệm lưu trú thoải mái nhất cho khách.",trong vòng một giờ,100%,98%,t,https://a0.muscache.com/im/pictures/user/User-47000080/original/user_profile_0.jpeg,https://a0.muscache.com/im/pictures/user/User-47000080/original/user_profile_0.jpeg,Quận Tân Bình,2,8,"['email', 'phone', 'work_email']",t,t,Quận Tân Bình,Quận Tân Bình,Thành phố Hồ Chí Minh,10.7889,106.6856,Toàn bộ căn hộ cho thuê,Entire home/apt,6,2.0,2 phòng tắm,2,3,"[""Bể bơi"", ""Máy giặt"", ""Ban công ngắm cảnh"", ""Tự nhận phòng với hộp khóa an toàn"", ""Không gian riêng để làm việc"", ""Bàn ủi / Bàn là"", ""Bếp đầy đủ tiện nghi"", ""Máy báo khói"", ""Wi-fi tốc độ cao"", ""Máy sấy tóc"", ""Máy phát hiện khí CO"", ""Dầu gội & Sữa tắm"", ""Lò vi sóng"", ""Bộ chăn ga gối cao cấp"", ""Tủ lạnh"", ""Bồn tắm thư giãn"", ""Thang máy"", ""Điều hòa nhiệt độ"", ""TV màn hình phẳng""]","₫3,086,973",1,1125,1,2,1125,1125,1.0,1125.0,today,t,26,39,84,281,2026-09-26,5,3,2,2026-07-13,2026-09-07,5.0,4.88,4.82,5.0,5.0,4.82,4.88,,t,2,2,0,0,3.15,"[""https://a0.muscache.com/im/pictures/hosting/Hosting-1772397716236919620/original/a073fa0f-c755-4a2f-ac5e-1859bf3c904c.jpeg"", ""https://a0.muscache.com/im/pictures/hosting/Hosting-1772397716236919620/original/95c678b5-2bd7-4546-99ec-4b9a6daeefc6.jpeg"", ""https://a0.muscache.com/im/pictures/hosting/Hosting-1772397716236919620/original/3234621c-b962-47c8-9554-a18a7c0a9274.jpeg"", ""https://a0.muscache.com/im/pictures/hosting/Hosting-1772397716236919620/original/be5dd676-8ff5-435f-81fd-3fa67d2e83a8.jpeg"", ""https://a0.muscache.com/im/pictures/hosting/Hosting-1772397716236919620/original/13ea54fd-e38a-4919-a416-cd5c3a53fa68.jpeg"", ""https://a0.muscache.com/im/pictures/hosting/Hosting-1772397716236919620/original/cf546fe5-a980-4ebd-bc3d-5af02a15b1cf.jpeg"", ""https://a0.muscache.com/im/pictures/hosting/Hosting-1772397716236919620/original/5720b788-c590-4cea-b01e-7baec8a982d5.jpeg"", ""https://a0.muscache.com/im/pictures/hosting/Hosting-1772397716236919620/original/b5aa36c1-2d65-4158-b96c-972f0d49b3c6.jpeg"", ""https://a0.muscache.com/im/pictures/hosting/Hosting-1772397716236919620/original/a929ac40-9282-4fdb-80f3-fd10baeab36c.jpeg"", ""https://a0.muscache.com/im/pictures/hosting/Hosting-1772397716236919620/original/392159b3-c3b0-45ba-ba3c-9bafa50e0e92.jpeg"", ""https://a0.muscache.com/im/pictures/hosting/Hosting-1772397716236919620/original/da37c607-cc59-4309-9480-7cc32e229895.jpeg"", ""https://a0.muscache.com/im/pictures/hosting/Hosting-1772397716236919620/original/93786cae-e8de-45e5-99c8-782779c47263.jpeg"", ""https://a0.muscache.com/im/pictures/hosting/Hosting-1772397716236919620/original/7343b293-d86b-413d-9d32-72c4a2aa2083.jpeg"", ""https://a0.muscache.com/im/pictures/hosting/Hosting-1772397716236919620/original/ec18195d-26de-4af0-a8e8-cdd0b19244ba.jpeg"", ""https://a0.muscache.com/im/pictures/hosting/Hosting-1772397716236919620/original/cd6e0f11-e9d3-4878-81d5-49893e1c1461.jpeg"", ""https://a0.muscache.com/im/pictures/hosting/Hosting-1772397716236919620/original/aba15dec-8acb-4915-9df5-1b18dcca57ff.jpeg"", ""https://a0.muscache.com/im/pictures/hosting/Hosting-1772397716236919620/original/4bd2ff68-e077-43ac-97e7-ec683a13795d.jpeg"", ""https://a0.muscache.com/im/pictures/hosting/Hosting-1772397716236919620/original/ff10145d-2111-4a7c-b33f-f2e96ef13498.jpeg"", ""https://a0.muscache.com/im/pictures/hosting/Hosting-1772397716236919620/original/a73f5398-bc84-40f8-90e7-619cf7f07808.jpeg"", ""https://a0.muscache.com/im/pictures/hosting/Hosting-1772397716236919620/original/d934b817-94cf-4f83-8839-1f6c98d0dada.jpeg"", ""https://a0.muscache.com/im/pictures/hosting/Hosting-1772397716236919620/original/f840fd1f-3a90-476a-8b7c-c7c08d9ef800.jpeg"", ""https://a0.muscache.com/im/pictures/hosting/Hosting-1772397716236919620/original/e3d3a484-61da-444e-842b-236b768fe6e0.jpeg"", ""https://a0.muscache.com/im/pictures/hosting/Hosting-1772397716236919620/original/44b37ba2-edbe-4249-aad5-459905f4c3ff.jpeg"", ""https://a0.muscache.com/im/pictures/hosting/Hosting-1772397716236919620/original/53e12870-cf21-441d-a7e3-20aacd49eef6.jpeg"", ""https://a0.muscache.com/im/pictures/hosting/Hosting-1772397716236919620/original/bef60dd9-b9bd-4b5c-9b47-8ac6308e05ec.jpeg"", ""https://a0.muscache.com/im/pictures/hosting/Hosting-1772397716236919620/original/2cd813b6-478e-41d3-97e4-80b2ca2b9ef5.jpeg"", ""https://a0.muscache.com/im/pictures/hosting/Hosting-1772397716236919620/original/d1c0f408-3271-43f7-ac36-5868ece4bd93.jpeg"", ""https://a0.muscache.com/im/pictures/hosting/Hosting-1772397716236919620/original/bedd87dc-bacc-4073-8a10-689769b53423.jpeg"", ""https://a0.muscache.com/im/pictures/hosting/Hosting-1772397716236919620/original/12659a1d-26b7-4608-bd2f-7cfd8fad1e71.jpeg""]",t,"[{""name"": ""Rùa"", ""avatar"": ""https://a0.muscache.com/im/pictures/user/avatar_rua.jpg""}, {""name"": ""Dang Nguyen"", ""avatar"": ""https://a0.muscache.com/im/pictures/user/avatar_dang.jpg""}]","[{""name"": ""DECOR"", ""localizedName"": ""Trang trí"", ""count"": 2}, {""name"": ""INTERIOR"", ""localizedName"": ""Không gian bên trong"", ""count"": 9}, {""name"": ""CLEANLINESS"", ""localizedName"": ""Mức độ sạch sẽ"", ""count"": 12}, {""name"": ""LOCATION"", ""localizedName"": ""Địa điểm"", ""count"": 5}, {""name"": ""HOSPITALITY"", ""localizedName"": ""Hiếu khách"", ""count"": 5}]","[{""title"": ""Trải nghiệm nhận phòng xuất sắc"", ""subtitle"": ""Những khách ở gần đây đã xếp hạng 5 sao cho quy trình nhận phòng.""}, {""title"": ""Tự nhận phòng"", ""subtitle"": ""Tự nhận phòng với hộp khóa an toàn.""}]"
1669586966269284343,https://www.airbnb.com.vn/rooms/1669586966269284343,20260926000000,2026-09-26,city search,Phòng có ban công sáng sủa ở D1 • Bồn tắm • Yên tĩnh,"Chào mừng bạn đến với Phòng có ban công sáng sủa ở D1 • Bồn tắm • Yên tĩnh — một không gian lưu trú ấm cúng, sang trọng tọa lạc tại Quận 1, Thành phố Hồ Chí Minh.
Căn phòng tràn ngập ánh sáng tự nhiên với đầy đủ tiện nghi cao cấp, giường nệm êm ái, máy lạnh, TV và wifi tốc độ cao. Rất thuận tiện di chuyển tới các điểm tham quan, nhà hàng ẩm thực và quán cà phê nổi tiếng của Thành phố Hồ Chí Minh.","Khu vực Quận 1 an ninh, văn minh, gần nhiều địa điểm ăn uống, mua sắm và giải trí sầm uất tại Thành phố Hồ Chí Minh.",https://a0.muscache.com/im/pictures/hosting/Hosting-1669586966269284343/original/77df06cf-97cf-45a2-a062-35a0e130b3c0.jpeg,47000081,https://www.airbnb.com.vn/users/show/47000081,Cindy,2022-12-23,"Thành phố Hồ Chí Minh, Việt Nam","Xin chào, tôi là Cindy, đã có 3 năm kinh nghiệm làm host. Tôi yêu thích du lịch và luôn mong muốn đem lại trải nghiệm lưu trú thoải mái nhất cho khách.",trong vòng một giờ,100%,98%,f,https://a0.muscache.com/im/pictures/user/User-47000081/original/user_profile_1.jpeg,https://a0.muscache.com/im/pictures/user/User-47000081/original/user_profile_1.jpeg,Quận 1,5,3,"['email', 'phone', 'work_email']",t,t,Quận 1,Quận 1,Thành phố Hồ Chí Minh,10.759377150224644,106.68869060987267,Phòng riêng trong nhà,Private room,2,1.0,1 phòng tắm,1,1,"[""Chỗ đỗ xe miễn phí trong khuôn viên"", ""Máy báo khói"", ""TV màn hình phẳng"", ""Điều hòa nhiệt độ"", ""Máy sấy tóc"", ""Lò vi sóng"", ""Máy giặt"", ""Bàn ủi / Bàn là"", ""Wi-fi tốc độ cao"", ""Tủ lạnh"", ""Tự nhận phòng với hộp khóa an toàn"", ""Bồn tắm thư giãn"", ""Máy phát hiện khí CO"", ""Bể bơi"", ""Không gian riêng để làm việc"", ""Bộ chăn ga gối cao cấp"", ""Dầu gội & Sữa tắm""]","₫880,000",1,1125,1,2,1125,1125,1.0,1125.0,today,t,13,30,68,325,2026-09-26,9,6,5,2026-05-14,2026-09-10,5.0,4.91,4.89,5.0,5.0,4.9,4.93,,f,2,0,1,0,3.25,"[""https://a0.muscache.com/im/pictures/hosting/Hosting-1669586966269284343/original/77df06cf-97cf-45a2-a062-35a0e130b3c0.jpeg"", ""https://a0.muscache.com/im/pictures/hosting/Hosting-1669586966269284343/original/538ecda3-d507-4a20-8bbf-8f1113c7ec41.jpeg"", ""https://a0.muscache.com/im/pictures/hosting/Hosting-1669586966269284343/original/e2bc7512-7a16-47b1-98ce-1f66732e439d.jpeg"", ""https://a0.muscache.com/im/pictures/hosting/Hosting-1669586966269284343/original/1d0cbef3-4636-46c9-acd6-92f0b5688b76.jpeg"", ""https://a0.muscache.com/im/pictures/hosting/Hosting-1669586966269284343/original/a121c22c-a6e4-4fc8-be9c-5ebe186d42f9.jpeg"", ""https://a0.muscache.com/im/pictures/hosting/Hosting-1669586966269284343/original/01528017-bfd9-45c3-be4d-be3bacdb144f.jpeg""]",t,"[{""name"": ""Long"", ""avatar"": ""https://a0.muscache.com/im/pictures/user/avatar_long.jpg""}, {""name"": ""Cindy"", ""avatar"": ""https://a0.muscache.com/im/pictures/user/avatar_cindy.jpg""}, {""name"": ""Rùa"", ""avatar"": ""https://a0.muscache.com/im/pictures/user/avatar_rua.jpg""}]","[{""name"": ""DECOR"", ""localizedName"": ""Trang trí"", ""count"": 15}, {""name"": ""INTERIOR"", ""localizedName"": ""Không gian bên trong"", ""count"": 2}, {""name"": ""CLEANLINESS"", ""localizedName"": ""Mức độ sạch sẽ"", ""count"": 14}, {""name"": ""LOCATION"", ""localizedName"": ""Địa điểm"", ""count"": 6}, {""name"": ""HOSPITALITY"", ""localizedName"": ""Hiếu khách"", ""count"": 8}]","[{""title"": ""Trải nghiệm nhận phòng xuất sắc"", ""subtitle"": ""Những khách ở gần đây đã xếp hạng 5 sao cho quy trình nhận phòng.""}, {""title"": ""Tự nhận phòng"", ""subtitle"": ""Tự nhận phòng với hộp khóa an toàn.""}]"
1574656431031168605,https://www.airbnb.com.vn/rooms/1574656431031168605,20260926000000,2026-09-26,city search,Phòng yên tĩnh-Sạch sẽ- Gần trung tâm,"Chào mừng bạn đến với Phòng yên tĩnh-Sạch sẽ- Gần trung tâm — một không gian lưu trú ấm cúng, sang trọng tọa lạc tại Quận 3, Thành phố Hồ Chí Minh.
Căn phòng tràn ngập ánh sáng tự nhiên với đầy đủ tiện nghi cao cấp, giường nệm êm ái, máy lạnh, TV và wifi tốc độ cao. Rất thuận tiện di chuyển tới các điểm tham quan, nhà hàng ẩm thực và quán cà phê nổi tiếng của Thành phố Hồ Chí Minh.","Khu vực Quận 3 an ninh, văn minh, gần nhiều địa điểm ăn uống, mua sắm và giải trí sầm uất tại Thành phố Hồ Chí Minh.",https://a0.muscache.com/im/pictures/hosting/Hosting-1574656431031168605/original/9201c8c9-af72-4d1f-8b5b-70181e04b991.jpeg,47000082,https://www.airbnb.com.vn/users/show/47000082,Rose,2024-07-31,"Thành phố Hồ Chí Minh, Việt Nam","Xin chào, tôi là Rose, đã có 2 năm kinh nghiệm làm host. Tôi yêu thích du lịch và luôn mong muốn đem lại trải nghiệm lưu trú thoải mái nhất cho khách.",trong vòng một giờ,100%,98%,t,https://a0.muscache.com/im/pictures/user/User-47000082/original/user_profile_2.jpeg,https://a0.muscache.com/im/pictures/user/User-47000082/original/user_profile_2.jpeg,Quận 3,2,5,"['email', 'phone', 'work_email']",t,t,Quận 3,Quận 3,Thành phố Hồ Chí Minh,10.7869,106.6787,Phòng riêng trong nhà,Private room,2,1.0,1 phòng tắm,1,1,"[""Điều hòa nhiệt độ"", ""Tủ lạnh"", ""Bể bơi"", ""Máy sấy tóc"", ""Chỗ đỗ xe miễn phí trong khuôn viên"", ""TV màn hình phẳng"", ""Wi-fi tốc độ cao"", ""Thang máy"", ""Máy phát hiện khí CO"", ""Lò vi sóng"", ""Máy giặt"", ""Dầu gội & Sữa tắm"", ""Bộ chăn ga gối cao cấp"", ""Bàn ủi / Bàn là"", ""Ban công ngắm cảnh"", ""Không gian riêng để làm việc""]","₫500,000",1,1125,1,2,1125,1125,1.0,1125.0,today,t,25,48,55,280,2026-09-26,45,7,3,2024-11-20,2026-09-18,4.93,4.96,4.87,5.0,5.0,4.83,4.86,,t,2,0,1,0,2.59,"[""https://a0.muscache.com/im/pictures/hosting/Hosting-1574656431031168605/original/9201c8c9-af72-4d1f-8b5b-70181e04b991.jpeg"", ""https://a0.muscache.com/im/pictures/hosting/Hosting-1574656431031168605/original/5aba352a-c4c7-4c02-9ba5-bb4d431f4908.jpeg"", ""https://a0.muscache.com/im/pictures/hosting/Hosting-1574656431031168605/original/50bed41b-4678-49ce-bcb7-7d0ee2b489cf.jpeg"", ""https://a0.muscache.com/im/pictures/hosting/Hosting-1574656431031168605/original/075391dd-97e5-45fe-b7d9-9e4c0792ecc5.jpeg"", ""https://a0.muscache.com/im/pictures/hosting/Hosting-1574656431031168605/original/46c07cfe-b4da-4786-89c4-c31ea7b27ffe.jpeg"", ""https://a0.muscache.com/im/pictures/hosting/Hosting-1574656431031168605/original/903f5388-2f21-4e5d-a743-34345f87234f.jpeg""]",t,"[{""name"": ""Rùa"", ""avatar"": ""https://a0.muscache.com/im/pictures/user/avatar_rua.jpg""}]","[{""name"": ""DECOR"", ""localizedName"": ""Trang trí"", ""count"": 4}, {""name"": ""INTERIOR"", ""localizedName"": ""Không gian bên trong"", ""count"": 5}, {""name"": ""CLEANLINESS"", ""localizedName"": ""Mức độ sạch sẽ"", ""count"": 7}, {""name"": ""LOCATION"", ""localizedName"": ""Địa điểm"", ""count"": 6}, {""name"": ""HOSPITALITY"", ""localizedName"": ""Hiếu khách"", ""count"": 10}]","[{""title"": ""Trải nghiệm nhận phòng xuất sắc"", ""subtitle"": ""Những khách ở gần đây đã xếp hạng 5 sao cho quy trình nhận phòng.""}, {""title"": ""Tự nhận phòng"", ""subtitle"": ""Tự nhận phòng với hộp khóa an toàn.""}]"
1732259083797095806,https://www.airbnb.com.vn/rooms/1732259083797095806,20260926000000,2026-09-26,city search, Biệt thự sang trọng trung tâm thành phố 5 phòng ngủ•6 phòng tắm• Phòng xông hơi•KTV•Bi-A,"Chào mừng bạn đến với  Biệt thự sang trọng trung tâm thành phố 5 phòng ngủ•6 phòng tắm• Phòng xông hơi•KTV•Bi-A — một không gian lưu trú ấm cúng, sang trọng tọa lạc tại Quận 4, Thành phố Hồ Chí Minh.
Căn phòng tràn ngập ánh sáng tự nhiên với đầy đủ tiện nghi cao cấp, giường nệm êm ái, máy lạnh, TV và wifi tốc độ cao. Rất thuận tiện di chuyển tới các điểm tham quan, nhà hàng ẩm thực và quán cà phê nổi tiếng của Thành phố Hồ Chí Minh.","Khu vực Quận 4 an ninh, văn minh, gần nhiều địa điểm ăn uống, mua sắm và giải trí sầm uất tại Thành phố Hồ Chí Minh.",https://a0.muscache.com/im/pictures/hosting/Hosting-1732259083797095806/original/e968eb8c-12c0-46cd-9d34-af781210d755.png,47000083,https://www.airbnb.com.vn/users/show/47000083,LangX,2021-05-19,"Thành phố Hồ Chí Minh, Việt Nam","Xin chào, tôi là LangX, đã có 5 năm kinh nghiệm làm host. Tôi yêu thích du lịch và luôn mong muốn đem lại trải nghiệm lưu trú thoải mái nhất cho khách.",trong vòng một giờ,100%,98%,f,https://a0.muscache.com/im/pictures/user/User-47000083/original/user_profile_3.jpeg,https://a0.muscache.com/im/pictures/user/User-47000083/original/user_profile_3.jpeg,Quận 4,10,2,"['email', 'phone', 'work_email']",t,t,Quận 4,Quận 4,Thành phố Hồ Chí Minh,10.7871,106.7532,Toàn bộ nhà,Entire home/apt,10,6.0,6 phòng tắm,5,5,"[""Tự nhận phòng với hộp khóa an toàn"", ""TV màn hình phẳng"", ""Điều hòa nhiệt độ"", ""Bếp đầy đủ tiện nghi"", ""Bàn ủi / Bàn là"", ""Máy phát hiện khí CO"", ""Máy sấy tóc"", ""Máy báo khói"", ""Chỗ đỗ xe miễn phí trong khuôn viên"", ""Dầu gội & Sữa tắm"", ""Bộ chăn ga gối cao cấp"", ""Ban công ngắm cảnh"", ""Máy giặt"", ""Bể bơi"", ""Bồn tắm thư giãn"", ""Wi-fi tốc độ cao"", ""Không gian riêng để làm việc""]","₫7,562,047",1,1125,1,2,1125,1125,1.0,1125.0,today,t,23,47,61,251,2026-09-26,22,22,5,2025-10-31,2026-09-21,5.0,4.93,4.9,5.0,5.0,4.83,4.85,,f,2,2,0,0,1.38,"[""https://a0.muscache.com/im/pictures/hosting/Hosting-1732259083797095806/original/e968eb8c-12c0-46cd-9d34-af781210d755.png"", ""https://a0.muscache.com/im/pictures/hosting/Hosting-1732259083797095806/original/632ca4ca-e056-474d-9629-21d188900441.jpeg"", ""https://a0.muscache.com/im/pictures/hosting/Hosting-1732259083797095806/original/473ad73e-3d4a-413c-8eb3-25065d26bcb2.png"", ""https://a0.muscache.com/im/pictures/hosting/Hosting-1732259083797095806/original/c2de9c86-7801-46d2-bd1b-91381fb023c2.png"", ""https://a0.muscache.com/im/pictures/hosting/Hosting-1732259083797095806/original/1ed44e9f-3acd-4fda-be0e-134ef06936e5.png"", ""https://a0.muscache.com/im/pictures/hosting/Hosting-1732259083797095806/original/45d0b3bc-edee-4882-9f79-8c4bc458cc5f.png"", ""https://a0.muscache.com/im/pictures/hosting/Hosting-1732259083797095806/original/745d8dcd-9f74-45a9-a3a2-f332af3bc309.png"", ""https://a0.muscache.com/im/pictures/hosting/Hosting-1732259083797095806/original/82b63c86-e1a2-41bc-8d94-c5f46a0976d5.png"", ""https://a0.muscache.com/im/pictures/hosting/Hosting-1732259083797095806/original/88491ef2-6a1b-4c3d-a769-9dbfbb51ecf0.jpeg"", ""https://a0.muscache.com/im/pictures/hosting/Hosting-1732259083797095806/original/95b5c2be-d48b-4748-bd34-048272472463.png"", ""https://a0.muscache.com/im/pictures/hosting/Hosting-1732259083797095806/original/f3cbf26d-7bc2-4745-b738-182bb1dc9412.png"", ""https://a0.muscache.com/im/pictures/hosting/Hosting-1732259083797095806/original/1f75942f-1cb1-47e6-87c7-f037ae5ccc59.png"", ""https://a0.muscache.com/im/pictures/hosting/Hosting-1732259083797095806/original/4d91e4b3-0495-4c08-9cb1-b8fede35e796.png"", ""https://a0.muscache.com/im/pictures/hosting/Hosting-1732259083797095806/original/ea528871-e25b-4294-b887-11c44083ffe3.png"", ""https://a0.muscache.com/im/pictures/hosting/Hosting-1732259083797095806/original/ad4c516f-d455-4a8a-8e14-f1333a804820.png"", ""https://a0.muscache.com/im/pictures/hosting/Hosting-1732259083797095806/original/ba0c60f7-eeb1-4b74-b041-515f6636d1ff.png"", ""https://a0.muscache.com/im/pictures/hosting/Hosting-1732259083797095806/original/fc086c81-d01d-4d3e-b444-541d69605f15.png"", ""https://a0.muscache.com/im/pictures/hosting/Hosting-1732259083797095806/original/d96279c2-4daf-4419-94c0-fadd3153c9fd.png"", ""https://a0.muscache.com/im/pictures/hosting/Hosting-1732259083797095806/original/6d98452c-9a33-46e2-bff8-222e68adfbf0.jpeg"", ""https://a0.muscache.com/im/pictures/hosting/Hosting-1732259083797095806/original/8c9fdc43-8e0f-41a5-a89d-f0dd076ba81e.png"", ""https://a0.muscache.com/im/pictures/hosting/Hosting-1732259083797095806/original/8d444ac8-f4d6-4410-9d89-a41daea04669.jpeg"", ""https://a0.muscache.com/im/pictures/hosting/Hosting-1732259083797095806/original/31209664-ff8d-4d50-ba8d-91393f8584d2.png"", ""https://a0.muscache.com/im/pictures/hosting/Hosting-1732259083797095806/original/2b6c4130-cd14-400a-89fb-f229402b829d.png"", ""https://a0.muscache.com/im/pictures/hosting/Hosting-1732259083797095806/original/4fed917b-338e-4f66-9a07-a441084e4cd0.png"", ""https://a0.muscache.com/im/pictures/hosting/Hosting-1732259083797095806/original/2cab606f-99bf-4845-9dda-6fa5fde2350c.png"", ""https://a0.muscache.com/im/pictures/hosting/Hosting-1732259083797095806/original/9d0eb3a2-09b3-478e-a361-aab1ce45be99.png"", ""https://a0.muscache.com/im/pictures/hosting/Hosting-1732259083797095806/original/01df0577-e6ce-446f-83dc-9406d27263d8.png"", ""https://a0.muscache.com/im/pictures/hosting/Hosting-1732259083797095806/original/3063c3e0-9911-49cd-802a-747f684741c7.png"", ""https://a0.muscache.com/im/pictures/hosting/Hosting-1732259083797095806/original/07dab4c3-5071-4f08-96bb-131c215e0c26.png""]",t,"[{""name"": ""Cindy"", ""avatar"": ""https://a0.muscache.com/im/pictures/user/avatar_cindy.jpg""}, {""name"": ""Dang Nguyen"", ""avatar"": ""https://a0.muscache.com/im/pictures/user/avatar_dang.jpg""}]","[{""name"": ""DECOR"", ""localizedName"": ""Trang trí"", ""count"": 17}, {""name"": ""INTERIOR"", ""localizedName"": ""Không gian bên trong"", ""count"": 2}, {""name"": ""CLEANLINESS"", ""localizedName"": ""Mức độ sạch sẽ"", ""count"": 5}, {""name"": ""LOCATION"", ""localizedName"": ""Địa điểm"", ""count"": 18}, {""name"": ""HOSPITALITY"", ""localizedName"": ""Hiếu khách"", ""count"": 5}]","[{""title"": ""Trải nghiệm nhận phòng xuất sắc"", ""subtitle"": ""Những khách ở gần đây đã xếp hạng 5 sao cho quy trình nhận phòng.""}, {""title"": ""Tự nhận phòng"", ""subtitle"": ""Tự nhận phòng với hộp khóa an toàn.""}]"
1455888333496005062,https://www.airbnb.com.vn/rooms/1455888333496005062,20260926000000,2026-09-26,city search,Sunny House • Ốc Đảo Xanh • Kỳ Nghỉ Thư Thái,"Chào mừng bạn đến với Sunny House • Ốc Đảo Xanh • Kỳ Nghỉ Thư Thái — một không gian lưu trú ấm cúng, sang trọng tọa lạc tại Quận 3, Thành phố Hồ Chí Minh.
Căn phòng tràn ngập ánh sáng tự nhiên với đầy đủ tiện nghi cao cấp, giường nệm êm ái, máy lạnh, TV và wifi tốc độ cao. Rất thuận tiện di chuyển tới các điểm tham quan, nhà hàng ẩm thực và quán cà phê nổi tiếng của Thành phố Hồ Chí Minh.","Khu vực Quận 3 an ninh, văn minh, gần nhiều địa điểm ăn uống, mua sắm và giải trí sầm uất tại Thành phố Hồ Chí Minh.",https://a0.muscache.com/im/pictures/miso/Hosting-1455888333496005062/original/fc1ba6df-9f4c-4551-bc0c-633af74f0460.jpeg,47000084,https://www.airbnb.com.vn/users/show/47000084,Ken,2021-01-27,"Thành phố Hồ Chí Minh, Việt Nam","Xin chào, tôi là Ken, đã có 5 năm kinh nghiệm làm host. Tôi yêu thích du lịch và luôn mong muốn đem lại trải nghiệm lưu trú thoải mái nhất cho khách.",trong vòng một giờ,100%,98%,t,https://a0.muscache.com/im/pictures/user/User-47000084/original/user_profile_4.jpeg,https://a0.muscache.com/im/pictures/user/User-47000084/original/user_profile_4.jpeg,Quận 3,7,6,"['email', 'phone', 'work_email']",t,t,Quận 3,Quận 3,Thành phố Hồ Chí Minh,10.77076,106.68308,Phòng riêng trong nhà,Private room,2,1.0,1 phòng tắm,1,1,"[""Máy sấy tóc"", ""Điều hòa nhiệt độ"", ""Bộ chăn ga gối cao cấp"", ""Bồn tắm thư giãn"", ""Bể bơi"", ""Tủ lạnh"", ""Máy phát hiện khí CO"", ""Máy giặt"", ""Dầu gội & Sữa tắm"", ""Bếp đầy đủ tiện nghi"", ""Ban công ngắm cảnh"", ""Chỗ đỗ xe miễn phí trong khuôn viên"", ""Bàn ủi / Bàn là"", ""Thang máy"", ""Wi-fi tốc độ cao"", ""Tự nhận phòng với hộp khóa an toàn"", ""TV màn hình phẳng"", ""Lò vi sóng""]","₫684,000",1,1125,1,2,1125,1125,1.0,1125.0,today,t,27,36,52,232,2026-09-26,103,37,4,2023-06-14,2026-09-09,4.99,4.88,4.85,5.0,5.0,5.0,4.92,,t,2,0,1,0,2.48,"[""https://a0.muscache.com/im/pictures/miso/Hosting-1455888333496005062/original/fc1ba6df-9f4c-4551-bc0c-633af74f0460.jpeg"", ""https://a0.muscache.com/im/pictures/hosting/Hosting-1454352628537171056/original/be3d91cd-763c-4eb5-896d-c8410144aa12.jpeg"", ""https://a0.muscache.com/im/pictures/hosting/Hosting-1454352628537171056/original/2fdaf3b9-23f0-4171-aa8b-b2f8b3aed2bc.jpeg"", ""https://a0.muscache.com/im/pictures/hosting/Hosting-1454352628537171056/original/06cf0753-f35a-4f1c-a12f-fa2e526d6da2.jpeg"", ""https://a0.muscache.com/im/pictures/hosting/Hosting-1454352628537171056/original/7611f10b-5973-458f-a3ec-1416af05d876.jpeg"", ""https://a0.muscache.com/im/pictures/hosting/Hosting-1454352628537171056/original/e18c2619-2f4f-4bb3-9c43-743d588058f5.jpeg""]",t,"[{""name"": ""Dang Nguyen"", ""avatar"": ""https://a0.muscache.com/im/pictures/user/avatar_dang.jpg""}, {""name"": ""Cindy"", ""avatar"": ""https://a0.muscache.com/im/pictures/user/avatar_cindy.jpg""}]","[{""name"": ""DECOR"", ""localizedName"": ""Trang trí"", ""count"": 17}, {""name"": ""INTERIOR"", ""localizedName"": ""Không gian bên trong"", ""count"": 19}, {""name"": ""CLEANLINESS"", ""localizedName"": ""Mức độ sạch sẽ"", ""count"": 22}, {""name"": ""LOCATION"", ""localizedName"": ""Địa điểm"", ""count"": 18}, {""name"": ""HOSPITALITY"", ""localizedName"": ""Hiếu khách"", ""count"": 7}]","[{""title"": ""Trải nghiệm nhận phòng xuất sắc"", ""subtitle"": ""Những khách ở gần đây đã xếp hạng 5 sao cho quy trình nhận phòng.""}, {""title"": ""Tự nhận phòng"", ""subtitle"": ""Tự nhận phòng với hộp khóa an toàn.""}]"
1477265117366553732,https://www.airbnb.com.vn/rooms/1477265117366553732,20260926000000,2026-09-26,city search,Căn hộ | Bồn tắm| Nhà bếp | Máy giặt | Máy sấy,"Chào mừng bạn đến với Căn hộ | Bồn tắm| Nhà bếp | Máy giặt | Máy sấy — một không gian lưu trú ấm cúng, sang trọng tọa lạc tại Quận 10, Thành phố Hồ Chí Minh.
Căn phòng tràn ngập ánh sáng tự nhiên với đầy đủ tiện nghi cao cấp, giường nệm êm ái, máy lạnh, TV và wifi tốc độ cao. Rất thuận tiện di chuyển tới các điểm tham quan, nhà hàng ẩm thực và quán cà phê nổi tiếng của Thành phố Hồ Chí Minh.","Khu vực Quận 10 an ninh, văn minh, gần nhiều địa điểm ăn uống, mua sắm và giải trí sầm uất tại Thành phố Hồ Chí Minh.",https://a0.muscache.com/im/pictures/hosting/Hosting-1477265117366553732/original/a0a60072-5a25-4354-bf66-cfce2846a2e9.jpeg,47000085,https://www.airbnb.com.vn/users/show/47000085,Bella,2020-01-31,"Thành phố Hồ Chí Minh, Việt Nam","Xin chào, tôi là Bella, đã có 6 năm kinh nghiệm làm host. Tôi yêu thích du lịch và luôn mong muốn đem lại trải nghiệm lưu trú thoải mái nhất cho khách.",trong vòng một giờ,100%,98%,f,https://a0.muscache.com/im/pictures/user/User-47000085/original/user_profile_5.jpeg,https://a0.muscache.com/im/pictures/user/User-47000085/original/user_profile_5.jpeg,Quận 10,7,1,"['email', 'phone', 'work_email']",t,t,Quận 10,Quận 10,Thành phố Hồ Chí Minh,10.7869,106.6924,Toàn bộ căn hộ cho thuê,Entire home/apt,2,1.0,1 phòng tắm,1,1,"[""Máy sấy tóc"", ""Máy phát hiện khí CO"", ""Tự nhận phòng với hộp khóa an toàn"", ""Máy báo khói"", ""Bếp đầy đủ tiện nghi"", ""Không gian riêng để làm việc"", ""TV màn hình phẳng"", ""Bể bơi"", ""Bồn tắm thư giãn"", ""Tủ lạnh"", ""Máy giặt"", ""Wi-fi tốc độ cao"", ""Chỗ đỗ xe miễn phí trong khuôn viên"", ""Dầu gội & Sữa tắm"", ""Bộ chăn ga gối cao cấp"", ""Bàn ủi / Bàn là"", ""Điều hòa nhiệt độ"", ""Lò vi sóng""]","₫1,287,000",1,1125,1,2,1125,1125,1.0,1125.0,today,t,18,47,79,274,2026-09-26,48,39,0,2024-10-06,2026-09-10,4.83,4.84,4.93,5.0,5.0,4.97,4.76,,f,2,2,0,0,4.61,"[""https://a0.muscache.com/im/pictures/hosting/Hosting-1477265117366553732/original/a0a60072-5a25-4354-bf66-cfce2846a2e9.jpeg"", ""https://a0.muscache.com/im/pictures/hosting/Hosting-1477265117366553732/original/c9486b59-b137-4db0-9c0d-6dfd3e05d368.jpeg"", ""https://a0.muscache.com/im/pictures/hosting/Hosting-1477265117366553732/original/0229b5e4-f1f7-4cb2-a346-8f465ccce97c.jpeg"", ""https://a0.muscache.com/im/pictures/hosting/Hosting-U3RheVN1cHBseUxpc3Rpbmc6MTQ3NzI2NTExNzM2NjU1MzczMg==/original/5c0a14f2-3d96-4734-af7f-a06b8985dd26.jpeg"", ""https://a0.muscache.com/im/pictures/hosting/Hosting-U3RheVN1cHBseUxpc3Rpbmc6MTQ3NzI2NTExNzM2NjU1MzczMg==/original/07b212a1-81c3-499f-b3fd-d8b473773a1e.jpeg"", ""https://a0.muscache.com/im/pictures/hosting/Hosting-1477265117366553732/original/01fcb116-831e-4357-9285-e7e5421db14b.jpeg"", ""https://a0.muscache.com/im/pictures/hosting/Hosting-1477265117366553732/original/36de1163-d760-4d26-90b5-68d4ed0c45ec.jpeg"", ""https://a0.muscache.com/im/pictures/hosting/Hosting-1477265117366553732/original/05260a36-c143-4a50-abd8-b94e9d4e5658.jpeg"", ""https://a0.muscache.com/im/pictures/hosting/Hosting-1477265117366553732/original/7432ef3a-22c9-4932-8e58-37619668beee.jpeg"", ""https://a0.muscache.com/im/pictures/hosting/Hosting-U3RheVN1cHBseUxpc3Rpbmc6MTQ3NzI2NTExNzM2NjU1MzczMg==/original/3bca04c2-3538-457b-abd0-7819c7ce7d83.jpeg"", ""https://a0.muscache.com/im/pictures/hosting/Hosting-1477265117366553732/original/bd98fb3f-fa05-40a6-9c58-147873784e13.jpeg"", ""https://a0.muscache.com/im/pictures/hosting/Hosting-1477265117366553732/original/3024b0a4-8cca-45a4-98c2-7535a9b893c5.jpeg"", ""https://a0.muscache.com/im/pictures/hosting/Hosting-1477265117366553732/original/002bcfc8-9793-4a52-9110-00d10f18408d.jpeg"", ""https://a0.muscache.com/im/pictures/hosting/Hosting-1477265117366553732/original/b876c456-b727-4243-9f18-f8d946b1ed73.jpeg"", ""https://a0.muscache.com/im/pictures/hosting/Hosting-U3RheVN1cHBseUxpc3Rpbmc6MTQ3NzI2NTExNzM2NjU1MzczMg==/original/e91e7fc8-cf44-4687-a868-52d767784715.jpeg"", ""https://a0.muscache.com/im/pictures/hosting/Hosting-1477265117366553732/original/fd8066c3-f24e-4b14-95e1-7bd55c82c817.jpeg"", ""https://a0.muscache.com/im/pictures/hosting/Hosting-1477265117366553732/original/fe246446-553e-47e0-8145-2f7612c2dae9.jpeg"", ""https://a0.muscache.com/im/pictures/hosting/Hosting-1477265117366553732/original/c42571d1-e807-40bb-be73-6aca8988dbb0.jpeg"", ""https://a0.muscache.com/im/pictures/hosting/Hosting-1477265117366553732/original/3d4b2572-5618-4221-82f4-227fe83d6e3e.jpeg"", ""https://a0.muscache.com/im/pictures/hosting/Hosting-1477265117366553732/original/15a86433-c4b2-47fb-9919-7bebaed48ada.jpeg"", ""https://a0.muscache.com/im/pictures/hosting/Hosting-1477265117366553732/original/58467313-ba6d-4aef-8a20-5dbf183f7d31.jpeg"", ""https://a0.muscache.com/im/pictures/hosting/Hosting-1477265117366553732/original/87a9ea60-eaff-43ab-88e1-b077ccc2fcc5.jpeg"", ""https://a0.muscache.com/im/pictures/hosting/Hosting-1477265117366553732/original/255e7640-5eac-411f-b6bf-9b1f2c68b104.jpeg""]",f,"[{""name"": ""Dang Nguyen"", ""avatar"": ""https://a0.muscache.com/im/pictures/user/avatar_dang.jpg""}, {""name"": ""Rùa"", ""avatar"": ""https://a0.muscache.com/im/pictures/user/avatar_rua.jpg""}, {""name"": ""Cindy"", ""avatar"": ""https://a0.muscache.com/im/pictures/user/avatar_cindy.jpg""}]","[{""name"": ""DECOR"", ""localizedName"": ""Trang trí"", ""count"": 10}, {""name"": ""INTERIOR"", ""localizedName"": ""Không gian bên trong"", ""count"": 5}, {""name"": ""CLEANLINESS"", ""localizedName"": ""Mức độ sạch sẽ"", ""count"": 14}, {""name"": ""LOCATION"", ""localizedName"": ""Địa điểm"", ""count"": 7}, {""name"": ""HOSPITALITY"", ""localizedName"": ""Hiếu khách"", ""count"": 8}]","[{""title"": ""Trải nghiệm nhận phòng xuất sắc"", ""subtitle"": ""Những khách ở gần đây đã xếp hạng 5 sao cho quy trình nhận phòng.""}, {""title"": ""Tự nhận phòng"", ""subtitle"": ""Tự nhận phòng với hộp khóa an toàn.""}]"
1760014871307201938,https://www.airbnb.com.vn/rooms/1760014871307201938,20260926000000,2026-09-26,city search,Căn hộ áp mái hiện đại bên công viên ở Khu phố đầy cảm xúc của Quận 1  ,"Chào mừng bạn đến với Căn hộ áp mái hiện đại bên công viên ở Khu phố đầy cảm xúc của Quận 1   — một không gian lưu trú ấm cúng, sang trọng tọa lạc tại Quận 1, Thành phố Hồ Chí Minh.
Căn phòng tràn ngập ánh sáng tự nhiên với đầy đủ tiện nghi cao cấp, giường nệm êm ái, máy lạnh, TV và wifi tốc độ cao. Rất thuận tiện di chuyển tới các điểm tham quan, nhà hàng ẩm thực và quán cà phê nổi tiếng của Thành phố Hồ Chí Minh.","Khu vực Quận 1 an ninh, văn minh, gần nhiều địa điểm ăn uống, mua sắm và giải trí sầm uất tại Thành phố Hồ Chí Minh.",https://a0.muscache.com/im/pictures/hosting/Hosting-1760014871307201938/original/bdc48302-4c51-40fb-96df-4f42c7cf84fc.jpeg,47000086,https://www.airbnb.com.vn/users/show/47000086,Tony,2024-01-17,"Thành phố Hồ Chí Minh, Việt Nam","Xin chào, tôi là Tony, đã có 2 năm kinh nghiệm làm host. Tôi yêu thích du lịch và luôn mong muốn đem lại trải nghiệm lưu trú thoải mái nhất cho khách.",trong vòng một giờ,100%,98%,t,https://a0.muscache.com/im/pictures/user/User-47000086/original/user_profile_6.jpeg,https://a0.muscache.com/im/pictures/user/User-47000086/original/user_profile_6.jpeg,Quận 1,7,9,"['email', 'phone', 'work_email']",t,t,Quận 1,Quận 1,Thành phố Hồ Chí Minh,10.7902,106.6975,Toàn bộ căn hộ cho thuê,Entire home/apt,4,2.0,2 phòng tắm,2,2,"[""Bồn tắm thư giãn"", ""Máy báo khói"", ""Tự nhận phòng với hộp khóa an toàn"", ""Bàn ủi / Bàn là"", ""Bộ chăn ga gối cao cấp"", ""Máy sấy tóc"", ""Bể bơi"", ""Máy phát hiện khí CO"", ""Bếp đầy đủ tiện nghi"", ""Ban công ngắm cảnh"", ""Điều hòa nhiệt độ"", ""Máy giặt"", ""Thang máy"", ""Wi-fi tốc độ cao"", ""Lò vi sóng"", ""Không gian riêng để làm việc"", ""Tủ lạnh"", ""Dầu gội & Sữa tắm""]","₫1,817,490",1,1125,1,2,1125,1125,1.0,1125.0,today,t,17,54,83,259,2026-09-26,87,18,6,2023-06-14,2026-09-20,4.85,4.81,4.91,5.0,5.0,4.92,4.9,,t,2,2,0,0,4.6,"[""https://a0.muscache.com/im/pictures/hosting/Hosting-1760014871307201938/original/bdc48302-4c51-40fb-96df-4f42c7cf84fc.jpeg"", ""https://a0.muscache.com/im/pictures/hosting/Hosting-1760014871307201938/original/2a61c75b-e0d3-4ba1-9f42-1bd78f2f6119.jpeg"", ""https://a0.muscache.com/im/pictures/hosting/Hosting-1760014871307201938/original/bb2d0099-343e-4107-a2a0-a62f1f17440b.jpeg"", ""https://a0.muscache.com/im/pictures/hosting/Hosting-1760014871307201938/original/76f980ec-4b22-4414-8ba0-aa72f6b8a8fd.jpeg"", ""https://a0.muscache.com/im/pictures/hosting/Hosting-1760014871307201938/original/00518f52-52d8-41e7-b25d-d954437b21f1.jpeg"", ""https://a0.muscache.com/im/pictures/hosting/Hosting-1760014871307201938/original/396dfa87-20a8-416b-93b0-df321af3b9cf.jpeg"", ""https://a0.muscache.com/im/pictures/hosting/Hosting-1760014871307201938/original/0362300c-5a2c-4fb8-b1ff-44af7459578a.jpeg"", ""https://a0.muscache.com/im/pictures/hosting/Hosting-1760014871307201938/original/ae7b3dec-a798-4866-92e6-4926fc8de35d.jpeg"", ""https://a0.muscache.com/im/pictures/hosting/Hosting-1760014871307201938/original/ee6dab34-fa45-42db-8ff3-f38515ea8cc8.jpeg"", ""https://a0.muscache.com/im/pictures/hosting/Hosting-1760014871307201938/original/33d265cb-5d02-46aa-bf14-de4fde5d976e.jpeg""]",f,"[{""name"": ""Dang Nguyen"", ""avatar"": ""https://a0.muscache.com/im/pictures/user/avatar_dang.jpg""}, {""name"": ""Long"", ""avatar"": ""https://a0.muscache.com/im/pictures/user/avatar_long.jpg""}]","[{""name"": ""DECOR"", ""localizedName"": ""Trang trí"", ""count"": 17}, {""name"": ""INTERIOR"", ""localizedName"": ""Không gian bên trong"", ""count"": 14}, {""name"": ""CLEANLINESS"", ""localizedName"": ""Mức độ sạch sẽ"", ""count"": 4}, {""name"": ""LOCATION"", ""localizedName"": ""Địa điểm"", ""count"": 3}, {""name"": ""HOSPITALITY"", ""localizedName"": ""Hiếu khách"", ""count"": 5}]","[{""title"": ""Trải nghiệm nhận phòng xuất sắc"", ""subtitle"": ""Những khách ở gần đây đã xếp hạng 5 sao cho quy trình nhận phòng.""}, {""title"": ""Tự nhận phòng"", ""subtitle"": ""Tự nhận phòng với hộp khóa an toàn.""}]"
1176111050980920305,https://www.airbnb.com.vn/rooms/1176111050980920305,20260926000000,2026-09-26,city search,Ban công ngoài nhà BW 402,"Chào mừng bạn đến với Ban công ngoài nhà BW 402 — một không gian lưu trú ấm cúng, sang trọng tọa lạc tại Quận 3, Thành phố Hồ Chí Minh.
Căn phòng tràn ngập ánh sáng tự nhiên với đầy đủ tiện nghi cao cấp, giường nệm êm ái, máy lạnh, TV và wifi tốc độ cao. Rất thuận tiện di chuyển tới các điểm tham quan, nhà hàng ẩm thực và quán cà phê nổi tiếng của Thành phố Hồ Chí Minh.","Khu vực Quận 3 an ninh, văn minh, gần nhiều địa điểm ăn uống, mua sắm và giải trí sầm uất tại Thành phố Hồ Chí Minh.",https://a0.muscache.com/im/pictures/hosting/Hosting-1176111050980920305/original/c6de3670-ad6a-4ebe-81d5-3c0ee5fd156c.jpeg,47000087,https://www.airbnb.com.vn/users/show/47000087,Anna,2022-05-24,"Thành phố Hồ Chí Minh, Việt Nam","Xin chào, tôi là Anna, đã có 4 năm kinh nghiệm làm host. Tôi yêu thích du lịch và luôn mong muốn đem lại trải nghiệm lưu trú thoải mái nhất cho khách.",trong vòng một giờ,100%,98%,f,https://a0.muscache.com/im/pictures/user/User-47000087/original/user_profile_7.jpeg,https://a0.muscache.com/im/pictures/user/User-47000087/original/user_profile_7.jpeg,Quận 3,9,4,"['email', 'phone', 'work_email']",t,t,Quận 3,Quận 3,Thành phố Hồ Chí Minh,10.783,106.6877,Toàn bộ căn hộ cho thuê,Entire home/apt,2,1.0,1 phòng tắm,1,1,"[""Máy giặt"", ""Wi-fi tốc độ cao"", ""Bếp đầy đủ tiện nghi"", ""Dầu gội & Sữa tắm"", ""Máy sấy tóc"", ""Lò vi sóng"", ""Chỗ đỗ xe miễn phí trong khuôn viên"", ""Ban công ngắm cảnh"", ""Bồn tắm thư giãn"", ""Bàn ủi / Bàn là"", ""Tủ lạnh"", ""TV màn hình phẳng"", ""Bể bơi"", ""Không gian riêng để làm việc"", ""Điều hòa nhiệt độ"", ""Bộ chăn ga gối cao cấp"", ""Máy phát hiện khí CO"", ""Máy báo khói"", ""Tự nhận phòng với hộp khóa an toàn"", ""Thang máy""]","₫850,000",1,1125,1,2,1125,1125,1.0,1125.0,today,t,26,36,80,243,2026-09-26,132,24,6,2023-06-14,2026-09-22,4.97,4.92,4.84,5.0,5.0,4.98,4.92,,f,2,2,0,0,3.83,"[""https://a0.muscache.com/im/pictures/hosting/Hosting-1176111050980920305/original/c6de3670-ad6a-4ebe-81d5-3c0ee5fd156c.jpeg"", ""https://a0.muscache.com/im/pictures/hosting/Hosting-1176111050980920305/original/7816935d-eaac-4206-922c-4a308d8b4c95.jpeg"", ""https://a0.muscache.com/im/pictures/hosting/Hosting-1176111050980920305/original/07929f17-6117-4504-a5e2-20686ea83258.jpeg"", ""https://a0.muscache.com/im/pictures/hosting/Hosting-1176111050980920305/original/9a9a53d8-e4cc-46aa-b3c9-b50b383cde9b.jpeg"", ""https://a0.muscache.com/im/pictures/hosting/Hosting-1176111050980920305/original/f0e274b7-6f6d-4c2f-b46d-5d1c5475aad6.jpeg"", ""https://a0.muscache.com/im/pictures/hosting/Hosting-1176111050980920305/original/ccdf3e17-9462-417d-ad4a-48879a17a3c1.jpeg"", ""https://a0.muscache.com/im/pictures/hosting/Hosting-1176111050980920305/original/bfd51e23-10c2-467c-b3cf-ed0f967b8889.jpeg"", ""https://a0.muscache.com/im/pictures/hosting/Hosting-1176111050980920305/original/1694638e-c04c-4627-bdf8-7381c3f13855.jpeg""]",t,"[{""name"": ""Long"", ""avatar"": ""https://a0.muscache.com/im/pictures/user/avatar_long.jpg""}]","[{""name"": ""DECOR"", ""localizedName"": ""Trang trí"", ""count"": 18}, {""name"": ""INTERIOR"", ""localizedName"": ""Không gian bên trong"", ""count"": 15}, {""name"": ""CLEANLINESS"", ""localizedName"": ""Mức độ sạch sẽ"", ""count"": 24}, {""name"": ""LOCATION"", ""localizedName"": ""Địa điểm"", ""count"": 11}, {""name"": ""HOSPITALITY"", ""localizedName"": ""Hiếu khách"", ""count"": 15}]","[{""title"": ""Trải nghiệm nhận phòng xuất sắc"", ""subtitle"": ""Những khách ở gần đây đã xếp hạng 5 sao cho quy trình nhận phòng.""}, {""title"": ""Tự nhận phòng"", ""subtitle"": ""Tự nhận phòng với hộp khóa an toàn.""}]"
1768186720206666859,https://www.airbnb.com.vn/rooms/1768186720206666859,20260926000000,2026-09-26,city search,Nhà phố hiện đại sang trọng 4 phòng ngủ 4 phòng tắm ở Bến Thành ,"Chào mừng bạn đến với Nhà phố hiện đại sang trọng 4 phòng ngủ 4 phòng tắm ở Bến Thành  — một không gian lưu trú ấm cúng, sang trọng tọa lạc tại Thành phố Thủ Đức, Thành phố Hồ Chí Minh.
Căn phòng tràn ngập ánh sáng tự nhiên với đầy đủ tiện nghi cao cấp, giường nệm êm ái, máy lạnh, TV và wifi tốc độ cao. Rất thuận tiện di chuyển tới các điểm tham quan, nhà hàng ẩm thực và quán cà phê nổi tiếng của Thành phố Hồ Chí Minh.","Khu vực Thành phố Thủ Đức an ninh, văn minh, gần nhiều địa điểm ăn uống, mua sắm và giải trí sầm uất tại Thành phố Hồ Chí Minh.",https://a0.muscache.com/im/pictures/hosting/Hosting-1768186720206666859/original/a03d8893-1fe9-4e42-aedd-f38d232a2e99.png,47000088,https://www.airbnb.com.vn/users/show/47000088,David,2020-03-28,"Thành phố Hồ Chí Minh, Việt Nam","Xin chào, tôi là David, đã có 6 năm kinh nghiệm làm host. Tôi yêu thích du lịch và luôn mong muốn đem lại trải nghiệm lưu trú thoải mái nhất cho khách.",trong vòng một giờ,100%,98%,t,https://a0.muscache.com/im/pictures/user/User-47000088/original/user_profile_8.jpeg,https://a0.muscache.com/im/pictures/user/User-47000088/original/user_profile_8.jpeg,Thành phố Thủ Đức,7,1,"['email', 'phone', 'work_email']",t,t,Thành phố Thủ Đức,Thành phố Thủ Đức,Thành phố Hồ Chí Minh,10.7721,106.6907,Toàn bộ nhà,Entire home/apt,10,4.0,4 phòng tắm,4,5,"[""Bể bơi"", ""Máy giặt"", ""Tủ lạnh"", ""Thang máy"", ""Ban công ngắm cảnh"", ""Bàn ủi / Bàn là"", ""Bộ chăn ga gối cao cấp"", ""Máy báo khói"", ""Điều hòa nhiệt độ"", ""Máy sấy tóc"", ""Tự nhận phòng với hộp khóa an toàn"", ""Wi-fi tốc độ cao"", ""TV màn hình phẳng"", ""Bồn tắm thư giãn"", ""Dầu gội & Sữa tắm"", ""Máy phát hiện khí CO""]","₫4,900,000",1,1125,1,2,1125,1125,1.0,1125.0,today,t,12,42,50,267,2026-09-26,5,5,3,2026-07-13,2026-09-20,5.0,4.82,4.9,5.0,5.0,4.91,4.95,,t,2,2,0,0,2.92,"[""https://a0.muscache.com/im/pictures/hosting/Hosting-1768186720206666859/original/a03d8893-1fe9-4e42-aedd-f38d232a2e99.png"", ""https://a0.muscache.com/im/pictures/hosting/Hosting-1768186720206666859/original/49280950-f036-48e8-aad9-95ead43863f7.png"", ""https://a0.muscache.com/im/pictures/hosting/Hosting-1768186720206666859/original/3283911c-0022-4cc1-aeca-acab15868cda.png"", ""https://a0.muscache.com/im/pictures/hosting/Hosting-1768186720206666859/original/f7e5acaf-d9da-406f-98af-7bdffdd8aed0.png"", ""https://a0.muscache.com/im/pictures/hosting/Hosting-1768186720206666859/original/b32a02f0-810b-41dd-94a4-73054daa475d.png"", ""https://a0.muscache.com/im/pictures/hosting/Hosting-1768186720206666859/original/8dab0927-f646-4277-bc4b-9ac32d985b80.png"", ""https://a0.muscache.com/im/pictures/hosting/Hosting-1768186720206666859/original/2c3b6c80-1e66-463a-a8c8-85be8d1b683f.png"", ""https://a0.muscache.com/im/pictures/hosting/Hosting-1768186720206666859/original/352dd5f8-f468-4b72-9911-adaf949039c3.png"", ""https://a0.muscache.com/im/pictures/hosting/Hosting-1768186720206666859/original/3209348d-8f5c-4284-a771-0668018bea94.png"", ""https://a0.muscache.com/im/pictures/hosting/Hosting-1768186720206666859/original/e334ded4-36c0-4a19-85e3-3489f4626735.png"", ""https://a0.muscache.com/im/pictures/hosting/Hosting-1768186720206666859/original/03d0f329-ad4a-4bed-b61c-19e27ce8b58e.png"", ""https://a0.muscache.com/im/pictures/hosting/Hosting-1768186720206666859/original/c7588861-247c-4eb2-ade5-19855c56fa38.jpeg"", ""https://a0.muscache.com/im/pictures/hosting/Hosting-1768186720206666859/original/d9e6efbf-e2ef-4150-a944-dca6c0cee85b.png"", ""https://a0.muscache.com/im/pictures/hosting/Hosting-1768186720206666859/original/32e3638c-d43a-4fae-8c64-7bab581c2db4.png"", ""https://a0.muscache.com/im/pictures/hosting/Hosting-1768186720206666859/original/089955a3-e063-4e94-87a0-7227bbe17632.png"", ""https://a0.muscache.com/im/pictures/hosting/Hosting-1768186720206666859/original/14cd43d6-03a1-4d7d-a83f-dbdab099e4c0.png"", ""https://a0.muscache.com/im/pictures/hosting/Hosting-1768186720206666859/original/3f21a1e6-ae45-47db-a903-5e1ecac01c29.png"", ""https://a0.muscache.com/im/pictures/hosting/Hosting-1768186720206666859/original/810ea01a-8035-418b-b143-86527f8c9a7b.png"", ""https://a0.muscache.com/im/pictures/hosting/Hosting-1768186720206666859/original/db47c995-ab44-477b-9aa8-200d5d5231a4.png"", ""https://a0.muscache.com/im/pictures/hosting/Hosting-1768186720206666859/original/bf6d794a-0f09-4855-8539-0a7d3e5afdfe.png"", ""https://a0.muscache.com/im/pictures/hosting/Hosting-1768186720206666859/original/cc6a8e82-4344-4c6a-9227-e345d1b0807c.png""]",t,"[{""name"": ""Dang Nguyen"", ""avatar"": ""https://a0.muscache.com/im/pictures/user/avatar_dang.jpg""}]","[{""name"": ""DECOR"", ""localizedName"": ""Trang trí"", ""count"": 10}, {""name"": ""INTERIOR"", ""localizedName"": ""Không gian bên trong"", ""count"": 19}, {""name"": ""CLEANLINESS"", ""localizedName"": ""Mức độ sạch sẽ"", ""count"": 10}, {""name"": ""LOCATION"", ""localizedName"": ""Địa điểm"", ""count"": 14}, {""name"": ""HOSPITALITY"", ""localizedName"": ""Hiếu khách"", ""count"": 2}]","[{""title"": ""Trải nghiệm nhận phòng xuất sắc"", ""subtitle"": ""Những khách ở gần đây đã xếp hạng 5 sao cho quy trình nhận phòng.""}, {""title"": ""Tự nhận phòng"", ""subtitle"": ""Tự nhận phòng với hộp khóa an toàn.""}]"
1572317041954580936,https://www.airbnb.com.vn/rooms/1572317041954580936,20260926000000,2026-09-26,city search,FL3 - Studio tối giản ấm áp | Nhà bếp | Trung tâm D3,"Chào mừng bạn đến với FL3 - Studio tối giản ấm áp | Nhà bếp | Trung tâm D3 — một không gian lưu trú ấm cúng, sang trọng tọa lạc tại Quận 3, Thành phố Hồ Chí Minh.
Căn phòng tràn ngập ánh sáng tự nhiên với đầy đủ tiện nghi cao cấp, giường nệm êm ái, máy lạnh, TV và wifi tốc độ cao. Rất thuận tiện di chuyển tới các điểm tham quan, nhà hàng ẩm thực và quán cà phê nổi tiếng của Thành phố Hồ Chí Minh.","Khu vực Quận 3 an ninh, văn minh, gần nhiều địa điểm ăn uống, mua sắm và giải trí sầm uất tại Thành phố Hồ Chí Minh.",https://a0.muscache.com/im/pictures/hosting/Hosting-1572317041954580936/original/2319499f-2742-42cf-b1e0-0a626dbc0dec.jpeg,47000089,https://www.airbnb.com.vn/users/show/47000089,Mia,2024-02-09,"Thành phố Hồ Chí Minh, Việt Nam","Xin chào, tôi là Mia, đã có 2 năm kinh nghiệm làm host. Tôi yêu thích du lịch và luôn mong muốn đem lại trải nghiệm lưu trú thoải mái nhất cho khách.",trong vòng một giờ,100%,98%,f,https://a0.muscache.com/im/pictures/user/User-47000089/original/user_profile_9.jpeg,https://a0.muscache.com/im/pictures/user/User-47000089/original/user_profile_9.jpeg,Quận 3,3,9,"['email', 'phone', 'work_email']",t,t,Quận 3,Quận 3,Thành phố Hồ Chí Minh,10.7912,106.6866,Phòng riêng trong nhà,Private room,2,1.0,1 phòng tắm,1,1,"[""Tự nhận phòng với hộp khóa an toàn"", ""Thang máy"", ""Ban công ngắm cảnh"", ""Wi-fi tốc độ cao"", ""Máy sấy tóc"", ""Bộ chăn ga gối cao cấp"", ""Dầu gội & Sữa tắm"", ""Bồn tắm thư giãn"", ""TV màn hình phẳng"", ""Lò vi sóng"", ""Điều hòa nhiệt độ"", ""Chỗ đỗ xe miễn phí trong khuôn viên"", ""Bể bơi"", ""Máy giặt"", ""Bếp đầy đủ tiện nghi"", ""Bàn ủi / Bàn là"", ""Máy phát hiện khí CO""]","₫641,484",1,1125,1,2,1125,1125,1.0,1125.0,today,t,24,38,53,314,2026-09-26,19,7,2,2025-12-15,2026-09-23,4.89,4.89,4.94,5.0,5.0,4.82,4.85,,f,2,0,1,0,1.5,"[""https://a0.muscache.com/im/pictures/hosting/Hosting-1572317041954580936/original/2319499f-2742-42cf-b1e0-0a626dbc0dec.jpeg"", ""https://a0.muscache.com/im/pictures/hosting/Hosting-1567237716406176722/original/cfdf4f8b-1bc8-4bb0-8c45-0f15754bb1ed.jpeg"", ""https://a0.muscache.com/im/pictures/hosting/Hosting-1572317041954580936/original/cd5f9e11-9c74-4d61-9cdb-ec88dd07faba.jpeg"", ""https://a0.muscache.com/im/pictures/hosting/Hosting-1572317041954580936/original/ae9ed9c2-9d04-43f8-945d-791478b57e88.jpeg"", ""https://a0.muscache.com/im/pictures/hosting/Hosting-1572317041954580936/original/9e4a819e-276b-49dd-9998-b0a8ca3cd6f1.jpeg"", ""https://a0.muscache.com/im/pictures/hosting/Hosting-1572191114743824144/original/a5607a8b-1d16-46a8-a7f3-bc8959d05008.jpeg""]",t,"[{""name"": ""Dang Nguyen"", ""avatar"": ""https://a0.muscache.com/im/pictures/user/avatar_dang.jpg""}, {""name"": ""Cindy"", ""avatar"": ""https://a0.muscache.com/im/pictures/user/avatar_cindy.jpg""}]","[{""name"": ""DECOR"", ""localizedName"": ""Trang trí"", ""count"": 15}, {""name"": ""INTERIOR"", ""localizedName"": ""Không gian bên trong"", ""count"": 2}, {""name"": ""CLEANLINESS"", ""localizedName"": ""Mức độ sạch sẽ"", ""count"": 20}, {""name"": ""LOCATION"", ""localizedName"": ""Địa điểm"", ""count"": 19}, {""name"": ""HOSPITALITY"", ""localizedName"": ""Hiếu khách"", ""count"": 4}]","[{""title"": ""Trải nghiệm nhận phòng xuất sắc"", ""subtitle"": ""Những khách ở gần đây đã xếp hạng 5 sao cho quy trình nhận phòng.""}, {""title"": ""Tự nhận phòng"", ""subtitle"": ""Tự nhận phòng với hộp khóa an toàn.""}]"
753502922823552313,https://www.airbnb.com.vn/rooms/753502922823552313,20260926000000,2026-09-26,city search,Phòng Studio dịch vụ cozy tại Quận 1 - L2,"Chào mừng bạn đến với Phòng Studio dịch vụ cozy tại Quận 1 - L2 — một không gian lưu trú ấm cúng, sang trọng tọa lạc tại Quận 1, Thành phố Hồ Chí Minh.
Căn phòng tràn ngập ánh sáng tự nhiên với đầy đủ tiện nghi cao cấp, giường nệm êm ái, máy lạnh, TV và wifi tốc độ cao. Rất thuận tiện di chuyển tới các điểm tham quan, nhà hàng ẩm thực và quán cà phê nổi tiếng của Thành phố Hồ Chí Minh.","Khu vực Quận 1 an ninh, văn minh, gần nhiều địa điểm ăn uống, mua sắm và giải trí sầm uất tại Thành phố Hồ Chí Minh.",https://a0.muscache.com/im/pictures/hosting/Hosting-753502922823552313/original/302960a9-6687-49e6-92dd-15e500ce9d3e.jpeg,47000090,https://www.airbnb.com.vn/users/show/47000090,Minh,2024-09-16,"Thành phố Hồ Chí Minh, Việt Nam","Xin chào, tôi là Minh, đã có 2 năm kinh nghiệm làm host. Tôi yêu thích du lịch và luôn mong muốn đem lại trải nghiệm lưu trú thoải mái nhất cho khách.",trong vòng một giờ,100%,98%,t,https://a0.muscache.com/im/pictures/user/User-47000090/original/user_profile_0.jpeg,https://a0.muscache.com/im/pictures/user/User-47000090/original/user_profile_0.jpeg,Quận 1,7,7,"['email', 'phone', 'work_email']",t,t,Quận 1,Quận 1,Thành phố Hồ Chí Minh,10.7851,106.7007,Phòng riêng trong nhà,Private room,2,1.0,1 phòng tắm,1,1,"[""Wi-fi tốc độ cao"", ""Điều hòa nhiệt độ"", ""Dầu gội & Sữa tắm"", ""Máy phát hiện khí CO"", ""Máy sấy tóc"", ""Bể bơi"", ""Tủ lạnh"", ""Lò vi sóng"", ""Bếp đầy đủ tiện nghi"", ""Bộ chăn ga gối cao cấp"", ""Bồn tắm thư giãn"", ""Bàn ủi / Bàn là"", ""TV màn hình phẳng"", ""Thang máy"", ""Máy báo khói"", ""Tự nhận phòng với hộp khóa an toàn"", ""Không gian riêng để làm việc"", ""Chỗ đỗ xe miễn phí trong khuôn viên"", ""Máy giặt""]","₫569,743",1,1125,1,2,1125,1125,1.0,1125.0,today,t,20,33,53,330,2026-09-26,187,23,5,2023-06-14,2026-09-04,4.9,4.91,4.97,5.0,5.0,4.85,4.87,,t,2,0,1,0,4.51,"[""https://a0.muscache.com/im/pictures/hosting/Hosting-753502922823552313/original/302960a9-6687-49e6-92dd-15e500ce9d3e.jpeg"", ""https://a0.muscache.com/im/pictures/hosting/Hosting-753502922823552313/original/762a99de-94ec-4891-bc6f-aecd638f3960.jpeg"", ""https://a0.muscache.com/im/pictures/hosting/Hosting-753502922823552313/original/08c4a905-c499-4853-aea2-eafc54833ea0.jpeg"", ""https://a0.muscache.com/im/pictures/hosting/Hosting-753502922823552313/original/75b155ec-12fa-4127-a755-c82957c6aa7d.jpeg"", ""https://a0.muscache.com/im/pictures/hosting/Hosting-753502922823552313/original/88b581bf-ddf6-424e-b0d7-a4411f7cc3a6.jpeg"", ""https://a0.muscache.com/im/pictures/hosting/Hosting-753502922823552313/original/ff76074c-7bc2-4365-a9b9-d711ce0f0587.jpeg""]",t,"[{""name"": ""Rùa"", ""avatar"": ""https://a0.muscache.com/im/pictures/user/avatar_rua.jpg""}, {""name"": ""Cindy"", ""avatar"": ""https://a0.muscache.com/im/pictures/user/avatar_cindy.jpg""}, {""name"": ""Long"", ""avatar"": ""https://a0.muscache.com/im/pictures/user/avatar_long.jpg""}]","[{""name"": ""DECOR"", ""localizedName"": ""Trang trí"", ""count"": 13}, {""name"": ""INTERIOR"", ""localizedName"": ""Không gian bên trong"", ""count"": 20}, {""name"": ""CLEANLINESS"", ""localizedName"": ""Mức độ sạch sẽ"", ""count"": 20}, {""name"": ""LOCATION"", ""localizedName"": ""Địa điểm"", ""count"": 20}, {""name"": ""HOSPITALITY"", ""localizedName"": ""Hiếu khách"", ""count"": 13}]","[{""title"": ""Trải nghiệm nhận phòng xuất sắc"", ""subtitle"": ""Những khách ở gần đây đã xếp hạng 5 sao cho quy trình nhận phòng.""}, {""title"": ""Tự nhận phòng"", ""subtitle"": ""Tự nhận phòng với hộp khóa an toàn.""}]"
1749746422643925041,https://www.airbnb.com.vn/rooms/1749746422643925041,20260926000000,2026-09-26,city search,Căn hộ 2 phòng ngủ 2 phòng tắm thoải mái ở Quận 1_Gần Bến Thành,"Chào mừng bạn đến với Căn hộ 2 phòng ngủ 2 phòng tắm thoải mái ở Quận 1_Gần Bến Thành — một không gian lưu trú ấm cúng, sang trọng tọa lạc tại Quận 1, Thành phố Hồ Chí Minh.
Căn phòng tràn ngập ánh sáng tự nhiên với đầy đủ tiện nghi cao cấp, giường nệm êm ái, máy lạnh, TV và wifi tốc độ cao. Rất thuận tiện di chuyển tới các điểm tham quan, nhà hàng ẩm thực và quán cà phê nổi tiếng của Thành phố Hồ Chí Minh.","Khu vực Quận 1 an ninh, văn minh, gần nhiều địa điểm ăn uống, mua sắm và giải trí sầm uất tại Thành phố Hồ Chí Minh.",https://a0.muscache.com/im/pictures/hosting/Hosting-1749746422643925041/original/6befbc25-d963-4c91-ac37-a153f89745a6.png,47000091,https://www.airbnb.com.vn/users/show/47000091,Anh,2021-04-09,"Thành phố Hồ Chí Minh, Việt Nam","Xin chào, tôi là Anh, đã có 5 năm kinh nghiệm làm host. Tôi yêu thích du lịch và luôn mong muốn đem lại trải nghiệm lưu trú thoải mái nhất cho khách.",trong vòng một giờ,100%,98%,f,https://a0.muscache.com/im/pictures/user/User-47000091/original/user_profile_1.jpeg,https://a0.muscache.com/im/pictures/user/User-47000091/original/user_profile_1.jpeg,Quận 1,7,10,"['email', 'phone', 'work_email']",t,t,Quận 1,Quận 1,Thành phố Hồ Chí Minh,10.7614,106.6956,Toàn bộ căn hộ cho thuê,Entire home/apt,4,2.0,2 phòng tắm,2,2,"[""Wi-fi tốc độ cao"", ""Tự nhận phòng với hộp khóa an toàn"", ""Máy giặt"", ""Máy phát hiện khí CO"", ""Bồn tắm thư giãn"", ""Dầu gội & Sữa tắm"", ""Tủ lạnh"", ""Điều hòa nhiệt độ"", ""Ban công ngắm cảnh"", ""Bộ chăn ga gối cao cấp"", ""Thang máy"", ""Máy báo khói"", ""Lò vi sóng"", ""Máy sấy tóc"", ""Không gian riêng để làm việc"", ""Chỗ đỗ xe miễn phí trong khuôn viên""]","₫1,595,024",1,1125,1,2,1125,1125,1.0,1125.0,today,t,28,55,54,252,2026-09-26,110,27,1,2023-06-14,2026-09-10,4.85,4.87,4.89,5.0,5.0,4.71,4.95,,f,2,2,0,0,2.32,"[""https://a0.muscache.com/im/pictures/hosting/Hosting-1749746422643925041/original/6befbc25-d963-4c91-ac37-a153f89745a6.png"", ""https://a0.muscache.com/im/pictures/hosting/Hosting-1749746422643925041/original/1edf3a9f-1cee-4dbe-9511-b93aa4230e69.jpeg"", ""https://a0.muscache.com/im/pictures/hosting/Hosting-1749746422643925041/original/307a1a50-9d98-476a-991b-84590288107d.jpeg"", ""https://a0.muscache.com/im/pictures/hosting/Hosting-1749746422643925041/original/7111e10c-429e-4365-81c8-29aedc49905b.jpeg"", ""https://a0.muscache.com/im/pictures/hosting/Hosting-1749746422643925041/original/90353f69-5c27-4af8-b961-7459ec050341.jpeg"", ""https://a0.muscache.com/im/pictures/hosting/Hosting-1749746422643925041/original/e6f917d6-20b2-4a5f-a9b0-889cb78715c0.png"", ""https://a0.muscache.com/im/pictures/hosting/Hosting-1749746422643925041/original/8efb6fe7-a0a0-474c-a6be-3072f2c5587f.jpeg"", ""https://a0.muscache.com/im/pictures/hosting/Hosting-1749746422643925041/original/34c31a09-6989-4a5c-8e37-507be52d2e69.jpeg"", ""https://a0.muscache.com/im/pictures/hosting/Hosting-1749746422643925041/original/8bde5040-00b4-4436-84fc-af342eaf37ec.jpeg"", ""https://a0.muscache.com/im/pictures/hosting/Hosting-1749746422643925041/original/e0370aa8-5b6b-471c-93f4-daab3b31d431.jpeg"", ""https://a0.muscache.com/im/pictures/hosting/Hosting-1749746422643925041/original/d1a0df9e-3683-45b7-8c20-fdd58f7a979f.jpeg"", ""https://a0.muscache.com/im/pictures/hosting/Hosting-1749746422643925041/original/65afb070-b1b7-4b44-98c7-1e6dab59c655.png"", ""https://a0.muscache.com/im/pictures/hosting/Hosting-1749746422643925041/original/70f83e6b-992c-4abb-9a2a-37decbc99f38.png"", ""https://a0.muscache.com/im/pictures/hosting/Hosting-1749746422643925041/original/fd6ea416-d93e-40f4-9b7b-dff9cd0235d9.jpeg"", ""https://a0.muscache.com/im/pictures/hosting/Hosting-1749746422643925041/original/15e2ac64-e29b-44ef-b889-2138ccb0aea9.jpeg"", ""https://a0.muscache.com/im/pictures/hosting/Hosting-1749746422643925041/original/d0aa1f2e-c418-400e-b374-a9c4384468f8.jpeg"", ""https://a0.muscache.com/im/pictures/hosting/Hosting-1749746422643925041/original/959e1d93-20d6-42c0-ad79-eff1d492195e.jpeg"", ""https://a0.muscache.com/im/pictures/hosting/Hosting-1749746422643925041/original/91b51da9-5148-412f-97af-fac753a0c2eb.jpeg"", ""https://a0.muscache.com/im/pictures/hosting/Hosting-1749746422643925041/original/f4123bef-9635-406b-a04c-c7e80713b395.jpeg"", ""https://a0.muscache.com/im/pictures/hosting/Hosting-1749746422643925041/original/bb3b9dff-29d2-47e5-8d85-f7106d98cd69.jpeg"", ""https://a0.muscache.com/im/pictures/hosting/Hosting-1749746422643925041/original/8f40e743-d3e1-4490-bddd-6b3c4617b72d.jpeg"", ""https://a0.muscache.com/im/pictures/hosting/Hosting-1749746422643925041/original/cb1426e9-b024-4512-ab5d-9638d8c62dba.jpeg"", ""https://a0.muscache.com/im/pictures/hosting/Hosting-1749746422643925041/original/4b93672b-5990-4b9d-9bb2-c1d07067d480.jpeg"", ""https://a0.muscache.com/im/pictures/hosting/Hosting-1749746422643925041/original/260f3acb-5fb8-4ea5-9ac7-7c1e0ea7cf2a.jpeg"", ""https://a0.muscache.com/im/pictures/hosting/Hosting-1749746422643925041/original/cbab3aca-e562-4021-aa2c-ce23f991af07.jpeg"", ""https://a0.muscache.com/im/pictures/hosting/Hosting-1749746422643925041/original/ecb8a752-1efe-4afb-b091-db98d864a50c.jpeg"", ""https://a0.muscache.com/im/pictures/hosting/Hosting-1749746422643925041/original/e6f32c44-f96d-4817-b2c3-7ed953ed9309.jpeg"", ""https://a0.muscache.com/im/pictures/hosting/Hosting-1749746422643925041/original/e6a7b61e-80ef-4c08-9458-90547e1edeb0.jpeg"", ""https://a0.muscache.com/im/pictures/hosting/Hosting-1749746422643925041/original/efa28d65-e5fb-4035-9c90-f4f14a8920ee.png""]",f,"[{""name"": ""Cindy"", ""avatar"": ""https://a0.muscache.com/im/pictures/user/avatar_cindy.jpg""}]","[{""name"": ""DECOR"", ""localizedName"": ""Trang trí"", ""count"": 2}, {""name"": ""INTERIOR"", ""localizedName"": ""Không gian bên trong"", ""count"": 9}, {""name"": ""CLEANLINESS"", ""localizedName"": ""Mức độ sạch sẽ"", ""count"": 20}, {""name"": ""LOCATION"", ""localizedName"": ""Địa điểm"", ""count"": 4}, {""name"": ""HOSPITALITY"", ""localizedName"": ""Hiếu khách"", ""count"": 5}]","[{""title"": ""Trải nghiệm nhận phòng xuất sắc"", ""subtitle"": ""Những khách ở gần đây đã xếp hạng 5 sao cho quy trình nhận phòng.""}, {""title"": ""Tự nhận phòng"", ""subtitle"": ""Tự nhận phòng với hộp khóa an toàn.""}]"
662797566033041541,https://www.airbnb.com.vn/rooms/662797566033041541,20260926000000,2026-09-26,city search,Leo House - Tòa nhà The Song (Angia),"Chào mừng bạn đến với Leo House - Tòa nhà The Song (Angia) — một không gian lưu trú ấm cúng, sang trọng tọa lạc tại Quận 4, Thành phố Hồ Chí Minh.
Căn phòng tràn ngập ánh sáng tự nhiên với đầy đủ tiện nghi cao cấp, giường nệm êm ái, máy lạnh, TV và wifi tốc độ cao. Rất thuận tiện di chuyển tới các điểm tham quan, nhà hàng ẩm thực và quán cà phê nổi tiếng của Thành phố Hồ Chí Minh.","Khu vực Quận 4 an ninh, văn minh, gần nhiều địa điểm ăn uống, mua sắm và giải trí sầm uất tại Thành phố Hồ Chí Minh.",https://a0.muscache.com/im/pictures/miso/Hosting-662797566033041541/original/c00c7adf-f0a7-4b12-a19e-387ba8553de2.jpeg,47000092,https://www.airbnb.com.vn/users/show/47000092,Linh,2025-08-13,"Thành phố Hồ Chí Minh, Việt Nam","Xin chào, tôi là Linh, đã có 1 năm kinh nghiệm làm host. Tôi yêu thích du lịch và luôn mong muốn đem lại trải nghiệm lưu trú thoải mái nhất cho khách.",trong vòng một giờ,100%,98%,t,https://a0.muscache.com/im/pictures/user/User-47000092/original/user_profile_2.jpeg,https://a0.muscache.com/im/pictures/user/User-47000092/original/user_profile_2.jpeg,Quận 4,4,3,"['email', 'phone', 'work_email']",t,t,Quận 4,Quận 4,Thành phố Hồ Chí Minh,10.72566,106.67962,Toàn bộ căn hộ cho thuê,Entire home/apt,6,1.0,1 phòng tắm,2,3,"[""Lò vi sóng"", ""Máy báo khói"", ""Thang máy"", ""Tự nhận phòng với hộp khóa an toàn"", ""Bộ chăn ga gối cao cấp"", ""Tủ lạnh"", ""Máy giặt"", ""Dầu gội & Sữa tắm"", ""Máy phát hiện khí CO"", ""Wi-fi tốc độ cao"", ""Bể bơi"", ""Chỗ đỗ xe miễn phí trong khuôn viên"", ""Điều hòa nhiệt độ"", ""Ban công ngắm cảnh"", ""Bếp đầy đủ tiện nghi"", ""Máy sấy tóc""]","₫510,000",1,1125,1,2,1125,1125,1.0,1125.0,today,t,20,56,79,286,2026-09-26,169,38,5,2023-06-14,2026-09-24,4.85,4.85,4.83,5.0,5.0,4.72,4.89,,t,2,2,0,0,2.51,"[""https://a0.muscache.com/im/pictures/miso/Hosting-662797566033041541/original/c00c7adf-f0a7-4b12-a19e-387ba8553de2.jpeg"", ""https://a0.muscache.com/im/pictures/miso/Hosting-662797566033041541/original/80a5378c-dea1-4103-9696-a8724d86259d.jpeg"", ""https://a0.muscache.com/im/pictures/miso/Hosting-662797566033041541/original/caa52277-34b7-4363-b523-ec6e14cd550b.jpeg"", ""https://a0.muscache.com/im/pictures/miso/Hosting-662797566033041541/original/b6db600f-ed40-4333-9ad3-016f97d4dbb8.jpeg"", ""https://a0.muscache.com/im/pictures/miso/Hosting-662797566033041541/original/fe8bc6d0-21be-484e-aceb-a1a4c03324ba.jpeg"", ""https://a0.muscache.com/im/pictures/miso/Hosting-662797566033041541/original/5810fa7a-44bf-49cd-9f09-96c67394929d.jpeg"", ""https://a0.muscache.com/im/pictures/miso/Hosting-662797566033041541/original/d2685e00-3c9b-4abf-bf7e-c2cfe7d571b2.jpeg"", ""https://a0.muscache.com/im/pictures/miso/Hosting-662797566033041541/original/3bebe2be-b5a2-4081-8f0d-3f3c0676b632.jpeg"", ""https://a0.muscache.com/im/pictures/miso/Hosting-662797566033041541/original/d3e15b9d-6e7f-430b-b57a-057db36f2e2f.jpeg"", ""https://a0.muscache.com/im/pictures/miso/Hosting-662797566033041541/original/701eb088-0110-452d-9053-681124b2126b.jpeg"", ""https://a0.muscache.com/im/pictures/miso/Hosting-662797566033041541/original/e725832c-9f17-480b-85d1-db9ad1a50fcd.jpeg"", ""https://a0.muscache.com/im/pictures/miso/Hosting-662797566033041541/original/bd7a7751-5c28-4f63-a5f0-1a682e86d76e.jpeg"", ""https://a0.muscache.com/im/pictures/miso/Hosting-662797566033041541/original/065f315a-45b5-4c5c-9443-3fee821aeb23.jpeg"", ""https://a0.muscache.com/im/pictures/miso/Hosting-662797566033041541/original/d0154bba-8a9e-4c8d-a51b-bf3a6ba30ad7.jpeg"", ""https://a0.muscache.com/im/pictures/miso/Hosting-662797566033041541/original/695a600b-63f2-456c-aaee-3f56fb39ed76.jpeg"", ""https://a0.muscache.com/im/pictures/miso/Hosting-662797566033041541/original/bf30d27b-8559-402a-9ce6-dfc9224c0726.jpeg"", ""https://a0.muscache.com/im/pictures/miso/Hosting-662797566033041541/original/754fb1ab-041d-4b18-b962-a79acd100e96.jpeg"", ""https://a0.muscache.com/im/pictures/miso/Hosting-662797566033041541/original/3b7cba84-4fe3-41c5-a1ea-9ceb4714450d.jpeg"", ""https://a0.muscache.com/im/pictures/miso/Hosting-662797566033041541/original/d6eed4c1-755f-440a-a7c8-1f4b23280ff1.jpeg"", ""https://a0.muscache.com/im/pictures/miso/Hosting-662797566033041541/original/6dcbdc08-e96a-46ee-898f-7e7e60816298.jpeg"", ""https://a0.muscache.com/im/pictures/miso/Hosting-662797566033041541/original/e348ae5c-4c91-4182-bf5b-56cdc00e7b71.jpeg"", ""https://a0.muscache.com/im/pictures/miso/Hosting-662797566033041541/original/2b741d9a-2bf2-411a-b0a2-1cb0910689b7.jpeg"", ""https://a0.muscache.com/im/pictures/miso/Hosting-662797566033041541/original/659c6a59-8cfe-4bd2-8e12-98d7d549b78f.jpeg"", ""https://a0.muscache.com/im/pictures/miso/Hosting-662797566033041541/original/bb09278e-0b6c-46ee-a8c5-e1dae7de83a6.jpeg"", ""https://a0.muscache.com/im/pictures/miso/Hosting-662797566033041541/original/b801c9cf-58fe-4feb-a736-b9be18156d8d.jpeg"", ""https://a0.muscache.com/im/pictures/miso/Hosting-662797566033041541/original/123b94e4-c155-4bf8-82ae-1a8292262968.jpeg"", ""https://a0.muscache.com/im/pictures/miso/Hosting-662797566033041541/original/ecf5f456-ed8f-42c0-83be-b8807ca410d1.jpeg"", ""https://a0.muscache.com/im/pictures/miso/Hosting-662797566033041541/original/1e413fd7-e92a-4256-a4ed-6f930b4a4fcf.jpeg"", ""https://a0.muscache.com/im/pictures/miso/Hosting-662797566033041541/original/fd723906-8ead-40a9-822d-16f67ea15590.jpeg""]",t,"[{""name"": ""Long"", ""avatar"": ""https://a0.muscache.com/im/pictures/user/avatar_long.jpg""}, {""name"": ""Dang Nguyen"", ""avatar"": ""https://a0.muscache.com/im/pictures/user/avatar_dang.jpg""}, {""name"": ""Cindy"", ""avatar"": ""https://a0.muscache.com/im/pictures/user/avatar_cindy.jpg""}]","[{""name"": ""DECOR"", ""localizedName"": ""Trang trí"", ""count"": 7}, {""name"": ""INTERIOR"", ""localizedName"": ""Không gian bên trong"", ""count"": 7}, {""name"": ""CLEANLINESS"", ""localizedName"": ""Mức độ sạch sẽ"", ""count"": 7}, {""name"": ""LOCATION"", ""localizedName"": ""Địa điểm"", ""count"": 8}, {""name"": ""HOSPITALITY"", ""localizedName"": ""Hiếu khách"", ""count"": 11}]","[{""title"": ""Trải nghiệm nhận phòng xuất sắc"", ""subtitle"": ""Những khách ở gần đây đã xếp hạng 5 sao cho quy trình nhận phòng.""}, {""title"": ""Tự nhận phòng"", ""subtitle"": ""Tự nhận phòng với hộp khóa an toàn.""}]"
1572351690485801854,https://www.airbnb.com.vn/rooms/1572351690485801854,20260926000000,2026-09-26,city search,SR - Studio tiêu chuẩn| Tầng trệt - Trung tâm D1,"Chào mừng bạn đến với SR - Studio tiêu chuẩn| Tầng trệt - Trung tâm D1 — một không gian lưu trú ấm cúng, sang trọng tọa lạc tại Quận 7, Thành phố Hồ Chí Minh.
Căn phòng tràn ngập ánh sáng tự nhiên với đầy đủ tiện nghi cao cấp, giường nệm êm ái, máy lạnh, TV và wifi tốc độ cao. Rất thuận tiện di chuyển tới các điểm tham quan, nhà hàng ẩm thực và quán cà phê nổi tiếng của Thành phố Hồ Chí Minh.","Khu vực Quận 7 an ninh, văn minh, gần nhiều địa điểm ăn uống, mua sắm và giải trí sầm uất tại Thành phố Hồ Chí Minh.",https://a0.muscache.com/im/pictures/hosting/Hosting-1572351690485801854/original/e16b7aa4-eade-4598-a336-4dbf5cb3e65f.png,47000093,https://www.airbnb.com.vn/users/show/47000093,Hương,2022-07-24,"Thành phố Hồ Chí Minh, Việt Nam","Xin chào, tôi là Hương, đã có 4 năm kinh nghiệm làm host. Tôi yêu thích du lịch và luôn mong muốn đem lại trải nghiệm lưu trú thoải mái nhất cho khách.",trong vòng một giờ,100%,98%,f,https://a0.muscache.com/im/pictures/user/User-47000093/original/user_profile_3.jpeg,https://a0.muscache.com/im/pictures/user/User-47000093/original/user_profile_3.jpeg,Quận 7,7,8,"['email', 'phone', 'work_email']",t,t,Quận 7,Quận 7,Thành phố Hồ Chí Minh,10.793509658966688,106.68581437092054,Phòng riêng trong nhà,Private room,2,1.0,1 phòng tắm,1,1,"[""Dầu gội & Sữa tắm"", ""Máy phát hiện khí CO"", ""Bể bơi"", ""Bồn tắm thư giãn"", ""Bếp đầy đủ tiện nghi"", ""Wi-fi tốc độ cao"", ""Bộ chăn ga gối cao cấp"", ""Tự nhận phòng với hộp khóa an toàn"", ""Không gian riêng để làm việc"", ""Ban công ngắm cảnh"", ""Chỗ đỗ xe miễn phí trong khuôn viên"", ""Bàn ủi / Bàn là"", ""Máy giặt"", ""Máy báo khói"", ""Điều hòa nhiệt độ"", ""Thang máy"", ""TV màn hình phẳng"", ""Tủ lạnh"", ""Lò vi sóng""]","₫710,059",1,1125,1,2,1125,1125,1.0,1125.0,today,t,17,51,66,311,2026-09-26,13,2,3,2026-03-15,2026-09-19,4.92,4.85,4.82,5.0,5.0,4.92,4.93,,f,2,0,1,0,3.06,"[""https://a0.muscache.com/im/pictures/hosting/Hosting-1572351690485801854/original/e16b7aa4-eade-4598-a336-4dbf5cb3e65f.png"", ""https://a0.muscache.com/im/pictures/hosting/Hosting-1572351690485801854/original/8ccb39b8-ca77-4be2-bf48-acdaa11c4f85.jpeg"", ""https://a0.muscache.com/im/pictures/hosting/Hosting-1572351690485801854/original/3fe43b29-480e-4f45-ae9a-b03cec7fed6d.jpeg"", ""https://a0.muscache.com/im/pictures/hosting/Hosting-1572351690485801854/original/4b2c463f-9772-4d22-a7b5-6aa2b523be74.jpeg"", ""https://a0.muscache.com/im/pictures/hosting/Hosting-1572351690485801854/original/19ebb6f0-ee64-4f01-b574-87088ebe6b89.jpeg"", ""https://a0.muscache.com/im/pictures/hosting/Hosting-1572351690485801854/original/6c7e6049-7085-4821-9730-8d71056aa0ab.jpeg""]",t,"[{""name"": ""Long"", ""avatar"": ""https://a0.muscache.com/im/pictures/user/avatar_long.jpg""}, {""name"": ""Cindy"", ""avatar"": ""https://a0.muscache.com/im/pictures/user/avatar_cindy.jpg""}]","[{""name"": ""DECOR"", ""localizedName"": ""Trang trí"", ""count"": 14}, {""name"": ""INTERIOR"", ""localizedName"": ""Không gian bên trong"", ""count"": 3}, {""name"": ""CLEANLINESS"", ""localizedName"": ""Mức độ sạch sẽ"", ""count"": 19}, {""name"": ""LOCATION"", ""localizedName"": ""Địa điểm"", ""count"": 19}, {""name"": ""HOSPITALITY"", ""localizedName"": ""Hiếu khách"", ""count"": 8}]","[{""title"": ""Trải nghiệm nhận phòng xuất sắc"", ""subtitle"": ""Những khách ở gần đây đã xếp hạng 5 sao cho quy trình nhận phòng.""}, {""title"": ""Tự nhận phòng"", ""subtitle"": ""Tự nhận phòng với hộp khóa an toàn.""}]"
930310182644180142,https://www.airbnb.com.vn/rooms/930310182644180142,20260926000000,2026-09-26,city search,Phòng Giếng Trời Chill Và Ấm Cúng Cho Các Cặp Đôi,"Chào mừng bạn đến với Phòng Giếng Trời Chill Và Ấm Cúng Cho Các Cặp Đôi — một không gian lưu trú ấm cúng, sang trọng tọa lạc tại Quận 3, Thành phố Hồ Chí Minh.
Căn phòng tràn ngập ánh sáng tự nhiên với đầy đủ tiện nghi cao cấp, giường nệm êm ái, máy lạnh, TV và wifi tốc độ cao. Rất thuận tiện di chuyển tới các điểm tham quan, nhà hàng ẩm thực và quán cà phê nổi tiếng của Thành phố Hồ Chí Minh.","Khu vực Quận 3 an ninh, văn minh, gần nhiều địa điểm ăn uống, mua sắm và giải trí sầm uất tại Thành phố Hồ Chí Minh.",https://a0.muscache.com/im/pictures/hosting/Hosting-U3RheVN1cHBseUxpc3Rpbmc6OTMwMzEwMTgyNjQ0MTgwMTQy/original/34e8a406-3733-4161-a35c-e153d1782217.jpeg,47000094,https://www.airbnb.com.vn/users/show/47000094,Phương,2021-05-26,"Thành phố Hồ Chí Minh, Việt Nam","Xin chào, tôi là Phương, đã có 5 năm kinh nghiệm làm host. Tôi yêu thích du lịch và luôn mong muốn đem lại trải nghiệm lưu trú thoải mái nhất cho khách.",trong vòng một giờ,100%,98%,t,https://a0.muscache.com/im/pictures/user/User-47000094/original/user_profile_4.jpeg,https://a0.muscache.com/im/pictures/user/User-47000094/original/user_profile_4.jpeg,Quận 3,8,8,"['email', 'phone', 'work_email']",t,t,Quận 3,Quận 3,Thành phố Hồ Chí Minh,10.7869,106.6853,Toàn bộ căn hộ cho thuê,Entire home/apt,2,1.0,1 phòng tắm,1,1,"[""TV màn hình phẳng"", ""Bồn tắm thư giãn"", ""Không gian riêng để làm việc"", ""Bếp đầy đủ tiện nghi"", ""Wi-fi tốc độ cao"", ""Bàn ủi / Bàn là"", ""Tủ lạnh"", ""Máy phát hiện khí CO"", ""Điều hòa nhiệt độ"", ""Máy giặt"", ""Máy báo khói"", ""Máy sấy tóc"", ""Bộ chăn ga gối cao cấp"", ""Bể bơi""]","₫905,000",1,1125,1,2,1125,1125,1.0,1125.0,today,t,26,49,79,265,2026-09-26,96,11,2,2023-06-14,2026-09-17,4.88,4.92,4.81,5.0,5.0,4.78,4.82,,t,2,2,0,0,2.3,"[""https://a0.muscache.com/im/pictures/hosting/Hosting-U3RheVN1cHBseUxpc3Rpbmc6OTMwMzEwMTgyNjQ0MTgwMTQy/original/34e8a406-3733-4161-a35c-e153d1782217.jpeg"", ""https://a0.muscache.com/im/pictures/hosting/Hosting-U3RheVN1cHBseUxpc3Rpbmc6OTMwMzEwMTgyNjQ0MTgwMTQy/original/9ac1249a-f701-4fbe-a7c6-d797b6eb300d.jpeg"", ""https://a0.muscache.com/im/pictures/miso/Hosting-930310182644180142/original/b8db9393-b48b-4ba6-ba68-0f2db9e168c9.jpeg"", ""https://a0.muscache.com/im/pictures/miso/Hosting-930310182644180142/original/68b77b98-6621-4c4b-8110-f185084738d7.jpeg"", ""https://a0.muscache.com/im/pictures/miso/Hosting-930310182644180142/original/bc53cf21-e15c-4374-b9ab-2513fa701c5e.jpeg"", ""https://a0.muscache.com/im/pictures/miso/Hosting-930310182644180142/original/85fe7417-c8f3-430d-b92d-3dea7fce5164.jpeg"", ""https://a0.muscache.com/im/pictures/miso/Hosting-930310182644180142/original/b044bf77-e680-4cc7-a3d3-de8e646c178e.jpeg"", ""https://a0.muscache.com/im/pictures/miso/Hosting-930310182644180142/original/7fb31cc7-109f-456b-8718-1cef8b77ca25.jpeg"", ""https://a0.muscache.com/im/pictures/miso/Hosting-930310182644180142/original/4c385b68-3751-4290-80e0-88704f77b811.jpeg"", ""https://a0.muscache.com/im/pictures/miso/Hosting-930310182644180142/original/20567823-8567-4240-9a15-c5ccfaf81197.jpeg"", ""https://a0.muscache.com/im/pictures/miso/Hosting-930310182644180142/original/5d405a83-9d4e-468d-94ae-4a815e34b14f.jpeg"", ""https://a0.muscache.com/im/pictures/miso/Hosting-930310182644180142/original/a39a781c-9898-44ac-be22-ec4bdb5ac658.jpeg"", ""https://a0.muscache.com/im/pictures/miso/Hosting-930310182644180142/original/7e54e34b-63b2-42cb-9cb4-a8cbcb8731d0.jpeg"", ""https://a0.muscache.com/im/pictures/hosting/Hosting-U3RheVN1cHBseUxpc3Rpbmc6OTMwMzEwMTgyNjQ0MTgwMTQy/original/952776dd-4c86-4358-b078-b184b36a9ebe.jpeg"", ""https://a0.muscache.com/im/pictures/hosting/Hosting-U3RheVN1cHBseUxpc3Rpbmc6OTMwMzEwMTgyNjQ0MTgwMTQy/original/e9f5ed0c-3170-4376-be15-57ce8b4d66eb.jpeg"", ""https://a0.muscache.com/im/pictures/hosting/Hosting-U3RheVN1cHBseUxpc3Rpbmc6OTMwMzEwMTgyNjQ0MTgwMTQy/original/71b549f2-6af4-43a8-b122-a5c1fd3c45f2.jpeg"", ""https://a0.muscache.com/im/pictures/hosting/Hosting-U3RheVN1cHBseUxpc3Rpbmc6OTMwMzEwMTgyNjQ0MTgwMTQy/original/5318fddd-148d-4f8b-b13a-997e7e4c9618.jpeg"", ""https://a0.muscache.com/im/pictures/hosting/Hosting-U3RheVN1cHBseUxpc3Rpbmc6OTMwMzEwMTgyNjQ0MTgwMTQy/original/116f9e85-6a41-4b52-80ed-1b493fcfbaef.jpeg"", ""https://a0.muscache.com/im/pictures/hosting/Hosting-U3RheVN1cHBseUxpc3Rpbmc6OTMwMzEwMTgyNjQ0MTgwMTQy/original/47cd21de-5213-4c07-8dc1-e9a4841dcce1.jpeg"", ""https://a0.muscache.com/im/pictures/hosting/Hosting-U3RheVN1cHBseUxpc3Rpbmc6OTMwMzEwMTgyNjQ0MTgwMTQy/original/277745f9-4df4-461e-9657-98a556ba6034.jpeg"", ""https://a0.muscache.com/im/pictures/hosting/Hosting-U3RheVN1cHBseUxpc3Rpbmc6OTMwMzEwMTgyNjQ0MTgwMTQy/original/6b17afbe-e1ea-4ba1-b29e-a1e53184a036.jpeg"", ""https://a0.muscache.com/im/pictures/hosting/Hosting-U3RheVN1cHBseUxpc3Rpbmc6OTMwMzEwMTgyNjQ0MTgwMTQy/original/c793b5ee-d93a-4b5b-9c91-293c4b45d10a.jpeg"", ""https://a0.muscache.com/im/pictures/hosting/Hosting-U3RheVN1cHBseUxpc3Rpbmc6OTMwMzEwMTgyNjQ0MTgwMTQy/original/ec6a1717-d9c8-4016-a762-f044b02df6f0.jpeg"", ""https://a0.muscache.com/im/pictures/hosting/Hosting-U3RheVN1cHBseUxpc3Rpbmc6OTMwMzEwMTgyNjQ0MTgwMTQy/original/93a59414-2bf7-40dc-b277-5bdda57b02b2.jpeg"", ""https://a0.muscache.com/im/pictures/hosting/Hosting-U3RheVN1cHBseUxpc3Rpbmc6OTMwMzEwMTgyNjQ0MTgwMTQy/original/fcbc7e16-12b5-4f19-850c-400b590ba608.jpeg"", ""https://a0.muscache.com/im/pictures/hosting/Hosting-U3RheVN1cHBseUxpc3Rpbmc6OTMwMzEwMTgyNjQ0MTgwMTQy/original/f53c3012-f1fb-4887-b849-4c5d8d647659.jpeg"", ""https://a0.muscache.com/im/pictures/hosting/Hosting-U3RheVN1cHBseUxpc3Rpbmc6OTMwMzEwMTgyNjQ0MTgwMTQy/original/2ea94dc2-ceca-4d83-98da-b4813352ae6b.jpeg"", ""https://a0.muscache.com/im/pictures/hosting/Hosting-U3RheVN1cHBseUxpc3Rpbmc6OTMwMzEwMTgyNjQ0MTgwMTQy/original/528c2036-3ba3-41cc-806e-3f0b3c68458a.jpeg"", ""https://a0.muscache.com/im/pictures/hosting/Hosting-U3RheVN1cHBseUxpc3Rpbmc6OTMwMzEwMTgyNjQ0MTgwMTQy/original/817fbb60-93c2-486b-8820-336904435192.jpeg""]",t,"[{""name"": ""Long"", ""avatar"": ""https://a0.muscache.com/im/pictures/user/avatar_long.jpg""}]","[{""name"": ""DECOR"", ""localizedName"": ""Trang trí"", ""count"": 18}, {""name"": ""INTERIOR"", ""localizedName"": ""Không gian bên trong"", ""count"": 21}, {""name"": ""CLEANLINESS"", ""localizedName"": ""Mức độ sạch sẽ"", ""count"": 10}, {""name"": ""LOCATION"", ""localizedName"": ""Địa điểm"", ""count"": 2}, {""name"": ""HOSPITALITY"", ""localizedName"": ""Hiếu khách"", ""count"": 3}]","[{""title"": ""Trải nghiệm nhận phòng xuất sắc"", ""subtitle"": ""Những khách ở gần đây đã xếp hạng 5 sao cho quy trình nhận phòng.""}, {""title"": ""Tự nhận phòng"", ""subtitle"": ""Tự nhận phòng với hộp khóa an toàn.""}]"
1765299661503541441,https://www.airbnb.com.vn/rooms/1765299661503541441,20260926000000,2026-09-26,city search,LoCoFullHouse3BR4Beds4WR Gia đình Trung tâm D1 ,"Chào mừng bạn đến với LoCoFullHouse3BR4Beds4WR Gia đình Trung tâm D1  — một không gian lưu trú ấm cúng, sang trọng tọa lạc tại Quận Bình Thạnh, Thành phố Hồ Chí Minh.
Căn phòng tràn ngập ánh sáng tự nhiên với đầy đủ tiện nghi cao cấp, giường nệm êm ái, máy lạnh, TV và wifi tốc độ cao. Rất thuận tiện di chuyển tới các điểm tham quan, nhà hàng ẩm thực và quán cà phê nổi tiếng của Thành phố Hồ Chí Minh.","Khu vực Quận Bình Thạnh an ninh, văn minh, gần nhiều địa điểm ăn uống, mua sắm và giải trí sầm uất tại Thành phố Hồ Chí Minh.",https://a0.muscache.com/im/pictures/hosting/Hosting-1765299661503541441/original/895003f6-2550-4f50-b934-c8cfe8ad252a.jpeg,47000095,https://www.airbnb.com.vn/users/show/47000095,Hà,2023-05-14,"Thành phố Hồ Chí Minh, Việt Nam","Xin chào, tôi là Hà, đã có 3 năm kinh nghiệm làm host. Tôi yêu thích du lịch và luôn mong muốn đem lại trải nghiệm lưu trú thoải mái nhất cho khách.",trong vòng một giờ,100%,98%,f,https://a0.muscache.com/im/pictures/user/User-47000095/original/user_profile_5.jpeg,https://a0.muscache.com/im/pictures/user/User-47000095/original/user_profile_5.jpeg,Quận Bình Thạnh,1,7,"['email', 'phone', 'work_email']",t,t,Quận Bình Thạnh,Quận Bình Thạnh,Thành phố Hồ Chí Minh,10.7573,106.6895,Toàn bộ nhà,Entire home/apt,8,3.0,3 phòng tắm,3,4,"[""Wi-fi tốc độ cao"", ""Điều hòa nhiệt độ"", ""Bộ chăn ga gối cao cấp"", ""Máy sấy tóc"", ""Bồn tắm thư giãn"", ""Bàn ủi / Bàn là"", ""Máy phát hiện khí CO"", ""Máy giặt"", ""Máy báo khói"", ""Bếp đầy đủ tiện nghi"", ""Tự nhận phòng với hộp khóa an toàn"", ""Lò vi sóng"", ""Thang máy"", ""Không gian riêng để làm việc"", ""Tủ lạnh"", ""TV màn hình phẳng""]","₫2,560,000",1,1125,1,2,1125,1125,1.0,1125.0,today,t,27,34,68,253,2026-09-26,140,29,6,2023-06-14,2026-09-16,4.85,4.9,4.87,5.0,5.0,4.99,4.85,,f,2,2,0,0,2.98,"[""https://a0.muscache.com/im/pictures/hosting/Hosting-1765299661503541441/original/895003f6-2550-4f50-b934-c8cfe8ad252a.jpeg"", ""https://a0.muscache.com/im/pictures/hosting/Hosting-1765299661503541441/original/a4266332-27d8-449c-b84a-f3957ae904f9.jpeg"", ""https://a0.muscache.com/im/pictures/hosting/Hosting-1765299661503541441/original/676e4cbe-b77c-4e4a-bc4c-762c770517d4.jpeg"", ""https://a0.muscache.com/im/pictures/hosting/Hosting-1765299661503541441/original/055ccbf4-873c-4a13-bd75-dbd63926ea83.jpeg"", ""https://a0.muscache.com/im/pictures/hosting/Hosting-1765299661503541441/original/6d2fbba4-d03a-4828-ba1f-8ce233efbcf4.jpeg"", ""https://a0.muscache.com/im/pictures/hosting/Hosting-1765299661503541441/original/1c818ffe-5508-4540-9c45-235811bd65ef.jpeg"", ""https://a0.muscache.com/im/pictures/hosting/Hosting-1765299661503541441/original/dfa9a566-7f99-43dc-bac6-47e0fa732976.png"", ""https://a0.muscache.com/im/pictures/hosting/Hosting-1765299661503541441/original/3eb60313-901e-4d57-bf7e-32ade68a5741.png"", ""https://a0.muscache.com/im/pictures/hosting/Hosting-1765299661503541441/original/73a37342-be33-42b3-a2da-1c17b3fec655.png"", ""https://a0.muscache.com/im/pictures/hosting/Hosting-1765299661503541441/original/5fe3cdb6-c8ca-4bfe-9d53-3a22ab5d521c.jpeg"", ""https://a0.muscache.com/im/pictures/hosting/Hosting-1765299661503541441/original/4c78405f-1296-44c4-83fa-62e422112185.jpeg"", ""https://a0.muscache.com/im/pictures/hosting/Hosting-1765299661503541441/original/a4cf5b4c-8437-4b5e-b70c-6bd7caec63da.jpeg"", ""https://a0.muscache.com/im/pictures/hosting/Hosting-1765299661503541441/original/ddbf1cfd-d739-42e3-b099-29eda4ddf9b1.jpeg"", ""https://a0.muscache.com/im/pictures/hosting/Hosting-1765299661503541441/original/ffdfa5b7-fe98-4244-a7c3-41ee839039b1.jpeg"", ""https://a0.muscache.com/im/pictures/hosting/Hosting-1765299661503541441/original/2d11f20d-f78a-4c6b-97fb-ce0020b39e0f.png"", ""https://a0.muscache.com/im/pictures/hosting/Hosting-1765299661503541441/original/a706368a-075e-4b80-a630-360be8401ed6.png"", ""https://a0.muscache.com/im/pictures/hosting/Hosting-1765299661503541441/original/3be65f5a-cde5-4171-ba6a-6d61105b67d9.jpeg"", ""https://a0.muscache.com/im/pictures/hosting/Hosting-1765299661503541441/original/7562a823-bdd7-486c-9c17-35d4323cef00.jpeg"", ""https://a0.muscache.com/im/pictures/hosting/Hosting-1765299661503541441/original/8ecb72b0-68ab-44a9-a869-2a7f63cd07cb.jpeg"", ""https://a0.muscache.com/im/pictures/hosting/Hosting-1765299661503541441/original/54bc80fa-d925-4e80-a36a-da1b90ba1e98.jpeg"", ""https://a0.muscache.com/im/pictures/hosting/Hosting-1765299661503541441/original/99731de5-cc9a-4fdf-82de-5e9f8f960e5a.jpeg"", ""https://a0.muscache.com/im/pictures/hosting/Hosting-1765299661503541441/original/9a1fc7b9-ca5d-486a-a1f5-dee42feecfdc.jpeg"", ""https://a0.muscache.com/im/pictures/hosting/Hosting-1765299661503541441/original/ea822aa5-9f86-4edd-863b-6894c363cf56.jpeg"", ""https://a0.muscache.com/im/pictures/hosting/Hosting-1765299661503541441/original/8db5ae3c-5819-4cd8-bca0-802dfe61a1f3.jpeg"", ""https://a0.muscache.com/im/pictures/hosting/Hosting-1765299661503541441/original/fa1fb571-0eb2-4174-93aa-a5b712c5ab97.jpeg"", ""https://a0.muscache.com/im/pictures/hosting/Hosting-1765299661503541441/original/49b4cac5-e4c9-45c7-b180-c394fc0a2598.jpeg"", ""https://a0.muscache.com/im/pictures/hosting/Hosting-1765299661503541441/original/f310ed11-5fef-4d61-ab3c-49748c1a149c.jpeg"", ""https://a0.muscache.com/im/pictures/hosting/Hosting-1765299661503541441/original/ddb0817e-60d9-49ee-bf6c-3b9e739999e1.jpeg"", ""https://a0.muscache.com/im/pictures/hosting/Hosting-1765299661503541441/original/289f7289-b4c3-4d2b-8ca5-f4e6587aef2a.jpeg""]",f,"[{""name"": ""Dang Nguyen"", ""avatar"": ""https://a0.muscache.com/im/pictures/user/avatar_dang.jpg""}]","[{""name"": ""DECOR"", ""localizedName"": ""Trang trí"", ""count"": 11}, {""name"": ""INTERIOR"", ""localizedName"": ""Không gian bên trong"", ""count"": 13}, {""name"": ""CLEANLINESS"", ""localizedName"": ""Mức độ sạch sẽ"", ""count"": 20}, {""name"": ""LOCATION"", ""localizedName"": ""Địa điểm"", ""count"": 6}, {""name"": ""HOSPITALITY"", ""localizedName"": ""Hiếu khách"", ""count"": 2}]","[{""title"": ""Trải nghiệm nhận phòng xuất sắc"", ""subtitle"": ""Những khách ở gần đây đã xếp hạng 5 sao cho quy trình nhận phòng.""}, {""title"": ""Tự nhận phòng"", ""subtitle"": ""Tự nhận phòng với hộp khóa an toàn.""}]"
1587308325339462940,https://www.airbnb.com.vn/rooms/1587308325339462940,20260926000000,2026-09-26,city search,Phòng riêng ấm cúng ở Thảo Điền | Netflix 4K miễn phí,"Chào mừng bạn đến với Phòng riêng ấm cúng ở Thảo Điền | Netflix 4K miễn phí — một không gian lưu trú ấm cúng, sang trọng tọa lạc tại Quận Phú Nhuận, Thành phố Hồ Chí Minh.
Căn phòng tràn ngập ánh sáng tự nhiên với đầy đủ tiện nghi cao cấp, giường nệm êm ái, máy lạnh, TV và wifi tốc độ cao. Rất thuận tiện di chuyển tới các điểm tham quan, nhà hàng ẩm thực và quán cà phê nổi tiếng của Thành phố Hồ Chí Minh.","Khu vực Quận Phú Nhuận an ninh, văn minh, gần nhiều địa điểm ăn uống, mua sắm và giải trí sầm uất tại Thành phố Hồ Chí Minh.",https://a0.muscache.com/im/pictures/hosting/Hosting-1587308325339462940/original/2eb68659-8be4-42ca-8790-c645cf90b9c0.jpeg,47000096,https://www.airbnb.com.vn/users/show/47000096,Trang,2023-07-12,"Thành phố Hồ Chí Minh, Việt Nam","Xin chào, tôi là Trang, đã có 3 năm kinh nghiệm làm host. Tôi yêu thích du lịch và luôn mong muốn đem lại trải nghiệm lưu trú thoải mái nhất cho khách.",trong vòng một giờ,100%,98%,t,https://a0.muscache.com/im/pictures/user/User-47000096/original/user_profile_6.jpeg,https://a0.muscache.com/im/pictures/user/User-47000096/original/user_profile_6.jpeg,Quận Phú Nhuận,2,6,"['email', 'phone', 'work_email']",t,t,Quận Phú Nhuận,Quận Phú Nhuận,Thành phố Hồ Chí Minh,10.8071,106.7336,Phòng riêng trong nhà,Private room,2,1.0,1 phòng tắm,1,1,"[""Wi-fi tốc độ cao"", ""Thang máy"", ""Bếp đầy đủ tiện nghi"", ""Không gian riêng để làm việc"", ""TV màn hình phẳng"", ""Bộ chăn ga gối cao cấp"", ""Máy giặt"", ""Máy phát hiện khí CO"", ""Tự nhận phòng với hộp khóa an toàn"", ""Bồn tắm thư giãn"", ""Lò vi sóng"", ""Ban công ngắm cảnh"", ""Điều hòa nhiệt độ"", ""Dầu gội & Sữa tắm"", ""Chỗ đỗ xe miễn phí trong khuôn viên"", ""Máy báo khói"", ""Tủ lạnh""]","₫703,645",1,1125,1,2,1125,1125,1.0,1125.0,today,t,19,31,85,302,2026-09-26,28,18,3,2025-08-02,2026-09-07,4.86,4.83,4.95,5.0,5.0,4.72,4.79,,t,2,0,1,0,4.05,"[""https://a0.muscache.com/im/pictures/hosting/Hosting-1587308325339462940/original/2eb68659-8be4-42ca-8790-c645cf90b9c0.jpeg"", ""https://a0.muscache.com/im/pictures/hosting/Hosting-1587308325339462940/original/13635ffc-73dd-4f3e-94db-f32c87ba65f1.jpeg"", ""https://a0.muscache.com/im/pictures/hosting/Hosting-1587308325339462940/original/e8e0074d-c218-419d-a614-7e3bbd714cea.jpeg"", ""https://a0.muscache.com/im/pictures/hosting/Hosting-1587308325339462940/original/719c3278-8804-4792-9d24-2c80a115899b.jpeg"", ""https://a0.muscache.com/im/pictures/hosting/Hosting-1587308325339462940/original/ed88ccc5-a6fe-47ee-809c-bd169dd71629.jpeg"", ""https://a0.muscache.com/im/pictures/hosting/Hosting-1587308325339462940/original/2462ca9d-fefe-4114-ba73-52570d623d19.jpeg""]",t,"[{""name"": ""Rùa"", ""avatar"": ""https://a0.muscache.com/im/pictures/user/avatar_rua.jpg""}, {""name"": ""Long"", ""avatar"": ""https://a0.muscache.com/im/pictures/user/avatar_long.jpg""}]","[{""name"": ""DECOR"", ""localizedName"": ""Trang trí"", ""count"": 12}, {""name"": ""INTERIOR"", ""localizedName"": ""Không gian bên trong"", ""count"": 2}, {""name"": ""CLEANLINESS"", ""localizedName"": ""Mức độ sạch sẽ"", ""count"": 18}, {""name"": ""LOCATION"", ""localizedName"": ""Địa điểm"", ""count"": 20}, {""name"": ""HOSPITALITY"", ""localizedName"": ""Hiếu khách"", ""count"": 14}]","[{""title"": ""Trải nghiệm nhận phòng xuất sắc"", ""subtitle"": ""Những khách ở gần đây đã xếp hạng 5 sao cho quy trình nhận phòng.""}, {""title"": ""Tự nhận phòng"", ""subtitle"": ""Tự nhận phòng với hộp khóa an toàn.""}]"
1774022925851231570,https://www.airbnb.com.vn/rooms/1774022925851231570,20260926000000,2026-09-26,city search,    Căn hộ 3 phòng ngủ cao cấp | Hồ bơi và Phòng tập thể dục miễn phí,"Chào mừng bạn đến với     Căn hộ 3 phòng ngủ cao cấp | Hồ bơi và Phòng tập thể dục miễn phí — một không gian lưu trú ấm cúng, sang trọng tọa lạc tại Thành phố Thủ Đức, Thành phố Hồ Chí Minh.
Căn phòng tràn ngập ánh sáng tự nhiên với đầy đủ tiện nghi cao cấp, giường nệm êm ái, máy lạnh, TV và wifi tốc độ cao. Rất thuận tiện di chuyển tới các điểm tham quan, nhà hàng ẩm thực và quán cà phê nổi tiếng của Thành phố Hồ Chí Minh.","Khu vực Thành phố Thủ Đức an ninh, văn minh, gần nhiều địa điểm ăn uống, mua sắm và giải trí sầm uất tại Thành phố Hồ Chí Minh.",https://a0.muscache.com/im/pictures/hosting/Hosting-1774022925851231570/original/061fd343-be2b-4580-9376-d40c3dd52e36.jpeg,47000097,https://www.airbnb.com.vn/users/show/47000097,Dương,2020-05-19,"Thành phố Hồ Chí Minh, Việt Nam","Xin chào, tôi là Dương, đã có 6 năm kinh nghiệm làm host. Tôi yêu thích du lịch và luôn mong muốn đem lại trải nghiệm lưu trú thoải mái nhất cho khách.",trong vòng một giờ,100%,98%,f,https://a0.muscache.com/im/pictures/user/User-47000097/original/user_profile_7.jpeg,https://a0.muscache.com/im/pictures/user/User-47000097/original/user_profile_7.jpeg,Thành phố Thủ Đức,5,5,"['email', 'phone', 'work_email']",t,t,Thành phố Thủ Đức,Thành phố Thủ Đức,Thành phố Hồ Chí Minh,10.7554,106.6877,Toàn bộ căn hộ cho thuê,Entire home/apt,6,2.0,2 phòng tắm,3,3,"[""Máy sấy tóc"", ""Không gian riêng để làm việc"", ""TV màn hình phẳng"", ""Máy phát hiện khí CO"", ""Wi-fi tốc độ cao"", ""Điều hòa nhiệt độ"", ""Bể bơi"", ""Máy báo khói"", ""Bồn tắm thư giãn"", ""Bộ chăn ga gối cao cấp"", ""Chỗ đỗ xe miễn phí trong khuôn viên"", ""Lò vi sóng"", ""Bàn ủi / Bàn là"", ""Tủ lạnh"", ""Ban công ngắm cảnh"", ""Tự nhận phòng với hộp khóa an toàn"", ""Máy giặt"", ""Bếp đầy đủ tiện nghi"", ""Dầu gội & Sữa tắm""]","₫3,755,126",1,1125,1,2,1125,1125,1.0,1125.0,today,t,24,32,74,333,2026-09-26,4,2,1,2026-07-28,2026-09-08,5.0,4.83,4.87,5.0,5.0,4.82,4.73,,f,2,2,0,0,4.69,"[""https://a0.muscache.com/im/pictures/hosting/Hosting-1774022925851231570/original/061fd343-be2b-4580-9376-d40c3dd52e36.jpeg"", ""https://a0.muscache.com/im/pictures/hosting/Hosting-1774022925851231570/original/10f158d2-abc6-43b8-88be-48ae32c7774e.jpeg"", ""https://a0.muscache.com/im/pictures/hosting/Hosting-1774022925851231570/original/766c2d8a-eceb-4ea0-b12b-e70aa1e5a34b.png"", ""https://a0.muscache.com/im/pictures/hosting/Hosting-1774022925851231570/original/e036d75a-8ed5-492a-953f-3c7bce9558b9.png"", ""https://a0.muscache.com/im/pictures/hosting/Hosting-1774022925851231570/original/2b83d1cf-95d7-474a-badf-1984ebca249b.png"", ""https://a0.muscache.com/im/pictures/hosting/Hosting-1774022925851231570/original/07eb2e8c-801f-4036-8b2e-e57afa5fcb9d.png"", ""https://a0.muscache.com/im/pictures/hosting/Hosting-1774022925851231570/original/cc432e72-c44d-4566-8c55-c593d51095a3.png"", ""https://a0.muscache.com/im/pictures/hosting/Hosting-1774022925851231570/original/77311e8c-e8ac-40a5-a341-8cdfa7ff9a4a.png"", ""https://a0.muscache.com/im/pictures/hosting/Hosting-1774022925851231570/original/cc9089eb-9233-4a44-8c62-a7dc49367ead.png"", ""https://a0.muscache.com/im/pictures/hosting/Hosting-1774022925851231570/original/adfcdcf0-f262-4371-8008-130b81ab415e.png"", ""https://a0.muscache.com/im/pictures/hosting/Hosting-1774022925851231570/original/5df7bb9e-704e-49cb-984f-d8762e52a077.png"", ""https://a0.muscache.com/im/pictures/hosting/Hosting-1774022925851231570/original/9fbff850-e5cb-4b77-94c1-1c14f73c8832.png"", ""https://a0.muscache.com/im/pictures/hosting/Hosting-1774022925851231570/original/78d49b9b-30db-4d92-8a84-7123e78b9773.png"", ""https://a0.muscache.com/im/pictures/hosting/Hosting-1774022925851231570/original/525f5c78-22ac-4abe-a9e0-50b1b64c5a8d.jpeg"", ""https://a0.muscache.com/im/pictures/hosting/Hosting-1774022925851231570/original/2f6b9587-9099-47e3-a3e3-755f3024a16a.jpeg"", ""https://a0.muscache.com/im/pictures/hosting/Hosting-1774022925851231570/original/ce7ae273-158c-4034-8a3e-52547947d60f.jpeg"", ""https://a0.muscache.com/im/pictures/hosting/Hosting-1774022925851231570/original/e8417bc9-03ba-47d1-ad85-b391eb3ba9c7.jpeg"", ""https://a0.muscache.com/im/pictures/hosting/Hosting-1774022925851231570/original/b00f9a7a-bfa7-4a36-b5e5-6056c48ed5fb.jpeg"", ""https://a0.muscache.com/im/pictures/hosting/Hosting-1774022925851231570/original/8b82b6d7-756a-4708-bf6a-4ea9ea87a813.jpeg"", ""https://a0.muscache.com/im/pictures/hosting/Hosting-1774022925851231570/original/ef09a4fa-8575-408c-b5fb-79513fc833ae.jpeg"", ""https://a0.muscache.com/im/pictures/hosting/Hosting-1774022925851231570/original/622720bf-a328-41b0-a5bc-64873f89ca6f.jpeg"", ""https://a0.muscache.com/im/pictures/hosting/Hosting-1774022925851231570/original/2815f36b-a507-4b77-b220-b3718126e0ed.jpeg"", ""https://a0.muscache.com/im/pictures/hosting/Hosting-1774022925851231570/original/06a19b24-83e8-4c51-952e-42bee4388f7a.jpeg"", ""https://a0.muscache.com/im/pictures/hosting/Hosting-1774022925851231570/original/ed34ea29-ddd6-48cb-8dc0-30f0a72edf36.jpeg"", ""https://a0.muscache.com/im/pictures/hosting/Hosting-1774022925851231570/original/aafbfc22-4495-4eb9-aaaa-3b61dd2da59c.jpeg"", ""https://a0.muscache.com/im/pictures/hosting/Hosting-1774022925851231570/original/dd367fae-71f7-4ef4-92cc-cbaaf527ced8.jpeg"", ""https://a0.muscache.com/im/pictures/hosting/Hosting-1774022925851231570/original/94bd6983-5c6e-470f-bf43-de47d00f63fc.jpeg"", ""https://a0.muscache.com/im/pictures/hosting/Hosting-1774022925851231570/original/bab7310c-b727-4f4e-86ea-43a8a91cfd4c.jpeg"", ""https://a0.muscache.com/im/pictures/hosting/Hosting-1774022925851231570/original/9ffb3de0-8aa9-451e-b4aa-bfc2626bdd2a.jpeg""]",f,"[{""name"": ""Dang Nguyen"", ""avatar"": ""https://a0.muscache.com/im/pictures/user/avatar_dang.jpg""}, {""name"": ""Long"", ""avatar"": ""https://a0.muscache.com/im/pictures/user/avatar_long.jpg""}]","[{""name"": ""DECOR"", ""localizedName"": ""Trang trí"", ""count"": 6}, {""name"": ""INTERIOR"", ""localizedName"": ""Không gian bên trong"", ""count"": 7}, {""name"": ""CLEANLINESS"", ""localizedName"": ""Mức độ sạch sẽ"", ""count"": 7}, {""name"": ""LOCATION"", ""localizedName"": ""Địa điểm"", ""count"": 5}, {""name"": ""HOSPITALITY"", ""localizedName"": ""Hiếu khách"", ""count"": 12}]","[{""title"": ""Trải nghiệm nhận phòng xuất sắc"", ""subtitle"": ""Những khách ở gần đây đã xếp hạng 5 sao cho quy trình nhận phòng.""}, {""title"": ""Tự nhận phòng"", ""subtitle"": ""Tự nhận phòng với hộp khóa an toàn.""}]"
1744253366404558533,https://www.airbnb.com.vn/rooms/1744253366404558533,20260926000000,2026-09-26,city search,Studio phong cách Japandi gần D1 - Máy giặt và Máy sấy - Thang máy,"Chào mừng bạn đến với Studio phong cách Japandi gần D1 - Máy giặt và Máy sấy - Thang máy — một không gian lưu trú ấm cúng, sang trọng tọa lạc tại Quận Tân Bình, Thành phố Hồ Chí Minh.
Căn phòng tràn ngập ánh sáng tự nhiên với đầy đủ tiện nghi cao cấp, giường nệm êm ái, máy lạnh, TV và wifi tốc độ cao. Rất thuận tiện di chuyển tới các điểm tham quan, nhà hàng ẩm thực và quán cà phê nổi tiếng của Thành phố Hồ Chí Minh.","Khu vực Quận Tân Bình an ninh, văn minh, gần nhiều địa điểm ăn uống, mua sắm và giải trí sầm uất tại Thành phố Hồ Chí Minh.",https://a0.muscache.com/im/pictures/hosting/Hosting-1744253366404558533/original/eefafd8c-e888-4ed3-b8d6-2ab8fe5465ca.jpeg,47000098,https://www.airbnb.com.vn/users/show/47000098,Thảo,2021-06-15,"Thành phố Hồ Chí Minh, Việt Nam","Xin chào, tôi là Thảo, đã có 5 năm kinh nghiệm làm host. Tôi yêu thích du lịch và luôn mong muốn đem lại trải nghiệm lưu trú thoải mái nhất cho khách.",trong vòng một giờ,100%,98%,t,https://a0.muscache.com/im/pictures/user/User-47000098/original/user_profile_8.jpeg,https://a0.muscache.com/im/pictures/user/User-47000098/original/user_profile_8.jpeg,Quận Tân Bình,9,2,"['email', 'phone', 'work_email']",t,t,Quận Tân Bình,Quận Tân Bình,Thành phố Hồ Chí Minh,10.7951,106.7086,Phòng riêng trong nhà,Private room,2,1.0,1 phòng tắm,1,1,"[""Wi-fi tốc độ cao"", ""Điều hòa nhiệt độ"", ""Chỗ đỗ xe miễn phí trong khuôn viên"", ""Máy phát hiện khí CO"", ""Bể bơi"", ""Dầu gội & Sữa tắm"", ""TV màn hình phẳng"", ""Máy báo khói"", ""Bếp đầy đủ tiện nghi"", ""Ban công ngắm cảnh"", ""Máy giặt"", ""Bộ chăn ga gối cao cấp"", ""Bàn ủi / Bàn là"", ""Tự nhận phòng với hộp khóa an toàn"", ""Thang máy"", ""Không gian riêng để làm việc"", ""Máy sấy tóc"", ""Bồn tắm thư giãn""]","₫1,090,000",1,1125,1,2,1125,1125,1.0,1125.0,today,t,20,53,61,286,2026-09-26,36,9,4,2025-04-04,2026-09-05,4.85,4.93,4.84,5.0,5.0,4.74,4.92,,t,2,0,1,0,3.97,"[""https://a0.muscache.com/im/pictures/hosting/Hosting-1744253366404558533/original/eefafd8c-e888-4ed3-b8d6-2ab8fe5465ca.jpeg"", ""https://a0.muscache.com/im/pictures/hosting/Hosting-1744253366404558533/original/fd82fa19-49fb-41bc-be99-13a98e742069.jpeg"", ""https://a0.muscache.com/im/pictures/hosting/Hosting-1744253366404558533/original/b51b34ac-6ee2-498b-b1f8-f0887276df6a.jpeg"", ""https://a0.muscache.com/im/pictures/hosting/Hosting-1744253366404558533/original/c5b1d45d-660a-4308-bd36-295ff0683958.jpeg"", ""https://a0.muscache.com/im/pictures/hosting/Hosting-1744253366404558533/original/2352665c-9fd5-48c0-9be9-a793b73d6a05.jpeg"", ""https://a0.muscache.com/im/pictures/hosting/Hosting-1744253366404558533/original/270299df-19a5-4ba0-9fd4-97760b735c10.jpeg""]",f,"[{""name"": ""Cindy"", ""avatar"": ""https://a0.muscache.com/im/pictures/user/avatar_cindy.jpg""}, {""name"": ""Rùa"", ""avatar"": ""https://a0.muscache.com/im/pictures/user/avatar_rua.jpg""}]","[{""name"": ""DECOR"", ""localizedName"": ""Trang trí"", ""count"": 6}, {""name"": ""INTERIOR"", ""localizedName"": ""Không gian bên trong"", ""count"": 22}, {""name"": ""CLEANLINESS"", ""localizedName"": ""Mức độ sạch sẽ"", ""count"": 16}, {""name"": ""LOCATION"", ""localizedName"": ""Địa điểm"", ""count"": 20}, {""name"": ""HOSPITALITY"", ""localizedName"": ""Hiếu khách"", ""count"": 8}]","[{""title"": ""Trải nghiệm nhận phòng xuất sắc"", ""subtitle"": ""Những khách ở gần đây đã xếp hạng 5 sao cho quy trình nhận phòng.""}, {""title"": ""Tự nhận phòng"", ""subtitle"": ""Tự nhận phòng với hộp khóa an toàn.""}]"
1678899799743483465,https://www.airbnb.com.vn/rooms/1678899799743483465,20260926000000,2026-09-26,city search,MOJOhome| Bộ đồ giường cao cấp| Ban công| Thang máy| 52,"Chào mừng bạn đến với MOJOhome| Bộ đồ giường cao cấp| Ban công| Thang máy| 52 — một không gian lưu trú ấm cúng, sang trọng tọa lạc tại Quận 1, Thành phố Hồ Chí Minh.
Căn phòng tràn ngập ánh sáng tự nhiên với đầy đủ tiện nghi cao cấp, giường nệm êm ái, máy lạnh, TV và wifi tốc độ cao. Rất thuận tiện di chuyển tới các điểm tham quan, nhà hàng ẩm thực và quán cà phê nổi tiếng của Thành phố Hồ Chí Minh.","Khu vực Quận 1 an ninh, văn minh, gần nhiều địa điểm ăn uống, mua sắm và giải trí sầm uất tại Thành phố Hồ Chí Minh.",https://a0.muscache.com/im/pictures/hosting/Hosting-1601887470978637754/original/e71aae67-678f-4d1d-afcd-3911a069d812.jpeg,47000099,https://www.airbnb.com.vn/users/show/47000099,Hải,2021-07-03,"Thành phố Hồ Chí Minh, Việt Nam","Xin chào, tôi là Hải, đã có 5 năm kinh nghiệm làm host. Tôi yêu thích du lịch và luôn mong muốn đem lại trải nghiệm lưu trú thoải mái nhất cho khách.",trong vòng một giờ,100%,98%,f,https://a0.muscache.com/im/pictures/user/User-47000099/original/user_profile_9.jpeg,https://a0.muscache.com/im/pictures/user/User-47000099/original/user_profile_9.jpeg,Quận 1,4,6,"['email', 'phone', 'work_email']",t,t,Quận 1,Quận 1,Thành phố Hồ Chí Minh,10.787229258405842,106.6904885583162,Phòng riêng trong nhà,Private room,2,1.0,1 phòng tắm,1,1,"[""Bồn tắm thư giãn"", ""Bếp đầy đủ tiện nghi"", ""Máy giặt"", ""Điều hòa nhiệt độ"", ""Bể bơi"", ""TV màn hình phẳng"", ""Lò vi sóng"", ""Tự nhận phòng với hộp khóa an toàn"", ""Tủ lạnh"", ""Bàn ủi / Bàn là"", ""Máy sấy tóc"", ""Dầu gội & Sữa tắm"", ""Chỗ đỗ xe miễn phí trong khuôn viên"", ""Không gian riêng để làm việc"", ""Thang máy"", ""Máy phát hiện khí CO"", ""Wi-fi tốc độ cao"", ""Ban công ngắm cảnh"", ""Bộ chăn ga gối cao cấp""]","₫900,600",1,1125,1,2,1125,1125,1.0,1125.0,today,t,19,33,55,306,2026-09-26,14,8,5,2026-02-28,2026-09-05,4.79,4.87,4.97,5.0,5.0,4.92,4.76,,f,2,0,1,0,4.71,"[""https://a0.muscache.com/im/pictures/hosting/Hosting-1601887470978637754/original/e71aae67-678f-4d1d-afcd-3911a069d812.jpeg"", ""https://a0.muscache.com/im/pictures/hosting/Hosting-1678899799743483465/original/b46b246b-bf9b-420f-b98f-6a32503e2e03.jpeg"", ""https://a0.muscache.com/im/pictures/hosting/Hosting-1601887470978637754/original/bc63d48d-d6e6-4d0b-880c-b3e240aa1816.jpeg"", ""https://a0.muscache.com/im/pictures/hosting/Hosting-1601887470978637754/original/fb90c94d-72f0-4996-ac4e-cff952582ecc.jpeg"", ""https://a0.muscache.com/im/pictures/hosting/Hosting-1601887470978637754/original/e429e468-08e0-42cc-b0c5-66545ce61812.jpeg"", ""https://a0.muscache.com/im/pictures/hosting/Hosting-1601887470978637754/original/c0b69a7f-3bcc-4a89-9b87-bc655f3c3328.jpeg""]",f,"[{""name"": ""Rùa"", ""avatar"": ""https://a0.muscache.com/im/pictures/user/avatar_rua.jpg""}, {""name"": ""Cindy"", ""avatar"": ""https://a0.muscache.com/im/pictures/user/avatar_cindy.jpg""}, {""name"": ""Dang Nguyen"", ""avatar"": ""https://a0.muscache.com/im/pictures/user/avatar_dang.jpg""}]","[{""name"": ""DECOR"", ""localizedName"": ""Trang trí"", ""count"": 15}, {""name"": ""INTERIOR"", ""localizedName"": ""Không gian bên trong"", ""count"": 9}, {""name"": ""CLEANLINESS"", ""localizedName"": ""Mức độ sạch sẽ"", ""count"": 14}, {""name"": ""LOCATION"", ""localizedName"": ""Địa điểm"", ""count"": 11}, {""name"": ""HOSPITALITY"", ""localizedName"": ""Hiếu khách"", ""count"": 3}]","[{""title"": ""Trải nghiệm nhận phòng xuất sắc"", ""subtitle"": ""Những khách ở gần đây đã xếp hạng 5 sao cho quy trình nhận phòng.""}, {""title"": ""Tự nhận phòng"", ""subtitle"": ""Tự nhận phòng với hộp khóa an toàn.""}]"
1762270759738560759,https://www.airbnb.com.vn/rooms/1762270759738560759,20260926000000,2026-09-26,city search,"Amberwood House, 2 phòng ngủ, nhìn ra sông, Bến Thành 2 phút","Chào mừng bạn đến với Amberwood House, 2 phòng ngủ, nhìn ra sông, Bến Thành 2 phút — một không gian lưu trú ấm cúng, sang trọng tọa lạc tại Quận 3, Thành phố Hồ Chí Minh.
Căn phòng tràn ngập ánh sáng tự nhiên với đầy đủ tiện nghi cao cấp, giường nệm êm ái, máy lạnh, TV và wifi tốc độ cao. Rất thuận tiện di chuyển tới các điểm tham quan, nhà hàng ẩm thực và quán cà phê nổi tiếng của Thành phố Hồ Chí Minh.","Khu vực Quận 3 an ninh, văn minh, gần nhiều địa điểm ăn uống, mua sắm và giải trí sầm uất tại Thành phố Hồ Chí Minh.",https://a0.muscache.com/im/pictures/hosting/Hosting-1762270759738560759/original/3f5019e8-3205-4cde-a57b-a6337c581d0b.jpeg,47000100,https://www.airbnb.com.vn/users/show/47000100,Nam,2024-07-10,"Thành phố Hồ Chí Minh, Việt Nam","Xin chào, tôi là Nam, đã có 2 năm kinh nghiệm làm host. Tôi yêu thích du lịch và luôn mong muốn đem lại trải nghiệm lưu trú thoải mái nhất cho khách.",trong vòng một giờ,100%,98%,t,https://a0.muscache.com/im/pictures/user/User-47000100/original/user_profile_0.jpeg,https://a0.muscache.com/im/pictures/user/User-47000100/original/user_profile_0.jpeg,Quận 3,7,9,"['email', 'phone', 'work_email']",t,t,Quận 3,Quận 3,Thành phố Hồ Chí Minh,10.7664,106.7035,Toàn bộ căn hộ cho thuê,Entire home/apt,4,1.0,1 phòng tắm,2,2,"[""Bể bơi"", ""Bàn ủi / Bàn là"", ""Máy sấy tóc"", ""Bộ chăn ga gối cao cấp"", ""Wi-fi tốc độ cao"", ""Bếp đầy đủ tiện nghi"", ""Không gian riêng để làm việc"", ""Máy báo khói"", ""Ban công ngắm cảnh"", ""Máy phát hiện khí CO"", ""Điều hòa nhiệt độ"", ""Máy giặt"", ""Tự nhận phòng với hộp khóa an toàn"", ""TV màn hình phẳng"", ""Bồn tắm thư giãn"", ""Lò vi sóng""]","₫2,341,127",1,1125,1,2,1125,1125,1.0,1125.0,today,t,16,48,84,306,2026-09-26,3,1,2,2026-08-12,2026-09-06,5.0,4.95,4.83,5.0,5.0,4.97,4.76,,t,2,2,0,0,3.79,"[""https://a0.muscache.com/im/pictures/hosting/Hosting-1762270759738560759/original/3f5019e8-3205-4cde-a57b-a6337c581d0b.jpeg"", ""https://a0.muscache.com/im/pictures/hosting/Hosting-1762270759738560759/original/8b44df48-9e5b-450e-b70f-20acf9e7478f.jpeg"", ""https://a0.muscache.com/im/pictures/hosting/Hosting-1762270759738560759/original/5c295dda-baf5-4437-9274-3c5d26d9cc81.jpeg"", ""https://a0.muscache.com/im/pictures/hosting/Hosting-1762270759738560759/original/1a259dc0-4a1d-42b1-9139-ffb483e44f22.jpeg"", ""https://a0.muscache.com/im/pictures/hosting/Hosting-1762270759738560759/original/b354ef97-a3f7-415b-a507-a58f2a843f4d.jpeg"", ""https://a0.muscache.com/im/pictures/hosting/Hosting-1762270759738560759/original/8fa84ae4-794e-45de-9224-fe3ad5fb5918.jpeg"", ""https://a0.muscache.com/im/pictures/hosting/Hosting-1762270759738560759/original/e87918d5-b9d2-4fd4-b805-3569afd26735.jpeg"", ""https://a0.muscache.com/im/pictures/hosting/Hosting-1762270759738560759/original/13e5b8ba-65f9-459c-8494-1c3a9fbc462b.jpeg"", ""https://a0.muscache.com/im/pictures/hosting/Hosting-1762270759738560759/original/2901fe9a-e791-40de-81b4-b5a7a1c772d3.jpeg"", ""https://a0.muscache.com/im/pictures/hosting/Hosting-1762270759738560759/original/af443df7-21a5-4888-a782-9744e90a30e2.jpeg"", ""https://a0.muscache.com/im/pictures/hosting/Hosting-1762270759738560759/original/fc0384dd-a868-4dea-ba17-5eda5557a5e3.jpeg"", ""https://a0.muscache.com/im/pictures/hosting/Hosting-1762270759738560759/original/681b9342-a1a7-460e-bdbe-50cd7d84ffee.jpeg"", ""https://a0.muscache.com/im/pictures/hosting/Hosting-1762270759738560759/original/15028a4e-045c-48c6-8dfa-756d7bdbb6b2.jpeg"", ""https://a0.muscache.com/im/pictures/hosting/Hosting-1762270759738560759/original/f2a8fe00-28e9-4fdb-a915-c5304ca23e4f.jpeg"", ""https://a0.muscache.com/im/pictures/hosting/Hosting-1762270759738560759/original/5859017b-9073-4529-8bdf-104322ea95e3.jpeg"", ""https://a0.muscache.com/im/pictures/hosting/Hosting-1762270759738560759/original/09fe2033-ae75-4d0f-90f6-cc462b9de504.jpeg"", ""https://a0.muscache.com/im/pictures/hosting/Hosting-1762270759738560759/original/578f809d-3ffd-4457-a81a-5a226a1a168f.jpeg"", ""https://a0.muscache.com/im/pictures/hosting/Hosting-1762270759738560759/original/ed7faaed-5b35-4011-a3e9-436bbb758ba2.jpeg"", ""https://a0.muscache.com/im/pictures/hosting/Hosting-1762270759738560759/original/bc191834-6d74-4368-9135-9d91b9ee10f6.jpeg"", ""https://a0.muscache.com/im/pictures/hosting/Hosting-1762270759738560759/original/6666c192-5ffb-45df-a329-62a2fcc274a3.jpeg"", ""https://a0.muscache.com/im/pictures/hosting/Hosting-1762270759738560759/original/5e5c3558-b698-4cb0-96bb-a827cbf9c93b.jpeg"", ""https://a0.muscache.com/im/pictures/hosting/Hosting-1762270759738560759/original/a85d9002-9d8e-4b0b-a8b6-a2e962772a01.jpeg"", ""https://a0.muscache.com/im/pictures/hosting/Hosting-1762270759738560759/original/c5b3b406-ce2c-4367-8815-fa74fc8dd7f8.jpeg"", ""https://a0.muscache.com/im/pictures/hosting/Hosting-1762270759738560759/original/7746adf1-27f8-43c7-b196-6147f10d3cc0.jpeg"", ""https://a0.muscache.com/im/pictures/hosting/Hosting-1762270759738560759/original/fef1c6fe-6c1b-4e45-9df2-e9cb32881bd3.jpeg"", ""https://a0.muscache.com/im/pictures/hosting/Hosting-1762270759738560759/original/a318c9e7-6beb-4083-b4ae-9a600d9d357c.jpeg"", ""https://a0.muscache.com/im/pictures/hosting/Hosting-1762270759738560759/original/94bff736-e7ea-4bc5-8563-045e26dae31c.jpeg"", ""https://a0.muscache.com/im/pictures/hosting/Hosting-1762270759738560759/original/f46eec59-3e24-4f7b-887b-d1c765e4e064.jpeg"", ""https://a0.muscache.com/im/pictures/hosting/Hosting-1762270759738560759/original/ef350071-56e5-4a6d-b968-21ba788fbc10.jpeg""]",f,"[{""name"": ""Long"", ""avatar"": ""https://a0.muscache.com/im/pictures/user/avatar_long.jpg""}, {""name"": ""Rùa"", ""avatar"": ""https://a0.muscache.com/im/pictures/user/avatar_rua.jpg""}, {""name"": ""Cindy"", ""avatar"": ""https://a0.muscache.com/im/pictures/user/avatar_cindy.jpg""}]","[{""name"": ""DECOR"", ""localizedName"": ""Trang trí"", ""count"": 7}, {""name"": ""INTERIOR"", ""localizedName"": ""Không gian bên trong"", ""count"": 19}, {""name"": ""CLEANLINESS"", ""localizedName"": ""Mức độ sạch sẽ"", ""count"": 4}, {""name"": ""LOCATION"", ""localizedName"": ""Địa điểm"", ""count"": 2}, {""name"": ""HOSPITALITY"", ""localizedName"": ""Hiếu khách"", ""count"": 11}]","[{""title"": ""Trải nghiệm nhận phòng xuất sắc"", ""subtitle"": ""Những khách ở gần đây đã xếp hạng 5 sao cho quy trình nhận phòng.""}, {""title"": ""Tự nhận phòng"", ""subtitle"": ""Tự nhận phòng với hộp khóa an toàn.""}]"
1663170658859796114,https://www.airbnb.com.vn/rooms/1663170658859796114,20260926000000,2026-09-26,city search,Phòng Choco Suite • Ghế sofa • Phòng bếp • Gần D1,"Chào mừng bạn đến với Phòng Choco Suite • Ghế sofa • Phòng bếp • Gần D1 — một không gian lưu trú ấm cúng, sang trọng tọa lạc tại Quận 4, Thành phố Hồ Chí Minh.
Căn phòng tràn ngập ánh sáng tự nhiên với đầy đủ tiện nghi cao cấp, giường nệm êm ái, máy lạnh, TV và wifi tốc độ cao. Rất thuận tiện di chuyển tới các điểm tham quan, nhà hàng ẩm thực và quán cà phê nổi tiếng của Thành phố Hồ Chí Minh.","Khu vực Quận 4 an ninh, văn minh, gần nhiều địa điểm ăn uống, mua sắm và giải trí sầm uất tại Thành phố Hồ Chí Minh.",https://a0.muscache.com/im/pictures/hosting/Hosting-1663170658859796114/original/5317e379-2490-4bb8-b4e0-34489fbca6c3.jpeg,47000101,https://www.airbnb.com.vn/users/show/47000101,Tuấn,2022-05-27,"Thành phố Hồ Chí Minh, Việt Nam","Xin chào, tôi là Tuấn, đã có 4 năm kinh nghiệm làm host. Tôi yêu thích du lịch và luôn mong muốn đem lại trải nghiệm lưu trú thoải mái nhất cho khách.",trong vòng một giờ,100%,98%,f,https://a0.muscache.com/im/pictures/user/User-47000101/original/user_profile_1.jpeg,https://a0.muscache.com/im/pictures/user/User-47000101/original/user_profile_1.jpeg,Quận 4,8,9,"['email', 'phone', 'work_email']",t,t,Quận 4,Quận 4,Thành phố Hồ Chí Minh,10.7941,106.7002,Phòng riêng trong nhà,Private room,2,1.0,1 phòng tắm,1,1,"[""Không gian riêng để làm việc"", ""Điều hòa nhiệt độ"", ""Bàn ủi / Bàn là"", ""Máy sấy tóc"", ""Dầu gội & Sữa tắm"", ""Máy phát hiện khí CO"", ""TV màn hình phẳng"", ""Máy báo khói"", ""Bộ chăn ga gối cao cấp"", ""Bếp đầy đủ tiện nghi"", ""Ban công ngắm cảnh"", ""Máy giặt"", ""Thang máy"", ""Bể bơi"", ""Wi-fi tốc độ cao""]","₫900,000",1,1125,1,2,1125,1125,1.0,1125.0,today,t,27,43,61,340,2026-09-26,16,13,1,2026-01-29,2026-09-15,5.0,4.98,4.96,5.0,5.0,4.95,4.77,,f,2,0,1,0,2.89,"[""https://a0.muscache.com/im/pictures/hosting/Hosting-1663170658859796114/original/5317e379-2490-4bb8-b4e0-34489fbca6c3.jpeg"", ""https://a0.muscache.com/im/pictures/hosting/Hosting-1663170658859796114/original/14d445d0-2de2-4467-9811-5e0fb7374a98.png"", ""https://a0.muscache.com/im/pictures/hosting/Hosting-1663170658859796114/original/6e6eef00-e83d-45a7-93e3-a94c7d444f4d.png"", ""https://a0.muscache.com/im/pictures/hosting/Hosting-1663170658859796114/original/42de8be8-26be-4ba4-8191-9d81b40996d2.jpeg"", ""https://a0.muscache.com/im/pictures/hosting/Hosting-1663170658859796114/original/c7414752-9f1f-498e-806e-15091d9988d2.png"", ""https://a0.muscache.com/im/pictures/hosting/Hosting-1663170658859796114/original/bfe1bc25-4c64-4bdd-bdff-e7d7d8b92bc2.jpeg""]",t,"[{""name"": ""Cindy"", ""avatar"": ""https://a0.muscache.com/im/pictures/user/avatar_cindy.jpg""}, {""name"": ""Long"", ""avatar"": ""https://a0.muscache.com/im/pictures/user/avatar_long.jpg""}, {""name"": ""Dang Nguyen"", ""avatar"": ""https://a0.muscache.com/im/pictures/user/avatar_dang.jpg""}]","[{""name"": ""DECOR"", ""localizedName"": ""Trang trí"", ""count"": 6}, {""name"": ""INTERIOR"", ""localizedName"": ""Không gian bên trong"", ""count"": 5}, {""name"": ""CLEANLINESS"", ""localizedName"": ""Mức độ sạch sẽ"", ""count"": 18}, {""name"": ""LOCATION"", ""localizedName"": ""Địa điểm"", ""count"": 11}, {""name"": ""HOSPITALITY"", ""localizedName"": ""Hiếu khách"", ""count"": 7}]","[{""title"": ""Trải nghiệm nhận phòng xuất sắc"", ""subtitle"": ""Những khách ở gần đây đã xếp hạng 5 sao cho quy trình nhận phòng.""}, {""title"": ""Tự nhận phòng"", ""subtitle"": ""Tự nhận phòng với hộp khóa an toàn.""}]"
1759179578552503427,https://www.airbnb.com.vn/rooms/1759179578552503427,20260926000000,2026-09-26,city search,Phòng Deluxe có ban công 3 | Quận 1 trung tâm,"Chào mừng bạn đến với Phòng Deluxe có ban công 3 | Quận 1 trung tâm — một không gian lưu trú ấm cúng, sang trọng tọa lạc tại Quận 1, Thành phố Hồ Chí Minh.
Căn phòng tràn ngập ánh sáng tự nhiên với đầy đủ tiện nghi cao cấp, giường nệm êm ái, máy lạnh, TV và wifi tốc độ cao. Rất thuận tiện di chuyển tới các điểm tham quan, nhà hàng ẩm thực và quán cà phê nổi tiếng của Thành phố Hồ Chí Minh.","Khu vực Quận 1 an ninh, văn minh, gần nhiều địa điểm ăn uống, mua sắm và giải trí sầm uất tại Thành phố Hồ Chí Minh.",https://a0.muscache.com/im/pictures/hosting/Hosting-1737037537889236214/original/921bd9be-3718-4c7e-a281-b483fce480b4.png,47000102,https://www.airbnb.com.vn/users/show/47000102,Long,2024-06-18,"Thành phố Hồ Chí Minh, Việt Nam","Xin chào, tôi là Long, đã có 2 năm kinh nghiệm làm host. Tôi yêu thích du lịch và luôn mong muốn đem lại trải nghiệm lưu trú thoải mái nhất cho khách.",trong vòng một giờ,100%,98%,t,https://a0.muscache.com/im/pictures/user/User-47000102/original/user_profile_2.jpeg,https://a0.muscache.com/im/pictures/user/User-47000102/original/user_profile_2.jpeg,Quận 1,5,9,"['email', 'phone', 'work_email']",t,t,Quận 1,Quận 1,Thành phố Hồ Chí Minh,10.7653,106.6951,Phòng riêng trong nhà,Private room,2,1.0,1 phòng tắm,1,1,"[""Wi-fi tốc độ cao"", ""TV màn hình phẳng"", ""Tự nhận phòng với hộp khóa an toàn"", ""Lò vi sóng"", ""Chỗ đỗ xe miễn phí trong khuôn viên"", ""Tủ lạnh"", ""Bàn ủi / Bàn là"", ""Bể bơi"", ""Bộ chăn ga gối cao cấp"", ""Thang máy"", ""Máy phát hiện khí CO"", ""Bồn tắm thư giãn"", ""Điều hòa nhiệt độ"", ""Máy giặt"", ""Máy sấy tóc"", ""Không gian riêng để làm việc""]","₫1,040,000",1,1125,1,2,1125,1125,1.0,1125.0,today,t,16,33,83,315,2026-09-26,135,22,1,2023-06-14,2026-09-21,4.85,4.88,4.87,5.0,5.0,4.8,4.71,,t,2,0,1,0,2.08,"[""https://a0.muscache.com/im/pictures/hosting/Hosting-1737037537889236214/original/921bd9be-3718-4c7e-a281-b483fce480b4.png"", ""https://a0.muscache.com/im/pictures/hosting/Hosting-1737037537889236214/original/681b8aab-6b3b-45d7-80ab-1e7c4e13299d.png"", ""https://a0.muscache.com/im/pictures/hosting/Hosting-1737037537889236214/original/7a613091-90e6-46e0-aa0a-21d4c12af1c7.png"", ""https://a0.muscache.com/im/pictures/hosting/Hosting-1737037537889236214/original/79e673c3-9914-4e56-a316-fc9adb664875.png"", ""https://a0.muscache.com/im/pictures/hosting/Hosting-1737037537889236214/original/33a31d13-4c81-4ac8-9afb-b2d9cab26a47.png"", ""https://a0.muscache.com/im/pictures/hosting/Hosting-1737037537889236214/original/042d9428-c189-47f7-a378-bfb214aca356.png""]",f,"[{""name"": ""Cindy"", ""avatar"": ""https://a0.muscache.com/im/pictures/user/avatar_cindy.jpg""}, {""name"": ""Long"", ""avatar"": ""https://a0.muscache.com/im/pictures/user/avatar_long.jpg""}]","[{""name"": ""DECOR"", ""localizedName"": ""Trang trí"", ""count"": 13}, {""name"": ""INTERIOR"", ""localizedName"": ""Không gian bên trong"", ""count"": 19}, {""name"": ""CLEANLINESS"", ""localizedName"": ""Mức độ sạch sẽ"", ""count"": 16}, {""name"": ""LOCATION"", ""localizedName"": ""Địa điểm"", ""count"": 11}, {""name"": ""HOSPITALITY"", ""localizedName"": ""Hiếu khách"", ""count"": 12}]","[{""title"": ""Trải nghiệm nhận phòng xuất sắc"", ""subtitle"": ""Những khách ở gần đây đã xếp hạng 5 sao cho quy trình nhận phòng.""}, {""title"": ""Tự nhận phòng"", ""subtitle"": ""Tự nhận phòng với hộp khóa an toàn.""}]"
1646142281788174197,https://www.airbnb.com.vn/rooms/1646142281788174197,20260926000000,2026-09-26,city search,103・Gần sân bay TSN・Tự Checkin・FREE Giặt sấy,"Chào mừng bạn đến với 103・Gần sân bay TSN・Tự Checkin・FREE Giặt sấy — một không gian lưu trú ấm cúng, sang trọng tọa lạc tại Quận 10, Thành phố Hồ Chí Minh.
Căn phòng tràn ngập ánh sáng tự nhiên với đầy đủ tiện nghi cao cấp, giường nệm êm ái, máy lạnh, TV và wifi tốc độ cao. Rất thuận tiện di chuyển tới các điểm tham quan, nhà hàng ẩm thực và quán cà phê nổi tiếng của Thành phố Hồ Chí Minh.","Khu vực Quận 10 an ninh, văn minh, gần nhiều địa điểm ăn uống, mua sắm và giải trí sầm uất tại Thành phố Hồ Chí Minh.",https://a0.muscache.com/im/pictures/hosting/Hosting-1646142281788174197/original/f8444103-a1cb-4369-a6c1-ae5163850191.jpeg,47000103,https://www.airbnb.com.vn/users/show/47000103,Đức,2021-07-14,"Thành phố Hồ Chí Minh, Việt Nam","Xin chào, tôi là Đức, đã có 5 năm kinh nghiệm làm host. Tôi yêu thích du lịch và luôn mong muốn đem lại trải nghiệm lưu trú thoải mái nhất cho khách.",trong vòng một giờ,100%,98%,f,https://a0.muscache.com/im/pictures/user/User-47000103/original/user_profile_3.jpeg,https://a0.muscache.com/im/pictures/user/User-47000103/original/user_profile_3.jpeg,Quận 10,6,1,"['email', 'phone', 'work_email']",t,t,Quận 10,Quận 10,Thành phố Hồ Chí Minh,10.7926,106.6751,Phòng riêng trong nhà,Private room,2,1.0,1 phòng tắm,1,1,"[""Dầu gội & Sữa tắm"", ""Điều hòa nhiệt độ"", ""Máy sấy tóc"", ""Tự nhận phòng với hộp khóa an toàn"", ""Bàn ủi / Bàn là"", ""Bồn tắm thư giãn"", ""Bộ chăn ga gối cao cấp"", ""Thang máy"", ""Bể bơi"", ""Wi-fi tốc độ cao"", ""Ban công ngắm cảnh"", ""Máy giặt"", ""Không gian riêng để làm việc"", ""TV màn hình phẳng"", ""Tủ lạnh"", ""Chỗ đỗ xe miễn phí trong khuôn viên"", ""Lò vi sóng""]","₫482,130",1,1125,1,2,1125,1125,1.0,1125.0,today,t,20,34,85,322,2026-09-26,15,6,0,2026-02-13,2026-09-08,5.0,4.84,4.82,5.0,5.0,4.97,4.88,,f,2,0,1,0,1.22,"[""https://a0.muscache.com/im/pictures/hosting/Hosting-1646142281788174197/original/f8444103-a1cb-4369-a6c1-ae5163850191.jpeg"", ""https://a0.muscache.com/im/pictures/hosting/Hosting-1646142281788174197/original/8a5aa30d-5cc6-4b1c-8723-fd11d65f57be.jpeg"", ""https://a0.muscache.com/im/pictures/hosting/Hosting-1646142281788174197/original/60ed82cb-0419-4974-b73f-cdbf5c97cdc9.jpeg"", ""https://a0.muscache.com/im/pictures/hosting/Hosting-1646142281788174197/original/7ae27980-60c5-411a-879a-6fb84bf8b229.jpeg"", ""https://a0.muscache.com/im/pictures/hosting/Hosting-1646142281788174197/original/f3f5365b-2000-4adf-a19d-ecba76c96091.jpeg"", ""https://a0.muscache.com/im/pictures/hosting/Hosting-1646142281788174197/original/a45ed77c-e0b5-44f8-852a-5adcfaa25093.jpeg""]",t,"[{""name"": ""Long"", ""avatar"": ""https://a0.muscache.com/im/pictures/user/avatar_long.jpg""}, {""name"": ""Rùa"", ""avatar"": ""https://a0.muscache.com/im/pictures/user/avatar_rua.jpg""}]","[{""name"": ""DECOR"", ""localizedName"": ""Trang trí"", ""count"": 2}, {""name"": ""INTERIOR"", ""localizedName"": ""Không gian bên trong"", ""count"": 7}, {""name"": ""CLEANLINESS"", ""localizedName"": ""Mức độ sạch sẽ"", ""count"": 5}, {""name"": ""LOCATION"", ""localizedName"": ""Địa điểm"", ""count"": 13}, {""name"": ""HOSPITALITY"", ""localizedName"": ""Hiếu khách"", ""count"": 10}]","[{""title"": ""Trải nghiệm nhận phòng xuất sắc"", ""subtitle"": ""Những khách ở gần đây đã xếp hạng 5 sao cho quy trình nhận phòng.""}, {""title"": ""Tự nhận phòng"", ""subtitle"": ""Tự nhận phòng với hộp khóa an toàn.""}]"
1440980762786040694,https://www.airbnb.com.vn/rooms/1440980762786040694,20260926000000,2026-09-26,city search,Studio yên bình với tầm nhìn ra sông ngay trung tâm Quận 1,"Chào mừng bạn đến với Studio yên bình với tầm nhìn ra sông ngay trung tâm Quận 1 — một không gian lưu trú ấm cúng, sang trọng tọa lạc tại Quận 1, Thành phố Hồ Chí Minh.
Căn phòng tràn ngập ánh sáng tự nhiên với đầy đủ tiện nghi cao cấp, giường nệm êm ái, máy lạnh, TV và wifi tốc độ cao. Rất thuận tiện di chuyển tới các điểm tham quan, nhà hàng ẩm thực và quán cà phê nổi tiếng của Thành phố Hồ Chí Minh.","Khu vực Quận 1 an ninh, văn minh, gần nhiều địa điểm ăn uống, mua sắm và giải trí sầm uất tại Thành phố Hồ Chí Minh.",https://a0.muscache.com/im/pictures/miso/Hosting-1440980762786040694/original/6a5848b0-2bbd-40af-bf9f-0810533e1fd1.jpeg,47000104,https://www.airbnb.com.vn/users/show/47000104,Khoa,2025-05-16,"Thành phố Hồ Chí Minh, Việt Nam","Xin chào, tôi là Khoa, đã có 1 năm kinh nghiệm làm host. Tôi yêu thích du lịch và luôn mong muốn đem lại trải nghiệm lưu trú thoải mái nhất cho khách.",trong vòng một giờ,100%,98%,t,https://a0.muscache.com/im/pictures/user/User-47000104/original/user_profile_4.jpeg,https://a0.muscache.com/im/pictures/user/User-47000104/original/user_profile_4.jpeg,Quận 1,1,8,"['email', 'phone', 'work_email']",t,t,Quận 1,Quận 1,Thành phố Hồ Chí Minh,10.794,106.6941,Toàn bộ căn hộ cho thuê,Entire home/apt,2,1.0,1 phòng tắm,1,1,"[""Bàn ủi / Bàn là"", ""Thang máy"", ""TV màn hình phẳng"", ""Ban công ngắm cảnh"", ""Dầu gội & Sữa tắm"", ""Bếp đầy đủ tiện nghi"", ""Wi-fi tốc độ cao"", ""Điều hòa nhiệt độ"", ""Máy giặt"", ""Tủ lạnh"", ""Không gian riêng để làm việc"", ""Bộ chăn ga gối cao cấp"", ""Tự nhận phòng với hộp khóa an toàn"", ""Máy sấy tóc"", ""Máy báo khói"", ""Chỗ đỗ xe miễn phí trong khuôn viên"", ""Bồn tắm thư giãn"", ""Bể bơi""]","₫686,500",1,1125,1,2,1125,1125,1.0,1125.0,today,t,20,40,80,311,2026-09-26,65,23,4,2024-01-25,2026-09-08,4.89,4.96,4.97,5.0,5.0,4.82,4.89,,t,2,2,0,0,3.11,"[""https://a0.muscache.com/im/pictures/miso/Hosting-1440980762786040694/original/6a5848b0-2bbd-40af-bf9f-0810533e1fd1.jpeg"", ""https://a0.muscache.com/im/pictures/miso/Hosting-1440980762786040694/original/0991a75d-75c6-456b-904c-a02e07058364.jpeg"", ""https://a0.muscache.com/im/pictures/miso/Hosting-1440980762786040694/original/dab619cc-eb7a-4aeb-b6fe-db37fc1bfb51.jpeg"", ""https://a0.muscache.com/im/pictures/miso/Hosting-1440980762786040694/original/c910c305-b044-4a0a-9d04-924dd9df4144.jpeg"", ""https://a0.muscache.com/im/pictures/miso/Hosting-1440980762786040694/original/9153efd9-098b-409c-b835-1b9849ec13a2.jpeg"", ""https://a0.muscache.com/im/pictures/hosting/Hosting-U3RheVN1cHBseUxpc3Rpbmc6MTQ0MDk4MDc2Mjc4NjA0MDY5NA==/original/da2077f8-e3d8-484a-a7e5-314274af149e.jpeg"", ""https://a0.muscache.com/im/pictures/hosting/Hosting-1440980762786040694/original/59a7fef7-1d92-48db-a18b-569a5c2e521f.jpeg"", ""https://a0.muscache.com/im/pictures/hosting/Hosting-1440980762786040694/original/38ee8f17-8860-49ac-9655-0b7ba61124b3.jpeg"", ""https://a0.muscache.com/im/pictures/hosting/Hosting-1440980762786040694/original/3b543783-3f30-4b26-a430-80f05e0bf0e3.jpeg"", ""https://a0.muscache.com/im/pictures/hosting/Hosting-1440980762786040694/original/50e8f7fa-291f-4dc5-ae29-792c17dd6c16.jpeg"", ""https://a0.muscache.com/im/pictures/hosting/Hosting-1440980762786040694/original/bac5ecd5-ab50-4f4a-b678-117d7e363e78.jpeg"", ""https://a0.muscache.com/im/pictures/hosting/Hosting-1440980762786040694/original/ebed50a9-8af2-4478-be94-4b7015d1cb2c.jpeg"", ""https://a0.muscache.com/im/pictures/hosting/Hosting-1440980762786040694/original/c525ea07-15fa-41a9-8e09-f35731414e0e.jpeg"", ""https://a0.muscache.com/im/pictures/hosting/Hosting-1440980762786040694/original/dfa66b76-96c9-4eab-a005-0514de650398.jpeg"", ""https://a0.muscache.com/im/pictures/hosting/Hosting-1440980762786040694/original/cc85ecd5-3494-4d6d-b3c6-2514f83c9624.jpeg"", ""https://a0.muscache.com/im/pictures/hosting/Hosting-1440980762786040694/original/74286dca-3c4b-46a0-a1b9-475b7a836e77.jpeg""]",t,"[{""name"": ""Rùa"", ""avatar"": ""https://a0.muscache.com/im/pictures/user/avatar_rua.jpg""}, {""name"": ""Long"", ""avatar"": ""https://a0.muscache.com/im/pictures/user/avatar_long.jpg""}]","[{""name"": ""DECOR"", ""localizedName"": ""Trang trí"", ""count"": 16}, {""name"": ""INTERIOR"", ""localizedName"": ""Không gian bên trong"", ""count"": 10}, {""name"": ""CLEANLINESS"", ""localizedName"": ""Mức độ sạch sẽ"", ""count"": 17}, {""name"": ""LOCATION"", ""localizedName"": ""Địa điểm"", ""count"": 13}, {""name"": ""HOSPITALITY"", ""localizedName"": ""Hiếu khách"", ""count"": 15}]","[{""title"": ""Trải nghiệm nhận phòng xuất sắc"", ""subtitle"": ""Những khách ở gần đây đã xếp hạng 5 sao cho quy trình nhận phòng.""}, {""title"": ""Tự nhận phòng"", ""subtitle"": ""Tự nhận phòng với hộp khóa an toàn.""}]"
1478973598675625242,https://www.airbnb.com.vn/rooms/1478973598675625242,20260926000000,2026-09-26,city search,Phòng hiện đại ấm cúng 2 gần sân bay,"Chào mừng bạn đến với Phòng hiện đại ấm cúng 2 gần sân bay — một không gian lưu trú ấm cúng, sang trọng tọa lạc tại Quận Tân Bình, Thành phố Hồ Chí Minh.
Căn phòng tràn ngập ánh sáng tự nhiên với đầy đủ tiện nghi cao cấp, giường nệm êm ái, máy lạnh, TV và wifi tốc độ cao. Rất thuận tiện di chuyển tới các điểm tham quan, nhà hàng ẩm thực và quán cà phê nổi tiếng của Thành phố Hồ Chí Minh.","Khu vực Quận Tân Bình an ninh, văn minh, gần nhiều địa điểm ăn uống, mua sắm và giải trí sầm uất tại Thành phố Hồ Chí Minh.",https://a0.muscache.com/im/pictures/hosting/Hosting-1478973598675625242/original/be257d86-5261-481f-bf51-51b78db44bf3.jpeg,47000105,https://www.airbnb.com.vn/users/show/47000105,Hoàng,2019-12-21,"Thành phố Hồ Chí Minh, Việt Nam","Xin chào, tôi là Hoàng, đã có 6 năm kinh nghiệm làm host. Tôi yêu thích du lịch và luôn mong muốn đem lại trải nghiệm lưu trú thoải mái nhất cho khách.",trong vòng một giờ,100%,98%,f,https://a0.muscache.com/im/pictures/user/User-47000105/original/user_profile_5.jpeg,https://a0.muscache.com/im/pictures/user/User-47000105/original/user_profile_5.jpeg,Quận Tân Bình,5,1,"['email', 'phone', 'work_email']",t,t,Quận Tân Bình,Quận Tân Bình,Thành phố Hồ Chí Minh,10.8028,106.6585,Phòng riêng trong nhà,Private room,2,1.0,1 phòng tắm,1,1,"[""Không gian riêng để làm việc"", ""Wi-fi tốc độ cao"", ""Bàn ủi / Bàn là"", ""Dầu gội & Sữa tắm"", ""Máy báo khói"", ""Máy phát hiện khí CO"", ""Chỗ đỗ xe miễn phí trong khuôn viên"", ""Ban công ngắm cảnh"", ""Điều hòa nhiệt độ"", ""TV màn hình phẳng"", ""Bể bơi"", ""Thang máy"", ""Máy giặt"", ""Bồn tắm thư giãn"", ""Bộ chăn ga gối cao cấp""]","₫487,000",1,1125,1,2,1125,1125,1.0,1125.0,today,t,20,34,68,241,2026-09-26,69,5,4,2023-11-26,2026-09-21,4.84,4.83,4.83,5.0,5.0,4.89,4.95,,f,2,0,1,0,3.69,"[""https://a0.muscache.com/im/pictures/hosting/Hosting-1478973598675625242/original/be257d86-5261-481f-bf51-51b78db44bf3.jpeg"", ""https://a0.muscache.com/im/pictures/hosting/Hosting-1478973598675625242/original/4d5feb98-a5b6-45aa-ac58-f295d7961128.jpeg"", ""https://a0.muscache.com/im/pictures/hosting/Hosting-1478973598675625242/original/a56e1d15-f7f6-477d-a1eb-eec0e407a248.jpeg"", ""https://a0.muscache.com/im/pictures/hosting/Hosting-1478973598675625242/original/0ee2ee45-ee70-4054-9191-fe54486508a4.jpeg"", ""https://a0.muscache.com/im/pictures/hosting/Hosting-1478973598675625242/original/82014e28-d22f-4366-a8f3-2578f8bb995e.jpeg"", ""https://a0.muscache.com/im/pictures/hosting/Hosting-1478973598675625242/original/73f5af9a-51c2-42ea-90ea-063c7d983fb0.jpeg""]",t,"[{""name"": ""Long"", ""avatar"": ""https://a0.muscache.com/im/pictures/user/avatar_long.jpg""}, {""name"": ""Dang Nguyen"", ""avatar"": ""https://a0.muscache.com/im/pictures/user/avatar_dang.jpg""}]","[{""name"": ""DECOR"", ""localizedName"": ""Trang trí"", ""count"": 2}, {""name"": ""INTERIOR"", ""localizedName"": ""Không gian bên trong"", ""count"": 13}, {""name"": ""CLEANLINESS"", ""localizedName"": ""Mức độ sạch sẽ"", ""count"": 25}, {""name"": ""LOCATION"", ""localizedName"": ""Địa điểm"", ""count"": 18}, {""name"": ""HOSPITALITY"", ""localizedName"": ""Hiếu khách"", ""count"": 11}]","[{""title"": ""Trải nghiệm nhận phòng xuất sắc"", ""subtitle"": ""Những khách ở gần đây đã xếp hạng 5 sao cho quy trình nhận phòng.""}, {""title"": ""Tự nhận phòng"", ""subtitle"": ""Tự nhận phòng với hộp khóa an toàn.""}]"
1736683196542228795,https://www.airbnb.com.vn/rooms/1736683196542228795,20260926000000,2026-09-26,city search,Quận 1_Căn hộ cao cấp rộng 53 m2|Ban công lớn|Nhà thờ Hồng,"Chào mừng bạn đến với Quận 1_Căn hộ cao cấp rộng 53 m2|Ban công lớn|Nhà thờ Hồng — một không gian lưu trú ấm cúng, sang trọng tọa lạc tại Quận 1, Thành phố Hồ Chí Minh.
Căn phòng tràn ngập ánh sáng tự nhiên với đầy đủ tiện nghi cao cấp, giường nệm êm ái, máy lạnh, TV và wifi tốc độ cao. Rất thuận tiện di chuyển tới các điểm tham quan, nhà hàng ẩm thực và quán cà phê nổi tiếng của Thành phố Hồ Chí Minh.","Khu vực Quận 1 an ninh, văn minh, gần nhiều địa điểm ăn uống, mua sắm và giải trí sầm uất tại Thành phố Hồ Chí Minh.",https://a0.muscache.com/im/pictures/hosting/Hosting-1736683196542228795/original/789d2bc9-0b47-4b65-a29b-62d557d2bd0f.jpeg,47000106,https://www.airbnb.com.vn/users/show/47000106,Việt,2021-12-02,"Thành phố Hồ Chí Minh, Việt Nam","Xin chào, tôi là Việt, đã có 4 năm kinh nghiệm làm host. Tôi yêu thích du lịch và luôn mong muốn đem lại trải nghiệm lưu trú thoải mái nhất cho khách.",trong vòng một giờ,100%,98%,t,https://a0.muscache.com/im/pictures/user/User-47000106/original/user_profile_6.jpeg,https://a0.muscache.com/im/pictures/user/User-47000106/original/user_profile_6.jpeg,Quận 1,3,1,"['email', 'phone', 'work_email']",t,t,Quận 1,Quận 1,Thành phố Hồ Chí Minh,10.7905,106.6997,Phòng riêng trong nhà,Private room,4,1.0,1 phòng tắm,1,2,"[""Wi-fi tốc độ cao"", ""Tự nhận phòng với hộp khóa an toàn"", ""Điều hòa nhiệt độ"", ""Máy báo khói"", ""Chỗ đỗ xe miễn phí trong khuôn viên"", ""Bộ chăn ga gối cao cấp"", ""Máy phát hiện khí CO"", ""Thang máy"", ""Dầu gội & Sữa tắm"", ""Tủ lạnh"", ""Lò vi sóng"", ""Máy sấy tóc"", ""Bếp đầy đủ tiện nghi"", ""Bàn ủi / Bàn là"", ""Bể bơi"", ""Không gian riêng để làm việc""]","₫1,254,652",1,1125,1,2,1125,1125,1.0,1125.0,today,t,27,49,71,245,2026-09-26,13,10,2,2026-03-15,2026-09-13,5.0,4.88,4.91,5.0,5.0,4.88,4.78,,t,2,0,1,0,1.69,"[""https://a0.muscache.com/im/pictures/hosting/Hosting-1736683196542228795/original/789d2bc9-0b47-4b65-a29b-62d557d2bd0f.jpeg"", ""https://a0.muscache.com/im/pictures/hosting/Hosting-1736683196542228795/original/365f6099-9e04-45fb-8cb9-c9784d13ab7d.jpeg"", ""https://a0.muscache.com/im/pictures/hosting/Hosting-1736683196542228795/original/04ab2c8d-d6d6-42de-8717-13f4678cf759.jpeg"", ""https://a0.muscache.com/im/pictures/hosting/Hosting-1736683196542228795/original/a8cb3fe7-ae95-4428-a6ba-b276fdaeddbc.jpeg"", ""https://a0.muscache.com/im/pictures/hosting/Hosting-1736683196542228795/original/4064588b-ff99-4666-88f5-4db6cf36aeb8.jpeg"", ""https://a0.muscache.com/im/pictures/hosting/Hosting-1736683196542228795/original/c3d65b23-de6e-425a-8d6e-31788f457ded.jpeg""]",t,"[{""name"": ""Long"", ""avatar"": ""https://a0.muscache.com/im/pictures/user/avatar_long.jpg""}, {""name"": ""Dang Nguyen"", ""avatar"": ""https://a0.muscache.com/im/pictures/user/avatar_dang.jpg""}, {""name"": ""Cindy"", ""avatar"": ""https://a0.muscache.com/im/pictures/user/avatar_cindy.jpg""}]","[{""name"": ""DECOR"", ""localizedName"": ""Trang trí"", ""count"": 9}, {""name"": ""INTERIOR"", ""localizedName"": ""Không gian bên trong"", ""count"": 5}, {""name"": ""CLEANLINESS"", ""localizedName"": ""Mức độ sạch sẽ"", ""count"": 20}, {""name"": ""LOCATION"", ""localizedName"": ""Địa điểm"", ""count"": 13}, {""name"": ""HOSPITALITY"", ""localizedName"": ""Hiếu khách"", ""count"": 10}]","[{""title"": ""Trải nghiệm nhận phòng xuất sắc"", ""subtitle"": ""Những khách ở gần đây đã xếp hạng 5 sao cho quy trình nhận phòng.""}, {""title"": ""Tự nhận phòng"", ""subtitle"": ""Tự nhận phòng với hộp khóa an toàn.""}]"
1645102395279731601,https://www.airbnb.com.vn/rooms/1645102395279731601,20260926000000,2026-09-26,city search,Quận 1/Khu vực trung tâm/Du lịch/Hội Home/Netflix,"Chào mừng bạn đến với Quận 1/Khu vực trung tâm/Du lịch/Hội Home/Netflix — một không gian lưu trú ấm cúng, sang trọng tọa lạc tại Quận 1, Thành phố Hồ Chí Minh.
Căn phòng tràn ngập ánh sáng tự nhiên với đầy đủ tiện nghi cao cấp, giường nệm êm ái, máy lạnh, TV và wifi tốc độ cao. Rất thuận tiện di chuyển tới các điểm tham quan, nhà hàng ẩm thực và quán cà phê nổi tiếng của Thành phố Hồ Chí Minh.","Khu vực Quận 1 an ninh, văn minh, gần nhiều địa điểm ăn uống, mua sắm và giải trí sầm uất tại Thành phố Hồ Chí Minh.",https://a0.muscache.com/im/pictures/hosting/Hosting-1645102395279731601/original/ea0437b0-189e-45af-9c9a-24ee92abce9e.jpeg,47000107,https://www.airbnb.com.vn/users/show/47000107,Phong,2020-05-30,"Thành phố Hồ Chí Minh, Việt Nam","Xin chào, tôi là Phong, đã có 6 năm kinh nghiệm làm host. Tôi yêu thích du lịch và luôn mong muốn đem lại trải nghiệm lưu trú thoải mái nhất cho khách.",trong vòng một giờ,100%,98%,f,https://a0.muscache.com/im/pictures/user/User-47000107/original/user_profile_7.jpeg,https://a0.muscache.com/im/pictures/user/User-47000107/original/user_profile_7.jpeg,Quận 1,8,10,"['email', 'phone', 'work_email']",t,t,Quận 1,Quận 1,Thành phố Hồ Chí Minh,10.788544349818057,106.69578579181731,Phòng riêng trong nhà,Private room,2,1.0,1 phòng tắm,1,1,"[""Không gian riêng để làm việc"", ""Bộ chăn ga gối cao cấp"", ""Máy báo khói"", ""Điều hòa nhiệt độ"", ""Chỗ đỗ xe miễn phí trong khuôn viên"", ""Bồn tắm thư giãn"", ""Máy phát hiện khí CO"", ""Ban công ngắm cảnh"", ""Dầu gội & Sữa tắm"", ""Bể bơi"", ""Máy giặt"", ""Bếp đầy đủ tiện nghi"", ""Tủ lạnh"", ""Thang máy"", ""Máy sấy tóc"", ""Wi-fi tốc độ cao"", ""Bàn ủi / Bàn là"", ""Lò vi sóng"", ""Tự nhận phòng với hộp khóa an toàn"", ""TV màn hình phẳng""]","₫749,600",1,1125,1,2,1125,1125,1.0,1125.0,today,t,16,40,50,309,2026-09-26,11,9,0,2026-04-14,2026-09-04,4.91,4.81,4.82,5.0,5.0,4.98,4.84,,f,2,0,1,0,3.92,"[""https://a0.muscache.com/im/pictures/hosting/Hosting-1645102395279731601/original/ea0437b0-189e-45af-9c9a-24ee92abce9e.jpeg"", ""https://a0.muscache.com/im/pictures/hosting/Hosting-1645102395279731601/original/4e5ea8d8-3d92-40d9-86f5-a87214b79aed.jpeg"", ""https://a0.muscache.com/im/pictures/hosting/Hosting-1645102395279731601/original/ecb8ccad-34ba-4493-ac92-a0c6f95cb7fc.jpeg"", ""https://a0.muscache.com/im/pictures/hosting/Hosting-1645102395279731601/original/d2234283-4c94-4fbe-b686-185601e00dce.jpeg"", ""https://a0.muscache.com/im/pictures/hosting/Hosting-1645102395279731601/original/65c5bbf0-28bd-4aef-af1a-3579bfc91658.jpeg"", ""https://a0.muscache.com/im/pictures/hosting/Hosting-1645102395279731601/original/88e62c43-8d37-4a9a-9261-43d7e4c58663.jpeg""]",t,"[{""name"": ""Rùa"", ""avatar"": ""https://a0.muscache.com/im/pictures/user/avatar_rua.jpg""}, {""name"": ""Long"", ""avatar"": ""https://a0.muscache.com/im/pictures/user/avatar_long.jpg""}]","[{""name"": ""DECOR"", ""localizedName"": ""Trang trí"", ""count"": 18}, {""name"": ""INTERIOR"", ""localizedName"": ""Không gian bên trong"", ""count"": 16}, {""name"": ""CLEANLINESS"", ""localizedName"": ""Mức độ sạch sẽ"", ""count"": 12}, {""name"": ""LOCATION"", ""localizedName"": ""Địa điểm"", ""count"": 16}, {""name"": ""HOSPITALITY"", ""localizedName"": ""Hiếu khách"", ""count"": 9}]","[{""title"": ""Trải nghiệm nhận phòng xuất sắc"", ""subtitle"": ""Những khách ở gần đây đã xếp hạng 5 sao cho quy trình nhận phòng.""}, {""title"": ""Tự nhận phòng"", ""subtitle"": ""Tự nhận phòng với hộp khóa an toàn.""}]"
1685603814441098026,https://www.airbnb.com.vn/rooms/1685603814441098026,20260926000000,2026-09-26,city search,"Chỗ ở rộng rãi 2 phòng ngủ, vị trí đắc địa | Cách D1 vài phút","Chào mừng bạn đến với Chỗ ở rộng rãi 2 phòng ngủ, vị trí đắc địa | Cách D1 vài phút — một không gian lưu trú ấm cúng, sang trọng tọa lạc tại Quận 1, Thành phố Hồ Chí Minh.
Căn phòng tràn ngập ánh sáng tự nhiên với đầy đủ tiện nghi cao cấp, giường nệm êm ái, máy lạnh, TV và wifi tốc độ cao. Rất thuận tiện di chuyển tới các điểm tham quan, nhà hàng ẩm thực và quán cà phê nổi tiếng của Thành phố Hồ Chí Minh.","Khu vực Quận 1 an ninh, văn minh, gần nhiều địa điểm ăn uống, mua sắm và giải trí sầm uất tại Thành phố Hồ Chí Minh.",https://a0.muscache.com/im/pictures/hosting/Hosting-1685603814441098026/original/a3316c00-f363-4f7f-87b3-f4c4123c8b00.png,47000108,https://www.airbnb.com.vn/users/show/47000108,Tùng,2020-12-24,"Thành phố Hồ Chí Minh, Việt Nam","Xin chào, tôi là Tùng, đã có 5 năm kinh nghiệm làm host. Tôi yêu thích du lịch và luôn mong muốn đem lại trải nghiệm lưu trú thoải mái nhất cho khách.",trong vòng một giờ,100%,98%,t,https://a0.muscache.com/im/pictures/user/User-47000108/original/user_profile_8.jpeg,https://a0.muscache.com/im/pictures/user/User-47000108/original/user_profile_8.jpeg,Quận 1,3,6,"['email', 'phone', 'work_email']",t,t,Quận 1,Quận 1,Thành phố Hồ Chí Minh,10.762340898550113,106.69919248386579,Phòng riêng trong nhà,Private room,4,1.0,1 phòng tắm,1,2,"[""Bộ chăn ga gối cao cấp"", ""Tủ lạnh"", ""Máy giặt"", ""Ban công ngắm cảnh"", ""Bể bơi"", ""Không gian riêng để làm việc"", ""Điều hòa nhiệt độ"", ""TV màn hình phẳng"", ""Chỗ đỗ xe miễn phí trong khuôn viên"", ""Máy phát hiện khí CO"", ""Thang máy"", ""Tự nhận phòng với hộp khóa an toàn"", ""Máy sấy tóc"", ""Wi-fi tốc độ cao""]","₫1,334,878",1,1125,1,2,1125,1125,1.0,1125.0,today,t,12,45,67,296,2026-09-26,9,9,0,2026-05-14,2026-09-14,5.0,4.98,4.98,5.0,5.0,4.8,4.71,,t,2,0,1,0,1.75,"[""https://a0.muscache.com/im/pictures/hosting/Hosting-1685603814441098026/original/a3316c00-f363-4f7f-87b3-f4c4123c8b00.png"", ""https://a0.muscache.com/im/pictures/hosting/Hosting-1685603814441098026/original/dae79b05-a117-4e18-8ad7-df2ffe0b372a.jpeg"", ""https://a0.muscache.com/im/pictures/hosting/Hosting-1685603814441098026/original/59188346-87ff-48c6-ad13-0de0f6df67f0.jpeg"", ""https://a0.muscache.com/im/pictures/hosting/Hosting-1685603814441098026/original/5b88d8d6-6682-47a8-bf18-74543d5f22d7.jpeg"", ""https://a0.muscache.com/im/pictures/hosting/Hosting-1685603814441098026/original/cf0540da-19ae-4424-a845-ba243cb1c6a8.jpeg"", ""https://a0.muscache.com/im/pictures/hosting/Hosting-1685603814441098026/original/dc27da58-5b4f-4151-812b-acd6535525c9.jpeg""]",t,"[{""name"": ""Long"", ""avatar"": ""https://a0.muscache.com/im/pictures/user/avatar_long.jpg""}, {""name"": ""Rùa"", ""avatar"": ""https://a0.muscache.com/im/pictures/user/avatar_rua.jpg""}, {""name"": ""Cindy"", ""avatar"": ""https://a0.muscache.com/im/pictures/user/avatar_cindy.jpg""}]","[{""name"": ""DECOR"", ""localizedName"": ""Trang trí"", ""count"": 3}, {""name"": ""INTERIOR"", ""localizedName"": ""Không gian bên trong"", ""count"": 19}, {""name"": ""CLEANLINESS"", ""localizedName"": ""Mức độ sạch sẽ"", ""count"": 9}, {""name"": ""LOCATION"", ""localizedName"": ""Địa điểm"", ""count"": 5}, {""name"": ""HOSPITALITY"", ""localizedName"": ""Hiếu khách"", ""count"": 5}]","[{""title"": ""Trải nghiệm nhận phòng xuất sắc"", ""subtitle"": ""Những khách ở gần đây đã xếp hạng 5 sao cho quy trình nhận phòng.""}, {""title"": ""Tự nhận phòng"", ""subtitle"": ""Tự nhận phòng với hộp khóa an toàn.""}]"
1407770386596316251,https://www.airbnb.com.vn/rooms/1407770386596316251,20260926000000,2026-09-26,city search,Căn hộ studio có sân thượng,"Chào mừng bạn đến với Căn hộ studio có sân thượng — một không gian lưu trú ấm cúng, sang trọng tọa lạc tại Quận 3, Thành phố Hồ Chí Minh.
Căn phòng tràn ngập ánh sáng tự nhiên với đầy đủ tiện nghi cao cấp, giường nệm êm ái, máy lạnh, TV và wifi tốc độ cao. Rất thuận tiện di chuyển tới các điểm tham quan, nhà hàng ẩm thực và quán cà phê nổi tiếng của Thành phố Hồ Chí Minh.","Khu vực Quận 3 an ninh, văn minh, gần nhiều địa điểm ăn uống, mua sắm và giải trí sầm uất tại Thành phố Hồ Chí Minh.",https://a0.muscache.com/im/pictures/hosting/Hosting-1407770386596316251/original/c84c35d1-8aa5-4c89-a6fd-6654bcf48faf.jpeg,47000109,https://www.airbnb.com.vn/users/show/47000109,Quân,2022-07-30,"Thành phố Hồ Chí Minh, Việt Nam","Xin chào, tôi là Quân, đã có 4 năm kinh nghiệm làm host. Tôi yêu thích du lịch và luôn mong muốn đem lại trải nghiệm lưu trú thoải mái nhất cho khách.",trong vòng một giờ,100%,98%,f,https://a0.muscache.com/im/pictures/user/User-47000109/original/user_profile_9.jpeg,https://a0.muscache.com/im/pictures/user/User-47000109/original/user_profile_9.jpeg,Quận 3,4,10,"['email', 'phone', 'work_email']",t,t,Quận 3,Quận 3,Thành phố Hồ Chí Minh,10.7901,106.7085,Phòng riêng trong nhà,Private room,2,1.0,1 phòng tắm,1,1,"[""Máy sấy tóc"", ""Bồn tắm thư giãn"", ""TV màn hình phẳng"", ""Máy giặt"", ""Thang máy"", ""Chỗ đỗ xe miễn phí trong khuôn viên"", ""Bể bơi"", ""Điều hòa nhiệt độ"", ""Dầu gội & Sữa tắm"", ""Máy báo khói"", ""Không gian riêng để làm việc"", ""Bếp đầy đủ tiện nghi"", ""Wi-fi tốc độ cao"", ""Bộ chăn ga gối cao cấp"", ""Tự nhận phòng với hộp khóa an toàn"", ""Lò vi sóng"", ""Ban công ngắm cảnh"", ""Tủ lạnh"", ""Máy phát hiện khí CO""]","₫970,000",1,1125,1,2,1125,1125,1.0,1125.0,today,t,12,44,63,261,2026-09-26,51,33,0,2024-08-22,2026-09-07,4.84,4.93,4.9,5.0,5.0,4.95,4.87,,f,2,0,1,0,3.8,"[""https://a0.muscache.com/im/pictures/hosting/Hosting-1407770386596316251/original/c84c35d1-8aa5-4c89-a6fd-6654bcf48faf.jpeg"", ""https://a0.muscache.com/im/pictures/hosting/Hosting-1407770386596316251/original/8c0cc93e-e01b-432e-ba51-10a9a512466c.jpeg"", ""https://a0.muscache.com/im/pictures/hosting/Hosting-1407770386596316251/original/c8b01cb5-4047-4fab-a75c-638cc4a0e5d2.jpeg"", ""https://a0.muscache.com/im/pictures/hosting/Hosting-1407770386596316251/original/6f201991-1b55-49c9-ae06-f2eea118bce4.jpeg"", ""https://a0.muscache.com/im/pictures/hosting/Hosting-1407770386596316251/original/975f1a19-e953-4772-bea3-3c7da7c2900a.jpeg"", ""https://a0.muscache.com/im/pictures/hosting/Hosting-1407770386596316251/original/59d4994a-d6cc-4193-a10c-2f08a886b276.jpeg""]",t,"[{""name"": ""Rùa"", ""avatar"": ""https://a0.muscache.com/im/pictures/user/avatar_rua.jpg""}, {""name"": ""Dang Nguyen"", ""avatar"": ""https://a0.muscache.com/im/pictures/user/avatar_dang.jpg""}]","[{""name"": ""DECOR"", ""localizedName"": ""Trang trí"", ""count"": 16}, {""name"": ""INTERIOR"", ""localizedName"": ""Không gian bên trong"", ""count"": 12}, {""name"": ""CLEANLINESS"", ""localizedName"": ""Mức độ sạch sẽ"", ""count"": 18}, {""name"": ""LOCATION"", ""localizedName"": ""Địa điểm"", ""count"": 14}, {""name"": ""HOSPITALITY"", ""localizedName"": ""Hiếu khách"", ""count"": 13}]","[{""title"": ""Trải nghiệm nhận phòng xuất sắc"", ""subtitle"": ""Những khách ở gần đây đã xếp hạng 5 sao cho quy trình nhận phòng.""}, {""title"": ""Tự nhận phòng"", ""subtitle"": ""Tự nhận phòng với hộp khóa an toàn.""}]"
1674411004038863338,https://www.airbnb.com.vn/rooms/1674411004038863338,20260926000000,2026-09-26,city search,Căn hộ 3 phòng ngủ hiện đại tại Vinhomes Grand Park,"Chào mừng bạn đến với Căn hộ 3 phòng ngủ hiện đại tại Vinhomes Grand Park — một không gian lưu trú ấm cúng, sang trọng tọa lạc tại Quận 4, Thành phố Hồ Chí Minh.
Căn phòng tràn ngập ánh sáng tự nhiên với đầy đủ tiện nghi cao cấp, giường nệm êm ái, máy lạnh, TV và wifi tốc độ cao. Rất thuận tiện di chuyển tới các điểm tham quan, nhà hàng ẩm thực và quán cà phê nổi tiếng của Thành phố Hồ Chí Minh.","Khu vực Quận 4 an ninh, văn minh, gần nhiều địa điểm ăn uống, mua sắm và giải trí sầm uất tại Thành phố Hồ Chí Minh.",https://a0.muscache.com/im/pictures/hosting/Hosting-1674411004038863338/original/1dab5081-8f8d-406d-a6be-139432e8dc81.jpeg,47000110,https://www.airbnb.com.vn/users/show/47000110,Felix,2020-05-28,"Thành phố Hồ Chí Minh, Việt Nam","Xin chào, tôi là Felix, đã có 6 năm kinh nghiệm làm host. Tôi yêu thích du lịch và luôn mong muốn đem lại trải nghiệm lưu trú thoải mái nhất cho khách.",trong vòng một giờ,100%,98%,t,https://a0.muscache.com/im/pictures/user/User-47000110/original/user_profile_0.jpeg,https://a0.muscache.com/im/pictures/user/User-47000110/original/user_profile_0.jpeg,Quận 4,5,8,"['email', 'phone', 'work_email']",t,t,Quận 4,Quận 4,Thành phố Hồ Chí Minh,10.8441,106.6864,Toàn bộ căn hộ cho thuê,Entire home/apt,8,2.0,2 phòng tắm,3,4,"[""Máy giặt"", ""Điều hòa nhiệt độ"", ""Wi-fi tốc độ cao"", ""Bếp đầy đủ tiện nghi"", ""Tự nhận phòng với hộp khóa an toàn"", ""Không gian riêng để làm việc"", ""Chỗ đỗ xe miễn phí trong khuôn viên"", ""Bể bơi"", ""Lò vi sóng"", ""Tủ lạnh"", ""Ban công ngắm cảnh"", ""Bộ chăn ga gối cao cấp"", ""Máy phát hiện khí CO"", ""Máy sấy tóc"", ""Máy báo khói"", ""Thang máy"", ""Bàn ủi / Bàn là"", ""Dầu gội & Sữa tắm""]","₫2,045,917",1,1125,1,2,1125,1125,1.0,1125.0,today,t,16,45,79,247,2026-09-26,12,12,4,2026-03-30,2026-09-11,5.0,4.96,4.84,5.0,5.0,4.75,4.88,,t,2,2,0,0,2.01,"[""https://a0.muscache.com/im/pictures/hosting/Hosting-1674411004038863338/original/1dab5081-8f8d-406d-a6be-139432e8dc81.jpeg"", ""https://a0.muscache.com/im/pictures/hosting/Hosting-1674411004038863338/original/7fc3ee50-e906-4c22-a2cc-839c43093a24.jpeg"", ""https://a0.muscache.com/im/pictures/hosting/Hosting-1674411004038863338/original/381b1ee7-f501-436a-b20e-fc54f93881b4.jpeg"", ""https://a0.muscache.com/im/pictures/hosting/Hosting-1674411004038863338/original/084d4eb0-e8c3-434c-a492-16457b27719c.jpeg"", ""https://a0.muscache.com/im/pictures/hosting/Hosting-1674411004038863338/original/49dee38b-1bb8-4f62-9a75-5247d940e546.jpeg"", ""https://a0.muscache.com/im/pictures/hosting/Hosting-1674411004038863338/original/8bf4c9c9-4495-4773-899d-3b1d3cf33b43.jpeg"", ""https://a0.muscache.com/im/pictures/hosting/Hosting-1674411004038863338/original/4216e456-56fa-4cf1-9d96-9bba866779da.jpeg"", ""https://a0.muscache.com/im/pictures/hosting/Hosting-1674411004038863338/original/ba660370-ffd5-49cd-b2a7-51a32d2599c3.jpeg"", ""https://a0.muscache.com/im/pictures/hosting/Hosting-1674411004038863338/original/4ab1b401-3aaa-426c-afc1-f28f4a4b5d40.jpeg"", ""https://a0.muscache.com/im/pictures/hosting/Hosting-1674411004038863338/original/0ed28c9b-c2a9-4306-9eb6-f4c3c6d5a927.jpeg"", ""https://a0.muscache.com/im/pictures/hosting/Hosting-1674411004038863338/original/f0954f63-949e-4779-ab9e-7fa78cd18b8e.jpeg"", ""https://a0.muscache.com/im/pictures/hosting/Hosting-1674411004038863338/original/68a97c2e-a98d-4f46-a62f-bdf63f97d954.jpeg"", ""https://a0.muscache.com/im/pictures/hosting/Hosting-1674411004038863338/original/f43578d7-cc04-4dc1-8c2a-4aeea879920f.jpeg"", ""https://a0.muscache.com/im/pictures/hosting/Hosting-1674411004038863338/original/36d22fdb-885c-4c1f-b5fa-7e0e9da87675.jpeg"", ""https://a0.muscache.com/im/pictures/hosting/Hosting-1674411004038863338/original/461edba9-eb14-4da0-be37-efa8de71cd32.jpeg"", ""https://a0.muscache.com/im/pictures/hosting/Hosting-1674411004038863338/original/3e0b051d-2e48-44d3-9c8d-07c9b5b6300d.jpeg"", ""https://a0.muscache.com/im/pictures/hosting/Hosting-1674411004038863338/original/bfdee949-aa0b-4aed-9bcf-5e3c3ee04fb8.jpeg"", ""https://a0.muscache.com/im/pictures/hosting/Hosting-1674411004038863338/original/3e07d702-5395-4b9d-b520-b074f09805fa.jpeg"", ""https://a0.muscache.com/im/pictures/hosting/Hosting-1674411004038863338/original/6de6337b-7df5-4a15-a5ac-4679e426ad41.jpeg"", ""https://a0.muscache.com/im/pictures/hosting/Hosting-1674411004038863338/original/f8424ff8-2d98-47e0-96a1-5e03018ab291.jpeg"", ""https://a0.muscache.com/im/pictures/hosting/Hosting-1674411004038863338/original/19d88039-13a6-429a-a78d-b4f3a5e09585.jpeg"", ""https://a0.muscache.com/im/pictures/hosting/Hosting-1674411004038863338/original/f6ff2a4b-ff83-445e-ac67-23bd3b289aeb.jpeg"", ""https://a0.muscache.com/im/pictures/hosting/Hosting-1674411004038863338/original/9031a9e8-e194-4791-a1f2-602720fda77b.jpeg"", ""https://a0.muscache.com/im/pictures/hosting/Hosting-1674411004038863338/original/8f957fa9-f683-4b1a-93e7-ab6d286ab168.jpeg"", ""https://a0.muscache.com/im/pictures/hosting/Hosting-1674411004038863338/original/80921dea-4591-414c-85f2-82bf01b151cc.jpeg"", ""https://a0.muscache.com/im/pictures/hosting/Hosting-1674411004038863338/original/6ee5afcb-8087-4139-93e7-6e68f328e37e.jpeg"", ""https://a0.muscache.com/im/pictures/hosting/Hosting-1674411004038863338/original/5bd5ae51-af50-4374-a775-50cbaf54c3d4.jpeg"", ""https://a0.muscache.com/im/pictures/hosting/Hosting-1674411004038863338/original/ebeab3b9-d97e-4dec-8fbc-04b1f53eec65.jpeg"", ""https://a0.muscache.com/im/pictures/hosting/Hosting-1674411004038863338/original/87d4c645-2c8f-4c33-828b-531146d14b6a.jpeg""]",t,"[{""name"": ""Dang Nguyen"", ""avatar"": ""https://a0.muscache.com/im/pictures/user/avatar_dang.jpg""}]","[{""name"": ""DECOR"", ""localizedName"": ""Trang trí"", ""count"": 4}, {""name"": ""INTERIOR"", ""localizedName"": ""Không gian bên trong"", ""count"": 8}, {""name"": ""CLEANLINESS"", ""localizedName"": ""Mức độ sạch sẽ"", ""count"": 3}, {""name"": ""LOCATION"", ""localizedName"": ""Địa điểm"", ""count"": 6}, {""name"": ""HOSPITALITY"", ""localizedName"": ""Hiếu khách"", ""count"": 11}]","[{""title"": ""Trải nghiệm nhận phòng xuất sắc"", ""subtitle"": ""Những khách ở gần đây đã xếp hạng 5 sao cho quy trình nhận phòng.""}, {""title"": ""Tự nhận phòng"", ""subtitle"": ""Tự nhận phòng với hộp khóa an toàn.""}]"
1544174154384973198,https://www.airbnb.com.vn/rooms/1544174154384973198,20260926000000,2026-09-26,city search,BW House Thảo Điền Ban công 203,"Chào mừng bạn đến với BW House Thảo Điền Ban công 203 — một không gian lưu trú ấm cúng, sang trọng tọa lạc tại Quận 7, Thành phố Hồ Chí Minh.
Căn phòng tràn ngập ánh sáng tự nhiên với đầy đủ tiện nghi cao cấp, giường nệm êm ái, máy lạnh, TV và wifi tốc độ cao. Rất thuận tiện di chuyển tới các điểm tham quan, nhà hàng ẩm thực và quán cà phê nổi tiếng của Thành phố Hồ Chí Minh.","Khu vực Quận 7 an ninh, văn minh, gần nhiều địa điểm ăn uống, mua sắm và giải trí sầm uất tại Thành phố Hồ Chí Minh.",https://a0.muscache.com/im/pictures/hosting/Hosting-1544174154384973198/original/e442dff3-29b1-4544-9366-e68dafb4cb2f.jpeg,47000111,https://www.airbnb.com.vn/users/show/47000111,Cindy,2024-01-06,"Thành phố Hồ Chí Minh, Việt Nam","Xin chào, tôi là Cindy, đã có 2 năm kinh nghiệm làm host. Tôi yêu thích du lịch và luôn mong muốn đem lại trải nghiệm lưu trú thoải mái nhất cho khách.",trong vòng một giờ,100%,98%,f,https://a0.muscache.com/im/pictures/user/User-47000111/original/user_profile_1.jpeg,https://a0.muscache.com/im/pictures/user/User-47000111/original/user_profile_1.jpeg,Quận 7,2,8,"['email', 'phone', 'work_email']",t,t,Quận 7,Quận 7,Thành phố Hồ Chí Minh,10.807548858724573,106.73243791612832,Phòng riêng trong nhà,Private room,2,1.0,1 phòng tắm,1,1,"[""Máy sấy tóc"", ""Máy giặt"", ""TV màn hình phẳng"", ""Tủ lạnh"", ""Tự nhận phòng với hộp khóa an toàn"", ""Chỗ đỗ xe miễn phí trong khuôn viên"", ""Máy phát hiện khí CO"", ""Lò vi sóng"", ""Điều hòa nhiệt độ"", ""Bàn ủi / Bàn là"", ""Bể bơi"", ""Bếp đầy đủ tiện nghi"", ""Wi-fi tốc độ cao"", ""Bồn tắm thư giãn""]","₫1,150,000",1,1125,1,2,1125,1125,1.0,1125.0,today,t,22,54,73,288,2026-09-26,38,1,4,2025-03-05,2026-09-04,4.95,4.89,4.82,5.0,5.0,4.98,4.85,,f,2,0,1,0,2.62,"[""https://a0.muscache.com/im/pictures/hosting/Hosting-1544174154384973198/original/e442dff3-29b1-4544-9366-e68dafb4cb2f.jpeg"", ""https://a0.muscache.com/im/pictures/hosting/Hosting-1544174154384973198/original/092ed809-8de0-48b2-8a33-6b42b1b5ce37.jpeg"", ""https://a0.muscache.com/im/pictures/hosting/Hosting-1544174154384973198/original/2bf2ad39-4f1b-4411-80ce-ad432f7ad339.jpeg"", ""https://a0.muscache.com/im/pictures/hosting/Hosting-1544174154384973198/original/9a3a24b5-7b3c-44b4-81c0-384affcd53b8.jpeg"", ""https://a0.muscache.com/im/pictures/hosting/Hosting-1544174154384973198/original/81132268-2472-425c-bcf1-cd1d1532ad77.jpeg"", ""https://a0.muscache.com/im/pictures/hosting/Hosting-1544174154384973198/original/b1f3c3f3-035f-4ec1-8e12-fec68b952522.jpeg""]",t,"[{""name"": ""Long"", ""avatar"": ""https://a0.muscache.com/im/pictures/user/avatar_long.jpg""}]","[{""name"": ""DECOR"", ""localizedName"": ""Trang trí"", ""count"": 18}, {""name"": ""INTERIOR"", ""localizedName"": ""Không gian bên trong"", ""count"": 2}, {""name"": ""CLEANLINESS"", ""localizedName"": ""Mức độ sạch sẽ"", ""count"": 17}, {""name"": ""LOCATION"", ""localizedName"": ""Địa điểm"", ""count"": 3}, {""name"": ""HOSPITALITY"", ""localizedName"": ""Hiếu khách"", ""count"": 13}]","[{""title"": ""Trải nghiệm nhận phòng xuất sắc"", ""subtitle"": ""Những khách ở gần đây đã xếp hạng 5 sao cho quy trình nhận phòng.""}, {""title"": ""Tự nhận phòng"", ""subtitle"": ""Tự nhận phòng với hộp khóa an toàn.""}]"
1669670231816165460,https://www.airbnb.com.vn/rooms/1669670231816165460,20260926000000,2026-09-26,city search,Scarlet Nest | 2 giường cỡ Queen | Trung tâm Quận 1,"Chào mừng bạn đến với Scarlet Nest | 2 giường cỡ Queen | Trung tâm Quận 1 — một không gian lưu trú ấm cúng, sang trọng tọa lạc tại Quận 1, Thành phố Hồ Chí Minh.
Căn phòng tràn ngập ánh sáng tự nhiên với đầy đủ tiện nghi cao cấp, giường nệm êm ái, máy lạnh, TV và wifi tốc độ cao. Rất thuận tiện di chuyển tới các điểm tham quan, nhà hàng ẩm thực và quán cà phê nổi tiếng của Thành phố Hồ Chí Minh.","Khu vực Quận 1 an ninh, văn minh, gần nhiều địa điểm ăn uống, mua sắm và giải trí sầm uất tại Thành phố Hồ Chí Minh.",https://a0.muscache.com/im/pictures/hosting/Hosting-1669670231816165460/original/520c1c5f-d256-453f-a619-65dadc5b6c25.jpeg,47000112,https://www.airbnb.com.vn/users/show/47000112,Rose,2021-02-24,"Thành phố Hồ Chí Minh, Việt Nam","Xin chào, tôi là Rose, đã có 5 năm kinh nghiệm làm host. Tôi yêu thích du lịch và luôn mong muốn đem lại trải nghiệm lưu trú thoải mái nhất cho khách.",trong vòng một giờ,100%,98%,t,https://a0.muscache.com/im/pictures/user/User-47000112/original/user_profile_2.jpeg,https://a0.muscache.com/im/pictures/user/User-47000112/original/user_profile_2.jpeg,Quận 1,6,9,"['email', 'phone', 'work_email']",t,t,Quận 1,Quận 1,Thành phố Hồ Chí Minh,10.79167,106.70322,Phòng riêng trong nhà,Private room,4,1.0,1 phòng tắm,1,2,"[""Thang máy"", ""Lò vi sóng"", ""Không gian riêng để làm việc"", ""Ban công ngắm cảnh"", ""Máy sấy tóc"", ""Bếp đầy đủ tiện nghi"", ""Tự nhận phòng với hộp khóa an toàn"", ""Bộ chăn ga gối cao cấp"", ""Máy giặt"", ""Điều hòa nhiệt độ"", ""Máy báo khói"", ""Chỗ đỗ xe miễn phí trong khuôn viên"", ""Máy phát hiện khí CO"", ""TV màn hình phẳng"", ""Bồn tắm thư giãn"", ""Bể bơi"", ""Dầu gội & Sữa tắm"", ""Wi-fi tốc độ cao"", ""Tủ lạnh"", ""Bàn ủi / Bàn là""]","₫1,312,800",1,1125,1,2,1125,1125,1.0,1125.0,today,t,17,49,75,297,2026-09-26,6,3,2,2026-06-28,2026-09-14,5.0,4.94,4.9,5.0,5.0,4.93,4.77,,t,2,0,1,0,3.87,"[""https://a0.muscache.com/im/pictures/hosting/Hosting-1669670231816165460/original/520c1c5f-d256-453f-a619-65dadc5b6c25.jpeg"", ""https://a0.muscache.com/im/pictures/hosting/Hosting-1669670231816165460/original/10590076-c6e4-475e-a94a-8111fcb7a273.jpeg"", ""https://a0.muscache.com/im/pictures/hosting/Hosting-1669670231816165460/original/cd8b4b6a-c0da-4df9-8523-919765e0717e.jpeg"", ""https://a0.muscache.com/im/pictures/hosting/Hosting-1669670231816165460/original/c247079b-3fa8-4229-9143-07989ec18031.jpeg"", ""https://a0.muscache.com/im/pictures/hosting/Hosting-1669670231816165460/original/7c3e698c-0eb4-4af9-8a89-1fb737cb149e.jpeg"", ""https://a0.muscache.com/im/pictures/hosting/Hosting-1669670231816165460/original/0e36a4f6-8f1c-476a-8a7d-e52c65e17e12.jpeg""]",t,"[{""name"": ""Rùa"", ""avatar"": ""https://a0.muscache.com/im/pictures/user/avatar_rua.jpg""}, {""name"": ""Cindy"", ""avatar"": ""https://a0.muscache.com/im/pictures/user/avatar_cindy.jpg""}]","[{""name"": ""DECOR"", ""localizedName"": ""Trang trí"", ""count"": 4}, {""name"": ""INTERIOR"", ""localizedName"": ""Không gian bên trong"", ""count"": 12}, {""name"": ""CLEANLINESS"", ""localizedName"": ""Mức độ sạch sẽ"", ""count"": 11}, {""name"": ""LOCATION"", ""localizedName"": ""Địa điểm"", ""count"": 20}, {""name"": ""HOSPITALITY"", ""localizedName"": ""Hiếu khách"", ""count"": 9}]","[{""title"": ""Trải nghiệm nhận phòng xuất sắc"", ""subtitle"": ""Những khách ở gần đây đã xếp hạng 5 sao cho quy trình nhận phòng.""}, {""title"": ""Tự nhận phòng"", ""subtitle"": ""Tự nhận phòng với hộp khóa an toàn.""}]"
1493070062768940086,https://www.airbnb.com.vn/rooms/1493070062768940086,20260926000000,2026-09-26,city search,R155 | 3F Bright & Cozy Room by Airport,"Chào mừng bạn đến với R155 | 3F Bright & Cozy Room by Airport — một không gian lưu trú ấm cúng, sang trọng tọa lạc tại Quận Bình Thạnh, Thành phố Hồ Chí Minh.
Căn phòng tràn ngập ánh sáng tự nhiên với đầy đủ tiện nghi cao cấp, giường nệm êm ái, máy lạnh, TV và wifi tốc độ cao. Rất thuận tiện di chuyển tới các điểm tham quan, nhà hàng ẩm thực và quán cà phê nổi tiếng của Thành phố Hồ Chí Minh.","Khu vực Quận Bình Thạnh an ninh, văn minh, gần nhiều địa điểm ăn uống, mua sắm và giải trí sầm uất tại Thành phố Hồ Chí Minh.",https://a0.muscache.com/im/pictures/hosting/Hosting-1487492472063269411/original/d63e4d15-e97c-4240-a3f6-f288a8f39563.jpeg,47000113,https://www.airbnb.com.vn/users/show/47000113,LangX,2020-04-05,"Thành phố Hồ Chí Minh, Việt Nam","Xin chào, tôi là LangX, đã có 6 năm kinh nghiệm làm host. Tôi yêu thích du lịch và luôn mong muốn đem lại trải nghiệm lưu trú thoải mái nhất cho khách.",trong vòng một giờ,100%,98%,f,https://a0.muscache.com/im/pictures/user/User-47000113/original/user_profile_3.jpeg,https://a0.muscache.com/im/pictures/user/User-47000113/original/user_profile_3.jpeg,Quận Bình Thạnh,7,7,"['email', 'phone', 'work_email']",t,t,Quận Bình Thạnh,Quận Bình Thạnh,Thành phố Hồ Chí Minh,10.79363,106.67324,Phòng riêng trong nhà,Private room,2,1.0,1 phòng tắm,1,1,"[""Bếp đầy đủ tiện nghi"", ""Điều hòa nhiệt độ"", ""Tủ lạnh"", ""Bộ chăn ga gối cao cấp"", ""Lò vi sóng"", ""Bể bơi"", ""Máy phát hiện khí CO"", ""Bàn ủi / Bàn là"", ""Máy sấy tóc"", ""Wi-fi tốc độ cao"", ""Không gian riêng để làm việc"", ""TV màn hình phẳng"", ""Chỗ đỗ xe miễn phí trong khuôn viên"", ""Dầu gội & Sữa tắm"", ""Tự nhận phòng với hộp khóa an toàn"", ""Máy giặt"", ""Bồn tắm thư giãn""]","₫367,215",1,1125,1,2,1125,1125,1.0,1125.0,today,t,14,54,65,234,2026-09-26,46,8,5,2024-11-05,2026-09-06,4.89,4.81,4.93,5.0,5.0,4.79,4.94,,f,2,0,1,0,1.69,"[""https://a0.muscache.com/im/pictures/hosting/Hosting-1487492472063269411/original/d63e4d15-e97c-4240-a3f6-f288a8f39563.jpeg"", ""https://a0.muscache.com/im/pictures/hosting/Hosting-1487492472063269411/original/12943c47-dd0a-4085-832d-089236c69b98.jpeg"", ""https://a0.muscache.com/im/pictures/hosting/Hosting-1487492472063269411/original/e51084d4-db37-4053-98c7-ff85a31a47ff.jpeg"", ""https://a0.muscache.com/im/pictures/hosting/Hosting-1487492472063269411/original/cc0a133e-1616-4271-9262-cc0debecb6cd.jpeg"", ""https://a0.muscache.com/im/pictures/hosting/Hosting-1487492472063269411/original/bbcaad36-2f42-491f-8f69-b585bbede61d.jpeg"", ""https://a0.muscache.com/im/pictures/hosting/Hosting-1487492472063269411/original/ecfb0865-1352-4a3e-812f-55b9e42360ad.jpeg""]",t,"[{""name"": ""Cindy"", ""avatar"": ""https://a0.muscache.com/im/pictures/user/avatar_cindy.jpg""}]","[{""name"": ""DECOR"", ""localizedName"": ""Trang trí"", ""count"": 14}, {""name"": ""INTERIOR"", ""localizedName"": ""Không gian bên trong"", ""count"": 21}, {""name"": ""CLEANLINESS"", ""localizedName"": ""Mức độ sạch sẽ"", ""count"": 16}, {""name"": ""LOCATION"", ""localizedName"": ""Địa điểm"", ""count"": 19}, {""name"": ""HOSPITALITY"", ""localizedName"": ""Hiếu khách"", ""count"": 9}]","[{""title"": ""Trải nghiệm nhận phòng xuất sắc"", ""subtitle"": ""Những khách ở gần đây đã xếp hạng 5 sao cho quy trình nhận phòng.""}, {""title"": ""Tự nhận phòng"", ""subtitle"": ""Tự nhận phòng với hộp khóa an toàn.""}]"
1363067556240979787,https://www.airbnb.com.vn/rooms/1363067556240979787,20260926000000,2026-09-26,city search,201・Gần sân bay TSN・Tự checkin・FREE Giặt sấy,"Chào mừng bạn đến với 201・Gần sân bay TSN・Tự checkin・FREE Giặt sấy — một không gian lưu trú ấm cúng, sang trọng tọa lạc tại Quận Phú Nhuận, Thành phố Hồ Chí Minh.
Căn phòng tràn ngập ánh sáng tự nhiên với đầy đủ tiện nghi cao cấp, giường nệm êm ái, máy lạnh, TV và wifi tốc độ cao. Rất thuận tiện di chuyển tới các điểm tham quan, nhà hàng ẩm thực và quán cà phê nổi tiếng của Thành phố Hồ Chí Minh.","Khu vực Quận Phú Nhuận an ninh, văn minh, gần nhiều địa điểm ăn uống, mua sắm và giải trí sầm uất tại Thành phố Hồ Chí Minh.",https://a0.muscache.com/im/pictures/hosting/Hosting-1363067556240979787/original/727e78d2-b228-4bce-ab1f-ddbae0613c89.jpeg,47000114,https://www.airbnb.com.vn/users/show/47000114,Ken,2022-01-09,"Thành phố Hồ Chí Minh, Việt Nam","Xin chào, tôi là Ken, đã có 4 năm kinh nghiệm làm host. Tôi yêu thích du lịch và luôn mong muốn đem lại trải nghiệm lưu trú thoải mái nhất cho khách.",trong vòng một giờ,100%,98%,t,https://a0.muscache.com/im/pictures/user/User-47000114/original/user_profile_4.jpeg,https://a0.muscache.com/im/pictures/user/User-47000114/original/user_profile_4.jpeg,Quận Phú Nhuận,5,4,"['email', 'phone', 'work_email']",t,t,Quận Phú Nhuận,Quận Phú Nhuận,Thành phố Hồ Chí Minh,10.8091,106.6808,Phòng riêng trong nhà,Private room,2,1.0,1 phòng tắm,1,1,"[""Wi-fi tốc độ cao"", ""Bàn ủi / Bàn là"", ""Chỗ đỗ xe miễn phí trong khuôn viên"", ""Thang máy"", ""Máy báo khói"", ""Máy phát hiện khí CO"", ""Ban công ngắm cảnh"", ""Điều hòa nhiệt độ"", ""TV màn hình phẳng"", ""Máy sấy tóc"", ""Dầu gội & Sữa tắm"", ""Máy giặt"", ""Bồn tắm thư giãn"", ""Lò vi sóng"", ""Bể bơi"", ""Không gian riêng để làm việc"", ""Bộ chăn ga gối cao cấp""]","₫547,908",1,1125,1,2,1125,1125,1.0,1125.0,today,t,24,46,71,266,2026-09-26,93,28,1,2023-06-14,2026-09-21,4.95,4.85,4.99,5.0,5.0,4.83,4.81,,t,2,0,1,0,4.23,"[""https://a0.muscache.com/im/pictures/hosting/Hosting-1363067556240979787/original/727e78d2-b228-4bce-ab1f-ddbae0613c89.jpeg"", ""https://a0.muscache.com/im/pictures/hosting/Hosting-1363067556240979787/original/6fdafd22-8008-4cf6-b223-dd907dd1576a.jpeg"", ""https://a0.muscache.com/im/pictures/hosting/Hosting-1363067556240979787/original/b00db781-d563-4bfb-b5d8-8599cabfa325.jpeg"", ""https://a0.muscache.com/im/pictures/hosting/Hosting-1363067556240979787/original/17d91e8a-bbfc-48bd-b400-46a6e7a532ee.jpeg"", ""https://a0.muscache.com/im/pictures/hosting/Hosting-1363067556240979787/original/63bd4f70-f5ba-46af-a19b-cb7bba384ded.jpeg"", ""https://a0.muscache.com/im/pictures/hosting/Hosting-1363067556240979787/original/e4b4072a-b948-406e-9c93-0a08311975f5.jpeg""]",t,"[{""name"": ""Dang Nguyen"", ""avatar"": ""https://a0.muscache.com/im/pictures/user/avatar_dang.jpg""}, {""name"": ""Cindy"", ""avatar"": ""https://a0.muscache.com/im/pictures/user/avatar_cindy.jpg""}]","[{""name"": ""DECOR"", ""localizedName"": ""Trang trí"", ""count"": 13}, {""name"": ""INTERIOR"", ""localizedName"": ""Không gian bên trong"", ""count"": 12}, {""name"": ""CLEANLINESS"", ""localizedName"": ""Mức độ sạch sẽ"", ""count"": 14}, {""name"": ""LOCATION"", ""localizedName"": ""Địa điểm"", ""count"": 15}, {""name"": ""HOSPITALITY"", ""localizedName"": ""Hiếu khách"", ""count"": 12}]","[{""title"": ""Trải nghiệm nhận phòng xuất sắc"", ""subtitle"": ""Những khách ở gần đây đã xếp hạng 5 sao cho quy trình nhận phòng.""}, {""title"": ""Tự nhận phòng"", ""subtitle"": ""Tự nhận phòng với hộp khóa an toàn.""}]"
1620308163828075610,https://www.airbnb.com.vn/rooms/1620308163828075610,20260926000000,2026-09-26,city search,"Căn hộ, ban công nhìn ra đường phố, bồn tắm lớn","Chào mừng bạn đến với Căn hộ, ban công nhìn ra đường phố, bồn tắm lớn — một không gian lưu trú ấm cúng, sang trọng tọa lạc tại Quận Tân Bình, Thành phố Hồ Chí Minh.
Căn phòng tràn ngập ánh sáng tự nhiên với đầy đủ tiện nghi cao cấp, giường nệm êm ái, máy lạnh, TV và wifi tốc độ cao. Rất thuận tiện di chuyển tới các điểm tham quan, nhà hàng ẩm thực và quán cà phê nổi tiếng của Thành phố Hồ Chí Minh.","Khu vực Quận Tân Bình an ninh, văn minh, gần nhiều địa điểm ăn uống, mua sắm và giải trí sầm uất tại Thành phố Hồ Chí Minh.",https://a0.muscache.com/im/pictures/hosting/Hosting-1620308163828075610/original/d40da8c6-373d-4ca7-840d-f7f6ea32c5f5.jpeg,47000115,https://www.airbnb.com.vn/users/show/47000115,Bella,2021-06-27,"Thành phố Hồ Chí Minh, Việt Nam","Xin chào, tôi là Bella, đã có 5 năm kinh nghiệm làm host. Tôi yêu thích du lịch và luôn mong muốn đem lại trải nghiệm lưu trú thoải mái nhất cho khách.",trong vòng một giờ,100%,98%,f,https://a0.muscache.com/im/pictures/user/User-47000115/original/user_profile_5.jpeg,https://a0.muscache.com/im/pictures/user/User-47000115/original/user_profile_5.jpeg,Quận Tân Bình,7,7,"['email', 'phone', 'work_email']",t,t,Quận Tân Bình,Quận Tân Bình,Thành phố Hồ Chí Minh,10.7964,106.6533,Phòng riêng trong nhà,Private room,2,1.0,1 phòng tắm,1,1,"[""Bể bơi"", ""Tủ lạnh"", ""Tự nhận phòng với hộp khóa an toàn"", ""Không gian riêng để làm việc"", ""Wi-fi tốc độ cao"", ""Máy sấy tóc"", ""Bàn ủi / Bàn là"", ""Máy giặt"", ""Ban công ngắm cảnh"", ""TV màn hình phẳng"", ""Điều hòa nhiệt độ"", ""Thang máy"", ""Chỗ đỗ xe miễn phí trong khuôn viên"", ""Máy báo khói"", ""Lò vi sóng"", ""Bộ chăn ga gối cao cấp"", ""Dầu gội & Sữa tắm""]","₫1,120,000",1,1125,1,2,1125,1125,1.0,1125.0,today,t,27,51,85,234,2026-09-26,10,5,1,2026-04-29,2026-09-10,5.0,4.84,4.92,5.0,5.0,4.73,4.89,,f,2,0,1,0,3.13,"[""https://a0.muscache.com/im/pictures/hosting/Hosting-1620308163828075610/original/d40da8c6-373d-4ca7-840d-f7f6ea32c5f5.jpeg"", ""https://a0.muscache.com/im/pictures/hosting/Hosting-1620308163828075610/original/9162a195-ba74-4355-b25b-b95c6b9fab97.jpeg"", ""https://a0.muscache.com/im/pictures/hosting/Hosting-1620308163828075610/original/1f7ca147-11a3-4caa-b56d-3f2248500c23.jpeg"", ""https://a0.muscache.com/im/pictures/hosting/Hosting-1620308163828075610/original/cf8de553-446f-455b-9eb0-1f3cadbe98a6.jpeg"", ""https://a0.muscache.com/im/pictures/hosting/Hosting-1620308163828075610/original/b019bfed-c576-4802-addf-e62afeeb69e8.jpeg"", ""https://a0.muscache.com/im/pictures/hosting/Hosting-1620308163828075610/original/5099fbd3-7353-46ff-9b88-0ed7b109a87b.jpeg""]",t,"[{""name"": ""Long"", ""avatar"": ""https://a0.muscache.com/im/pictures/user/avatar_long.jpg""}, {""name"": ""Rùa"", ""avatar"": ""https://a0.muscache.com/im/pictures/user/avatar_rua.jpg""}]","[{""name"": ""DECOR"", ""localizedName"": ""Trang trí"", ""count"": 5}, {""name"": ""INTERIOR"", ""localizedName"": ""Không gian bên trong"", ""count"": 8}, {""name"": ""CLEANLINESS"", ""localizedName"": ""Mức độ sạch sẽ"", ""count"": 6}, {""name"": ""LOCATION"", ""localizedName"": ""Địa điểm"", ""count"": 8}, {""name"": ""HOSPITALITY"", ""localizedName"": ""Hiếu khách"", ""count"": 7}]","[{""title"": ""Trải nghiệm nhận phòng xuất sắc"", ""subtitle"": ""Những khách ở gần đây đã xếp hạng 5 sao cho quy trình nhận phòng.""}, {""title"": ""Tự nhận phòng"", ""subtitle"": ""Tự nhận phòng với hộp khóa an toàn.""}]"
1399332728606836302,https://www.airbnb.com.vn/rooms/1399332728606836302,20260926000000,2026-09-26,city search,Grand Suite Lầu 3・Ban Công・TV 4K・Giặt sấy miễn phí,"Chào mừng bạn đến với Grand Suite Lầu 3・Ban Công・TV 4K・Giặt sấy miễn phí — một không gian lưu trú ấm cúng, sang trọng tọa lạc tại Quận Tân Bình, Thành phố Hồ Chí Minh.
Căn phòng tràn ngập ánh sáng tự nhiên với đầy đủ tiện nghi cao cấp, giường nệm êm ái, máy lạnh, TV và wifi tốc độ cao. Rất thuận tiện di chuyển tới các điểm tham quan, nhà hàng ẩm thực và quán cà phê nổi tiếng của Thành phố Hồ Chí Minh.","Khu vực Quận Tân Bình an ninh, văn minh, gần nhiều địa điểm ăn uống, mua sắm và giải trí sầm uất tại Thành phố Hồ Chí Minh.",https://a0.muscache.com/im/pictures/hosting/Hosting-1399332728606836302/original/faf5aaae-77ee-41f0-aac9-b5ef4cf6aa15.jpeg,47000116,https://www.airbnb.com.vn/users/show/47000116,Tony,2023-07-12,"Thành phố Hồ Chí Minh, Việt Nam","Xin chào, tôi là Tony, đã có 3 năm kinh nghiệm làm host. Tôi yêu thích du lịch và luôn mong muốn đem lại trải nghiệm lưu trú thoải mái nhất cho khách.",trong vòng một giờ,100%,98%,t,https://a0.muscache.com/im/pictures/user/User-47000116/original/user_profile_6.jpeg,https://a0.muscache.com/im/pictures/user/User-47000116/original/user_profile_6.jpeg,Quận Tân Bình,5,7,"['email', 'phone', 'work_email']",t,t,Quận Tân Bình,Quận Tân Bình,Thành phố Hồ Chí Minh,10.7937,106.67543,Phòng riêng trong nhà,Private room,2,1.0,1 phòng tắm,1,1,"[""Không gian riêng để làm việc"", ""Bồn tắm thư giãn"", ""Wi-fi tốc độ cao"", ""Bàn ủi / Bàn là"", ""Tủ lạnh"", ""Bếp đầy đủ tiện nghi"", ""Dầu gội & Sữa tắm"", ""Máy phát hiện khí CO"", ""Máy báo khói"", ""Điều hòa nhiệt độ"", ""Lò vi sóng"", ""TV màn hình phẳng"", ""Thang máy"", ""Bộ chăn ga gối cao cấp"", ""Tự nhận phòng với hộp khóa an toàn"", ""Máy sấy tóc"", ""Chỗ đỗ xe miễn phí trong khuôn viên"", ""Ban công ngắm cảnh"", ""Máy giặt"", ""Bể bơi""]","₫680,837",1,1125,1,2,1125,1125,1.0,1125.0,today,t,26,39,52,269,2026-09-26,54,2,0,2024-07-08,2026-09-03,4.98,4.84,4.91,5.0,5.0,4.76,4.74,,t,2,0,1,0,1.81,"[""https://a0.muscache.com/im/pictures/hosting/Hosting-1399332728606836302/original/faf5aaae-77ee-41f0-aac9-b5ef4cf6aa15.jpeg"", ""https://a0.muscache.com/im/pictures/hosting/Hosting-1399332728606836302/original/dc1ee9fd-3caf-4fc2-ab96-9ef8a41aa052.jpeg"", ""https://a0.muscache.com/im/pictures/miso/Hosting-1399332728606836302/original/3eb09190-3848-4d3f-be4c-2fd5e41c3b79.jpeg"", ""https://a0.muscache.com/im/pictures/miso/Hosting-1399332728606836302/original/a16800b1-d7ac-4b40-8129-84d42e2ae74f.jpeg"", ""https://a0.muscache.com/im/pictures/miso/Hosting-1399332728606836302/original/058e6533-61a0-48d6-a892-7f81b9b73390.jpeg"", ""https://a0.muscache.com/im/pictures/miso/Hosting-1399332728606836302/original/d8d1dcbf-ad13-4d3a-b630-9cf6071ad135.jpeg""]",t,"[{""name"": ""Cindy"", ""avatar"": ""https://a0.muscache.com/im/pictures/user/avatar_cindy.jpg""}]","[{""name"": ""DECOR"", ""localizedName"": ""Trang trí"", ""count"": 3}, {""name"": ""INTERIOR"", ""localizedName"": ""Không gian bên trong"", ""count"": 12}, {""name"": ""CLEANLINESS"", ""localizedName"": ""Mức độ sạch sẽ"", ""count"": 5}, {""name"": ""LOCATION"", ""localizedName"": ""Địa điểm"", ""count"": 17}, {""name"": ""HOSPITALITY"", ""localizedName"": ""Hiếu khách"", ""count"": 15}]","[{""title"": ""Trải nghiệm nhận phòng xuất sắc"", ""subtitle"": ""Những khách ở gần đây đã xếp hạng 5 sao cho quy trình nhận phòng.""}, {""title"": ""Tự nhận phòng"", ""subtitle"": ""Tự nhận phòng với hộp khóa an toàn.""}]"
1754205221965104974,https://www.airbnb.com.vn/rooms/1754205221965104974,20260926000000,2026-09-26,city search,Nhà trung tâm 6 phòng ngủ_Phòng tắm riêng | Đi bộ đến Bùi Viện,"Chào mừng bạn đến với Nhà trung tâm 6 phòng ngủ_Phòng tắm riêng | Đi bộ đến Bùi Viện — một không gian lưu trú ấm cúng, sang trọng tọa lạc tại Quận 1, Thành phố Hồ Chí Minh.
Căn phòng tràn ngập ánh sáng tự nhiên với đầy đủ tiện nghi cao cấp, giường nệm êm ái, máy lạnh, TV và wifi tốc độ cao. Rất thuận tiện di chuyển tới các điểm tham quan, nhà hàng ẩm thực và quán cà phê nổi tiếng của Thành phố Hồ Chí Minh.","Khu vực Quận 1 an ninh, văn minh, gần nhiều địa điểm ăn uống, mua sắm và giải trí sầm uất tại Thành phố Hồ Chí Minh.",https://a0.muscache.com/im/pictures/hosting/Hosting-1754205221965104974/original/e3e69d43-2c92-4279-af72-74f6bcd9526b.jpeg,47000117,https://www.airbnb.com.vn/users/show/47000117,Anna,2022-07-11,"Thành phố Hồ Chí Minh, Việt Nam","Xin chào, tôi là Anna, đã có 4 năm kinh nghiệm làm host. Tôi yêu thích du lịch và luôn mong muốn đem lại trải nghiệm lưu trú thoải mái nhất cho khách.",trong vòng một giờ,100%,98%,f,https://a0.muscache.com/im/pictures/user/User-47000117/original/user_profile_7.jpeg,https://a0.muscache.com/im/pictures/user/User-47000117/original/user_profile_7.jpeg,Quận 1,4,4,"['email', 'phone', 'work_email']",t,t,Quận 1,Quận 1,Thành phố Hồ Chí Minh,10.7612,106.69423,Toàn bộ nhà,Entire home/apt,12,6.0,6 phòng tắm,6,6,"[""Wi-fi tốc độ cao"", ""Máy sấy tóc"", ""Bếp đầy đủ tiện nghi"", ""Chỗ đỗ xe miễn phí trong khuôn viên"", ""Dầu gội & Sữa tắm"", ""Ban công ngắm cảnh"", ""Thang máy"", ""Bộ chăn ga gối cao cấp"", ""Bàn ủi / Bàn là"", ""Máy báo khói"", ""Máy phát hiện khí CO"", ""Bồn tắm thư giãn"", ""Tủ lạnh"", ""Điều hòa nhiệt độ""]","₫4,831,839",1,1125,1,2,1125,1125,1.0,1125.0,today,t,20,39,67,239,2026-09-26,6,2,0,2026-06-28,2026-09-01,5.0,4.81,4.84,5.0,5.0,4.93,4.73,,f,2,2,0,0,3.72,"[""https://a0.muscache.com/im/pictures/hosting/Hosting-1754205221965104974/original/e3e69d43-2c92-4279-af72-74f6bcd9526b.jpeg"", ""https://a0.muscache.com/im/pictures/hosting/Hosting-1754205221965104974/original/65feb0d8-b71f-43a6-9940-a7a11f4f1308.png"", ""https://a0.muscache.com/im/pictures/hosting/Hosting-1754205221965104974/original/e682a02b-608e-48c1-b1c8-c4c9714d3648.png"", ""https://a0.muscache.com/im/pictures/hosting/Hosting-1754205221965104974/original/95fc3c90-5c11-4e69-98ee-a09ff1fc78ea.jpeg"", ""https://a0.muscache.com/im/pictures/hosting/Hosting-1754205221965104974/original/43b111ec-c3f9-40c4-b0a2-701246e3bf61.png"", ""https://a0.muscache.com/im/pictures/hosting/Hosting-1754205221965104974/original/458cd2b8-9e02-4d05-b799-b51af8e65f3f.jpeg"", ""https://a0.muscache.com/im/pictures/hosting/Hosting-1754205221965104974/original/9cff332c-4b76-4558-b771-154dc5c611d0.jpeg"", ""https://a0.muscache.com/im/pictures/hosting/Hosting-1754205221965104974/original/cac988f7-f7e8-4cae-bce1-936f4f3dfc43.png"", ""https://a0.muscache.com/im/pictures/hosting/Hosting-1754205221965104974/original/f4009ee7-cff7-477b-a968-e54cdd25e1a5.jpeg"", ""https://a0.muscache.com/im/pictures/hosting/Hosting-1754205221965104974/original/14025c1c-7eaf-46db-9b17-4e471e35cc2b.jpeg"", ""https://a0.muscache.com/im/pictures/hosting/Hosting-1754205221965104974/original/f32b1348-3c43-461f-adf5-03b423ed86fa.jpeg"", ""https://a0.muscache.com/im/pictures/hosting/Hosting-1754205221965104974/original/e92517f5-a491-459e-9b5c-5d585e8a98cb.jpeg"", ""https://a0.muscache.com/im/pictures/hosting/Hosting-1754205221965104974/original/ec0c9251-f4fa-4f37-b790-8eb01f05e7ff.jpeg"", ""https://a0.muscache.com/im/pictures/hosting/Hosting-1754205221965104974/original/d733ede4-d9c3-462a-97ba-eb956c7f3f0b.jpeg"", ""https://a0.muscache.com/im/pictures/hosting/Hosting-1754205221965104974/original/db8746a2-ec0b-481d-a056-acd6ab862189.jpeg"", ""https://a0.muscache.com/im/pictures/hosting/Hosting-1754205221965104974/original/399d6044-24fd-4f47-bb73-3735275ef32a.jpeg"", ""https://a0.muscache.com/im/pictures/hosting/Hosting-1754205221965104974/original/011eabd6-a4f4-4fce-889d-2d11ff0fe1e0.jpeg"", ""https://a0.muscache.com/im/pictures/hosting/Hosting-1754205221965104974/original/dbe74b5f-40c1-4f65-8f3a-8a2af268935f.jpeg"", ""https://a0.muscache.com/im/pictures/hosting/Hosting-1754205221965104974/original/c09ea587-4e97-4e1a-808e-e0354fd9d593.jpeg"", ""https://a0.muscache.com/im/pictures/hosting/Hosting-1754205221965104974/original/e43d901e-f957-4893-8c14-427c8412200f.png"", ""https://a0.muscache.com/im/pictures/hosting/Hosting-1754205221965104974/original/6813028b-e351-4453-a6cb-80327f3b8c24.png"", ""https://a0.muscache.com/im/pictures/hosting/Hosting-1754205221965104974/original/d8109fdb-c2df-47ab-9250-a5ea911ea326.png"", ""https://a0.muscache.com/im/pictures/hosting/Hosting-1754205221965104974/original/ce72b757-2907-4e93-b2e1-61135e58d34b.jpeg"", ""https://a0.muscache.com/im/pictures/hosting/Hosting-1754205221965104974/original/658398a4-56fa-4705-906c-acb7cf138dc7.png"", ""https://a0.muscache.com/im/pictures/hosting/Hosting-1754205221965104974/original/4dd4c611-7886-4074-acbb-2455e9097dcd.png"", ""https://a0.muscache.com/im/pictures/hosting/Hosting-1754205221965104974/original/61757d29-467b-4d8c-aa8f-3c324dd192e1.png"", ""https://a0.muscache.com/im/pictures/hosting/Hosting-1754205221965104974/original/b3ce1b6c-6f9d-4025-8317-3225a782a90f.png"", ""https://a0.muscache.com/im/pictures/hosting/Hosting-1754205221965104974/original/03908e28-c6db-484f-9cf4-3ce859ee122b.png"", ""https://a0.muscache.com/im/pictures/hosting/Hosting-1754205221965104974/original/9e20b5cf-dc2e-4b82-b6ef-436a8d680e33.jpeg""]",t,"[{""name"": ""Rùa"", ""avatar"": ""https://a0.muscache.com/im/pictures/user/avatar_rua.jpg""}]","[{""name"": ""DECOR"", ""localizedName"": ""Trang trí"", ""count"": 6}, {""name"": ""INTERIOR"", ""localizedName"": ""Không gian bên trong"", ""count"": 7}, {""name"": ""CLEANLINESS"", ""localizedName"": ""Mức độ sạch sẽ"", ""count"": 14}, {""name"": ""LOCATION"", ""localizedName"": ""Địa điểm"", ""count"": 8}, {""name"": ""HOSPITALITY"", ""localizedName"": ""Hiếu khách"", ""count"": 12}]","[{""title"": ""Trải nghiệm nhận phòng xuất sắc"", ""subtitle"": ""Những khách ở gần đây đã xếp hạng 5 sao cho quy trình nhận phòng.""}, {""title"": ""Tự nhận phòng"", ""subtitle"": ""Tự nhận phòng với hộp khóa an toàn.""}]"
559809628485332885,https://www.airbnb.com.vn/rooms/559809628485332885,20260926000000,2026-09-26,city search,AustinHome#3_The Elegance in small space/Netflix,"Chào mừng bạn đến với AustinHome#3_The Elegance in small space/Netflix — một không gian lưu trú ấm cúng, sang trọng tọa lạc tại Quận 3, Thành phố Hồ Chí Minh.
Căn phòng tràn ngập ánh sáng tự nhiên với đầy đủ tiện nghi cao cấp, giường nệm êm ái, máy lạnh, TV và wifi tốc độ cao. Rất thuận tiện di chuyển tới các điểm tham quan, nhà hàng ẩm thực và quán cà phê nổi tiếng của Thành phố Hồ Chí Minh.","Khu vực Quận 3 an ninh, văn minh, gần nhiều địa điểm ăn uống, mua sắm và giải trí sầm uất tại Thành phố Hồ Chí Minh.",https://a0.muscache.com/im/pictures/miso/Hosting-559809628485332885/original/018e1b6b-1f7b-43c4-ab68-e81ff10ad203.jpeg,47000118,https://www.airbnb.com.vn/users/show/47000118,David,2023-08-26,"Thành phố Hồ Chí Minh, Việt Nam","Xin chào, tôi là David, đã có 3 năm kinh nghiệm làm host. Tôi yêu thích du lịch và luôn mong muốn đem lại trải nghiệm lưu trú thoải mái nhất cho khách.",trong vòng một giờ,100%,98%,t,https://a0.muscache.com/im/pictures/user/User-47000118/original/user_profile_8.jpeg,https://a0.muscache.com/im/pictures/user/User-47000118/original/user_profile_8.jpeg,Quận 3,9,8,"['email', 'phone', 'work_email']",t,t,Quận 3,Quận 3,Thành phố Hồ Chí Minh,10.771258721604132,106.68503160500015,Phòng riêng trong nhà,Private room,2,1.0,1 phòng tắm,1,1,"[""Tự nhận phòng với hộp khóa an toàn"", ""Điều hòa nhiệt độ"", ""Không gian riêng để làm việc"", ""Chỗ đỗ xe miễn phí trong khuôn viên"", ""Tủ lạnh"", ""Ban công ngắm cảnh"", ""Thang máy"", ""Bộ chăn ga gối cao cấp"", ""Bếp đầy đủ tiện nghi"", ""Lò vi sóng"", ""Máy phát hiện khí CO"", ""Wi-fi tốc độ cao"", ""Máy sấy tóc"", ""TV màn hình phẳng"", ""Bàn ủi / Bàn là"", ""Bể bơi"", ""Dầu gội & Sữa tắm"", ""Bồn tắm thư giãn"", ""Máy báo khói"", ""Máy giặt""]","₫570,000",1,1125,1,2,1125,1125,1.0,1125.0,today,t,16,54,64,291,2026-09-26,149,38,3,2023-06-14,2026-09-09,4.93,4.89,4.96,5.0,5.0,4.74,4.85,,t,2,0,1,0,2.45,"[""https://a0.muscache.com/im/pictures/miso/Hosting-559809628485332885/original/018e1b6b-1f7b-43c4-ab68-e81ff10ad203.jpeg"", ""https://a0.muscache.com/im/pictures/hosting/Hosting-559809628485332885/original/6f87fc52-4530-4bbe-8106-a84b9f6d3bdf.jpeg"", ""https://a0.muscache.com/im/pictures/1ae4e285-e64a-4e95-8050-4d8f1da5b6f3.jpg"", ""https://a0.muscache.com/im/pictures/miso/Hosting-559809628485332885/original/6e4c63f4-9504-4760-bfcb-9801b72accd0.jpeg"", ""https://a0.muscache.com/im/pictures/miso/Hosting-559809628485332885/original/c77f353d-b2fb-4195-967c-6f2e165e9ff5.jpeg"", ""https://a0.muscache.com/im/pictures/5f47511c-2489-4e91-8c77-07cad23b3dd5.jpg""]",t,"[{""name"": ""Dang Nguyen"", ""avatar"": ""https://a0.muscache.com/im/pictures/user/avatar_dang.jpg""}]","[{""name"": ""DECOR"", ""localizedName"": ""Trang trí"", ""count"": 17}, {""name"": ""INTERIOR"", ""localizedName"": ""Không gian bên trong"", ""count"": 8}, {""name"": ""CLEANLINESS"", ""localizedName"": ""Mức độ sạch sẽ"", ""count"": 5}, {""name"": ""LOCATION"", ""localizedName"": ""Địa điểm"", ""count"": 15}, {""name"": ""HOSPITALITY"", ""localizedName"": ""Hiếu khách"", ""count"": 5}]","[{""title"": ""Trải nghiệm nhận phòng xuất sắc"", ""subtitle"": ""Những khách ở gần đây đã xếp hạng 5 sao cho quy trình nhận phòng.""}, {""title"": ""Tự nhận phòng"", ""subtitle"": ""Tự nhận phòng với hộp khóa an toàn.""}]"
1754429753857928366,https://www.airbnb.com.vn/rooms/1754429753857928366,20260926000000,2026-09-26,city search,"Nomah Suites | Studio ấm cúng, cách Nhà thờ Tân Định vài phút","Chào mừng bạn đến với Nomah Suites | Studio ấm cúng, cách Nhà thờ Tân Định vài phút — một không gian lưu trú ấm cúng, sang trọng tọa lạc tại Quận 4, Thành phố Hồ Chí Minh.
Căn phòng tràn ngập ánh sáng tự nhiên với đầy đủ tiện nghi cao cấp, giường nệm êm ái, máy lạnh, TV và wifi tốc độ cao. Rất thuận tiện di chuyển tới các điểm tham quan, nhà hàng ẩm thực và quán cà phê nổi tiếng của Thành phố Hồ Chí Minh.","Khu vực Quận 4 an ninh, văn minh, gần nhiều địa điểm ăn uống, mua sắm và giải trí sầm uất tại Thành phố Hồ Chí Minh.",https://a0.muscache.com/im/pictures/hosting/Hosting-1743165932982318952/original/3e1552df-9b82-40f1-a327-9b642e6d36d5.png,47000119,https://www.airbnb.com.vn/users/show/47000119,Mia,2020-09-04,"Thành phố Hồ Chí Minh, Việt Nam","Xin chào, tôi là Mia, đã có 6 năm kinh nghiệm làm host. Tôi yêu thích du lịch và luôn mong muốn đem lại trải nghiệm lưu trú thoải mái nhất cho khách.",trong vòng một giờ,100%,98%,f,https://a0.muscache.com/im/pictures/user/User-47000119/original/user_profile_9.jpeg,https://a0.muscache.com/im/pictures/user/User-47000119/original/user_profile_9.jpeg,Quận 4,8,9,"['email', 'phone', 'work_email']",t,t,Quận 4,Quận 4,Thành phố Hồ Chí Minh,10.7861,106.6924,Toàn bộ căn hộ cho thuê,Entire home/apt,2,1.0,1 phòng tắm,1,1,"[""Máy giặt"", ""Máy phát hiện khí CO"", ""Bể bơi"", ""Bàn ủi / Bàn là"", ""TV màn hình phẳng"", ""Tủ lạnh"", ""Ban công ngắm cảnh"", ""Bồn tắm thư giãn"", ""Chỗ đỗ xe miễn phí trong khuôn viên"", ""Wi-fi tốc độ cao"", ""Tự nhận phòng với hộp khóa an toàn"", ""Máy báo khói"", ""Máy sấy tóc"", ""Điều hòa nhiệt độ""]","₫1,038,000",1,1125,1,2,1125,1125,1.0,1125.0,today,t,14,48,67,334,2026-09-26,5,2,4,2026-07-13,2026-09-17,5.0,4.81,4.92,5.0,5.0,4.8,4.91,,f,2,2,0,0,4.19,"[""https://a0.muscache.com/im/pictures/hosting/Hosting-1743165932982318952/original/3e1552df-9b82-40f1-a327-9b642e6d36d5.png"", ""https://a0.muscache.com/im/pictures/hosting/Hosting-1743165932982318952/original/b19322c0-3d14-4a6a-8e61-06f32eeaf4d1.jpeg"", ""https://a0.muscache.com/im/pictures/hosting/Hosting-1743165932982318952/original/b5242892-d645-47c3-a1ba-f7890a4fedf7.png"", ""https://a0.muscache.com/im/pictures/hosting/Hosting-1743165932982318952/original/a6ab3cba-f690-4beb-8e13-2266f2440612.jpeg"", ""https://a0.muscache.com/im/pictures/hosting/Hosting-1743165932982318952/original/8c3e34e0-3ada-466b-b072-e61f4dece07c.png"", ""https://a0.muscache.com/im/pictures/hosting/Hosting-1743165932982318952/original/3c240c8d-2839-46e0-b75b-a3e46a98d998.png""]",t,"[{""name"": ""Rùa"", ""avatar"": ""https://a0.muscache.com/im/pictures/user/avatar_rua.jpg""}, {""name"": ""Dang Nguyen"", ""avatar"": ""https://a0.muscache.com/im/pictures/user/avatar_dang.jpg""}]","[{""name"": ""DECOR"", ""localizedName"": ""Trang trí"", ""count"": 13}, {""name"": ""INTERIOR"", ""localizedName"": ""Không gian bên trong"", ""count"": 21}, {""name"": ""CLEANLINESS"", ""localizedName"": ""Mức độ sạch sẽ"", ""count"": 14}, {""name"": ""LOCATION"", ""localizedName"": ""Địa điểm"", ""count"": 17}, {""name"": ""HOSPITALITY"", ""localizedName"": ""Hiếu khách"", ""count"": 14}]","[{""title"": ""Trải nghiệm nhận phòng xuất sắc"", ""subtitle"": ""Những khách ở gần đây đã xếp hạng 5 sao cho quy trình nhận phòng.""}, {""title"": ""Tự nhận phòng"", ""subtitle"": ""Tự nhận phòng với hộp khóa an toàn.""}]"
1761487947725380489,https://www.airbnb.com.vn/rooms/1761487947725380489,20260926000000,2026-09-26,city search,"Căn hộ Masteri Thảo Điền 2 phòng ngủ, cách ga tàu điện ngầm 300m, có hồ bơi và phòng tập thể dục","Chào mừng bạn đến với Căn hộ Masteri Thảo Điền 2 phòng ngủ, cách ga tàu điện ngầm 300m, có hồ bơi và phòng tập thể dục — một không gian lưu trú ấm cúng, sang trọng tọa lạc tại Quận 7, Thành phố Hồ Chí Minh.
Căn phòng tràn ngập ánh sáng tự nhiên với đầy đủ tiện nghi cao cấp, giường nệm êm ái, máy lạnh, TV và wifi tốc độ cao. Rất thuận tiện di chuyển tới các điểm tham quan, nhà hàng ẩm thực và quán cà phê nổi tiếng của Thành phố Hồ Chí Minh.","Khu vực Quận 7 an ninh, văn minh, gần nhiều địa điểm ăn uống, mua sắm và giải trí sầm uất tại Thành phố Hồ Chí Minh.",https://a0.muscache.com/im/pictures/hosting/Hosting-1761487947725380489/original/1c75f539-caa6-4018-83df-16b185148d26.jpeg,47000120,https://www.airbnb.com.vn/users/show/47000120,Minh,2025-03-16,"Thành phố Hồ Chí Minh, Việt Nam","Xin chào, tôi là Minh, đã có 1 năm kinh nghiệm làm host. Tôi yêu thích du lịch và luôn mong muốn đem lại trải nghiệm lưu trú thoải mái nhất cho khách.",trong vòng một giờ,100%,98%,t,https://a0.muscache.com/im/pictures/user/User-47000120/original/user_profile_0.jpeg,https://a0.muscache.com/im/pictures/user/User-47000120/original/user_profile_0.jpeg,Quận 7,6,6,"['email', 'phone', 'work_email']",t,t,Quận 7,Quận 7,Thành phố Hồ Chí Minh,10.8036,106.7429,Toàn bộ căn hộ cho thuê,Entire home/apt,4,2.0,2 phòng tắm,2,2,"[""Bàn ủi / Bàn là"", ""Điều hòa nhiệt độ"", ""Máy sấy tóc"", ""Bể bơi"", ""Lò vi sóng"", ""Không gian riêng để làm việc"", ""Tủ lạnh"", ""Wi-fi tốc độ cao"", ""Thang máy"", ""Máy phát hiện khí CO"", ""Chỗ đỗ xe miễn phí trong khuôn viên"", ""Bồn tắm thư giãn"", ""Tự nhận phòng với hộp khóa an toàn"", ""Máy báo khói"", ""TV màn hình phẳng""]","₫1,373,663",1,1125,1,2,1125,1125,1.0,1125.0,today,t,20,38,54,232,2026-09-26,4,3,4,2026-07-28,2026-09-24,5.0,4.91,4.95,5.0,5.0,4.7,4.73,,t,2,2,0,0,4.78,"[""https://a0.muscache.com/im/pictures/hosting/Hosting-1761487947725380489/original/1c75f539-caa6-4018-83df-16b185148d26.jpeg"", ""https://a0.muscache.com/im/pictures/hosting/Hosting-1761487947725380489/original/66cdfd9c-fc9c-49f9-9434-6bd42fa1e75e.jpeg"", ""https://a0.muscache.com/im/pictures/hosting/Hosting-1761487947725380489/original/37a08d94-71b2-4647-92cd-8d6266695c02.jpeg"", ""https://a0.muscache.com/im/pictures/hosting/Hosting-1761487947725380489/original/5fa4cb15-44f9-4f9f-83a5-b7028f353af4.jpeg"", ""https://a0.muscache.com/im/pictures/hosting/Hosting-1761487947725380489/original/5c7250dd-48de-4c2d-b14f-e0886e1fc251.jpeg"", ""https://a0.muscache.com/im/pictures/hosting/Hosting-1761487947725380489/original/e852ebed-71a9-4f68-900d-92e29ebaac07.jpeg"", ""https://a0.muscache.com/im/pictures/hosting/Hosting-1761487947725380489/original/a3061a6d-5ca7-49b6-a124-99aa3112e17a.jpeg"", ""https://a0.muscache.com/im/pictures/hosting/Hosting-1761487947725380489/original/2cbf34b5-0a50-4b58-bab7-f43421cf5aa8.jpeg"", ""https://a0.muscache.com/im/pictures/hosting/Hosting-1761487947725380489/original/e1197c85-667d-403f-9dc0-2043f860f552.jpeg"", ""https://a0.muscache.com/im/pictures/hosting/Hosting-1761487947725380489/original/ed620f27-fa8f-44ae-ab08-e2723ed7a410.jpeg"", ""https://a0.muscache.com/im/pictures/hosting/Hosting-1761487947725380489/original/8290d0fa-ef03-4ea8-b043-b9c1a045bee4.jpeg"", ""https://a0.muscache.com/im/pictures/hosting/Hosting-1761487947725380489/original/c189d112-da0e-40f2-8e35-58b85f930e38.jpeg"", ""https://a0.muscache.com/im/pictures/hosting/Hosting-1761487947725380489/original/7c67e3cf-3a5c-4081-a3d7-13dc50175226.jpeg"", ""https://a0.muscache.com/im/pictures/hosting/Hosting-1761487947725380489/original/431cb0d9-e6b8-41c8-9b7a-89d1aa127bab.jpeg"", ""https://a0.muscache.com/im/pictures/hosting/Hosting-1761487947725380489/original/0480bb72-9499-4dc5-bfc3-c0d6867585b8.jpeg"", ""https://a0.muscache.com/im/pictures/hosting/Hosting-1761487947725380489/original/788fd4ca-0521-4756-9f8a-32d421fb50f6.jpeg"", ""https://a0.muscache.com/im/pictures/hosting/Hosting-1761487947725380489/original/a46f4322-2ef0-48c9-9932-4d23791ea735.jpeg"", ""https://a0.muscache.com/im/pictures/hosting/Hosting-1761487947725380489/original/a6148960-1610-4e31-b842-292af86f0694.jpeg"", ""https://a0.muscache.com/im/pictures/hosting/Hosting-1761487947725380489/original/c5637662-2c5e-4d2e-a731-d4477c5d870e.jpeg"", ""https://a0.muscache.com/im/pictures/hosting/Hosting-1761487947725380489/original/d32bfa86-ff6b-4d8e-aca6-ab8716da142c.jpeg"", ""https://a0.muscache.com/im/pictures/hosting/Hosting-1761487947725380489/original/817b694d-88a1-4125-b554-a0388d82be6e.jpeg"", ""https://a0.muscache.com/im/pictures/hosting/Hosting-1761487947725380489/original/4cf0b145-bcc7-4447-8969-80482747e723.jpeg"", ""https://a0.muscache.com/im/pictures/hosting/Hosting-1761487947725380489/original/a3ae5b47-f1dd-461b-b59a-e1564609d58b.jpeg"", ""https://a0.muscache.com/im/pictures/hosting/Hosting-1761487947725380489/original/e10a6eed-10f0-4bda-aed5-f620b403a8fe.jpeg"", ""https://a0.muscache.com/im/pictures/hosting/Hosting-1761487947725380489/original/2b086c16-2b1f-4a48-a2f8-ef725933f2ee.jpeg"", ""https://a0.muscache.com/im/pictures/hosting/Hosting-1761487947725380489/original/738de72b-775c-4121-9bde-89d53a7bff59.jpeg"", ""https://a0.muscache.com/im/pictures/hosting/Hosting-1761487947725380489/original/1ee4d302-da46-4414-9ece-941533557370.jpeg"", ""https://a0.muscache.com/im/pictures/hosting/Hosting-1761487947725380489/original/cc4c7973-aa95-4124-bd97-45a43a2825dd.jpeg"", ""https://a0.muscache.com/im/pictures/hosting/Hosting-1761487947725380489/original/7dad1de8-c802-4872-bf35-d38c2b7da688.jpeg""]",f,"[{""name"": ""Dang Nguyen"", ""avatar"": ""https://a0.muscache.com/im/pictures/user/avatar_dang.jpg""}]","[{""name"": ""DECOR"", ""localizedName"": ""Trang trí"", ""count"": 8}, {""name"": ""INTERIOR"", ""localizedName"": ""Không gian bên trong"", ""count"": 15}, {""name"": ""CLEANLINESS"", ""localizedName"": ""Mức độ sạch sẽ"", ""count"": 7}, {""name"": ""LOCATION"", ""localizedName"": ""Địa điểm"", ""count"": 9}, {""name"": ""HOSPITALITY"", ""localizedName"": ""Hiếu khách"", ""count"": 14}]","[{""title"": ""Trải nghiệm nhận phòng xuất sắc"", ""subtitle"": ""Những khách ở gần đây đã xếp hạng 5 sao cho quy trình nhận phòng.""}, {""title"": ""Tự nhận phòng"", ""subtitle"": ""Tự nhận phòng với hộp khóa an toàn.""}]"
1656247428351045924,https://www.airbnb.com.vn/rooms/1656247428351045924,20260926000000,2026-09-26,city search,MuseRoom Không gian cảm hứng rất thơ ở Bình Thạnh,"Chào mừng bạn đến với MuseRoom Không gian cảm hứng rất thơ ở Bình Thạnh — một không gian lưu trú ấm cúng, sang trọng tọa lạc tại Quận 10, Thành phố Hồ Chí Minh.
Căn phòng tràn ngập ánh sáng tự nhiên với đầy đủ tiện nghi cao cấp, giường nệm êm ái, máy lạnh, TV và wifi tốc độ cao. Rất thuận tiện di chuyển tới các điểm tham quan, nhà hàng ẩm thực và quán cà phê nổi tiếng của Thành phố Hồ Chí Minh.","Khu vực Quận 10 an ninh, văn minh, gần nhiều địa điểm ăn uống, mua sắm và giải trí sầm uất tại Thành phố Hồ Chí Minh.",https://a0.muscache.com/im/pictures/hosting/Hosting-1656247428351045924/original/85aff686-bba4-4572-9cec-afa3ef13d6fd.jpeg,47000121,https://www.airbnb.com.vn/users/show/47000121,Anh,2024-12-20,"Thành phố Hồ Chí Minh, Việt Nam","Xin chào, tôi là Anh, đã có 1 năm kinh nghiệm làm host. Tôi yêu thích du lịch và luôn mong muốn đem lại trải nghiệm lưu trú thoải mái nhất cho khách.",trong vòng một giờ,100%,98%,f,https://a0.muscache.com/im/pictures/user/User-47000121/original/user_profile_1.jpeg,https://a0.muscache.com/im/pictures/user/User-47000121/original/user_profile_1.jpeg,Quận 10,9,4,"['email', 'phone', 'work_email']",t,t,Quận 10,Quận 10,Thành phố Hồ Chí Minh,10.795618757700717,106.70582984992531,Phòng riêng trong nhà,Private room,2,1.0,1 phòng tắm,1,1,"[""Wi-fi tốc độ cao"", ""Bồn tắm thư giãn"", ""Ban công ngắm cảnh"", ""Tủ lạnh"", ""Không gian riêng để làm việc"", ""Chỗ đỗ xe miễn phí trong khuôn viên"", ""Bếp đầy đủ tiện nghi"", ""Bộ chăn ga gối cao cấp"", ""Lò vi sóng"", ""Máy sấy tóc"", ""Bể bơi"", ""Máy báo khói"", ""Tự nhận phòng với hộp khóa an toàn"", ""Điều hòa nhiệt độ"", ""Thang máy"", ""TV màn hình phẳng""]","₫680,000",1,1125,1,2,1125,1125,1.0,1125.0,today,t,19,46,55,277,2026-09-26,3,3,3,2026-08-12,2026-09-06,5.0,4.8,4.84,5.0,5.0,4.99,4.82,,f,2,0,1,0,4.1,"[""https://a0.muscache.com/im/pictures/hosting/Hosting-1656247428351045924/original/85aff686-bba4-4572-9cec-afa3ef13d6fd.jpeg"", ""https://a0.muscache.com/im/pictures/hosting/Hosting-1656247428351045924/original/303b21a1-2514-4477-a111-1940e8656a89.jpeg"", ""https://a0.muscache.com/im/pictures/hosting/Hosting-1656247428351045924/original/2b1bd668-8c83-4c0f-8ef9-1ce434fd5736.jpeg"", ""https://a0.muscache.com/im/pictures/hosting/Hosting-1656247428351045924/original/1e1ed12a-425b-4900-a6e5-7645fa063f62.jpeg"", ""https://a0.muscache.com/im/pictures/hosting/Hosting-1656247428351045924/original/26d6c542-8871-48b0-8513-fe55da686635.jpeg"", ""https://a0.muscache.com/im/pictures/hosting/Hosting-1656247428351045924/original/93a99a77-b626-4b52-b10d-48fb93f5e9c7.jpeg""]",f,"[{""name"": ""Cindy"", ""avatar"": ""https://a0.muscache.com/im/pictures/user/avatar_cindy.jpg""}]","[{""name"": ""DECOR"", ""localizedName"": ""Trang trí"", ""count"": 18}, {""name"": ""INTERIOR"", ""localizedName"": ""Không gian bên trong"", ""count"": 19}, {""name"": ""CLEANLINESS"", ""localizedName"": ""Mức độ sạch sẽ"", ""count"": 4}, {""name"": ""LOCATION"", ""localizedName"": ""Địa điểm"", ""count"": 3}, {""name"": ""HOSPITALITY"", ""localizedName"": ""Hiếu khách"", ""count"": 4}]","[{""title"": ""Trải nghiệm nhận phòng xuất sắc"", ""subtitle"": ""Những khách ở gần đây đã xếp hạng 5 sao cho quy trình nhận phòng.""}, {""title"": ""Tự nhận phòng"", ""subtitle"": ""Tự nhận phòng với hộp khóa an toàn.""}]"
981414680833173382,https://www.airbnb.com.vn/rooms/981414680833173382,20260926000000,2026-09-26,city search,Căn hộ Masteri Thảo Điền đẹp gần Landmark 81,"Chào mừng bạn đến với Căn hộ Masteri Thảo Điền đẹp gần Landmark 81 — một không gian lưu trú ấm cúng, sang trọng tọa lạc tại Quận Bình Thạnh, Thành phố Hồ Chí Minh.
Căn phòng tràn ngập ánh sáng tự nhiên với đầy đủ tiện nghi cao cấp, giường nệm êm ái, máy lạnh, TV và wifi tốc độ cao. Rất thuận tiện di chuyển tới các điểm tham quan, nhà hàng ẩm thực và quán cà phê nổi tiếng của Thành phố Hồ Chí Minh.","Khu vực Quận Bình Thạnh an ninh, văn minh, gần nhiều địa điểm ăn uống, mua sắm và giải trí sầm uất tại Thành phố Hồ Chí Minh.",https://a0.muscache.com/im/pictures/hosting/Hosting-981414680833173382/original/10df5db8-055c-4546-aa35-fbc43aad4b52.jpeg,47000122,https://www.airbnb.com.vn/users/show/47000122,Linh,2021-09-04,"Thành phố Hồ Chí Minh, Việt Nam","Xin chào, tôi là Linh, đã có 5 năm kinh nghiệm làm host. Tôi yêu thích du lịch và luôn mong muốn đem lại trải nghiệm lưu trú thoải mái nhất cho khách.",trong vòng một giờ,100%,98%,t,https://a0.muscache.com/im/pictures/user/User-47000122/original/user_profile_2.jpeg,https://a0.muscache.com/im/pictures/user/User-47000122/original/user_profile_2.jpeg,Quận Bình Thạnh,2,10,"['email', 'phone', 'work_email']",t,t,Quận Bình Thạnh,Quận Bình Thạnh,Thành phố Hồ Chí Minh,10.802,106.7396,Toàn bộ căn hộ cho thuê,Entire home/apt,4,2.0,2 phòng tắm,2,2,"[""Bể bơi"", ""Máy phát hiện khí CO"", ""Bồn tắm thư giãn"", ""Bàn ủi / Bàn là"", ""Điều hòa nhiệt độ"", ""TV màn hình phẳng"", ""Chỗ đỗ xe miễn phí trong khuôn viên"", ""Dầu gội & Sữa tắm"", ""Ban công ngắm cảnh"", ""Lò vi sóng"", ""Máy giặt"", ""Wi-fi tốc độ cao"", ""Tự nhận phòng với hộp khóa an toàn"", ""Máy sấy tóc"", ""Máy báo khói"", ""Tủ lạnh"", ""Thang máy"", ""Bộ chăn ga gối cao cấp"", ""Bếp đầy đủ tiện nghi"", ""Không gian riêng để làm việc""]","₫1,411,200",1,1125,1,2,1125,1125,1.0,1125.0,today,t,21,35,66,319,2026-09-26,4,1,4,2026-07-28,2026-09-20,5.0,4.87,4.99,5.0,5.0,4.93,4.75,,t,2,2,0,0,3.95,"[""https://a0.muscache.com/im/pictures/hosting/Hosting-981414680833173382/original/10df5db8-055c-4546-aa35-fbc43aad4b52.jpeg"", ""https://a0.muscache.com/im/pictures/hosting/Hosting-981414680833173382/original/ecb9616c-3ccf-40fe-b715-77a51987b45d.jpeg"", ""https://a0.muscache.com/im/pictures/hosting/Hosting-981414680833173382/original/5bd301e8-14e9-4a70-84d0-6b291579443b.jpeg"", ""https://a0.muscache.com/im/pictures/hosting/Hosting-981414680833173382/original/ef7655a1-c117-4679-b95b-983100c68cd6.jpeg"", ""https://a0.muscache.com/im/pictures/hosting/Hosting-981414680833173382/original/49ded9db-efa3-4b4c-b91c-6bca030de7ba.jpeg"", ""https://a0.muscache.com/im/pictures/hosting/Hosting-981414680833173382/original/74dd52fa-e5d0-498f-8c46-1ed0d3ab54c8.jpeg"", ""https://a0.muscache.com/im/pictures/hosting/Hosting-981414680833173382/original/3852f32b-5a97-4769-8438-ed634fc95065.jpeg"", ""https://a0.muscache.com/im/pictures/hosting/Hosting-981414680833173382/original/20035f72-e673-478c-930c-6912e3400853.jpeg"", ""https://a0.muscache.com/im/pictures/hosting/Hosting-981414680833173382/original/4965e812-77ab-43e0-993d-b329498511dd.jpeg"", ""https://a0.muscache.com/im/pictures/hosting/Hosting-981414680833173382/original/4cf68ffa-9108-48ea-a667-aa7f99de9cc2.jpeg"", ""https://a0.muscache.com/im/pictures/hosting/Hosting-981414680833173382/original/f2f934fa-262c-416f-8dc0-41e8d85f439d.jpeg"", ""https://a0.muscache.com/im/pictures/hosting/Hosting-981414680833173382/original/c6d481b3-398b-4f28-92e0-703028afc3fd.jpeg"", ""https://a0.muscache.com/im/pictures/hosting/Hosting-981414680833173382/original/c2f83b84-17b4-427c-9a79-9ef7414a0b84.jpeg"", ""https://a0.muscache.com/im/pictures/hosting/Hosting-981414680833173382/original/17f09d33-69bb-47b5-a64a-180695d32684.jpeg"", ""https://a0.muscache.com/im/pictures/hosting/Hosting-981414680833173382/original/c2e7ef9c-3042-4c55-a4b6-639a073947ae.jpeg"", ""https://a0.muscache.com/im/pictures/hosting/Hosting-981414680833173382/original/9aed71c6-e074-45ed-a125-1f6d03a7e04c.jpeg"", ""https://a0.muscache.com/im/pictures/hosting/Hosting-981414680833173382/original/d06fb0ee-50c1-4a8c-85c5-3b5615f0d4ec.jpeg"", ""https://a0.muscache.com/im/pictures/hosting/Hosting-981414680833173382/original/c18fe81b-58bc-47f5-8d21-e17621ae3eaa.jpeg"", ""https://a0.muscache.com/im/pictures/hosting/Hosting-981414680833173382/original/6a3ce7fd-24e3-4324-bc45-d59ae75047ea.jpeg"", ""https://a0.muscache.com/im/pictures/hosting/Hosting-981414680833173382/original/2cf250be-7ad6-498a-9e97-d30c784e6d45.jpeg"", ""https://a0.muscache.com/im/pictures/hosting/Hosting-981414680833173382/original/911df988-708d-4ab3-bd0f-e275ebed90d1.jpeg"", ""https://a0.muscache.com/im/pictures/hosting/Hosting-981414680833173382/original/011ee498-eacd-4505-a5f5-2b3011d4b62b.jpeg"", ""https://a0.muscache.com/im/pictures/hosting/Hosting-981414680833173382/original/7b5b6980-3862-48e4-b7dd-847ef36c2e24.jpeg"", ""https://a0.muscache.com/im/pictures/hosting/Hosting-981414680833173382/original/862dce44-f104-4420-8151-6a2731cb52b0.jpeg"", ""https://a0.muscache.com/im/pictures/hosting/Hosting-981414680833173382/original/6067458d-4075-48b9-b582-76ca7ca58e00.jpeg"", ""https://a0.muscache.com/im/pictures/hosting/Hosting-981414680833173382/original/c4e239d4-13b9-4194-8264-f1d9e9afb315.jpeg"", ""https://a0.muscache.com/im/pictures/hosting/Hosting-981414680833173382/original/93ec5ef1-404b-4e02-9582-951e2a9066af.jpeg"", ""https://a0.muscache.com/im/pictures/hosting/Hosting-981414680833173382/original/0794f461-99fe-465a-83be-7f4798ee81e2.jpeg"", ""https://a0.muscache.com/im/pictures/hosting/Hosting-981414680833173382/original/11372ad0-690b-4f4e-b167-28219f1ca420.jpeg""]",f,"[{""name"": ""Cindy"", ""avatar"": ""https://a0.muscache.com/im/pictures/user/avatar_cindy.jpg""}, {""name"": ""Long"", ""avatar"": ""https://a0.muscache.com/im/pictures/user/avatar_long.jpg""}, {""name"": ""Dang Nguyen"", ""avatar"": ""https://a0.muscache.com/im/pictures/user/avatar_dang.jpg""}]","[{""name"": ""DECOR"", ""localizedName"": ""Trang trí"", ""count"": 18}, {""name"": ""INTERIOR"", ""localizedName"": ""Không gian bên trong"", ""count"": 4}, {""name"": ""CLEANLINESS"", ""localizedName"": ""Mức độ sạch sẽ"", ""count"": 13}, {""name"": ""LOCATION"", ""localizedName"": ""Địa điểm"", ""count"": 11}, {""name"": ""HOSPITALITY"", ""localizedName"": ""Hiếu khách"", ""count"": 6}]","[{""title"": ""Trải nghiệm nhận phòng xuất sắc"", ""subtitle"": ""Những khách ở gần đây đã xếp hạng 5 sao cho quy trình nhận phòng.""}, {""title"": ""Tự nhận phòng"", ""subtitle"": ""Tự nhận phòng với hộp khóa an toàn.""}]"
930306459431508042,https://www.airbnb.com.vn/rooms/930306459431508042,20260926000000,2026-09-26,city search,Căn Phòng Với Ban Công Thoáng Mát - TT Quận 3,"Chào mừng bạn đến với Căn Phòng Với Ban Công Thoáng Mát - TT Quận 3 — một không gian lưu trú ấm cúng, sang trọng tọa lạc tại Quận 3, Thành phố Hồ Chí Minh.
Căn phòng tràn ngập ánh sáng tự nhiên với đầy đủ tiện nghi cao cấp, giường nệm êm ái, máy lạnh, TV và wifi tốc độ cao. Rất thuận tiện di chuyển tới các điểm tham quan, nhà hàng ẩm thực và quán cà phê nổi tiếng của Thành phố Hồ Chí Minh.","Khu vực Quận 3 an ninh, văn minh, gần nhiều địa điểm ăn uống, mua sắm và giải trí sầm uất tại Thành phố Hồ Chí Minh.",https://a0.muscache.com/im/pictures/hosting/Hosting-U3RheVN1cHBseUxpc3Rpbmc6OTMwMzA2NDU5NDMxNTA4MDQy/original/0963797f-b032-4166-a94c-033f5574cab1.jpeg,47000123,https://www.airbnb.com.vn/users/show/47000123,Hương,2025-02-11,"Thành phố Hồ Chí Minh, Việt Nam","Xin chào, tôi là Hương, đã có 1 năm kinh nghiệm làm host. Tôi yêu thích du lịch và luôn mong muốn đem lại trải nghiệm lưu trú thoải mái nhất cho khách.",trong vòng một giờ,100%,98%,f,https://a0.muscache.com/im/pictures/user/User-47000123/original/user_profile_3.jpeg,https://a0.muscache.com/im/pictures/user/User-47000123/original/user_profile_3.jpeg,Quận 3,2,10,"['email', 'phone', 'work_email']",t,t,Quận 3,Quận 3,Thành phố Hồ Chí Minh,10.7869,106.6853,Toàn bộ căn hộ cho thuê,Entire home/apt,2,1.0,1 phòng tắm,1,1,"[""Bồn tắm thư giãn"", ""Máy phát hiện khí CO"", ""TV màn hình phẳng"", ""Ban công ngắm cảnh"", ""Tự nhận phòng với hộp khóa an toàn"", ""Dầu gội & Sữa tắm"", ""Điều hòa nhiệt độ"", ""Bể bơi"", ""Bếp đầy đủ tiện nghi"", ""Thang máy"", ""Máy giặt"", ""Tủ lạnh"", ""Chỗ đỗ xe miễn phí trong khuôn viên"", ""Wi-fi tốc độ cao"", ""Bộ chăn ga gối cao cấp"", ""Lò vi sóng"", ""Bàn ủi / Bàn là"", ""Không gian riêng để làm việc""]","₫905,800",1,1125,1,2,1125,1125,1.0,1125.0,today,t,21,45,64,241,2026-09-26,95,19,0,2023-06-14,2026-09-01,4.83,4.96,4.91,5.0,5.0,4.89,4.81,,f,2,2,0,0,1.32,"[""https://a0.muscache.com/im/pictures/hosting/Hosting-U3RheVN1cHBseUxpc3Rpbmc6OTMwMzA2NDU5NDMxNTA4MDQy/original/0963797f-b032-4166-a94c-033f5574cab1.jpeg"", ""https://a0.muscache.com/im/pictures/hosting/Hosting-U3RheVN1cHBseUxpc3Rpbmc6OTMwMzA2NDU5NDMxNTA4MDQy/original/565ab63b-9fc7-4a91-9157-6ca53c5f9d11.png"", ""https://a0.muscache.com/im/pictures/hosting/Hosting-U3RheVN1cHBseUxpc3Rpbmc6OTMwMzA2NDU5NDMxNTA4MDQy/original/1aed98eb-6939-44ed-b3e0-ef57be332848.jpeg"", ""https://a0.muscache.com/im/pictures/miso/Hosting-930306459431508042/original/4584ae43-d88b-4a39-b5ee-b5396355d987.jpeg"", ""https://a0.muscache.com/im/pictures/hosting/Hosting-U3RheVN1cHBseUxpc3Rpbmc6OTMwMzA2NDU5NDMxNTA4MDQy/original/b57a369d-0ab5-44ea-bdee-aa156231a8f3.jpeg"", ""https://a0.muscache.com/im/pictures/hosting/Hosting-U3RheVN1cHBseUxpc3Rpbmc6OTMwMzA2NDU5NDMxNTA4MDQy/original/dce140f2-922c-42d8-b215-30b577e25f9c.jpeg"", ""https://a0.muscache.com/im/pictures/miso/Hosting-930306459431508042/original/1bfeddd7-1b5e-4c5a-a279-cf761907ef65.jpeg"", ""https://a0.muscache.com/im/pictures/hosting/Hosting-U3RheVN1cHBseUxpc3Rpbmc6OTMwMzA2NDU5NDMxNTA4MDQy/original/f1dce923-2079-4929-bb69-b0520927a43b.jpeg"", ""https://a0.muscache.com/im/pictures/hosting/Hosting-U3RheVN1cHBseUxpc3Rpbmc6OTMwMzA2NDU5NDMxNTA4MDQy/original/cf27d119-4fa3-44d0-b86d-63028c4fb9ff.jpeg"", ""https://a0.muscache.com/im/pictures/hosting/Hosting-U3RheVN1cHBseUxpc3Rpbmc6OTMwMzA2NDU5NDMxNTA4MDQy/original/397b522d-dd13-4f2e-a872-e1f22514da6e.jpeg"", ""https://a0.muscache.com/im/pictures/hosting/Hosting-U3RheVN1cHBseUxpc3Rpbmc6OTMwMzA2NDU5NDMxNTA4MDQy/original/3165f40f-8f59-419c-985b-c1eee26c59fe.jpeg"", ""https://a0.muscache.com/im/pictures/hosting/Hosting-U3RheVN1cHBseUxpc3Rpbmc6OTMwMzA2NDU5NDMxNTA4MDQy/original/cc14e0d2-a011-4584-8784-c57210e64d15.jpeg"", ""https://a0.muscache.com/im/pictures/hosting/Hosting-U3RheVN1cHBseUxpc3Rpbmc6OTMwMzA2NDU5NDMxNTA4MDQy/original/bc5b480f-40e1-48f0-837c-a6a68f5901d0.jpeg"", ""https://a0.muscache.com/im/pictures/miso/Hosting-930306459431508042/original/1b92ced3-9785-4fde-b842-05bf3b6c638f.jpeg"", ""https://a0.muscache.com/im/pictures/miso/Hosting-930306459431508042/original/f83a55ed-4501-408f-a9c4-f7863d40c359.jpeg"", ""https://a0.muscache.com/im/pictures/miso/Hosting-930306459431508042/original/2873448d-efc2-4e9c-8ef6-b75feb525bcc.jpeg"", ""https://a0.muscache.com/im/pictures/miso/Hosting-930306459431508042/original/d174b7de-7f64-4fa7-9d59-5f66217e4151.jpeg"", ""https://a0.muscache.com/im/pictures/miso/Hosting-930306459431508042/original/d364180c-fbec-4feb-bcd0-d41c8b49184e.jpeg"", ""https://a0.muscache.com/im/pictures/miso/Hosting-930306459431508042/original/4460283a-6f52-45e6-8ba1-8cc8159a23b3.jpeg"", ""https://a0.muscache.com/im/pictures/691e6a33-a6ce-40f4-93fc-d1c79f4eb635.jpg"", ""https://a0.muscache.com/im/pictures/miso/Hosting-930306459431508042/original/20f8a174-6769-460b-9753-df6a46a1fd6f.jpeg"", ""https://a0.muscache.com/im/pictures/miso/Hosting-930306459431508042/original/6000d367-f42c-47b8-8aa3-074631bd16a5.jpeg"", ""https://a0.muscache.com/im/pictures/miso/Hosting-930306459431508042/original/4bea4eb7-1ed5-4799-ad0b-d0983a9f392f.jpeg"", ""https://a0.muscache.com/im/pictures/miso/Hosting-930306459431508042/original/723603f1-521a-47f7-a805-1c665af05d7a.jpeg"", ""https://a0.muscache.com/im/pictures/8d341917-8238-43b9-aac7-7ea062e1d6e4.jpg"", ""https://a0.muscache.com/im/pictures/089de223-b5e1-451b-98f6-6a5251a33699.jpg"", ""https://a0.muscache.com/im/pictures/hosting/Hosting-U3RheVN1cHBseUxpc3Rpbmc6OTMwMzA2NDU5NDMxNTA4MDQy/original/dcb86d5d-a645-432f-9011-4e1c0f56f87e.jpeg"", ""https://a0.muscache.com/im/pictures/hosting/Hosting-U3RheVN1cHBseUxpc3Rpbmc6OTMwMzA2NDU5NDMxNTA4MDQy/original/d009fa19-4b72-4c50-bfeb-60d684962a0c.jpeg"", ""https://a0.muscache.com/im/pictures/hosting/Hosting-U3RheVN1cHBseUxpc3Rpbmc6OTMwMzA2NDU5NDMxNTA4MDQy/original/29f87030-971f-40c4-8acc-e51233dcb80a.jpeg""]",t,"[{""name"": ""Dang Nguyen"", ""avatar"": ""https://a0.muscache.com/im/pictures/user/avatar_dang.jpg""}, {""name"": ""Rùa"", ""avatar"": ""https://a0.muscache.com/im/pictures/user/avatar_rua.jpg""}]","[{""name"": ""DECOR"", ""localizedName"": ""Trang trí"", ""count"": 2}, {""name"": ""INTERIOR"", ""localizedName"": ""Không gian bên trong"", ""count"": 20}, {""name"": ""CLEANLINESS"", ""localizedName"": ""Mức độ sạch sẽ"", ""count"": 15}, {""name"": ""LOCATION"", ""localizedName"": ""Địa điểm"", ""count"": 5}, {""name"": ""HOSPITALITY"", ""localizedName"": ""Hiếu khách"", ""count"": 8}]","[{""title"": ""Trải nghiệm nhận phòng xuất sắc"", ""subtitle"": ""Những khách ở gần đây đã xếp hạng 5 sao cho quy trình nhận phòng.""}, {""title"": ""Tự nhận phòng"", ""subtitle"": ""Tự nhận phòng với hộp khóa an toàn.""}]"
1457099108007173518,https://www.airbnb.com.vn/rooms/1457099108007173518,20260926000000,2026-09-26,city search,Sunny House • Góc Nhỏ Olive • Không Gian Ấm Cúng,"Chào mừng bạn đến với Sunny House • Góc Nhỏ Olive • Không Gian Ấm Cúng — một không gian lưu trú ấm cúng, sang trọng tọa lạc tại Quận 3, Thành phố Hồ Chí Minh.
Căn phòng tràn ngập ánh sáng tự nhiên với đầy đủ tiện nghi cao cấp, giường nệm êm ái, máy lạnh, TV và wifi tốc độ cao. Rất thuận tiện di chuyển tới các điểm tham quan, nhà hàng ẩm thực và quán cà phê nổi tiếng của Thành phố Hồ Chí Minh.","Khu vực Quận 3 an ninh, văn minh, gần nhiều địa điểm ăn uống, mua sắm và giải trí sầm uất tại Thành phố Hồ Chí Minh.",https://a0.muscache.com/im/pictures/miso/Hosting-1457099108007173518/original/0994ba90-15d0-40c4-a46f-5bbbd47800ce.jpeg,47000124,https://www.airbnb.com.vn/users/show/47000124,Phương,2022-07-21,"Thành phố Hồ Chí Minh, Việt Nam","Xin chào, tôi là Phương, đã có 4 năm kinh nghiệm làm host. Tôi yêu thích du lịch và luôn mong muốn đem lại trải nghiệm lưu trú thoải mái nhất cho khách.",trong vòng một giờ,100%,98%,t,https://a0.muscache.com/im/pictures/user/User-47000124/original/user_profile_4.jpeg,https://a0.muscache.com/im/pictures/user/User-47000124/original/user_profile_4.jpeg,Quận 3,4,4,"['email', 'phone', 'work_email']",t,t,Quận 3,Quận 3,Thành phố Hồ Chí Minh,10.76935,106.68462,Phòng riêng trong nhà,Private room,2,1.0,1 phòng tắm,1,1,"[""Máy báo khói"", ""Điều hòa nhiệt độ"", ""Máy sấy tóc"", ""Bộ chăn ga gối cao cấp"", ""Không gian riêng để làm việc"", ""Máy phát hiện khí CO"", ""Bếp đầy đủ tiện nghi"", ""Thang máy"", ""Tự nhận phòng với hộp khóa an toàn"", ""Tủ lạnh"", ""Wi-fi tốc độ cao"", ""Ban công ngắm cảnh"", ""Chỗ đỗ xe miễn phí trong khuôn viên"", ""Máy giặt"", ""Bàn ủi / Bàn là""]","₫693,000",1,1125,1,2,1125,1125,1.0,1125.0,today,t,19,41,56,267,2026-09-26,81,2,0,2023-06-14,2026-09-22,4.99,4.96,4.91,5.0,5.0,4.71,4.72,,t,2,0,1,0,4.72,"[""https://a0.muscache.com/im/pictures/miso/Hosting-1457099108007173518/original/0994ba90-15d0-40c4-a46f-5bbbd47800ce.jpeg"", ""https://a0.muscache.com/im/pictures/hosting/Hosting-1454352628537171056/original/e18c2619-2f4f-4bb3-9c43-743d588058f5.jpeg"", ""https://a0.muscache.com/im/pictures/miso/Hosting-1455848673532487583/original/e5b1065e-d4cd-4d90-a68e-14da7830aef3.jpeg"", ""https://a0.muscache.com/im/pictures/hosting/Hosting-1454352628537171056/original/5b4acc37-2817-45b5-9a44-1e4ccc349ed6.jpeg"", ""https://a0.muscache.com/im/pictures/hosting/Hosting-1454352628537171056/original/7611f10b-5973-458f-a3ec-1416af05d876.jpeg"", ""https://a0.muscache.com/im/pictures/miso/Hosting-1457099108007173518/original/7fad4bde-8dc2-46e7-8f3c-f89bde8c8fb7.jpeg""]",t,"[{""name"": ""Rùa"", ""avatar"": ""https://a0.muscache.com/im/pictures/user/avatar_rua.jpg""}]","[{""name"": ""DECOR"", ""localizedName"": ""Trang trí"", ""count"": 4}, {""name"": ""INTERIOR"", ""localizedName"": ""Không gian bên trong"", ""count"": 9}, {""name"": ""CLEANLINESS"", ""localizedName"": ""Mức độ sạch sẽ"", ""count"": 5}, {""name"": ""LOCATION"", ""localizedName"": ""Địa điểm"", ""count"": 4}, {""name"": ""HOSPITALITY"", ""localizedName"": ""Hiếu khách"", ""count"": 7}]","[{""title"": ""Trải nghiệm nhận phòng xuất sắc"", ""subtitle"": ""Những khách ở gần đây đã xếp hạng 5 sao cho quy trình nhận phòng.""}, {""title"": ""Tự nhận phòng"", ""subtitle"": ""Tự nhận phòng với hộp khóa an toàn.""}]"
1437387266606735107,https://www.airbnb.com.vn/rooms/1437387266606735107,20260926000000,2026-09-26,city search,Phòng suite ấm cúng | Netflix | Phòng tắm riêng | Sân bay,"Chào mừng bạn đến với Phòng suite ấm cúng | Netflix | Phòng tắm riêng | Sân bay — một không gian lưu trú ấm cúng, sang trọng tọa lạc tại Quận Tân Bình, Thành phố Hồ Chí Minh.
Căn phòng tràn ngập ánh sáng tự nhiên với đầy đủ tiện nghi cao cấp, giường nệm êm ái, máy lạnh, TV và wifi tốc độ cao. Rất thuận tiện di chuyển tới các điểm tham quan, nhà hàng ẩm thực và quán cà phê nổi tiếng của Thành phố Hồ Chí Minh.","Khu vực Quận Tân Bình an ninh, văn minh, gần nhiều địa điểm ăn uống, mua sắm và giải trí sầm uất tại Thành phố Hồ Chí Minh.",https://a0.muscache.com/im/pictures/hosting/Hosting-1437387266606735107/original/8a8d3714-1ddf-4e5a-9cd5-0701c65498b1.jpeg,47000125,https://www.airbnb.com.vn/users/show/47000125,Hà,2025-05-05,"Thành phố Hồ Chí Minh, Việt Nam","Xin chào, tôi là Hà, đã có 1 năm kinh nghiệm làm host. Tôi yêu thích du lịch và luôn mong muốn đem lại trải nghiệm lưu trú thoải mái nhất cho khách.",trong vòng một giờ,100%,98%,f,https://a0.muscache.com/im/pictures/user/User-47000125/original/user_profile_5.jpeg,https://a0.muscache.com/im/pictures/user/User-47000125/original/user_profile_5.jpeg,Quận Tân Bình,3,2,"['email', 'phone', 'work_email']",t,t,Quận Tân Bình,Quận Tân Bình,Thành phố Hồ Chí Minh,10.803241340872754,106.63980570445946,Phòng riêng trong nhà,Private room,2,1.0,1 phòng tắm,1,1,"[""Máy sấy tóc"", ""Máy giặt"", ""Tự nhận phòng với hộp khóa an toàn"", ""Tủ lạnh"", ""TV màn hình phẳng"", ""Wi-fi tốc độ cao"", ""Dầu gội & Sữa tắm"", ""Bàn ủi / Bàn là"", ""Bếp đầy đủ tiện nghi"", ""Bồn tắm thư giãn"", ""Điều hòa nhiệt độ"", ""Chỗ đỗ xe miễn phí trong khuôn viên"", ""Ban công ngắm cảnh"", ""Thang máy"", ""Máy báo khói"", ""Máy phát hiện khí CO"", ""Bể bơi"", ""Lò vi sóng"", ""Bộ chăn ga gối cao cấp""]","₫920,000",1,1125,1,2,1125,1125,1.0,1125.0,today,t,23,49,74,303,2026-09-26,82,18,1,2023-06-14,2026-09-06,4.89,4.98,4.86,5.0,5.0,4.85,4.77,,f,2,0,1,0,4.03,"[""https://a0.muscache.com/im/pictures/hosting/Hosting-1437387266606735107/original/8a8d3714-1ddf-4e5a-9cd5-0701c65498b1.jpeg"", ""https://a0.muscache.com/im/pictures/hosting/Hosting-1437387266606735107/original/40127bac-4536-481c-a74f-9af6b90e3f80.png"", ""https://a0.muscache.com/im/pictures/hosting/Hosting-1437387266606735107/original/8e5e82bc-bf0d-4274-9b4a-fe4f6a5c166c.png"", ""https://a0.muscache.com/im/pictures/hosting/Hosting-1437387266606735107/original/6ac8974b-fc5d-4c5d-a8de-931c6398029b.png"", ""https://a0.muscache.com/im/pictures/hosting/Hosting-1437387266606735107/original/7d44a811-1a6c-4e8b-a7f7-35d115a47162.png"", ""https://a0.muscache.com/im/pictures/hosting/Hosting-1437387266606735107/original/24ae169b-d173-451f-a867-236e50883920.png""]",f,"[{""name"": ""Dang Nguyen"", ""avatar"": ""https://a0.muscache.com/im/pictures/user/avatar_dang.jpg""}]","[{""name"": ""DECOR"", ""localizedName"": ""Trang trí"", ""count"": 17}, {""name"": ""INTERIOR"", ""localizedName"": ""Không gian bên trong"", ""count"": 6}, {""name"": ""CLEANLINESS"", ""localizedName"": ""Mức độ sạch sẽ"", ""count"": 9}, {""name"": ""LOCATION"", ""localizedName"": ""Địa điểm"", ""count"": 15}, {""name"": ""HOSPITALITY"", ""localizedName"": ""Hiếu khách"", ""count"": 10}]","[{""title"": ""Trải nghiệm nhận phòng xuất sắc"", ""subtitle"": ""Những khách ở gần đây đã xếp hạng 5 sao cho quy trình nhận phòng.""}, {""title"": ""Tự nhận phòng"", ""subtitle"": ""Tự nhận phòng với hộp khóa an toàn.""}]"
1404884622004265583,https://www.airbnb.com.vn/rooms/1404884622004265583,20260926000000,2026-09-26,city search,Ngọc House 202,"Chào mừng bạn đến với Ngọc House 202 — một không gian lưu trú ấm cúng, sang trọng tọa lạc tại Quận 1, Thành phố Hồ Chí Minh.
Căn phòng tràn ngập ánh sáng tự nhiên với đầy đủ tiện nghi cao cấp, giường nệm êm ái, máy lạnh, TV và wifi tốc độ cao. Rất thuận tiện di chuyển tới các điểm tham quan, nhà hàng ẩm thực và quán cà phê nổi tiếng của Thành phố Hồ Chí Minh.","Khu vực Quận 1 an ninh, văn minh, gần nhiều địa điểm ăn uống, mua sắm và giải trí sầm uất tại Thành phố Hồ Chí Minh.",https://a0.muscache.com/im/pictures/hosting/Hosting-1404884622004265583/original/1a8415c1-b6be-4188-b824-e6e5cfa46190.jpeg,47000126,https://www.airbnb.com.vn/users/show/47000126,Trang,2024-08-26,"Thành phố Hồ Chí Minh, Việt Nam","Xin chào, tôi là Trang, đã có 2 năm kinh nghiệm làm host. Tôi yêu thích du lịch và luôn mong muốn đem lại trải nghiệm lưu trú thoải mái nhất cho khách.",trong vòng một giờ,100%,98%,t,https://a0.muscache.com/im/pictures/user/User-47000126/original/user_profile_6.jpeg,https://a0.muscache.com/im/pictures/user/User-47000126/original/user_profile_6.jpeg,Quận 1,1,4,"['email', 'phone', 'work_email']",t,t,Quận 1,Quận 1,Thành phố Hồ Chí Minh,10.770883779502542,106.69003283117995,Phòng riêng trong nhà,Private room,2,1.0,1 phòng tắm,1,1,"[""Dầu gội & Sữa tắm"", ""Điều hòa nhiệt độ"", ""Tủ lạnh"", ""Thang máy"", ""Chỗ đỗ xe miễn phí trong khuôn viên"", ""Máy báo khói"", ""Bếp đầy đủ tiện nghi"", ""Máy phát hiện khí CO"", ""Bồn tắm thư giãn"", ""Bể bơi"", ""Ban công ngắm cảnh"", ""Không gian riêng để làm việc"", ""Lò vi sóng"", ""Bàn ủi / Bàn là"", ""Máy giặt"", ""Bộ chăn ga gối cao cấp"", ""TV màn hình phẳng"", ""Máy sấy tóc"", ""Tự nhận phòng với hộp khóa an toàn"", ""Wi-fi tốc độ cao""]","₫631,361",1,1125,1,2,1125,1125,1.0,1125.0,today,t,26,33,57,338,2026-09-26,60,9,0,2024-04-09,2026-09-05,4.98,4.98,4.88,5.0,5.0,4.75,4.81,,t,2,0,1,0,4.08,"[""https://a0.muscache.com/im/pictures/hosting/Hosting-1404884622004265583/original/1a8415c1-b6be-4188-b824-e6e5cfa46190.jpeg"", ""https://a0.muscache.com/im/pictures/hosting/Hosting-1404884622004265583/original/20dd46a8-9c3c-4ac8-944f-293fde51c8f3.jpeg"", ""https://a0.muscache.com/im/pictures/hosting/Hosting-1404884622004265583/original/3d95f1de-1f49-4ab4-bf9e-6ab2b0a8b5b6.jpeg"", ""https://a0.muscache.com/im/pictures/hosting/Hosting-1404884622004265583/original/3e71a1b7-a471-49b1-b09e-f6b7dae26548.jpeg"", ""https://a0.muscache.com/im/pictures/hosting/Hosting-1404884622004265583/original/cb14419b-8704-4a98-a3f3-a784a92bf596.jpeg"", ""https://a0.muscache.com/im/pictures/hosting/Hosting-1404884622004265583/original/827afa71-56bf-4f42-b684-2f2143d6c4ef.jpeg""]",t,"[{""name"": ""Long"", ""avatar"": ""https://a0.muscache.com/im/pictures/user/avatar_long.jpg""}]","[{""name"": ""DECOR"", ""localizedName"": ""Trang trí"", ""count"": 12}, {""name"": ""INTERIOR"", ""localizedName"": ""Không gian bên trong"", ""count"": 19}, {""name"": ""CLEANLINESS"", ""localizedName"": ""Mức độ sạch sẽ"", ""count"": 9}, {""name"": ""LOCATION"", ""localizedName"": ""Địa điểm"", ""count"": 18}, {""name"": ""HOSPITALITY"", ""localizedName"": ""Hiếu khách"", ""count"": 6}]","[{""title"": ""Trải nghiệm nhận phòng xuất sắc"", ""subtitle"": ""Những khách ở gần đây đã xếp hạng 5 sao cho quy trình nhận phòng.""}, {""title"": ""Tự nhận phòng"", ""subtitle"": ""Tự nhận phòng với hộp khóa an toàn.""}]"
1757659313766010114,https://www.airbnb.com.vn/rooms/1757659313766010114,20260926000000,2026-09-26,city search,Gần Bùi Viện / Phòng ấm cúng / Quận 1,"Chào mừng bạn đến với Gần Bùi Viện / Phòng ấm cúng / Quận 1 — một không gian lưu trú ấm cúng, sang trọng tọa lạc tại Quận 1, Thành phố Hồ Chí Minh.
Căn phòng tràn ngập ánh sáng tự nhiên với đầy đủ tiện nghi cao cấp, giường nệm êm ái, máy lạnh, TV và wifi tốc độ cao. Rất thuận tiện di chuyển tới các điểm tham quan, nhà hàng ẩm thực và quán cà phê nổi tiếng của Thành phố Hồ Chí Minh.","Khu vực Quận 1 an ninh, văn minh, gần nhiều địa điểm ăn uống, mua sắm và giải trí sầm uất tại Thành phố Hồ Chí Minh.",https://a0.muscache.com/im/pictures/hosting/Hosting-1757659313766010114/original/6ea12ea3-5810-457b-b31d-64bf10feca75.png,47000127,https://www.airbnb.com.vn/users/show/47000127,Dương,2022-02-03,"Thành phố Hồ Chí Minh, Việt Nam","Xin chào, tôi là Dương, đã có 4 năm kinh nghiệm làm host. Tôi yêu thích du lịch và luôn mong muốn đem lại trải nghiệm lưu trú thoải mái nhất cho khách.",trong vòng một giờ,100%,98%,f,https://a0.muscache.com/im/pictures/user/User-47000127/original/user_profile_7.jpeg,https://a0.muscache.com/im/pictures/user/User-47000127/original/user_profile_7.jpeg,Quận 1,1,5,"['email', 'phone', 'work_email']",t,t,Quận 1,Quận 1,Thành phố Hồ Chí Minh,10.7648,106.6911,Toàn bộ căn hộ cho thuê,Entire home/apt,2,1.0,1 phòng tắm,1,1,"[""Lò vi sóng"", ""Bếp đầy đủ tiện nghi"", ""Máy sấy tóc"", ""Tủ lạnh"", ""Điều hòa nhiệt độ"", ""Bộ chăn ga gối cao cấp"", ""Tự nhận phòng với hộp khóa an toàn"", ""Máy giặt"", ""Dầu gội & Sữa tắm"", ""Không gian riêng để làm việc"", ""Wi-fi tốc độ cao"", ""Ban công ngắm cảnh"", ""Máy phát hiện khí CO"", ""Bể bơi"", ""Chỗ đỗ xe miễn phí trong khuôn viên"", ""Máy báo khói"", ""Bồn tắm thư giãn"", ""TV màn hình phẳng"", ""Bàn ủi / Bàn là"", ""Thang máy""]","₫545,000",1,1125,1,2,1125,1125,1.0,1125.0,today,t,12,43,60,263,2026-09-26,7,3,5,2026-06-13,2026-09-06,5.0,4.92,4.86,5.0,5.0,4.97,4.82,,f,2,2,0,0,3.68,"[""https://a0.muscache.com/im/pictures/hosting/Hosting-1757659313766010114/original/6ea12ea3-5810-457b-b31d-64bf10feca75.png"", ""https://a0.muscache.com/im/pictures/hosting/Hosting-1757659313766010114/original/627fee1e-23ab-43a1-b96a-197bc3ca8897.png"", ""https://a0.muscache.com/im/pictures/hosting/Hosting-1757659313766010114/original/33fb21c8-0a67-4739-800b-3a965f691691.png"", ""https://a0.muscache.com/im/pictures/hosting/Hosting-1757659313766010114/original/b37454b4-7974-4b8a-9006-1a3992875fb6.png"", ""https://a0.muscache.com/im/pictures/hosting/Hosting-1757659313766010114/original/8e3bf944-13e9-4e0d-a50d-57c9ace13f6f.png"", ""https://a0.muscache.com/im/pictures/hosting/Hosting-1757659313766010114/original/87e85427-6ea1-45ef-80da-fab80b8c29dd.png"", ""https://a0.muscache.com/im/pictures/hosting/Hosting-1757659313766010114/original/5acc47ea-fe2c-4b54-95fc-d5d6c92abf9a.png"", ""https://a0.muscache.com/im/pictures/hosting/Hosting-1757659313766010114/original/224cf8a0-fd44-44c5-99f1-a01a00ca51e0.png"", ""https://a0.muscache.com/im/pictures/hosting/Hosting-1757659313766010114/original/e050fad2-1945-4838-a297-7d7bbff17d02.png"", ""https://a0.muscache.com/im/pictures/hosting/Hosting-1757659313766010114/original/dc1c4058-ac21-4f48-b038-77d0d8429422.png"", ""https://a0.muscache.com/im/pictures/hosting/Hosting-1757659313766010114/original/6eceafbc-835b-49d6-9049-934ee73a3c36.png"", ""https://a0.muscache.com/im/pictures/hosting/Hosting-1757659313766010114/original/1752da61-6e13-40b1-a723-0f752a453120.jpeg"", ""https://a0.muscache.com/im/pictures/hosting/Hosting-1757659313766010114/original/a90e07d2-9d2a-4c47-9e5a-8202b2cb192a.png"", ""https://a0.muscache.com/im/pictures/hosting/Hosting-1757659313766010114/original/adf1cd4b-2783-49e1-837c-47e21f3c4923.png"", ""https://a0.muscache.com/im/pictures/hosting/Hosting-1757659313766010114/original/aa546ff2-e6b2-4cc6-abd7-dffe6ebf3088.jpeg"", ""https://a0.muscache.com/im/pictures/hosting/Hosting-1757659313766010114/original/44e1387b-ff34-4c88-8730-08465370b934.png"", ""https://a0.muscache.com/im/pictures/hosting/Hosting-1757659313766010114/original/cc71e398-5712-47ed-a4b1-04d970cf67df.png"", ""https://a0.muscache.com/im/pictures/hosting/Hosting-1757659313766010114/original/78a6df0a-0fd3-43ce-982d-a7118ad9d16c.png"", ""https://a0.muscache.com/im/pictures/hosting/Hosting-1757659313766010114/original/f9a5f1bf-5491-4139-8239-59df6d18ab14.png""]",t,"[{""name"": ""Long"", ""avatar"": ""https://a0.muscache.com/im/pictures/user/avatar_long.jpg""}]","[{""name"": ""DECOR"", ""localizedName"": ""Trang trí"", ""count"": 15}, {""name"": ""INTERIOR"", ""localizedName"": ""Không gian bên trong"", ""count"": 12}, {""name"": ""CLEANLINESS"", ""localizedName"": ""Mức độ sạch sẽ"", ""count"": 10}, {""name"": ""LOCATION"", ""localizedName"": ""Địa điểm"", ""count"": 4}, {""name"": ""HOSPITALITY"", ""localizedName"": ""Hiếu khách"", ""count"": 7}]","[{""title"": ""Trải nghiệm nhận phòng xuất sắc"", ""subtitle"": ""Những khách ở gần đây đã xếp hạng 5 sao cho quy trình nhận phòng.""}, {""title"": ""Tự nhận phòng"", ""subtitle"": ""Tự nhận phòng với hộp khóa an toàn.""}]"
1428089078118652944,https://www.airbnb.com.vn/rooms/1428089078118652944,20260926000000,2026-09-26,city search,Mustang Boutique @BenThanh [2],"Chào mừng bạn đến với Mustang Boutique @BenThanh [2] — một không gian lưu trú ấm cúng, sang trọng tọa lạc tại Quận 4, Thành phố Hồ Chí Minh.
Căn phòng tràn ngập ánh sáng tự nhiên với đầy đủ tiện nghi cao cấp, giường nệm êm ái, máy lạnh, TV và wifi tốc độ cao. Rất thuận tiện di chuyển tới các điểm tham quan, nhà hàng ẩm thực và quán cà phê nổi tiếng của Thành phố Hồ Chí Minh.","Khu vực Quận 4 an ninh, văn minh, gần nhiều địa điểm ăn uống, mua sắm và giải trí sầm uất tại Thành phố Hồ Chí Minh.",https://a0.muscache.com/im/pictures/miso/Hosting-1428089078118652944/original/7c76b868-9a85-4787-984c-8bb46d59a3ac.jpeg,47000128,https://www.airbnb.com.vn/users/show/47000128,Thảo,2023-07-31,"Thành phố Hồ Chí Minh, Việt Nam","Xin chào, tôi là Thảo, đã có 3 năm kinh nghiệm làm host. Tôi yêu thích du lịch và luôn mong muốn đem lại trải nghiệm lưu trú thoải mái nhất cho khách.",trong vòng một giờ,100%,98%,f,https://a0.muscache.com/im/pictures/user/User-47000128/original/user_profile_8.jpeg,https://a0.muscache.com/im/pictures/user/User-47000128/original/user_profile_8.jpeg,Quận 4,3,3,"['email', 'phone', 'work_email']",t,t,Quận 4,Quận 4,Thành phố Hồ Chí Minh,10.77254,106.69305,Toàn bộ căn hộ cho thuê,Entire home/apt,2,1.0,1 phòng tắm,1,1,"[""Wi-fi tốc độ cao"", ""Bồn tắm thư giãn"", ""Ban công ngắm cảnh"", ""Máy giặt"", ""Thang máy"", ""Dầu gội & Sữa tắm"", ""Bể bơi"", ""Bếp đầy đủ tiện nghi"", ""Chỗ đỗ xe miễn phí trong khuôn viên"", ""Tự nhận phòng với hộp khóa an toàn"", ""Máy phát hiện khí CO"", ""TV màn hình phẳng"", ""Bộ chăn ga gối cao cấp"", ""Lò vi sóng"", ""Máy sấy tóc"", ""Điều hòa nhiệt độ""]","₫786,764",1,1125,1,2,1125,1125,1.0,1125.0,today,t,19,37,59,239,2026-09-26,251,22,0,2023-06-14,2026-09-14,4.75,4.95,4.96,5.0,5.0,4.99,4.73,,t,2,2,0,0,4.44,"[""https://a0.muscache.com/im/pictures/miso/Hosting-1428089078118652944/original/7c76b868-9a85-4787-984c-8bb46d59a3ac.jpeg"", ""https://a0.muscache.com/im/pictures/miso/Hosting-1428089078118652944/original/87f1902e-4b45-44a3-b778-3e153c96d5cd.jpeg"", ""https://a0.muscache.com/im/pictures/miso/Hosting-1428089078118652944/original/79111ff8-4fe9-4f55-9b48-f357c7f30bfa.jpeg"", ""https://a0.muscache.com/im/pictures/miso/Hosting-1428089078118652944/original/b6e2b14f-b1cf-4774-aafe-0a371708e558.jpeg"", ""https://a0.muscache.com/im/pictures/miso/Hosting-1428089078118652944/original/f3e893c2-4180-4844-b432-b0cd82acebaf.jpeg"", ""https://a0.muscache.com/im/pictures/miso/Hosting-1428089078118652944/original/520f6ec9-bb4b-465a-9e36-46c7adaaaa7d.jpeg"", ""https://a0.muscache.com/im/pictures/miso/Hosting-1428089078118652944/original/942f19a5-1dc3-4045-80b1-379ccbcee274.jpeg"", ""https://a0.muscache.com/im/pictures/miso/Hosting-1428089078118652944/original/86051af6-c0a0-44e9-95f5-3e4e7624b670.jpeg"", ""https://a0.muscache.com/im/pictures/miso/Hosting-1428089078118652944/original/3b27c31a-a041-42eb-9fe0-7aba9914e005.jpeg"", ""https://a0.muscache.com/im/pictures/miso/Hosting-1428089078118652944/original/4b9f44e2-68d2-41b3-9eb7-7a0b17814d6d.jpeg"", ""https://a0.muscache.com/im/pictures/miso/Hosting-1428089078118652944/original/c0955c32-7796-446c-af75-ada2e8b1b3c1.jpeg"", ""https://a0.muscache.com/im/pictures/hosting/Hosting-U3RheVN1cHBseUxpc3Rpbmc6MTQyODA4OTA3ODExODY1Mjk0NA==/original/91b1b50a-85f5-4e8e-abb4-3064def1b2cd.jpeg"", ""https://a0.muscache.com/im/pictures/hosting/Hosting-U3RheVN1cHBseUxpc3Rpbmc6MTQyODA4OTA3ODExODY1Mjk0NA==/original/61c43f8a-c994-4483-bbf0-965ae2df7b37.jpeg"", ""https://a0.muscache.com/im/pictures/hosting/Hosting-U3RheVN1cHBseUxpc3Rpbmc6MTQyODA4OTA3ODExODY1Mjk0NA==/original/8c3fd6af-95de-4468-b0de-57dca6a90837.jpeg"", ""https://a0.muscache.com/im/pictures/hosting/Hosting-U3RheVN1cHBseUxpc3Rpbmc6MTQyODA4OTA3ODExODY1Mjk0NA==/original/c6446e56-962e-471f-9ef7-ee6c7ca81800.jpeg"", ""https://a0.muscache.com/im/pictures/hosting/Hosting-U3RheVN1cHBseUxpc3Rpbmc6MTQyODA4OTA3ODExODY1Mjk0NA==/original/b6d7f1bb-09c6-4e00-98a8-cdf02f7038ed.jpeg"", ""https://a0.muscache.com/im/pictures/hosting/Hosting-U3RheVN1cHBseUxpc3Rpbmc6MTQyODA4OTA3ODExODY1Mjk0NA==/original/94711455-a663-44f3-9c9a-b690c1a79066.jpeg"", ""https://a0.muscache.com/im/pictures/hosting/Hosting-U3RheVN1cHBseUxpc3Rpbmc6MTQyODA4OTA3ODExODY1Mjk0NA==/original/1496ab14-0a25-4814-a784-68d0983c6f3b.jpeg"", ""https://a0.muscache.com/im/pictures/hosting/Hosting-U3RheVN1cHBseUxpc3Rpbmc6MTQyODA4OTA3ODExODY1Mjk0NA==/original/9485bfe8-ae64-490f-bdf6-68dabb36443b.jpeg"", ""https://a0.muscache.com/im/pictures/hosting/Hosting-U3RheVN1cHBseUxpc3Rpbmc6MTQyODA4OTA3ODExODY1Mjk0NA==/original/e3e0bda8-9861-4595-909f-0d7bb38a0fa3.jpeg"", ""https://a0.muscache.com/im/pictures/hosting/Hosting-U3RheVN1cHBseUxpc3Rpbmc6MTQyODA4OTA3ODExODY1Mjk0NA==/original/3b0bf175-a6cf-4587-b492-da331c28a832.jpeg"", ""https://a0.muscache.com/im/pictures/hosting/Hosting-U3RheVN1cHBseUxpc3Rpbmc6MTQyODA4OTA3ODExODY1Mjk0NA==/original/f1549add-f1d7-4b71-b2f1-445fc1fd2b6b.jpeg"", ""https://a0.muscache.com/im/pictures/hosting/Hosting-U3RheVN1cHBseUxpc3Rpbmc6MTQyODA4OTA3ODExODY1Mjk0NA==/original/e078d36d-2648-47f4-bea8-3e73ad31ffdf.jpeg"", ""https://a0.muscache.com/im/pictures/hosting/Hosting-U3RheVN1cHBseUxpc3Rpbmc6MTQyODA4OTA3ODExODY1Mjk0NA==/original/4ebe0925-96f6-44e6-adb6-255cafd58611.jpeg"", ""https://a0.muscache.com/im/pictures/hosting/Hosting-1428089078118652944/original/064acca9-3fa5-4b00-935e-780175e3ae40.jpeg"", ""https://a0.muscache.com/im/pictures/hosting/Hosting-U3RheVN1cHBseUxpc3Rpbmc6MTQyODA4OTA3ODExODY1Mjk0NA==/original/31fd5b5d-8cba-47e8-b379-5fde4cbafe04.jpeg"", ""https://a0.muscache.com/im/pictures/hosting/Hosting-U3RheVN1cHBseUxpc3Rpbmc6MTQyODA4OTA3ODExODY1Mjk0NA==/original/7b12a54d-3e7b-4978-988f-b65e4b790e99.jpeg"", ""https://a0.muscache.com/im/pictures/hosting/Hosting-U3RheVN1cHBseUxpc3Rpbmc6MTQyODA4OTA3ODExODY1Mjk0NA==/original/1d16adaa-cf01-499d-996d-7a9a3a79b6db.jpeg"", ""https://a0.muscache.com/im/pictures/hosting/Hosting-U3RheVN1cHBseUxpc3Rpbmc6MTQyODA4OTA3ODExODY1Mjk0NA==/original/c387f0d2-58b9-4649-ba33-ea2baa52a434.jpeg""]",t,"[{""name"": ""Cindy"", ""avatar"": ""https://a0.muscache.com/im/pictures/user/avatar_cindy.jpg""}, {""name"": ""Rùa"", ""avatar"": ""https://a0.muscache.com/im/pictures/user/avatar_rua.jpg""}, {""name"": ""Dang Nguyen"", ""avatar"": ""https://a0.muscache.com/im/pictures/user/avatar_dang.jpg""}]","[{""name"": ""DECOR"", ""localizedName"": ""Trang trí"", ""count"": 8}, {""name"": ""INTERIOR"", ""localizedName"": ""Không gian bên trong"", ""count"": 21}, {""name"": ""CLEANLINESS"", ""localizedName"": ""Mức độ sạch sẽ"", ""count"": 23}, {""name"": ""LOCATION"", ""localizedName"": ""Địa điểm"", ""count"": 8}, {""name"": ""HOSPITALITY"", ""localizedName"": ""Hiếu khách"", ""count"": 3}]","[{""title"": ""Trải nghiệm nhận phòng xuất sắc"", ""subtitle"": ""Những khách ở gần đây đã xếp hạng 5 sao cho quy trình nhận phòng.""}, {""title"": ""Tự nhận phòng"", ""subtitle"": ""Tự nhận phòng với hộp khóa an toàn.""}]"
1541934507133656236,https://www.airbnb.com.vn/rooms/1541934507133656236,20260926000000,2026-09-26,city search,Studio thoải mái 104 đầy đủ tiện nghi Sài Gòn,"Chào mừng bạn đến với Studio thoải mái 104 đầy đủ tiện nghi Sài Gòn — một không gian lưu trú ấm cúng, sang trọng tọa lạc tại Quận 7, Thành phố Hồ Chí Minh.
Căn phòng tràn ngập ánh sáng tự nhiên với đầy đủ tiện nghi cao cấp, giường nệm êm ái, máy lạnh, TV và wifi tốc độ cao. Rất thuận tiện di chuyển tới các điểm tham quan, nhà hàng ẩm thực và quán cà phê nổi tiếng của Thành phố Hồ Chí Minh.","Khu vực Quận 7 an ninh, văn minh, gần nhiều địa điểm ăn uống, mua sắm và giải trí sầm uất tại Thành phố Hồ Chí Minh.",https://a0.muscache.com/im/pictures/hosting/Hosting-1541934507133656236/original/84b37855-ba25-49b9-bae5-01614b0f6fdf.png,47000129,https://www.airbnb.com.vn/users/show/47000129,Hải,2021-12-03,"Thành phố Hồ Chí Minh, Việt Nam","Xin chào, tôi là Hải, đã có 4 năm kinh nghiệm làm host. Tôi yêu thích du lịch và luôn mong muốn đem lại trải nghiệm lưu trú thoải mái nhất cho khách.",trong vòng một giờ,100%,98%,f,https://a0.muscache.com/im/pictures/user/User-47000129/original/user_profile_9.jpeg,https://a0.muscache.com/im/pictures/user/User-47000129/original/user_profile_9.jpeg,Quận 7,2,3,"['email', 'phone', 'work_email']",t,t,Quận 7,Quận 7,Thành phố Hồ Chí Minh,10.76406,106.69268,Toàn bộ căn hộ cho thuê,Entire home/apt,2,1.0,1 phòng tắm,1,1,"[""Không gian riêng để làm việc"", ""Máy giặt"", ""Bể bơi"", ""Lò vi sóng"", ""Thang máy"", ""Bộ chăn ga gối cao cấp"", ""Chỗ đỗ xe miễn phí trong khuôn viên"", ""Tủ lạnh"", ""Ban công ngắm cảnh"", ""Dầu gội & Sữa tắm"", ""Wi-fi tốc độ cao"", ""Bàn ủi / Bàn là"", ""Máy báo khói"", ""TV màn hình phẳng"", ""Bồn tắm thư giãn"", ""Máy phát hiện khí CO"", ""Máy sấy tóc"", ""Bếp đầy đủ tiện nghi"", ""Tự nhận phòng với hộp khóa an toàn"", ""Điều hòa nhiệt độ""]","₫606,196",1,1125,1,2,1125,1125,1.0,1125.0,today,t,24,44,77,338,2026-09-26,57,30,4,2024-05-24,2026-09-21,4.89,4.82,4.88,5.0,5.0,4.99,4.77,,f,2,2,0,0,2.75,"[""https://a0.muscache.com/im/pictures/hosting/Hosting-1541934507133656236/original/84b37855-ba25-49b9-bae5-01614b0f6fdf.png"", ""https://a0.muscache.com/im/pictures/hosting/Hosting-1541934507133656236/original/caab06e6-3960-4380-979f-ff5f5c2c42fd.png"", ""https://a0.muscache.com/im/pictures/hosting/Hosting-1541934507133656236/original/42a223f0-d463-4269-b0c5-8538a430bbda.png"", ""https://a0.muscache.com/im/pictures/hosting/Hosting-1541934507133656236/original/4a4d6977-0297-43db-9532-5ab5de573a85.png"", ""https://a0.muscache.com/im/pictures/hosting/Hosting-1541934507133656236/original/7a1f8088-ddf2-4c40-835d-dcb2d4da99c4.png"", ""https://a0.muscache.com/im/pictures/hosting/Hosting-1541934507133656236/original/b95131d6-68db-4524-bef1-e08755895459.png"", ""https://a0.muscache.com/im/pictures/hosting/Hosting-1541934507133656236/original/ada3b9d8-22ca-48f7-96a8-ffc5036a84d3.png"", ""https://a0.muscache.com/im/pictures/hosting/Hosting-1541934507133656236/original/9f98e13e-99e5-4849-b0fd-5847a36977f3.png"", ""https://a0.muscache.com/im/pictures/hosting/Hosting-1541934507133656236/original/c2735add-bed9-46a1-a75d-8c688518431a.png"", ""https://a0.muscache.com/im/pictures/hosting/Hosting-1541934507133656236/original/3e3622e0-d8e2-428b-9270-6f500b7f3ff9.png"", ""https://a0.muscache.com/im/pictures/hosting/Hosting-1541934507133656236/original/b55593e2-be34-470d-9fea-fac6cc8ceb93.png"", ""https://a0.muscache.com/im/pictures/hosting/Hosting-1541934507133656236/original/ad1e467a-18e7-4a36-91d0-8d372a85d9f0.png"", ""https://a0.muscache.com/im/pictures/hosting/Hosting-1541934507133656236/original/acd0c6fd-a979-430a-b608-0a3e588a5dbe.png""]",t,"[{""name"": ""Long"", ""avatar"": ""https://a0.muscache.com/im/pictures/user/avatar_long.jpg""}]","[{""name"": ""DECOR"", ""localizedName"": ""Trang trí"", ""count"": 7}, {""name"": ""INTERIOR"", ""localizedName"": ""Không gian bên trong"", ""count"": 9}, {""name"": ""CLEANLINESS"", ""localizedName"": ""Mức độ sạch sẽ"", ""count"": 13}, {""name"": ""LOCATION"", ""localizedName"": ""Địa điểm"", ""count"": 13}, {""name"": ""HOSPITALITY"", ""localizedName"": ""Hiếu khách"", ""count"": 12}]","[{""title"": ""Trải nghiệm nhận phòng xuất sắc"", ""subtitle"": ""Những khách ở gần đây đã xếp hạng 5 sao cho quy trình nhận phòng.""}, {""title"": ""Tự nhận phòng"", ""subtitle"": ""Tự nhận phòng với hộp khóa an toàn.""}]"
1327333286496411071,https://www.airbnb.com.vn/rooms/1327333286496411071,20260926000000,2026-09-26,city search,Lily’s House - 1 phòng ngủ có phòng tắm riêng biệt,"Chào mừng bạn đến với Lily’s House - 1 phòng ngủ có phòng tắm riêng biệt — một không gian lưu trú ấm cúng, sang trọng tọa lạc tại Quận 10, Thành phố Hồ Chí Minh.
Căn phòng tràn ngập ánh sáng tự nhiên với đầy đủ tiện nghi cao cấp, giường nệm êm ái, máy lạnh, TV và wifi tốc độ cao. Rất thuận tiện di chuyển tới các điểm tham quan, nhà hàng ẩm thực và quán cà phê nổi tiếng của Thành phố Hồ Chí Minh.","Khu vực Quận 10 an ninh, văn minh, gần nhiều địa điểm ăn uống, mua sắm và giải trí sầm uất tại Thành phố Hồ Chí Minh.",https://a0.muscache.com/im/pictures/miso/Hosting-1327307809472209250/original/192a9c3e-88f9-4ca3-a294-985f6ab5197b.jpeg,47000130,https://www.airbnb.com.vn/users/show/47000130,Nam,2020-02-25,"Thành phố Hồ Chí Minh, Việt Nam","Xin chào, tôi là Nam, đã có 6 năm kinh nghiệm làm host. Tôi yêu thích du lịch và luôn mong muốn đem lại trải nghiệm lưu trú thoải mái nhất cho khách.",trong vòng một giờ,100%,98%,t,https://a0.muscache.com/im/pictures/user/User-47000130/original/user_profile_0.jpeg,https://a0.muscache.com/im/pictures/user/User-47000130/original/user_profile_0.jpeg,Quận 10,10,8,"['email', 'phone', 'work_email']",t,t,Quận 10,Quận 10,Thành phố Hồ Chí Minh,10.8133,106.67366,Phòng riêng trong nhà,Private room,2,1.0,1 phòng tắm,1,1,"[""Bồn tắm thư giãn"", ""Tủ lạnh"", ""Không gian riêng để làm việc"", ""TV màn hình phẳng"", ""Máy sấy tóc"", ""Bộ chăn ga gối cao cấp"", ""Bàn ủi / Bàn là"", ""Bếp đầy đủ tiện nghi"", ""Máy phát hiện khí CO"", ""Wi-fi tốc độ cao"", ""Ban công ngắm cảnh"", ""Thang máy"", ""Tự nhận phòng với hộp khóa an toàn"", ""Dầu gội & Sữa tắm"", ""Điều hòa nhiệt độ"", ""Máy giặt"", ""Bể bơi"", ""Lò vi sóng"", ""Máy báo khói"", ""Chỗ đỗ xe miễn phí trong khuôn viên""]","₫270,000",1,1125,1,2,1125,1125,1.0,1125.0,today,t,16,36,80,225,2026-09-26,27,12,3,2025-08-17,2026-09-14,5.0,4.97,4.97,5.0,5.0,4.85,4.71,,t,2,0,1,0,2.25,"[""https://a0.muscache.com/im/pictures/miso/Hosting-1327307809472209250/original/192a9c3e-88f9-4ca3-a294-985f6ab5197b.jpeg"", ""https://a0.muscache.com/im/pictures/hosting/Hosting-1327333286496411071/original/4cf3129b-d0e4-4ca3-bc6e-4dd25c8245c3.jpeg"", ""https://a0.muscache.com/im/pictures/hosting/Hosting-1327333286496411071/original/d58eb6e6-8e8d-4410-ab03-1a83f0e98f4e.jpeg"", ""https://a0.muscache.com/im/pictures/hosting/Hosting-1327333286496411071/original/419d4914-a142-476c-b735-2bba254d58a8.jpeg"", ""https://a0.muscache.com/im/pictures/hosting/Hosting-1327333286496411071/original/6a60fc63-8923-4214-9de9-b2ccd22b7811.jpeg"", ""https://a0.muscache.com/im/pictures/miso/Hosting-1327333286496411071/original/fcde3eb2-2db8-4da0-b144-9251323c0dd1.jpeg""]",t,"[{""name"": ""Long"", ""avatar"": ""https://a0.muscache.com/im/pictures/user/avatar_long.jpg""}]","[{""name"": ""DECOR"", ""localizedName"": ""Trang trí"", ""count"": 12}, {""name"": ""INTERIOR"", ""localizedName"": ""Không gian bên trong"", ""count"": 17}, {""name"": ""CLEANLINESS"", ""localizedName"": ""Mức độ sạch sẽ"", ""count"": 25}, {""name"": ""LOCATION"", ""localizedName"": ""Địa điểm"", ""count"": 2}, {""name"": ""HOSPITALITY"", ""localizedName"": ""Hiếu khách"", ""count"": 12}]","[{""title"": ""Trải nghiệm nhận phòng xuất sắc"", ""subtitle"": ""Những khách ở gần đây đã xếp hạng 5 sao cho quy trình nhận phòng.""}, {""title"": ""Tự nhận phòng"", ""subtitle"": ""Tự nhận phòng với hộp khóa an toàn.""}]"
1768842501922290360,https://www.airbnb.com.vn/rooms/1768842501922290360,20260926000000,2026-09-26,city search,385: Studio boutique Olive,"Chào mừng bạn đến với 385: Studio boutique Olive — một không gian lưu trú ấm cúng, sang trọng tọa lạc tại Quận Bình Thạnh, Thành phố Hồ Chí Minh.
Căn phòng tràn ngập ánh sáng tự nhiên với đầy đủ tiện nghi cao cấp, giường nệm êm ái, máy lạnh, TV và wifi tốc độ cao. Rất thuận tiện di chuyển tới các điểm tham quan, nhà hàng ẩm thực và quán cà phê nổi tiếng của Thành phố Hồ Chí Minh.","Khu vực Quận Bình Thạnh an ninh, văn minh, gần nhiều địa điểm ăn uống, mua sắm và giải trí sầm uất tại Thành phố Hồ Chí Minh.",https://a0.muscache.com/im/pictures/hosting/Hosting-1768842501922290360/original/0bedd556-9dd5-410a-bc84-4639ac663553.jpeg,47000131,https://www.airbnb.com.vn/users/show/47000131,Tuấn,2021-03-24,"Thành phố Hồ Chí Minh, Việt Nam","Xin chào, tôi là Tuấn, đã có 5 năm kinh nghiệm làm host. Tôi yêu thích du lịch và luôn mong muốn đem lại trải nghiệm lưu trú thoải mái nhất cho khách.",trong vòng một giờ,100%,98%,f,https://a0.muscache.com/im/pictures/user/User-47000131/original/user_profile_1.jpeg,https://a0.muscache.com/im/pictures/user/User-47000131/original/user_profile_1.jpeg,Quận Bình Thạnh,9,1,"['email', 'phone', 'work_email']",t,t,Quận Bình Thạnh,Quận Bình Thạnh,Thành phố Hồ Chí Minh,10.7597,106.685,Phòng riêng trong nhà,Private room,2,1.0,1 phòng tắm,1,1,"[""Lò vi sóng"", ""Chỗ đỗ xe miễn phí trong khuôn viên"", ""Tự nhận phòng với hộp khóa an toàn"", ""Điều hòa nhiệt độ"", ""Máy phát hiện khí CO"", ""Máy giặt"", ""Bồn tắm thư giãn"", ""Máy báo khói"", ""Ban công ngắm cảnh"", ""Wi-fi tốc độ cao"", ""Máy sấy tóc"", ""Bàn ủi / Bàn là"", ""Dầu gội & Sữa tắm"", ""Bộ chăn ga gối cao cấp"", ""Thang máy"", ""Bếp đầy đủ tiện nghi"", ""Tủ lạnh""]","₫850,140",1,1125,1,2,1125,1125,1.0,1125.0,today,t,22,55,77,249,2026-09-26,39,4,4,2025-02-18,2026-09-03,4.85,4.85,4.92,5.0,5.0,4.89,4.75,,f,2,0,1,0,1.87,"[""https://a0.muscache.com/im/pictures/hosting/Hosting-1768842501922290360/original/0bedd556-9dd5-410a-bc84-4639ac663553.jpeg"", ""https://a0.muscache.com/im/pictures/hosting/Hosting-1768842501922290360/original/30c59cd3-ec16-42b8-87e7-e30d68c7f816.jpeg"", ""https://a0.muscache.com/im/pictures/hosting/Hosting-1768842501922290360/original/3d0a8422-bf40-45b2-b773-ac304e0cb122.jpeg"", ""https://a0.muscache.com/im/pictures/hosting/Hosting-1768842501922290360/original/5fab1c81-6c02-48bd-a28b-fd5a660d571f.jpeg"", ""https://a0.muscache.com/im/pictures/hosting/Hosting-1768842501922290360/original/90c68e82-5b98-4aa0-9a9c-24d907d76805.jpeg"", ""https://a0.muscache.com/im/pictures/hosting/Hosting-1768842501922290360/original/975b94a7-67b6-4f24-b25d-745252746776.jpeg""]",f,"[{""name"": ""Rùa"", ""avatar"": ""https://a0.muscache.com/im/pictures/user/avatar_rua.jpg""}, {""name"": ""Long"", ""avatar"": ""https://a0.muscache.com/im/pictures/user/avatar_long.jpg""}, {""name"": ""Cindy"", ""avatar"": ""https://a0.muscache.com/im/pictures/user/avatar_cindy.jpg""}]","[{""name"": ""DECOR"", ""localizedName"": ""Trang trí"", ""count"": 12}, {""name"": ""INTERIOR"", ""localizedName"": ""Không gian bên trong"", ""count"": 16}, {""name"": ""CLEANLINESS"", ""localizedName"": ""Mức độ sạch sẽ"", ""count"": 19}, {""name"": ""LOCATION"", ""localizedName"": ""Địa điểm"", ""count"": 11}, {""name"": ""HOSPITALITY"", ""localizedName"": ""Hiếu khách"", ""count"": 3}]","[{""title"": ""Trải nghiệm nhận phòng xuất sắc"", ""subtitle"": ""Những khách ở gần đây đã xếp hạng 5 sao cho quy trình nhận phòng.""}, {""title"": ""Tự nhận phòng"", ""subtitle"": ""Tự nhận phòng với hộp khóa an toàn.""}]"
1126682553717054571,https://www.airbnb.com.vn/rooms/1126682553717054571,20260926000000,2026-09-26,city search,Phòng hiện đại ấm cúng 1 gần sân bay,"Chào mừng bạn đến với Phòng hiện đại ấm cúng 1 gần sân bay — một không gian lưu trú ấm cúng, sang trọng tọa lạc tại Quận Tân Bình, Thành phố Hồ Chí Minh.
Căn phòng tràn ngập ánh sáng tự nhiên với đầy đủ tiện nghi cao cấp, giường nệm êm ái, máy lạnh, TV và wifi tốc độ cao. Rất thuận tiện di chuyển tới các điểm tham quan, nhà hàng ẩm thực và quán cà phê nổi tiếng của Thành phố Hồ Chí Minh.","Khu vực Quận Tân Bình an ninh, văn minh, gần nhiều địa điểm ăn uống, mua sắm và giải trí sầm uất tại Thành phố Hồ Chí Minh.",https://a0.muscache.com/im/pictures/hosting/Hosting-U3RheVN1cHBseUxpc3Rpbmc6MTEyNjY4MjU1MzcxNzA1NDU3MQ==/original/7fd3ebdf-3907-49cd-91f3-4057137e6eb7.jpeg,47000132,https://www.airbnb.com.vn/users/show/47000132,Long,2025-07-28,"Thành phố Hồ Chí Minh, Việt Nam","Xin chào, tôi là Long, đã có 1 năm kinh nghiệm làm host. Tôi yêu thích du lịch và luôn mong muốn đem lại trải nghiệm lưu trú thoải mái nhất cho khách.",trong vòng một giờ,100%,98%,t,https://a0.muscache.com/im/pictures/user/User-47000132/original/user_profile_2.jpeg,https://a0.muscache.com/im/pictures/user/User-47000132/original/user_profile_2.jpeg,Quận Tân Bình,10,5,"['email', 'phone', 'work_email']",t,t,Quận Tân Bình,Quận Tân Bình,Thành phố Hồ Chí Minh,10.8028,106.6585,Phòng riêng trong nhà,Private room,2,1.0,1 phòng tắm,1,1,"[""Wi-fi tốc độ cao"", ""Máy sấy tóc"", ""Tự nhận phòng với hộp khóa an toàn"", ""Ban công ngắm cảnh"", ""Bồn tắm thư giãn"", ""Bộ chăn ga gối cao cấp"", ""Thang máy"", ""Chỗ đỗ xe miễn phí trong khuôn viên"", ""Máy giặt"", ""Bếp đầy đủ tiện nghi"", ""Lò vi sóng"", ""Bể bơi"", ""Không gian riêng để làm việc"", ""Điều hòa nhiệt độ"", ""Bàn ủi / Bàn là"", ""Máy phát hiện khí CO"", ""TV màn hình phẳng""]","₫487,000",1,1125,1,2,1125,1125,1.0,1125.0,today,t,20,41,50,252,2026-09-26,50,5,3,2024-09-06,2026-09-14,4.96,4.86,4.92,5.0,5.0,4.98,4.78,,t,2,0,1,0,2.18,"[""https://a0.muscache.com/im/pictures/hosting/Hosting-U3RheVN1cHBseUxpc3Rpbmc6MTEyNjY4MjU1MzcxNzA1NDU3MQ==/original/7fd3ebdf-3907-49cd-91f3-4057137e6eb7.jpeg"", ""https://a0.muscache.com/im/pictures/hosting/Hosting-U3RheVN1cHBseUxpc3Rpbmc6MTEyNjY4MjU1MzcxNzA1NDU3MQ==/original/3821e476-5822-43c3-9106-c201ffc508d2.jpeg"", ""https://a0.muscache.com/im/pictures/hosting/Hosting-U3RheVN1cHBseUxpc3Rpbmc6MTEyNjY4MjU1MzcxNzA1NDU3MQ==/original/f568e4db-abf2-42ed-8ba9-1190984d3d65.jpeg"", ""https://a0.muscache.com/im/pictures/hosting/Hosting-U3RheVN1cHBseUxpc3Rpbmc6MTEyNjY4MjU1MzcxNzA1NDU3MQ==/original/115b05f5-b0ec-411a-ae60-37cbc2cabadb.jpeg"", ""https://a0.muscache.com/im/pictures/hosting/Hosting-U3RheVN1cHBseUxpc3Rpbmc6MTEyNjY4MjU1MzcxNzA1NDU3MQ==/original/274b9ce7-95aa-44c8-aa0f-54a905104756.jpeg"", ""https://a0.muscache.com/im/pictures/hosting/Hosting-U3RheVN1cHBseUxpc3Rpbmc6MTEyNjY4MjU1MzcxNzA1NDU3MQ==/original/d1790504-408a-4758-9e0e-2110f9aef753.jpeg""]",t,"[{""name"": ""Rùa"", ""avatar"": ""https://a0.muscache.com/im/pictures/user/avatar_rua.jpg""}, {""name"": ""Cindy"", ""avatar"": ""https://a0.muscache.com/im/pictures/user/avatar_cindy.jpg""}, {""name"": ""Long"", ""avatar"": ""https://a0.muscache.com/im/pictures/user/avatar_long.jpg""}]","[{""name"": ""DECOR"", ""localizedName"": ""Trang trí"", ""count"": 4}, {""name"": ""INTERIOR"", ""localizedName"": ""Không gian bên trong"", ""count"": 18}, {""name"": ""CLEANLINESS"", ""localizedName"": ""Mức độ sạch sẽ"", ""count"": 23}, {""name"": ""LOCATION"", ""localizedName"": ""Địa điểm"", ""count"": 12}, {""name"": ""HOSPITALITY"", ""localizedName"": ""Hiếu khách"", ""count"": 7}]","[{""title"": ""Trải nghiệm nhận phòng xuất sắc"", ""subtitle"": ""Những khách ở gần đây đã xếp hạng 5 sao cho quy trình nhận phòng.""}, {""title"": ""Tự nhận phòng"", ""subtitle"": ""Tự nhận phòng với hộp khóa an toàn.""}]"
1093210059037310746,https://www.airbnb.com.vn/rooms/1093210059037310746,20260926000000,2026-09-26,city search,"Căn hộ studio The Sóng Vũng Tàu, tầng 26, hồ bơi miễn phí","Chào mừng bạn đến với Căn hộ studio The Sóng Vũng Tàu, tầng 26, hồ bơi miễn phí — một không gian lưu trú ấm cúng, sang trọng tọa lạc tại Thành phố Thủ Đức, Thành phố Hồ Chí Minh.
Căn phòng tràn ngập ánh sáng tự nhiên với đầy đủ tiện nghi cao cấp, giường nệm êm ái, máy lạnh, TV và wifi tốc độ cao. Rất thuận tiện di chuyển tới các điểm tham quan, nhà hàng ẩm thực và quán cà phê nổi tiếng của Thành phố Hồ Chí Minh.","Khu vực Thành phố Thủ Đức an ninh, văn minh, gần nhiều địa điểm ăn uống, mua sắm và giải trí sầm uất tại Thành phố Hồ Chí Minh.",https://a0.muscache.com/im/pictures/hosting/Hosting-1093210059037310746/original/ef93558d-fdc7-4c93-ac5e-0746d48009ce.jpeg,47000133,https://www.airbnb.com.vn/users/show/47000133,Đức,2020-08-14,"Thành phố Hồ Chí Minh, Việt Nam","Xin chào, tôi là Đức, đã có 6 năm kinh nghiệm làm host. Tôi yêu thích du lịch và luôn mong muốn đem lại trải nghiệm lưu trú thoải mái nhất cho khách.",trong vòng một giờ,100%,98%,f,https://a0.muscache.com/im/pictures/user/User-47000133/original/user_profile_3.jpeg,https://a0.muscache.com/im/pictures/user/User-47000133/original/user_profile_3.jpeg,Thành phố Thủ Đức,5,4,"['email', 'phone', 'work_email']",t,t,Thành phố Thủ Đức,Thành phố Thủ Đức,Thành phố Hồ Chí Minh,10.85904,106.67039,Toàn bộ căn hộ cho thuê,Entire home/apt,2,1.0,1 phòng tắm,1,1,"[""Thang máy"", ""Tủ lạnh"", ""Tự nhận phòng với hộp khóa an toàn"", ""Máy sấy tóc"", ""Ban công ngắm cảnh"", ""Máy giặt"", ""Máy báo khói"", ""Wi-fi tốc độ cao"", ""Bộ chăn ga gối cao cấp"", ""Không gian riêng để làm việc"", ""Lò vi sóng"", ""Bàn ủi / Bàn là"", ""Điều hòa nhiệt độ"", ""TV màn hình phẳng"", ""Máy phát hiện khí CO"", ""Bể bơi""]","₫618,800",1,1125,1,2,1125,1125,1.0,1125.0,today,t,19,35,52,268,2026-09-26,49,22,1,2024-09-21,2026-09-15,4.94,4.96,4.95,5.0,5.0,4.76,4.94,,f,2,2,0,0,2.19,"[""https://a0.muscache.com/im/pictures/hosting/Hosting-1093210059037310746/original/ef93558d-fdc7-4c93-ac5e-0746d48009ce.jpeg"", ""https://a0.muscache.com/im/pictures/hosting/Hosting-1093210059037310746/original/c328400c-69f0-47cf-a176-05d2114b08cc.jpeg"", ""https://a0.muscache.com/im/pictures/miso/Hosting-714662748945260228/original/e8eac50f-de5f-4520-9c53-222e80d62302.jpeg"", ""https://a0.muscache.com/im/pictures/hosting/Hosting-1093210059037310746/original/bc18ee9c-36db-4134-9cab-2563ccac38c0.jpeg"", ""https://a0.muscache.com/im/pictures/hosting/Hosting-1093210059037310746/original/a8c94b9a-0001-414d-974b-1da8fcbe441f.jpeg"", ""https://a0.muscache.com/im/pictures/hosting/Hosting-1093210059037310746/original/bb31e373-8c3e-492c-a233-1cdbb208fda1.jpeg"", ""https://a0.muscache.com/im/pictures/hosting/Hosting-1093210059037310746/original/defaa925-39b3-45e1-bdbc-f39b1fc4eb18.jpeg"", ""https://a0.muscache.com/im/pictures/hosting/Hosting-1093210059037310746/original/9de985a7-137e-4a47-a100-b9a6b7489260.jpeg"", ""https://a0.muscache.com/im/pictures/hosting/Hosting-1093210059037310746/original/b11e5b1c-0689-4229-9e90-3ca3dcd651b7.jpeg"", ""https://a0.muscache.com/im/pictures/hosting/Hosting-1093210059037310746/original/1ffa612c-7c56-4103-a5dc-ce0c96fa6e48.jpeg"", ""https://a0.muscache.com/im/pictures/hosting/Hosting-1093210059037310746/original/40513492-51ce-4660-b7c9-b070a69cfe8c.jpeg"", ""https://a0.muscache.com/im/pictures/hosting/Hosting-1093210059037310746/original/0797b3d4-ee24-4adf-9afc-958241100730.jpeg"", ""https://a0.muscache.com/im/pictures/miso/Hosting-714662748945260228/original/7d30769c-bbcc-44e1-ab1c-0e1c828fa4c0.jpeg"", ""https://a0.muscache.com/im/pictures/miso/Hosting-714662748945260228/original/91e245a3-39e3-447c-9063-92d5f59daf2e.jpeg"", ""https://a0.muscache.com/im/pictures/miso/Hosting-714662748945260228/original/c9a62139-1489-4a8d-99ff-a98e15a7a789.jpeg"", ""https://a0.muscache.com/im/pictures/miso/Hosting-714662748945260228/original/9713f885-11d4-47ce-83a4-7262e3f5608b.jpeg"", ""https://a0.muscache.com/im/pictures/miso/Hosting-714662748945260228/original/4951abc6-6803-4fb5-9ad2-1303566d3918.jpeg"", ""https://a0.muscache.com/im/pictures/miso/Hosting-714662748945260228/original/d6eb0981-f813-48f1-86bb-2d1ed55ffd3a.jpeg"", ""https://a0.muscache.com/im/pictures/miso/Hosting-714662748945260228/original/186ea90a-5fc8-456b-b72e-88004fe3929a.jpeg"", ""https://a0.muscache.com/im/pictures/miso/Hosting-714662748945260228/original/3d131535-83c7-47fb-9ade-69981122d858.jpeg"", ""https://a0.muscache.com/im/pictures/miso/Hosting-714662748945260228/original/a54f833e-96d4-4a2d-892b-b77ef4837cd0.jpeg"", ""https://a0.muscache.com/im/pictures/miso/Hosting-714662748945260228/original/bb3b54ca-fa38-4e0f-a30c-41b7949a96d7.jpeg"", ""https://a0.muscache.com/im/pictures/miso/Hosting-714662748945260228/original/fedf450f-52b7-489f-bba9-2732a123228f.jpeg"", ""https://a0.muscache.com/im/pictures/f8a02fff-25c2-4365-9d0d-9447b8339358.jpg"", ""https://a0.muscache.com/im/pictures/60bcbea3-ea99-4bfc-90b4-fecbdbdf4ad3.jpg"", ""https://a0.muscache.com/im/pictures/366f5305-6740-45cb-ab4c-2e480fbb4344.jpg"", ""https://a0.muscache.com/im/pictures/hosting/Hosting-1093210059037310746/original/ae0138f2-de65-4094-9257-b26eb0c22a43.jpeg"", ""https://a0.muscache.com/im/pictures/hosting/Hosting-1093210059037310746/original/2b0fc49b-7cc2-4549-83f8-edc49bbe3420.jpeg"", ""https://a0.muscache.com/im/pictures/hosting/Hosting-1093210059037310746/original/bed9e298-27e4-4e0a-a0db-d53dc841da17.jpeg""]",t,"[{""name"": ""Cindy"", ""avatar"": ""https://a0.muscache.com/im/pictures/user/avatar_cindy.jpg""}]","[{""name"": ""DECOR"", ""localizedName"": ""Trang trí"", ""count"": 18}, {""name"": ""INTERIOR"", ""localizedName"": ""Không gian bên trong"", ""count"": 14}, {""name"": ""CLEANLINESS"", ""localizedName"": ""Mức độ sạch sẽ"", ""count"": 15}, {""name"": ""LOCATION"", ""localizedName"": ""Địa điểm"", ""count"": 4}, {""name"": ""HOSPITALITY"", ""localizedName"": ""Hiếu khách"", ""count"": 13}]","[{""title"": ""Trải nghiệm nhận phòng xuất sắc"", ""subtitle"": ""Những khách ở gần đây đã xếp hạng 5 sao cho quy trình nhận phòng.""}, {""title"": ""Tự nhận phòng"", ""subtitle"": ""Tự nhận phòng với hộp khóa an toàn.""}]"
1231119321481630276,https://www.airbnb.com.vn/rooms/1231119321481630276,20260926000000,2026-09-26,city search,#121 Phòng ấm cúng có bếp chung gần sân bay,"Chào mừng bạn đến với #121 Phòng ấm cúng có bếp chung gần sân bay — một không gian lưu trú ấm cúng, sang trọng tọa lạc tại Quận Tân Bình, Thành phố Hồ Chí Minh.
Căn phòng tràn ngập ánh sáng tự nhiên với đầy đủ tiện nghi cao cấp, giường nệm êm ái, máy lạnh, TV và wifi tốc độ cao. Rất thuận tiện di chuyển tới các điểm tham quan, nhà hàng ẩm thực và quán cà phê nổi tiếng của Thành phố Hồ Chí Minh.","Khu vực Quận Tân Bình an ninh, văn minh, gần nhiều địa điểm ăn uống, mua sắm và giải trí sầm uất tại Thành phố Hồ Chí Minh.",https://a0.muscache.com/im/pictures/hosting/Hosting-1231119321481630276/original/3ea6bb0e-af1f-4cf3-a4f1-c34ec7377c8d.jpeg,47000134,https://www.airbnb.com.vn/users/show/47000134,Khoa,2020-02-26,"Thành phố Hồ Chí Minh, Việt Nam","Xin chào, tôi là Khoa, đã có 6 năm kinh nghiệm làm host. Tôi yêu thích du lịch và luôn mong muốn đem lại trải nghiệm lưu trú thoải mái nhất cho khách.",trong vòng một giờ,100%,98%,t,https://a0.muscache.com/im/pictures/user/User-47000134/original/user_profile_4.jpeg,https://a0.muscache.com/im/pictures/user/User-47000134/original/user_profile_4.jpeg,Quận Tân Bình,4,9,"['email', 'phone', 'work_email']",t,t,Quận Tân Bình,Quận Tân Bình,Thành phố Hồ Chí Minh,10.7922,106.6717,Phòng riêng trong nhà,Private room,2,1.0,1 phòng tắm,1,1,"[""TV màn hình phẳng"", ""Máy phát hiện khí CO"", ""Wi-fi tốc độ cao"", ""Máy báo khói"", ""Bể bơi"", ""Bếp đầy đủ tiện nghi"", ""Không gian riêng để làm việc"", ""Thang máy"", ""Bộ chăn ga gối cao cấp"", ""Ban công ngắm cảnh"", ""Tủ lạnh"", ""Máy giặt"", ""Điều hòa nhiệt độ"", ""Bàn ủi / Bàn là"", ""Lò vi sóng""]","₫542,000",1,1125,1,2,1125,1125,1.0,1125.0,today,t,12,54,69,283,2026-09-26,62,17,3,2024-03-10,2026-09-01,4.97,4.85,4.91,5.0,5.0,4.93,4.88,,t,2,0,1,0,4.31,"[""https://a0.muscache.com/im/pictures/hosting/Hosting-1231119321481630276/original/3ea6bb0e-af1f-4cf3-a4f1-c34ec7377c8d.jpeg"", ""https://a0.muscache.com/im/pictures/hosting/Hosting-1231119321481630276/original/783b5959-0d2c-4dd0-8aac-2d162ff2fa58.jpeg"", ""https://a0.muscache.com/im/pictures/hosting/Hosting-1231119321481630276/original/62384cdb-58d8-4b5d-be9f-53e71d8ce2da.jpeg"", ""https://a0.muscache.com/im/pictures/hosting/Hosting-1231119321481630276/original/5fdfea90-8412-46fe-8e56-91118eb7c310.jpeg"", ""https://a0.muscache.com/im/pictures/hosting/Hosting-1231119321481630276/original/df436b80-165c-4100-a226-51eb4e83bac6.jpeg"", ""https://a0.muscache.com/im/pictures/hosting/Hosting-1231119321481630276/original/d5265b36-42b0-4bce-9b1b-583dff98e416.jpeg""]",t,"[{""name"": ""Long"", ""avatar"": ""https://a0.muscache.com/im/pictures/user/avatar_long.jpg""}]","[{""name"": ""DECOR"", ""localizedName"": ""Trang trí"", ""count"": 10}, {""name"": ""INTERIOR"", ""localizedName"": ""Không gian bên trong"", ""count"": 15}, {""name"": ""CLEANLINESS"", ""localizedName"": ""Mức độ sạch sẽ"", ""count"": 9}, {""name"": ""LOCATION"", ""localizedName"": ""Địa điểm"", ""count"": 19}, {""name"": ""HOSPITALITY"", ""localizedName"": ""Hiếu khách"", ""count"": 14}]","[{""title"": ""Trải nghiệm nhận phòng xuất sắc"", ""subtitle"": ""Những khách ở gần đây đã xếp hạng 5 sao cho quy trình nhận phòng.""}, {""title"": ""Tự nhận phòng"", ""subtitle"": ""Tự nhận phòng với hộp khóa an toàn.""}]"
1646199000008006250,https://www.airbnb.com.vn/rooms/1646199000008006250,20260926000000,2026-09-26,city search,MỚI 【Landmark 81】 2 phòng ngủ,"Chào mừng bạn đến với MỚI 【Landmark 81】 2 phòng ngủ — một không gian lưu trú ấm cúng, sang trọng tọa lạc tại Quận 1, Thành phố Hồ Chí Minh.
Căn phòng tràn ngập ánh sáng tự nhiên với đầy đủ tiện nghi cao cấp, giường nệm êm ái, máy lạnh, TV và wifi tốc độ cao. Rất thuận tiện di chuyển tới các điểm tham quan, nhà hàng ẩm thực và quán cà phê nổi tiếng của Thành phố Hồ Chí Minh.","Khu vực Quận 1 an ninh, văn minh, gần nhiều địa điểm ăn uống, mua sắm và giải trí sầm uất tại Thành phố Hồ Chí Minh.",https://a0.muscache.com/im/pictures/hosting/Hosting-1646199000008006250/original/68810ab6-d4ae-454e-9900-640d4c5d9d20.jpeg,47000135,https://www.airbnb.com.vn/users/show/47000135,Hoàng,2024-06-18,"Thành phố Hồ Chí Minh, Việt Nam","Xin chào, tôi là Hoàng, đã có 2 năm kinh nghiệm làm host. Tôi yêu thích du lịch và luôn mong muốn đem lại trải nghiệm lưu trú thoải mái nhất cho khách.",trong vòng một giờ,100%,98%,f,https://a0.muscache.com/im/pictures/user/User-47000135/original/user_profile_5.jpeg,https://a0.muscache.com/im/pictures/user/User-47000135/original/user_profile_5.jpeg,Quận 1,7,4,"['email', 'phone', 'work_email']",t,t,Quận 1,Quận 1,Thành phố Hồ Chí Minh,10.794423302758544,106.72291989262516,Toàn bộ căn hộ cho thuê,Entire home/apt,4,2.0,2 phòng tắm,2,2,"[""Máy sấy tóc"", ""Điều hòa nhiệt độ"", ""Máy giặt"", ""Lò vi sóng"", ""Dầu gội & Sữa tắm"", ""Bếp đầy đủ tiện nghi"", ""Bể bơi"", ""Máy phát hiện khí CO"", ""Không gian riêng để làm việc"", ""Bàn ủi / Bàn là"", ""Tự nhận phòng với hộp khóa an toàn"", ""Tủ lạnh"", ""Bộ chăn ga gối cao cấp"", ""Wi-fi tốc độ cao""]","₫2,972,506",1,1125,1,2,1125,1125,1.0,1125.0,today,t,17,37,75,246,2026-09-26,7,4,6,2026-06-13,2026-09-15,5.0,4.88,4.84,5.0,5.0,4.9,4.83,,f,2,2,0,0,4.15,"[""https://a0.muscache.com/im/pictures/hosting/Hosting-1646199000008006250/original/68810ab6-d4ae-454e-9900-640d4c5d9d20.jpeg"", ""https://a0.muscache.com/im/pictures/hosting/Hosting-1646199000008006250/original/84a75a4f-c007-499a-99b7-749719dff223.jpeg"", ""https://a0.muscache.com/im/pictures/hosting/Hosting-1646199000008006250/original/c0c524c9-5632-47df-8023-f37db5b90606.jpeg"", ""https://a0.muscache.com/im/pictures/hosting/Hosting-1646199000008006250/original/72a917c1-39cc-4000-bc6b-82d2f1626051.jpeg"", ""https://a0.muscache.com/im/pictures/hosting/Hosting-1646199000008006250/original/a0427ad5-4590-4224-8a84-94942ffabf78.jpeg"", ""https://a0.muscache.com/im/pictures/hosting/Hosting-1646199000008006250/original/c025b946-fb7f-4104-8514-b735b4a1adb1.jpeg"", ""https://a0.muscache.com/im/pictures/hosting/Hosting-1646199000008006250/original/5430bff3-77af-431f-8e34-9a23264993d0.jpeg"", ""https://a0.muscache.com/im/pictures/hosting/Hosting-1646199000008006250/original/49bab8fb-5e57-4de0-aaa3-eaee38d508e2.jpeg"", ""https://a0.muscache.com/im/pictures/hosting/Hosting-1646199000008006250/original/41d2e451-2b67-4278-b585-e41dac5ed803.jpeg"", ""https://a0.muscache.com/im/pictures/hosting/Hosting-1646199000008006250/original/877cb2e7-9ceb-4c1c-be93-a3b2b2183578.jpeg"", ""https://a0.muscache.com/im/pictures/hosting/Hosting-1646199000008006250/original/8f51fa1a-e8fb-4ba8-85c0-655897153126.jpeg"", ""https://a0.muscache.com/im/pictures/hosting/Hosting-1646199000008006250/original/b35340c9-f341-4a1e-9b18-668ffe11b70c.jpeg"", ""https://a0.muscache.com/im/pictures/hosting/Hosting-1646199000008006250/original/76857558-42e6-4d5a-88e7-112a67cd80eb.jpeg"", ""https://a0.muscache.com/im/pictures/hosting/Hosting-1646199000008006250/original/6373ce6a-7b9e-4b55-ab9c-561fbee13574.jpeg"", ""https://a0.muscache.com/im/pictures/hosting/Hosting-1646199000008006250/original/831b0f5b-b115-4489-a2ec-16842517029f.jpeg"", ""https://a0.muscache.com/im/pictures/hosting/Hosting-1646199000008006250/original/9c2ef1e9-6129-40ea-a0b6-9161dab2c44a.jpeg"", ""https://a0.muscache.com/im/pictures/hosting/Hosting-1646199000008006250/original/2c047169-299f-4cce-bcb6-95bcae38a5d1.jpeg"", ""https://a0.muscache.com/im/pictures/hosting/Hosting-1646199000008006250/original/ab694ccd-7afc-465b-8b0c-d315a205a278.jpeg"", ""https://a0.muscache.com/im/pictures/hosting/Hosting-1646199000008006250/original/c856cbb1-7a75-4bbb-868c-328b98597267.jpeg"", ""https://a0.muscache.com/im/pictures/hosting/Hosting-1646199000008006250/original/6a0d6f6e-9149-46a6-ab92-e85e1aac39b7.jpeg"", ""https://a0.muscache.com/im/pictures/hosting/Hosting-1646199000008006250/original/be5b8034-dd57-4c3d-8257-5e040118b177.jpeg"", ""https://a0.muscache.com/im/pictures/hosting/Hosting-1646199000008006250/original/a9981ad7-fe37-41b1-80a6-2bcf6e5ffc3d.jpeg"", ""https://a0.muscache.com/im/pictures/hosting/Hosting-1646199000008006250/original/b87b0d92-6752-47d2-a95a-d8e9b2929dc6.jpeg"", ""https://a0.muscache.com/im/pictures/hosting/Hosting-1646199000008006250/original/04072223-9b0a-4b28-bf7e-6a4c2effa46b.jpeg"", ""https://a0.muscache.com/im/pictures/hosting/Hosting-1646199000008006250/original/0466932e-46b8-4fa4-bd5e-5001a2cfcc0c.jpeg"", ""https://a0.muscache.com/im/pictures/hosting/Hosting-1646199000008006250/original/9ad47998-098c-4e19-a2a8-7a1d1fce3e07.jpeg"", ""https://a0.muscache.com/im/pictures/hosting/Hosting-1646199000008006250/original/67d8abf3-9b27-44aa-b5ae-9f37b47b2636.jpeg"", ""https://a0.muscache.com/im/pictures/hosting/Hosting-1646199000008006250/original/629c01bb-ba7a-48fa-a140-bf4f3185536e.jpeg"", ""https://a0.muscache.com/im/pictures/hosting/Hosting-1646199000008006250/original/30d5b88f-efe5-4b7d-bddb-ccb07fafce42.jpeg""]",t,"[{""name"": ""Cindy"", ""avatar"": ""https://a0.muscache.com/im/pictures/user/avatar_cindy.jpg""}, {""name"": ""Rùa"", ""avatar"": ""https://a0.muscache.com/im/pictures/user/avatar_rua.jpg""}]","[{""name"": ""DECOR"", ""localizedName"": ""Trang trí"", ""count"": 12}, {""name"": ""INTERIOR"", ""localizedName"": ""Không gian bên trong"", ""count"": 6}, {""name"": ""CLEANLINESS"", ""localizedName"": ""Mức độ sạch sẽ"", ""count"": 12}, {""name"": ""LOCATION"", ""localizedName"": ""Địa điểm"", ""count"": 2}, {""name"": ""HOSPITALITY"", ""localizedName"": ""Hiếu khách"", ""count"": 5}]","[{""title"": ""Trải nghiệm nhận phòng xuất sắc"", ""subtitle"": ""Những khách ở gần đây đã xếp hạng 5 sao cho quy trình nhận phòng.""}, {""title"": ""Tự nhận phòng"", ""subtitle"": ""Tự nhận phòng với hộp khóa an toàn.""}]"
1528259425684726613,https://www.airbnb.com.vn/rooms/1528259425684726613,20260926000000,2026-09-26,city search,Mona House 105 | Căn studio 2 giường • Quận 1,"Chào mừng bạn đến với Mona House 105 | Căn studio 2 giường • Quận 1 — một không gian lưu trú ấm cúng, sang trọng tọa lạc tại Quận 1, Thành phố Hồ Chí Minh.
Căn phòng tràn ngập ánh sáng tự nhiên với đầy đủ tiện nghi cao cấp, giường nệm êm ái, máy lạnh, TV và wifi tốc độ cao. Rất thuận tiện di chuyển tới các điểm tham quan, nhà hàng ẩm thực và quán cà phê nổi tiếng của Thành phố Hồ Chí Minh.","Khu vực Quận 1 an ninh, văn minh, gần nhiều địa điểm ăn uống, mua sắm và giải trí sầm uất tại Thành phố Hồ Chí Minh.",https://a0.muscache.com/im/pictures/hosting/Hosting-1528259425684726613/original/c6fd8228-8b24-4d39-996a-7f3d3e787794.png,47000136,https://www.airbnb.com.vn/users/show/47000136,Việt,2020-02-11,"Thành phố Hồ Chí Minh, Việt Nam","Xin chào, tôi là Việt, đã có 6 năm kinh nghiệm làm host. Tôi yêu thích du lịch và luôn mong muốn đem lại trải nghiệm lưu trú thoải mái nhất cho khách.",trong vòng một giờ,100%,98%,t,https://a0.muscache.com/im/pictures/user/User-47000136/original/user_profile_6.jpeg,https://a0.muscache.com/im/pictures/user/User-47000136/original/user_profile_6.jpeg,Quận 1,3,4,"['email', 'phone', 'work_email']",t,t,Quận 1,Quận 1,Thành phố Hồ Chí Minh,10.765,106.6922,Toàn bộ căn hộ cho thuê,Entire home/apt,4,1.0,1 phòng tắm,1,2,"[""Tự nhận phòng với hộp khóa an toàn"", ""Điều hòa nhiệt độ"", ""Bộ chăn ga gối cao cấp"", ""Bể bơi"", ""Bàn ủi / Bàn là"", ""Máy sấy tóc"", ""Dầu gội & Sữa tắm"", ""Chỗ đỗ xe miễn phí trong khuôn viên"", ""Wi-fi tốc độ cao"", ""Bếp đầy đủ tiện nghi"", ""Thang máy"", ""Máy giặt"", ""Lò vi sóng"", ""Máy báo khói"", ""Bồn tắm thư giãn"", ""Máy phát hiện khí CO"", ""TV màn hình phẳng"", ""Ban công ngắm cảnh""]","₫700,000",1,1125,1,2,1125,1125,1.0,1125.0,today,t,20,56,63,247,2026-09-26,73,17,5,2023-09-27,2026-09-02,4.89,4.84,4.93,5.0,5.0,4.93,4.9,,t,2,2,0,0,2.11,"[""https://a0.muscache.com/im/pictures/hosting/Hosting-1528259425684726613/original/c6fd8228-8b24-4d39-996a-7f3d3e787794.png"", ""https://a0.muscache.com/im/pictures/hosting/Hosting-1528259425684726613/original/01230dab-ed6d-4ab0-a92e-a098f40a468e.jpeg"", ""https://a0.muscache.com/im/pictures/hosting/Hosting-1528259425684726613/original/55a66ad0-13d2-4524-a59d-aeb55b629e63.jpeg"", ""https://a0.muscache.com/im/pictures/hosting/Hosting-1528259425684726613/original/2f8491fe-1df4-4c41-bb8b-7e082c1520af.jpeg"", ""https://a0.muscache.com/im/pictures/hosting/Hosting-1528259425684726613/original/35b4ff57-a20c-4a55-bbc8-c0a2247fec6e.jpeg"", ""https://a0.muscache.com/im/pictures/hosting/Hosting-1528259425684726613/original/1e7d90b5-7edf-4a0d-8733-72b3bf573b21.png"", ""https://a0.muscache.com/im/pictures/hosting/Hosting-1528259425684726613/original/a8b33068-f0c4-49a3-9e6b-de77ca074a65.png"", ""https://a0.muscache.com/im/pictures/hosting/Hosting-1528259425684726613/original/4fdb0a91-b9d8-46dc-86d1-ad0e2f27606c.png"", ""https://a0.muscache.com/im/pictures/hosting/Hosting-1528259425684726613/original/bcf47273-f396-4eab-852d-f6dd520378d0.png"", ""https://a0.muscache.com/im/pictures/hosting/Hosting-1528259425684726613/original/20835860-de51-48d5-af4f-44824f84dd35.png""]",t,"[{""name"": ""Cindy"", ""avatar"": ""https://a0.muscache.com/im/pictures/user/avatar_cindy.jpg""}, {""name"": ""Long"", ""avatar"": ""https://a0.muscache.com/im/pictures/user/avatar_long.jpg""}, {""name"": ""Dang Nguyen"", ""avatar"": ""https://a0.muscache.com/im/pictures/user/avatar_dang.jpg""}]","[{""name"": ""DECOR"", ""localizedName"": ""Trang trí"", ""count"": 8}, {""name"": ""INTERIOR"", ""localizedName"": ""Không gian bên trong"", ""count"": 16}, {""name"": ""CLEANLINESS"", ""localizedName"": ""Mức độ sạch sẽ"", ""count"": 12}, {""name"": ""LOCATION"", ""localizedName"": ""Địa điểm"", ""count"": 2}, {""name"": ""HOSPITALITY"", ""localizedName"": ""Hiếu khách"", ""count"": 10}]","[{""title"": ""Trải nghiệm nhận phòng xuất sắc"", ""subtitle"": ""Những khách ở gần đây đã xếp hạng 5 sao cho quy trình nhận phòng.""}, {""title"": ""Tự nhận phòng"", ""subtitle"": ""Tự nhận phòng với hộp khóa an toàn.""}]"
1743932104867038611,https://www.airbnb.com.vn/rooms/1743932104867038611,20260926000000,2026-09-26,city search,Kensington D1 |3 phòng ngủ (4 giường) | • Nhìn ra thành phố + sông,"Chào mừng bạn đến với Kensington D1 |3 phòng ngủ (4 giường) | • Nhìn ra thành phố + sông — một không gian lưu trú ấm cúng, sang trọng tọa lạc tại Quận 4, Thành phố Hồ Chí Minh.
Căn phòng tràn ngập ánh sáng tự nhiên với đầy đủ tiện nghi cao cấp, giường nệm êm ái, máy lạnh, TV và wifi tốc độ cao. Rất thuận tiện di chuyển tới các điểm tham quan, nhà hàng ẩm thực và quán cà phê nổi tiếng của Thành phố Hồ Chí Minh.","Khu vực Quận 4 an ninh, văn minh, gần nhiều địa điểm ăn uống, mua sắm và giải trí sầm uất tại Thành phố Hồ Chí Minh.",https://a0.muscache.com/im/pictures/hosting/Hosting-1743932104867038611/original/d9191019-0650-4974-a066-bd1a4bc76715.jpeg,47000137,https://www.airbnb.com.vn/users/show/47000137,Phong,2021-03-11,"Thành phố Hồ Chí Minh, Việt Nam","Xin chào, tôi là Phong, đã có 5 năm kinh nghiệm làm host. Tôi yêu thích du lịch và luôn mong muốn đem lại trải nghiệm lưu trú thoải mái nhất cho khách.",trong vòng một giờ,100%,98%,f,https://a0.muscache.com/im/pictures/user/User-47000137/original/user_profile_7.jpeg,https://a0.muscache.com/im/pictures/user/User-47000137/original/user_profile_7.jpeg,Quận 4,5,6,"['email', 'phone', 'work_email']",t,t,Quận 4,Quận 4,Thành phố Hồ Chí Minh,10.7554,106.6877,Toàn bộ căn hộ cho thuê,Entire home/apt,8,2.0,2 phòng tắm,3,4,"[""TV màn hình phẳng"", ""Máy báo khói"", ""Lò vi sóng"", ""Ban công ngắm cảnh"", ""Thang máy"", ""Bồn tắm thư giãn"", ""Máy phát hiện khí CO"", ""Điều hòa nhiệt độ"", ""Bếp đầy đủ tiện nghi"", ""Dầu gội & Sữa tắm"", ""Tủ lạnh"", ""Tự nhận phòng với hộp khóa an toàn"", ""Không gian riêng để làm việc"", ""Wi-fi tốc độ cao"", ""Bộ chăn ga gối cao cấp"", ""Máy sấy tóc"", ""Bể bơi"", ""Bàn ủi / Bàn là"", ""Máy giặt""]","₫3,382,204",1,1125,1,2,1125,1125,1.0,1125.0,today,t,12,51,69,221,2026-09-26,6,6,6,2026-06-28,2026-09-14,5.0,5.0,4.81,5.0,5.0,4.91,4.75,,f,2,2,0,0,4.15,"[""https://a0.muscache.com/im/pictures/hosting/Hosting-1743932104867038611/original/d9191019-0650-4974-a066-bd1a4bc76715.jpeg"", ""https://a0.muscache.com/im/pictures/hosting/Hosting-1743932104867038611/original/005c66e1-93f5-4c8a-9c4a-d1addaa72e05.jpeg"", ""https://a0.muscache.com/im/pictures/hosting/Hosting-1743932104867038611/original/5401b4e9-4e3b-4ddf-9dfe-73658d2701b3.jpeg"", ""https://a0.muscache.com/im/pictures/hosting/Hosting-1743932104867038611/original/50583743-2427-4583-b998-2e4f9fb7e7f5.jpeg"", ""https://a0.muscache.com/im/pictures/hosting/Hosting-1743932104867038611/original/b5cc7f5d-048d-48dd-9f64-66196fcfad2e.jpeg"", ""https://a0.muscache.com/im/pictures/hosting/Hosting-1743932104867038611/original/208a0406-bcb6-40af-96af-5b9b06d0f3e3.jpeg"", ""https://a0.muscache.com/im/pictures/hosting/Hosting-1743932104867038611/original/42a66f64-a42d-4153-9c56-a97cf84b4340.jpeg"", ""https://a0.muscache.com/im/pictures/hosting/Hosting-1743932104867038611/original/a03934f9-ecbe-4e57-93ce-da2cab11240e.jpeg"", ""https://a0.muscache.com/im/pictures/hosting/Hosting-1743932104867038611/original/9d2db8f7-7ee3-4e9d-82d4-b30bd45cc2a1.jpeg"", ""https://a0.muscache.com/im/pictures/hosting/Hosting-1743932104867038611/original/9eff1db2-9c23-4757-8eed-042be0dff56f.jpeg"", ""https://a0.muscache.com/im/pictures/hosting/Hosting-1743932104867038611/original/18515f36-950c-4acd-ac76-3f4641f8a419.jpeg"", ""https://a0.muscache.com/im/pictures/hosting/Hosting-1743932104867038611/original/0a74bfbb-5b8f-4a2f-b03c-ab8d58784e1d.jpeg"", ""https://a0.muscache.com/im/pictures/hosting/Hosting-1743932104867038611/original/9dba48f2-86bd-47dd-9ad5-5659b5368744.jpeg"", ""https://a0.muscache.com/im/pictures/hosting/Hosting-1743932104867038611/original/cf28b18e-4db2-4f06-8c01-7f50ef5b1065.jpeg"", ""https://a0.muscache.com/im/pictures/hosting/Hosting-1743932104867038611/original/b3f5c3bf-ad23-4b3d-a177-f098c1cee30e.jpeg"", ""https://a0.muscache.com/im/pictures/hosting/Hosting-1743932104867038611/original/f2204fba-eb91-4f21-bc50-b42cf11d6115.jpeg"", ""https://a0.muscache.com/im/pictures/hosting/Hosting-1743932104867038611/original/d0358d2b-c1d0-4977-8072-b16bbad7787e.jpeg"", ""https://a0.muscache.com/im/pictures/hosting/Hosting-1743932104867038611/original/618f9b41-bb5b-4a09-b21c-324165418fab.jpeg"", ""https://a0.muscache.com/im/pictures/hosting/Hosting-1743932104867038611/original/c289c360-68ee-4ab7-9845-515bf05ed078.jpeg"", ""https://a0.muscache.com/im/pictures/hosting/Hosting-1743932104867038611/original/ec6c118e-b137-490e-be75-989485cb9e4e.jpeg"", ""https://a0.muscache.com/im/pictures/hosting/Hosting-1743932104867038611/original/5b31e36c-e5a4-47b1-9a98-b937cf569e61.jpeg"", ""https://a0.muscache.com/im/pictures/hosting/Hosting-1743932104867038611/original/2a535a2d-7fd3-4e34-9ef4-45bd0e7b2801.jpeg"", ""https://a0.muscache.com/im/pictures/hosting/Hosting-1743932104867038611/original/b790be15-379e-4824-9ea2-59b7b29bdaad.jpeg"", ""https://a0.muscache.com/im/pictures/hosting/Hosting-1743932104867038611/original/596829a3-f5e3-4f39-9fce-d548617635e7.jpeg"", ""https://a0.muscache.com/im/pictures/hosting/Hosting-1743932104867038611/original/dc1bcd81-7197-4afb-9c7b-f5e40f6a9df7.jpeg"", ""https://a0.muscache.com/im/pictures/hosting/Hosting-1743932104867038611/original/c3a9e873-4acb-40e2-a9b7-5f690e5102b7.jpeg"", ""https://a0.muscache.com/im/pictures/hosting/Hosting-1743932104867038611/original/fe472357-3f56-494b-8678-05c55be66ba5.jpeg"", ""https://a0.muscache.com/im/pictures/hosting/Hosting-1743932104867038611/original/960eb000-1119-4713-8061-4f3197f9140f.jpeg"", ""https://a0.muscache.com/im/pictures/hosting/Hosting-1743932104867038611/original/e1718bb5-3bcf-4f41-8654-29ef05630d16.jpeg""]",t,"[{""name"": ""Cindy"", ""avatar"": ""https://a0.muscache.com/im/pictures/user/avatar_cindy.jpg""}]","[{""name"": ""DECOR"", ""localizedName"": ""Trang trí"", ""count"": 3}, {""name"": ""INTERIOR"", ""localizedName"": ""Không gian bên trong"", ""count"": 10}, {""name"": ""CLEANLINESS"", ""localizedName"": ""Mức độ sạch sẽ"", ""count"": 12}, {""name"": ""LOCATION"", ""localizedName"": ""Địa điểm"", ""count"": 7}, {""name"": ""HOSPITALITY"", ""localizedName"": ""Hiếu khách"", ""count"": 9}]","[{""title"": ""Trải nghiệm nhận phòng xuất sắc"", ""subtitle"": ""Những khách ở gần đây đã xếp hạng 5 sao cho quy trình nhận phòng.""}, {""title"": ""Tự nhận phòng"", ""subtitle"": ""Tự nhận phòng với hộp khóa an toàn.""}]"
1615616152604005463,https://www.airbnb.com.vn/rooms/1615616152604005463,20260926000000,2026-09-26,city search,Ở ngay trung tâm Thiên đường ẩm thực Sài Gòn,"Chào mừng bạn đến với Ở ngay trung tâm Thiên đường ẩm thực Sài Gòn — một không gian lưu trú ấm cúng, sang trọng tọa lạc tại Quận 7, Thành phố Hồ Chí Minh.
Căn phòng tràn ngập ánh sáng tự nhiên với đầy đủ tiện nghi cao cấp, giường nệm êm ái, máy lạnh, TV và wifi tốc độ cao. Rất thuận tiện di chuyển tới các điểm tham quan, nhà hàng ẩm thực và quán cà phê nổi tiếng của Thành phố Hồ Chí Minh.","Khu vực Quận 7 an ninh, văn minh, gần nhiều địa điểm ăn uống, mua sắm và giải trí sầm uất tại Thành phố Hồ Chí Minh.",https://a0.muscache.com/im/pictures/hosting/Hosting-1615616152604005463/original/f23ffd58-51e1-4de9-b0fa-bced84d0038b.jpeg,47000138,https://www.airbnb.com.vn/users/show/47000138,Tùng,2022-02-17,"Thành phố Hồ Chí Minh, Việt Nam","Xin chào, tôi là Tùng, đã có 4 năm kinh nghiệm làm host. Tôi yêu thích du lịch và luôn mong muốn đem lại trải nghiệm lưu trú thoải mái nhất cho khách.",trong vòng một giờ,100%,98%,t,https://a0.muscache.com/im/pictures/user/User-47000138/original/user_profile_8.jpeg,https://a0.muscache.com/im/pictures/user/User-47000138/original/user_profile_8.jpeg,Quận 7,9,4,"['email', 'phone', 'work_email']",t,t,Quận 7,Quận 7,Thành phố Hồ Chí Minh,10.791588053108264,106.69721536964343,Phòng riêng trong nhà,Private room,2,1.0,1 phòng tắm,1,1,"[""Ban công ngắm cảnh"", ""Không gian riêng để làm việc"", ""Tự nhận phòng với hộp khóa an toàn"", ""Chỗ đỗ xe miễn phí trong khuôn viên"", ""Dầu gội & Sữa tắm"", ""Tủ lạnh"", ""Máy sấy tóc"", ""Máy giặt"", ""TV màn hình phẳng"", ""Máy phát hiện khí CO"", ""Lò vi sóng"", ""Bể bơi"", ""Bồn tắm thư giãn"", ""Bàn ủi / Bàn là"", ""Điều hòa nhiệt độ"", ""Bếp đầy đủ tiện nghi"", ""Wi-fi tốc độ cao""]","₫528,762",1,1125,1,2,1125,1125,1.0,1125.0,today,t,21,40,64,326,2026-09-26,15,15,1,2026-02-13,2026-09-05,4.93,4.92,4.86,5.0,5.0,4.86,4.73,,t,2,0,1,0,2.63,"[""https://a0.muscache.com/im/pictures/hosting/Hosting-1615616152604005463/original/f23ffd58-51e1-4de9-b0fa-bced84d0038b.jpeg"", ""https://a0.muscache.com/im/pictures/hosting/Hosting-1615616152604005463/original/c30bf538-0e0e-46d7-af36-7e473759bd7f.png"", ""https://a0.muscache.com/im/pictures/hosting/Hosting-1615616152604005463/original/24151d27-1efc-4da4-a0a6-256032ae0578.png"", ""https://a0.muscache.com/im/pictures/hosting/Hosting-1615616152604005463/original/5174b4dc-6cad-43e6-bcb5-287a1f924889.jpeg"", ""https://a0.muscache.com/im/pictures/hosting/Hosting-1615616152604005463/original/3cdfa5be-a34d-4dd8-a5fb-673f66e238be.jpeg"", ""https://a0.muscache.com/im/pictures/hosting/Hosting-1615616152604005463/original/1480bec5-8fe8-4f02-94ca-38917d10dda5.png""]",t,"[{""name"": ""Long"", ""avatar"": ""https://a0.muscache.com/im/pictures/user/avatar_long.jpg""}, {""name"": ""Rùa"", ""avatar"": ""https://a0.muscache.com/im/pictures/user/avatar_rua.jpg""}]","[{""name"": ""DECOR"", ""localizedName"": ""Trang trí"", ""count"": 10}, {""name"": ""INTERIOR"", ""localizedName"": ""Không gian bên trong"", ""count"": 7}, {""name"": ""CLEANLINESS"", ""localizedName"": ""Mức độ sạch sẽ"", ""count"": 21}, {""name"": ""LOCATION"", ""localizedName"": ""Địa điểm"", ""count"": 10}, {""name"": ""HOSPITALITY"", ""localizedName"": ""Hiếu khách"", ""count"": 4}]","[{""title"": ""Trải nghiệm nhận phòng xuất sắc"", ""subtitle"": ""Những khách ở gần đây đã xếp hạng 5 sao cho quy trình nhận phòng.""}, {""title"": ""Tự nhận phòng"", ""subtitle"": ""Tự nhận phòng với hộp khóa an toàn.""}]"
1608593456856627240,https://www.airbnb.com.vn/rooms/1608593456856627240,20260926000000,2026-09-26,city search,Phòng suite thanh tĩnh tầng 2・Ban công・15m Sân bay・Khu biệt thự,"Chào mừng bạn đến với Phòng suite thanh tĩnh tầng 2・Ban công・15m Sân bay・Khu biệt thự — một không gian lưu trú ấm cúng, sang trọng tọa lạc tại Quận 10, Thành phố Hồ Chí Minh.
Căn phòng tràn ngập ánh sáng tự nhiên với đầy đủ tiện nghi cao cấp, giường nệm êm ái, máy lạnh, TV và wifi tốc độ cao. Rất thuận tiện di chuyển tới các điểm tham quan, nhà hàng ẩm thực và quán cà phê nổi tiếng của Thành phố Hồ Chí Minh.","Khu vực Quận 10 an ninh, văn minh, gần nhiều địa điểm ăn uống, mua sắm và giải trí sầm uất tại Thành phố Hồ Chí Minh.",https://a0.muscache.com/im/pictures/hosting/Hosting-1608593456856627240/original/1d09d22f-a9a4-4942-95ff-0ac1e59ad748.png,47000139,https://www.airbnb.com.vn/users/show/47000139,Quân,2020-05-20,"Thành phố Hồ Chí Minh, Việt Nam","Xin chào, tôi là Quân, đã có 6 năm kinh nghiệm làm host. Tôi yêu thích du lịch và luôn mong muốn đem lại trải nghiệm lưu trú thoải mái nhất cho khách.",trong vòng một giờ,100%,98%,f,https://a0.muscache.com/im/pictures/user/User-47000139/original/user_profile_9.jpeg,https://a0.muscache.com/im/pictures/user/User-47000139/original/user_profile_9.jpeg,Quận 10,9,3,"['email', 'phone', 'work_email']",t,t,Quận 10,Quận 10,Thành phố Hồ Chí Minh,10.79157,106.67625,Phòng riêng trong nhà,Private room,2,1.0,1 phòng tắm,1,1,"[""Lò vi sóng"", ""Điều hòa nhiệt độ"", ""Bếp đầy đủ tiện nghi"", ""Máy phát hiện khí CO"", ""Thang máy"", ""Bồn tắm thư giãn"", ""Bàn ủi / Bàn là"", ""Bộ chăn ga gối cao cấp"", ""Wi-fi tốc độ cao"", ""Tủ lạnh"", ""Không gian riêng để làm việc"", ""Bể bơi"", ""Dầu gội & Sữa tắm"", ""TV màn hình phẳng"", ""Máy giặt"", ""Máy báo khói"", ""Máy sấy tóc"", ""Tự nhận phòng với hộp khóa an toàn"", ""Chỗ đỗ xe miễn phí trong khuôn viên""]","₫693,000",1,1125,1,2,1125,1125,1.0,1125.0,today,t,26,55,55,338,2026-09-26,24,8,4,2025-10-01,2026-09-20,5.0,5.0,4.85,5.0,5.0,4.9,4.71,,f,2,0,1,0,4.1,"[""https://a0.muscache.com/im/pictures/hosting/Hosting-1608593456856627240/original/1d09d22f-a9a4-4942-95ff-0ac1e59ad748.png"", ""https://a0.muscache.com/im/pictures/hosting/Hosting-1608593456856627240/original/8d88acc3-8778-47e3-83fd-065254bb8f4c.png"", ""https://a0.muscache.com/im/pictures/hosting/Hosting-1608593456856627240/original/8c9f50ce-ea67-4669-af11-96e49b0290bd.png"", ""https://a0.muscache.com/im/pictures/hosting/Hosting-1608593456856627240/original/f1896290-b875-4dac-aba7-6ca3a0339c58.png"", ""https://a0.muscache.com/im/pictures/hosting/Hosting-1608593456856627240/original/14a661d1-d0ff-4ab0-b547-ecf03cfa8ff4.png"", ""https://a0.muscache.com/im/pictures/hosting/Hosting-1608593456856627240/original/c591781f-542e-4939-927e-1e37f52cd310.png""]",t,"[{""name"": ""Dang Nguyen"", ""avatar"": ""https://a0.muscache.com/im/pictures/user/avatar_dang.jpg""}]","[{""name"": ""DECOR"", ""localizedName"": ""Trang trí"", ""count"": 3}, {""name"": ""INTERIOR"", ""localizedName"": ""Không gian bên trong"", ""count"": 15}, {""name"": ""CLEANLINESS"", ""localizedName"": ""Mức độ sạch sẽ"", ""count"": 3}, {""name"": ""LOCATION"", ""localizedName"": ""Địa điểm"", ""count"": 20}, {""name"": ""HOSPITALITY"", ""localizedName"": ""Hiếu khách"", ""count"": 8}]","[{""title"": ""Trải nghiệm nhận phòng xuất sắc"", ""subtitle"": ""Những khách ở gần đây đã xếp hạng 5 sao cho quy trình nhận phòng.""}, {""title"": ""Tự nhận phòng"", ""subtitle"": ""Tự nhận phòng với hộp khóa an toàn.""}]"
1743892612511293547,https://www.airbnb.com.vn/rooms/1743892612511293547,20260926000000,2026-09-26,city search,Biệt thự sang trọng trung tâm hiện đại 7 phòng ngủ 8 giường•Hồ bơi•KTV•Phòng xông hơi khô,"Chào mừng bạn đến với Biệt thự sang trọng trung tâm hiện đại 7 phòng ngủ 8 giường•Hồ bơi•KTV•Phòng xông hơi khô — một không gian lưu trú ấm cúng, sang trọng tọa lạc tại Quận Bình Thạnh, Thành phố Hồ Chí Minh.
Căn phòng tràn ngập ánh sáng tự nhiên với đầy đủ tiện nghi cao cấp, giường nệm êm ái, máy lạnh, TV và wifi tốc độ cao. Rất thuận tiện di chuyển tới các điểm tham quan, nhà hàng ẩm thực và quán cà phê nổi tiếng của Thành phố Hồ Chí Minh.","Khu vực Quận Bình Thạnh an ninh, văn minh, gần nhiều địa điểm ăn uống, mua sắm và giải trí sầm uất tại Thành phố Hồ Chí Minh.",https://a0.muscache.com/im/pictures/hosting/Hosting-1743892612511293547/original/1a2a4d48-1dff-498b-b65c-919f49f24005.png,47000140,https://www.airbnb.com.vn/users/show/47000140,Felix,2022-01-08,"Thành phố Hồ Chí Minh, Việt Nam","Xin chào, tôi là Felix, đã có 4 năm kinh nghiệm làm host. Tôi yêu thích du lịch và luôn mong muốn đem lại trải nghiệm lưu trú thoải mái nhất cho khách.",trong vòng một giờ,100%,98%,t,https://a0.muscache.com/im/pictures/user/User-47000140/original/user_profile_0.jpeg,https://a0.muscache.com/im/pictures/user/User-47000140/original/user_profile_0.jpeg,Quận Bình Thạnh,10,6,"['email', 'phone', 'work_email']",t,t,Quận Bình Thạnh,Quận Bình Thạnh,Thành phố Hồ Chí Minh,10.7844,106.751,Toàn bộ nhà,Entire home/apt,16,8.0,8 phòng tắm,7,8,"[""Wi-fi tốc độ cao"", ""Dầu gội & Sữa tắm"", ""Lò vi sóng"", ""Tự nhận phòng với hộp khóa an toàn"", ""TV màn hình phẳng"", ""Thang máy"", ""Bàn ủi / Bàn là"", ""Bếp đầy đủ tiện nghi"", ""Tủ lạnh"", ""Điều hòa nhiệt độ"", ""Máy phát hiện khí CO"", ""Chỗ đỗ xe miễn phí trong khuôn viên"", ""Bộ chăn ga gối cao cấp"", ""Không gian riêng để làm việc"", ""Bể bơi"", ""Ban công ngắm cảnh"", ""Máy báo khói"", ""Bồn tắm thư giãn""]","₫9,374,867",1,1125,1,2,1125,1125,1.0,1125.0,today,t,19,44,61,296,2026-09-26,8,5,5,2026-05-29,2026-09-09,5.0,4.82,4.97,5.0,5.0,4.91,4.85,,t,2,2,0,0,3.76,"[""https://a0.muscache.com/im/pictures/hosting/Hosting-1743892612511293547/original/1a2a4d48-1dff-498b-b65c-919f49f24005.png"", ""https://a0.muscache.com/im/pictures/hosting/Hosting-1743892612511293547/original/c768d78e-6df9-4317-ba6a-9aae949b9370.png"", ""https://a0.muscache.com/im/pictures/hosting/Hosting-1743892612511293547/original/ac95c44f-4f0b-4b24-8577-11c3b7ef6b0f.png"", ""https://a0.muscache.com/im/pictures/hosting/Hosting-1743892612511293547/original/00f62c18-5001-4297-bb70-01aa10ba9b5b.png"", ""https://a0.muscache.com/im/pictures/hosting/Hosting-1743892612511293547/original/ca565259-bc32-4c60-8a2d-6c3de4b00e8f.jpeg"", ""https://a0.muscache.com/im/pictures/hosting/Hosting-1743892612511293547/original/dffaeaec-9fa2-4e92-9c97-1455e60dce3c.png"", ""https://a0.muscache.com/im/pictures/hosting/Hosting-1743892612511293547/original/f5ec5a73-dfbc-4546-a0d0-33dc27cf2c58.png"", ""https://a0.muscache.com/im/pictures/hosting/Hosting-1743892612511293547/original/785d0eee-b239-4ff9-8751-5cfa63c43029.png"", ""https://a0.muscache.com/im/pictures/hosting/Hosting-1743892612511293547/original/cc034ea5-c40e-4cda-a6f4-00c5840e9575.png"", ""https://a0.muscache.com/im/pictures/hosting/Hosting-1743892612511293547/original/0553f1d2-9ee1-4025-bc15-1fb851662ce7.png"", ""https://a0.muscache.com/im/pictures/hosting/Hosting-1743892612511293547/original/d6a54df7-d288-4771-903d-b2814a3a8e83.png"", ""https://a0.muscache.com/im/pictures/hosting/Hosting-1743892612511293547/original/312bfb8d-19c4-4186-b9b3-b1e0ac1b27ad.png"", ""https://a0.muscache.com/im/pictures/hosting/Hosting-1743892612511293547/original/0ad0364f-d62b-4a0c-b459-8aa8984a304a.png"", ""https://a0.muscache.com/im/pictures/hosting/Hosting-1743892612511293547/original/4a00281d-69e6-4a8b-88d3-7abe80a88efa.png"", ""https://a0.muscache.com/im/pictures/hosting/Hosting-1743892612511293547/original/57fa3de5-58dd-4e43-b0ed-01432c33f966.png"", ""https://a0.muscache.com/im/pictures/hosting/Hosting-1743892612511293547/original/27b1fa4e-7759-4026-a067-a6c01b7340b6.png"", ""https://a0.muscache.com/im/pictures/hosting/Hosting-1743892612511293547/original/fc33973a-4a3c-42b1-8af7-312f1d4a2971.png"", ""https://a0.muscache.com/im/pictures/hosting/Hosting-1743892612511293547/original/3ff20a45-f23e-4707-8ed4-bbc091426bc2.png"", ""https://a0.muscache.com/im/pictures/hosting/Hosting-1743892612511293547/original/fa616387-093a-4bfd-86b6-33420c52eeee.png"", ""https://a0.muscache.com/im/pictures/hosting/Hosting-1743892612511293547/original/6a6542e9-e143-417d-8c87-6cd4927cfbf6.png"", ""https://a0.muscache.com/im/pictures/hosting/Hosting-1743892612511293547/original/f57d7635-585f-4c06-9ad1-1bc8e9e4a207.png"", ""https://a0.muscache.com/im/pictures/hosting/Hosting-1743892612511293547/original/4855d3a9-b6e9-40b4-8e5b-ee6223e0f9f0.png"", ""https://a0.muscache.com/im/pictures/hosting/Hosting-1743892612511293547/original/34d90c8e-cc9b-428a-8abc-924fd07558a3.png"", ""https://a0.muscache.com/im/pictures/hosting/Hosting-1743892612511293547/original/f8a52e7b-a38e-4996-9290-a25e2ada5f0b.png"", ""https://a0.muscache.com/im/pictures/hosting/Hosting-1743892612511293547/original/89a3d30e-3fb8-45ff-97fb-acfdd14a4d04.png"", ""https://a0.muscache.com/im/pictures/hosting/Hosting-1743892612511293547/original/600f2e33-fa68-4ebb-a52c-c53cd455ee65.png"", ""https://a0.muscache.com/im/pictures/hosting/Hosting-1743892612511293547/original/13951823-71eb-4173-9ce7-6fb988aa91fa.png"", ""https://a0.muscache.com/im/pictures/hosting/Hosting-1743892612511293547/original/c6938fef-b767-42bc-8faf-689bcbf7eb0f.png"", ""https://a0.muscache.com/im/pictures/hosting/Hosting-1743892612511293547/original/686acfba-4a69-486f-b6a2-e98f9dbb777f.png""]",t,"[{""name"": ""Rùa"", ""avatar"": ""https://a0.muscache.com/im/pictures/user/avatar_rua.jpg""}, {""name"": ""Cindy"", ""avatar"": ""https://a0.muscache.com/im/pictures/user/avatar_cindy.jpg""}]","[{""name"": ""DECOR"", ""localizedName"": ""Trang trí"", ""count"": 7}, {""name"": ""INTERIOR"", ""localizedName"": ""Không gian bên trong"", ""count"": 12}, {""name"": ""CLEANLINESS"", ""localizedName"": ""Mức độ sạch sẽ"", ""count"": 12}, {""name"": ""LOCATION"", ""localizedName"": ""Địa điểm"", ""count"": 12}, {""name"": ""HOSPITALITY"", ""localizedName"": ""Hiếu khách"", ""count"": 9}]","[{""title"": ""Trải nghiệm nhận phòng xuất sắc"", ""subtitle"": ""Những khách ở gần đây đã xếp hạng 5 sao cho quy trình nhận phòng.""}, {""title"": ""Tự nhận phòng"", ""subtitle"": ""Tự nhận phòng với hộp khóa an toàn.""}]"
1638422663428247432,https://www.airbnb.com.vn/rooms/1638422663428247432,20260926000000,2026-09-26,city search,[Joystay Q3] Phòng Tropical Oasis,"Chào mừng bạn đến với [Joystay Q3] Phòng Tropical Oasis — một không gian lưu trú ấm cúng, sang trọng tọa lạc tại Quận Phú Nhuận, Thành phố Hồ Chí Minh.
Căn phòng tràn ngập ánh sáng tự nhiên với đầy đủ tiện nghi cao cấp, giường nệm êm ái, máy lạnh, TV và wifi tốc độ cao. Rất thuận tiện di chuyển tới các điểm tham quan, nhà hàng ẩm thực và quán cà phê nổi tiếng của Thành phố Hồ Chí Minh.","Khu vực Quận Phú Nhuận an ninh, văn minh, gần nhiều địa điểm ăn uống, mua sắm và giải trí sầm uất tại Thành phố Hồ Chí Minh.",https://a0.muscache.com/im/pictures/hosting/Hosting-1638422663428247432/original/66bdad30-7b46-4251-bdda-e7f027f01934.jpeg,47000141,https://www.airbnb.com.vn/users/show/47000141,Cindy,2021-01-10,"Thành phố Hồ Chí Minh, Việt Nam","Xin chào, tôi là Cindy, đã có 5 năm kinh nghiệm làm host. Tôi yêu thích du lịch và luôn mong muốn đem lại trải nghiệm lưu trú thoải mái nhất cho khách.",trong vòng một giờ,100%,98%,f,https://a0.muscache.com/im/pictures/user/User-47000141/original/user_profile_1.jpeg,https://a0.muscache.com/im/pictures/user/User-47000141/original/user_profile_1.jpeg,Quận Phú Nhuận,8,8,"['email', 'phone', 'work_email']",t,t,Quận Phú Nhuận,Quận Phú Nhuận,Thành phố Hồ Chí Minh,10.7725,106.687,Toàn bộ căn hộ cho thuê,Entire home/apt,2,1.0,1 phòng tắm,1,1,"[""Thang máy"", ""Lò vi sóng"", ""Điều hòa nhiệt độ"", ""Tủ lạnh"", ""Không gian riêng để làm việc"", ""Bàn ủi / Bàn là"", ""Wi-fi tốc độ cao"", ""Chỗ đỗ xe miễn phí trong khuôn viên"", ""Bể bơi"", ""Máy sấy tóc"", ""Bồn tắm thư giãn"", ""Dầu gội & Sữa tắm"", ""Máy giặt"", ""Bộ chăn ga gối cao cấp""]","₫590,000",1,1125,1,2,1125,1125,1.0,1125.0,today,t,15,39,60,321,2026-09-26,7,6,1,2026-06-13,2026-09-07,5.0,4.87,4.99,5.0,5.0,4.98,4.92,,f,2,2,0,0,2.8,"[""https://a0.muscache.com/im/pictures/hosting/Hosting-1638422663428247432/original/66bdad30-7b46-4251-bdda-e7f027f01934.jpeg"", ""https://a0.muscache.com/im/pictures/hosting/Hosting-1638422663428247432/original/2c19c80a-9f94-4097-9019-5e2ee9b14cb6.jpeg"", ""https://a0.muscache.com/im/pictures/hosting/Hosting-1638422663428247432/original/a74fb7be-8950-4cae-991f-c24e1d2ee7fa.jpeg"", ""https://a0.muscache.com/im/pictures/hosting/Hosting-1638422663428247432/original/88e60205-9eb1-4c55-a99a-effcc10cd602.jpeg"", ""https://a0.muscache.com/im/pictures/hosting/Hosting-1638422663428247432/original/6121818b-1d3d-4a4a-84e5-a48b0a33f75d.jpeg"", ""https://a0.muscache.com/im/pictures/hosting/Hosting-1638422663428247432/original/5c8808e2-6716-4ed6-ae63-3648debbe3a5.jpeg"", ""https://a0.muscache.com/im/pictures/hosting/Hosting-1638422663428247432/original/277042ef-3af3-423c-a606-05d3dff922e0.jpeg"", ""https://a0.muscache.com/im/pictures/hosting/Hosting-1638422663428247432/original/eb98ffdb-62eb-499d-bb21-cc08ae4daeba.jpeg"", ""https://a0.muscache.com/im/pictures/hosting/Hosting-1638422663428247432/original/ce3752c3-49f2-40f0-80f1-d9812f686e2c.jpeg"", ""https://a0.muscache.com/im/pictures/hosting/Hosting-1638422663428247432/original/9fbd9ecb-3c16-4255-b637-2204deb27b56.jpeg"", ""https://a0.muscache.com/im/pictures/hosting/Hosting-1638422663428247432/original/1b8028a2-64d9-472a-b734-afbde38cc8cc.jpeg"", ""https://a0.muscache.com/im/pictures/hosting/Hosting-1638422663428247432/original/9dea007a-67b1-4443-8179-effea0f6c7ad.jpeg""]",t,"[{""name"": ""Rùa"", ""avatar"": ""https://a0.muscache.com/im/pictures/user/avatar_rua.jpg""}, {""name"": ""Cindy"", ""avatar"": ""https://a0.muscache.com/im/pictures/user/avatar_cindy.jpg""}, {""name"": ""Long"", ""avatar"": ""https://a0.muscache.com/im/pictures/user/avatar_long.jpg""}]","[{""name"": ""DECOR"", ""localizedName"": ""Trang trí"", ""count"": 2}, {""name"": ""INTERIOR"", ""localizedName"": ""Không gian bên trong"", ""count"": 4}, {""name"": ""CLEANLINESS"", ""localizedName"": ""Mức độ sạch sẽ"", ""count"": 16}, {""name"": ""LOCATION"", ""localizedName"": ""Địa điểm"", ""count"": 16}, {""name"": ""HOSPITALITY"", ""localizedName"": ""Hiếu khách"", ""count"": 7}]","[{""title"": ""Trải nghiệm nhận phòng xuất sắc"", ""subtitle"": ""Những khách ở gần đây đã xếp hạng 5 sao cho quy trình nhận phòng.""}, {""title"": ""Tự nhận phòng"", ""subtitle"": ""Tự nhận phòng với hộp khóa an toàn.""}]"
1041620646623589821,https://www.airbnb.com.vn/rooms/1041620646623589821,20260926000000,2026-09-26,city search,Ban công ven sông ở Quận 1 – Chỗ ở hiện đại và yên bình,"Chào mừng bạn đến với Ban công ven sông ở Quận 1 – Chỗ ở hiện đại và yên bình — một không gian lưu trú ấm cúng, sang trọng tọa lạc tại Quận 1, Thành phố Hồ Chí Minh.
Căn phòng tràn ngập ánh sáng tự nhiên với đầy đủ tiện nghi cao cấp, giường nệm êm ái, máy lạnh, TV và wifi tốc độ cao. Rất thuận tiện di chuyển tới các điểm tham quan, nhà hàng ẩm thực và quán cà phê nổi tiếng của Thành phố Hồ Chí Minh.","Khu vực Quận 1 an ninh, văn minh, gần nhiều địa điểm ăn uống, mua sắm và giải trí sầm uất tại Thành phố Hồ Chí Minh.",https://a0.muscache.com/im/pictures/hosting/Hosting-U3RheVN1cHBseUxpc3Rpbmc6MTA0MTYyMDY0NjYyMzU4OTgyMQ==/original/e9b9af47-3b63-494c-9b16-9adfa832870e.jpeg,47000142,https://www.airbnb.com.vn/users/show/47000142,Rose,2020-02-20,"Thành phố Hồ Chí Minh, Việt Nam","Xin chào, tôi là Rose, đã có 6 năm kinh nghiệm làm host. Tôi yêu thích du lịch và luôn mong muốn đem lại trải nghiệm lưu trú thoải mái nhất cho khách.",trong vòng một giờ,100%,98%,t,https://a0.muscache.com/im/pictures/user/User-47000142/original/user_profile_2.jpeg,https://a0.muscache.com/im/pictures/user/User-47000142/original/user_profile_2.jpeg,Quận 1,3,7,"['email', 'phone', 'work_email']",t,t,Quận 1,Quận 1,Thành phố Hồ Chí Minh,10.79516,106.69306,Phòng riêng trong nhà,Private room,2,1.0,1 phòng tắm,1,1,"[""Máy giặt"", ""Thang máy"", ""TV màn hình phẳng"", ""Không gian riêng để làm việc"", ""Bồn tắm thư giãn"", ""Máy báo khói"", ""Ban công ngắm cảnh"", ""Dầu gội & Sữa tắm"", ""Tự nhận phòng với hộp khóa an toàn"", ""Bể bơi"", ""Máy sấy tóc"", ""Wi-fi tốc độ cao"", ""Chỗ đỗ xe miễn phí trong khuôn viên"", ""Bàn ủi / Bàn là"", ""Tủ lạnh"", ""Điều hòa nhiệt độ"", ""Máy phát hiện khí CO"", ""Bộ chăn ga gối cao cấp""]","₫700,000",1,1125,1,2,1125,1125,1.0,1125.0,today,t,13,42,83,305,2026-09-26,43,33,2,2024-12-20,2026-09-21,4.88,4.99,4.9,5.0,5.0,4.73,4.75,,t,2,0,1,0,1.54,"[""https://a0.muscache.com/im/pictures/hosting/Hosting-U3RheVN1cHBseUxpc3Rpbmc6MTA0MTYyMDY0NjYyMzU4OTgyMQ==/original/e9b9af47-3b63-494c-9b16-9adfa832870e.jpeg"", ""https://a0.muscache.com/im/pictures/hosting/Hosting-U3RheVN1cHBseUxpc3Rpbmc6MTA0MTYyMDY0NjYyMzU4OTgyMQ==/original/b5817477-0a27-4885-90a0-38016f3e190e.jpeg"", ""https://a0.muscache.com/im/pictures/hosting/Hosting-U3RheVN1cHBseUxpc3Rpbmc6MTA0MTYyMDY0NjYyMzU4OTgyMQ==/original/14f9863e-6e1c-42be-a34c-f86e7dfdd25c.jpeg"", ""https://a0.muscache.com/im/pictures/hosting/Hosting-U3RheVN1cHBseUxpc3Rpbmc6MTA0MTYyMDY0NjYyMzU4OTgyMQ==/original/df4cbc45-4663-4cfd-b4e3-4656cd8f27bf.jpeg"", ""https://a0.muscache.com/im/pictures/hosting/Hosting-U3RheVN1cHBseUxpc3Rpbmc6MTA0MTYyMDY0NjYyMzU4OTgyMQ==/original/4c09d3a6-deaf-4cae-93ec-c5061cf4c79f.jpeg"", ""https://a0.muscache.com/im/pictures/hosting/Hosting-U3RheVN1cHBseUxpc3Rpbmc6MTA0MTYyMDY0NjYyMzU4OTgyMQ==/original/95545d1c-d760-4e85-80d7-9892b4505692.jpeg""]",t,"[{""name"": ""Rùa"", ""avatar"": ""https://a0.muscache.com/im/pictures/user/avatar_rua.jpg""}, {""name"": ""Cindy"", ""avatar"": ""https://a0.muscache.com/im/pictures/user/avatar_cindy.jpg""}, {""name"": ""Dang Nguyen"", ""avatar"": ""https://a0.muscache.com/im/pictures/user/avatar_dang.jpg""}]","[{""name"": ""DECOR"", ""localizedName"": ""Trang trí"", ""count"": 6}, {""name"": ""INTERIOR"", ""localizedName"": ""Không gian bên trong"", ""count"": 9}, {""name"": ""CLEANLINESS"", ""localizedName"": ""Mức độ sạch sẽ"", ""count"": 11}, {""name"": ""LOCATION"", ""localizedName"": ""Địa điểm"", ""count"": 20}, {""name"": ""HOSPITALITY"", ""localizedName"": ""Hiếu khách"", ""count"": 4}]","[{""title"": ""Trải nghiệm nhận phòng xuất sắc"", ""subtitle"": ""Những khách ở gần đây đã xếp hạng 5 sao cho quy trình nhận phòng.""}, {""title"": ""Tự nhận phòng"", ""subtitle"": ""Tự nhận phòng với hộp khóa an toàn.""}]"
1700494187757648814,https://www.airbnb.com.vn/rooms/1700494187757648814,20260926000000,2026-09-26,city search,Căn hộ ấm cúng & sang trọng | Pool View Grand Park,"Chào mừng bạn đến với Căn hộ ấm cúng & sang trọng | Pool View Grand Park — một không gian lưu trú ấm cúng, sang trọng tọa lạc tại Quận Tân Bình, Thành phố Hồ Chí Minh.
Căn phòng tràn ngập ánh sáng tự nhiên với đầy đủ tiện nghi cao cấp, giường nệm êm ái, máy lạnh, TV và wifi tốc độ cao. Rất thuận tiện di chuyển tới các điểm tham quan, nhà hàng ẩm thực và quán cà phê nổi tiếng của Thành phố Hồ Chí Minh.","Khu vực Quận Tân Bình an ninh, văn minh, gần nhiều địa điểm ăn uống, mua sắm và giải trí sầm uất tại Thành phố Hồ Chí Minh.",https://a0.muscache.com/im/pictures/hosting/Hosting-1700494187757648814/original/1d5d1be7-a259-4c62-ad84-85a43445a816.jpeg,47000143,https://www.airbnb.com.vn/users/show/47000143,LangX,2021-01-04,"Thành phố Hồ Chí Minh, Việt Nam","Xin chào, tôi là LangX, đã có 5 năm kinh nghiệm làm host. Tôi yêu thích du lịch và luôn mong muốn đem lại trải nghiệm lưu trú thoải mái nhất cho khách.",trong vòng một giờ,100%,98%,f,https://a0.muscache.com/im/pictures/user/User-47000143/original/user_profile_3.jpeg,https://a0.muscache.com/im/pictures/user/User-47000143/original/user_profile_3.jpeg,Quận Tân Bình,7,9,"['email', 'phone', 'work_email']",t,t,Quận Tân Bình,Quận Tân Bình,Thành phố Hồ Chí Minh,10.8445,106.73677,Toàn bộ căn hộ cho thuê,Entire home/apt,2,1.0,1 phòng tắm,1,1,"[""Máy sấy tóc"", ""Thang máy"", ""Wi-fi tốc độ cao"", ""Lò vi sóng"", ""Máy giặt"", ""Bồn tắm thư giãn"", ""Điều hòa nhiệt độ"", ""Bàn ủi / Bàn là"", ""Không gian riêng để làm việc"", ""Bếp đầy đủ tiện nghi"", ""Dầu gội & Sữa tắm"", ""Chỗ đỗ xe miễn phí trong khuôn viên"", ""Tự nhận phòng với hộp khóa an toàn"", ""Bể bơi"", ""Tủ lạnh"", ""Máy phát hiện khí CO""]","₫894,000",1,1125,1,2,1125,1125,1.0,1125.0,today,t,17,36,83,251,2026-09-26,6,3,0,2026-06-28,2026-09-10,5.0,4.81,4.91,5.0,5.0,4.81,4.86,,f,2,2,0,0,1.39,"[""https://a0.muscache.com/im/pictures/hosting/Hosting-1700494187757648814/original/1d5d1be7-a259-4c62-ad84-85a43445a816.jpeg"", ""https://a0.muscache.com/im/pictures/hosting/Hosting-1700494187757648814/original/d389be9f-bd3f-4407-a5d8-77d6bf566086.jpeg"", ""https://a0.muscache.com/im/pictures/hosting/Hosting-1700494187757648814/original/5108a970-79bc-480c-a5d1-5540643c1075.jpeg"", ""https://a0.muscache.com/im/pictures/hosting/Hosting-1700494187757648814/original/a427c147-d3fb-4113-b4b2-2ec3ec99384e.jpeg"", ""https://a0.muscache.com/im/pictures/hosting/Hosting-1700494187757648814/original/663e7f2d-cafa-445c-8d48-0101f1230526.jpeg"", ""https://a0.muscache.com/im/pictures/hosting/Hosting-1700494187757648814/original/0aba769d-3e83-4db4-b391-4723408fef4d.jpeg"", ""https://a0.muscache.com/im/pictures/hosting/Hosting-1700494187757648814/original/6181fdf9-6a5a-4480-8726-ee8f39bb66bf.jpeg"", ""https://a0.muscache.com/im/pictures/hosting/Hosting-1700494187757648814/original/0b1d9138-979a-4e8e-9864-08fd132d7244.jpeg"", ""https://a0.muscache.com/im/pictures/hosting/Hosting-1700494187757648814/original/52bbf049-c3d4-40fb-84b1-b9a939b11553.jpeg"", ""https://a0.muscache.com/im/pictures/hosting/Hosting-1700494187757648814/original/2f6356b2-2323-4f23-bee2-51e750ebf715.jpeg"", ""https://a0.muscache.com/im/pictures/hosting/Hosting-1700494187757648814/original/ba05b3bc-3d87-47ed-af16-0d4ba3f6b303.jpeg"", ""https://a0.muscache.com/im/pictures/hosting/Hosting-1700494187757648814/original/028eea79-439c-46d7-9422-71d0f5305cb1.jpeg"", ""https://a0.muscache.com/im/pictures/hosting/Hosting-1700494187757648814/original/a3d8111b-0c6a-4eb6-9333-6ec9693727ab.jpeg"", ""https://a0.muscache.com/im/pictures/hosting/Hosting-1700494187757648814/original/ec40b86f-5366-4e75-b1a1-bc2809e2bf83.jpeg"", ""https://a0.muscache.com/im/pictures/hosting/Hosting-1700494187757648814/original/ba0c4f83-d837-4e88-8e0b-a420dc52ad72.jpeg"", ""https://a0.muscache.com/im/pictures/hosting/Hosting-1700494187757648814/original/bc5027e0-152f-4c59-aab9-91974494c1c3.jpeg"", ""https://a0.muscache.com/im/pictures/hosting/Hosting-1700494187757648814/original/f2f03b13-5955-4292-bf1c-605d85278f8f.jpeg"", ""https://a0.muscache.com/im/pictures/hosting/Hosting-1700494187757648814/original/e7c062e2-7086-448f-a21b-31b7c01e1411.jpeg"", ""https://a0.muscache.com/im/pictures/hosting/Hosting-1700494187757648814/original/8425cf52-4611-47f1-9b00-dcd646d08de0.jpeg"", ""https://a0.muscache.com/im/pictures/hosting/Hosting-1700494187757648814/original/6de4268b-9019-4910-aca8-b1bb5ed4b8d4.jpeg"", ""https://a0.muscache.com/im/pictures/hosting/Hosting-1700494187757648814/original/6ad157df-f09f-4ca4-b18b-1a1d001fb779.jpeg"", ""https://a0.muscache.com/im/pictures/hosting/Hosting-1700494187757648814/original/2c0f2789-fc5f-484f-9dba-e1aaf1912728.jpeg"", ""https://a0.muscache.com/im/pictures/hosting/Hosting-1700494187757648814/original/f5bb5342-8486-467b-a0d9-fc6517c91830.jpeg"", ""https://a0.muscache.com/im/pictures/hosting/Hosting-1700494187757648814/original/23f4895d-f762-4504-b63f-3e736869ebc7.jpeg"", ""https://a0.muscache.com/im/pictures/hosting/Hosting-1700494187757648814/original/850feaa7-7bf0-44fe-ac10-87fc8bfbc2ec.jpeg"", ""https://a0.muscache.com/im/pictures/hosting/Hosting-1700494187757648814/original/391a701a-d9b4-4299-8812-cc8da910f3e9.jpeg"", ""https://a0.muscache.com/im/pictures/hosting/Hosting-1700494187757648814/original/92ed0a60-1c40-4f14-921e-2ed749a2b863.jpeg"", ""https://a0.muscache.com/im/pictures/hosting/Hosting-1700494187757648814/original/d70c9227-923e-4d11-96c2-c5aa4813b431.jpeg"", ""https://a0.muscache.com/im/pictures/hosting/Hosting-1700494187757648814/original/928c407f-7f38-40fa-83c9-91d14cc18720.jpeg""]",t,"[{""name"": ""Rùa"", ""avatar"": ""https://a0.muscache.com/im/pictures/user/avatar_rua.jpg""}, {""name"": ""Dang Nguyen"", ""avatar"": ""https://a0.muscache.com/im/pictures/user/avatar_dang.jpg""}]","[{""name"": ""DECOR"", ""localizedName"": ""Trang trí"", ""count"": 6}, {""name"": ""INTERIOR"", ""localizedName"": ""Không gian bên trong"", ""count"": 21}, {""name"": ""CLEANLINESS"", ""localizedName"": ""Mức độ sạch sẽ"", ""count"": 5}, {""name"": ""LOCATION"", ""localizedName"": ""Địa điểm"", ""count"": 5}, {""name"": ""HOSPITALITY"", ""localizedName"": ""Hiếu khách"", ""count"": 8}]","[{""title"": ""Trải nghiệm nhận phòng xuất sắc"", ""subtitle"": ""Những khách ở gần đây đã xếp hạng 5 sao cho quy trình nhận phòng.""}, {""title"": ""Tự nhận phòng"", ""subtitle"": ""Tự nhận phòng với hộp khóa an toàn.""}]"
1493167100653364039,https://www.airbnb.com.vn/rooms/1493167100653364039,20260926000000,2026-09-26,city search,R154 | Phòng lớn 3F gần sân bay,"Chào mừng bạn đến với R154 | Phòng lớn 3F gần sân bay — một không gian lưu trú ấm cúng, sang trọng tọa lạc tại Quận 1, Thành phố Hồ Chí Minh.
Căn phòng tràn ngập ánh sáng tự nhiên với đầy đủ tiện nghi cao cấp, giường nệm êm ái, máy lạnh, TV và wifi tốc độ cao. Rất thuận tiện di chuyển tới các điểm tham quan, nhà hàng ẩm thực và quán cà phê nổi tiếng của Thành phố Hồ Chí Minh.","Khu vực Quận 1 an ninh, văn minh, gần nhiều địa điểm ăn uống, mua sắm và giải trí sầm uất tại Thành phố Hồ Chí Minh.",https://a0.muscache.com/im/pictures/hosting/Hosting-1472096284651004792/original/4db56d88-95b9-4a2a-9b01-9b924c08333b.jpeg,47000144,https://www.airbnb.com.vn/users/show/47000144,Ken,2019-12-27,"Thành phố Hồ Chí Minh, Việt Nam","Xin chào, tôi là Ken, đã có 6 năm kinh nghiệm làm host. Tôi yêu thích du lịch và luôn mong muốn đem lại trải nghiệm lưu trú thoải mái nhất cho khách.",trong vòng một giờ,100%,98%,t,https://a0.muscache.com/im/pictures/user/User-47000144/original/user_profile_4.jpeg,https://a0.muscache.com/im/pictures/user/User-47000144/original/user_profile_4.jpeg,Quận 1,5,5,"['email', 'phone', 'work_email']",t,t,Quận 1,Quận 1,Thành phố Hồ Chí Minh,10.79515,106.67394,Phòng riêng trong nhà,Private room,2,1.0,1 phòng tắm,1,1,"[""Bộ chăn ga gối cao cấp"", ""Dầu gội & Sữa tắm"", ""Bể bơi"", ""Tự nhận phòng với hộp khóa an toàn"", ""Lò vi sóng"", ""Chỗ đỗ xe miễn phí trong khuôn viên"", ""Bàn ủi / Bàn là"", ""Không gian riêng để làm việc"", ""Thang máy"", ""Máy sấy tóc"", ""Tủ lạnh"", ""TV màn hình phẳng"", ""Bồn tắm thư giãn"", ""Điều hòa nhiệt độ"", ""Wi-fi tốc độ cao"", ""Bếp đầy đủ tiện nghi"", ""Ban công ngắm cảnh"", ""Máy phát hiện khí CO"", ""Máy báo khói""]","₫388,199",1,1125,1,2,1125,1125,1.0,1125.0,today,t,21,32,81,223,2026-09-26,40,40,4,2025-02-03,2026-09-10,4.88,4.89,4.83,5.0,5.0,4.73,4.71,,t,2,0,1,0,4.45,"[""https://a0.muscache.com/im/pictures/hosting/Hosting-1472096284651004792/original/4db56d88-95b9-4a2a-9b01-9b924c08333b.jpeg"", ""https://a0.muscache.com/im/pictures/hosting/Hosting-1472096284651004792/original/c640cd78-b08e-4aaf-8a6c-90e953e366e5.jpeg"", ""https://a0.muscache.com/im/pictures/hosting/Hosting-1472096284651004792/original/8321ed45-fdc7-4c5c-a4b1-bcad363edaa6.jpeg"", ""https://a0.muscache.com/im/pictures/hosting/Hosting-1472096284651004792/original/fc7a3e4a-5bec-4e76-897b-640c33122d2f.jpeg"", ""https://a0.muscache.com/im/pictures/hosting/Hosting-1472096284651004792/original/322c60b0-472f-4489-9424-d0bfe4ba69c3.jpeg"", ""https://a0.muscache.com/im/pictures/hosting/Hosting-1472096284651004792/original/1703ce60-5173-42e0-a30b-484c193b2546.jpeg""]",t,"[{""name"": ""Long"", ""avatar"": ""https://a0.muscache.com/im/pictures/user/avatar_long.jpg""}, {""name"": ""Dang Nguyen"", ""avatar"": ""https://a0.muscache.com/im/pictures/user/avatar_dang.jpg""}, {""name"": ""Rùa"", ""avatar"": ""https://a0.muscache.com/im/pictures/user/avatar_rua.jpg""}]","[{""name"": ""DECOR"", ""localizedName"": ""Trang trí"", ""count"": 4}, {""name"": ""INTERIOR"", ""localizedName"": ""Không gian bên trong"", ""count"": 11}, {""name"": ""CLEANLINESS"", ""localizedName"": ""Mức độ sạch sẽ"", ""count"": 15}, {""name"": ""LOCATION"", ""localizedName"": ""Địa điểm"", ""count"": 4}, {""name"": ""HOSPITALITY"", ""localizedName"": ""Hiếu khách"", ""count"": 12}]","[{""title"": ""Trải nghiệm nhận phòng xuất sắc"", ""subtitle"": ""Những khách ở gần đây đã xếp hạng 5 sao cho quy trình nhận phòng.""}, {""title"": ""Tự nhận phòng"", ""subtitle"": ""Tự nhận phòng với hộp khóa an toàn.""}]"
1719609915940574676,https://www.airbnb.com.vn/rooms/1719609915940574676,20260926000000,2026-09-26,city search,"*Trong trung tâm thành phố, ban công có phòng tập thể dục riêng. ","Chào mừng bạn đến với *Trong trung tâm thành phố, ban công có phòng tập thể dục riêng.  — một không gian lưu trú ấm cúng, sang trọng tọa lạc tại Quận 3, Thành phố Hồ Chí Minh.
Căn phòng tràn ngập ánh sáng tự nhiên với đầy đủ tiện nghi cao cấp, giường nệm êm ái, máy lạnh, TV và wifi tốc độ cao. Rất thuận tiện di chuyển tới các điểm tham quan, nhà hàng ẩm thực và quán cà phê nổi tiếng của Thành phố Hồ Chí Minh.","Khu vực Quận 3 an ninh, văn minh, gần nhiều địa điểm ăn uống, mua sắm và giải trí sầm uất tại Thành phố Hồ Chí Minh.",https://a0.muscache.com/im/pictures/hosting/Hosting-1719609915940574676/original/4f41c881-a773-4cdb-90e0-7feed9a3a4ac.jpeg,47000145,https://www.airbnb.com.vn/users/show/47000145,Bella,2021-05-21,"Thành phố Hồ Chí Minh, Việt Nam","Xin chào, tôi là Bella, đã có 5 năm kinh nghiệm làm host. Tôi yêu thích du lịch và luôn mong muốn đem lại trải nghiệm lưu trú thoải mái nhất cho khách.",trong vòng một giờ,100%,98%,f,https://a0.muscache.com/im/pictures/user/User-47000145/original/user_profile_5.jpeg,https://a0.muscache.com/im/pictures/user/User-47000145/original/user_profile_5.jpeg,Quận 3,2,5,"['email', 'phone', 'work_email']",t,t,Quận 3,Quận 3,Thành phố Hồ Chí Minh,10.7917,106.7005,Phòng riêng trong nhà,Private room,2,1.0,1 phòng tắm,1,1,"[""Bể bơi"", ""Thang máy"", ""Wi-fi tốc độ cao"", ""Lò vi sóng"", ""Chỗ đỗ xe miễn phí trong khuôn viên"", ""Bộ chăn ga gối cao cấp"", ""TV màn hình phẳng"", ""Điều hòa nhiệt độ"", ""Dầu gội & Sữa tắm"", ""Bàn ủi / Bàn là"", ""Máy giặt"", ""Bếp đầy đủ tiện nghi"", ""Tủ lạnh"", ""Không gian riêng để làm việc"", ""Máy báo khói"", ""Máy sấy tóc"", ""Tự nhận phòng với hộp khóa an toàn""]","₫350,000",1,1125,1,2,1125,1125,1.0,1125.0,today,t,17,34,52,309,2026-09-26,8,2,1,2026-05-29,2026-09-21,5.0,4.9,4.88,5.0,5.0,4.8,4.73,,f,2,0,1,0,2.65,"[""https://a0.muscache.com/im/pictures/hosting/Hosting-1719609915940574676/original/4f41c881-a773-4cdb-90e0-7feed9a3a4ac.jpeg"", ""https://a0.muscache.com/im/pictures/hosting/Hosting-1719609915940574676/original/4247f3a3-7d7b-4d32-9d1b-1eebe2bfd055.jpeg"", ""https://a0.muscache.com/im/pictures/hosting/Hosting-1719609915940574676/original/33b79bb8-f85a-40bb-a4dc-e3d8ee7b9d68.jpeg"", ""https://a0.muscache.com/im/pictures/hosting/Hosting-1719609915940574676/original/9d82f852-4617-41d5-9d8f-8e612d20c48d.jpeg"", ""https://a0.muscache.com/im/pictures/hosting/Hosting-1719609915940574676/original/27a3d02d-dc96-43ec-80d4-271b10061c4f.jpeg"", ""https://a0.muscache.com/im/pictures/hosting/Hosting-1719609915940574676/original/b9bf1147-cd6c-4ef3-8631-43cf147553b9.jpeg""]",t,"[{""name"": ""Cindy"", ""avatar"": ""https://a0.muscache.com/im/pictures/user/avatar_cindy.jpg""}, {""name"": ""Long"", ""avatar"": ""https://a0.muscache.com/im/pictures/user/avatar_long.jpg""}, {""name"": ""Dang Nguyen"", ""avatar"": ""https://a0.muscache.com/im/pictures/user/avatar_dang.jpg""}]","[{""name"": ""DECOR"", ""localizedName"": ""Trang trí"", ""count"": 18}, {""name"": ""INTERIOR"", ""localizedName"": ""Không gian bên trong"", ""count"": 18}, {""name"": ""CLEANLINESS"", ""localizedName"": ""Mức độ sạch sẽ"", ""count"": 24}, {""name"": ""LOCATION"", ""localizedName"": ""Địa điểm"", ""count"": 11}, {""name"": ""HOSPITALITY"", ""localizedName"": ""Hiếu khách"", ""count"": 10}]","[{""title"": ""Trải nghiệm nhận phòng xuất sắc"", ""subtitle"": ""Những khách ở gần đây đã xếp hạng 5 sao cho quy trình nhận phòng.""}, {""title"": ""Tự nhận phòng"", ""subtitle"": ""Tự nhận phòng với hộp khóa an toàn.""}]"
1231973925176763315,https://www.airbnb.com.vn/rooms/1231973925176763315,20260926000000,2026-09-26,city search,#221 Cozy Saigon Stay | Máy chiếu | Bếp chung,"Chào mừng bạn đến với #221 Cozy Saigon Stay | Máy chiếu | Bếp chung — một không gian lưu trú ấm cúng, sang trọng tọa lạc tại Quận 4, Thành phố Hồ Chí Minh.
Căn phòng tràn ngập ánh sáng tự nhiên với đầy đủ tiện nghi cao cấp, giường nệm êm ái, máy lạnh, TV và wifi tốc độ cao. Rất thuận tiện di chuyển tới các điểm tham quan, nhà hàng ẩm thực và quán cà phê nổi tiếng của Thành phố Hồ Chí Minh.","Khu vực Quận 4 an ninh, văn minh, gần nhiều địa điểm ăn uống, mua sắm và giải trí sầm uất tại Thành phố Hồ Chí Minh.",https://a0.muscache.com/im/pictures/hosting/Hosting-1231973925176763315/original/17ca8146-4ee2-4077-8933-433dd1d564b9.jpeg,47000146,https://www.airbnb.com.vn/users/show/47000146,Tony,2021-01-11,"Thành phố Hồ Chí Minh, Việt Nam","Xin chào, tôi là Tony, đã có 5 năm kinh nghiệm làm host. Tôi yêu thích du lịch và luôn mong muốn đem lại trải nghiệm lưu trú thoải mái nhất cho khách.",trong vòng một giờ,100%,98%,t,https://a0.muscache.com/im/pictures/user/User-47000146/original/user_profile_6.jpeg,https://a0.muscache.com/im/pictures/user/User-47000146/original/user_profile_6.jpeg,Quận 4,9,7,"['email', 'phone', 'work_email']",t,t,Quận 4,Quận 4,Thành phố Hồ Chí Minh,10.79285,106.67125,Phòng riêng trong nhà,Private room,2,1.0,1 phòng tắm,1,1,"[""Bàn ủi / Bàn là"", ""Máy phát hiện khí CO"", ""Bồn tắm thư giãn"", ""Dầu gội & Sữa tắm"", ""Chỗ đỗ xe miễn phí trong khuôn viên"", ""Máy giặt"", ""Tự nhận phòng với hộp khóa an toàn"", ""Lò vi sóng"", ""TV màn hình phẳng"", ""Máy sấy tóc"", ""Bể bơi"", ""Máy báo khói"", ""Điều hòa nhiệt độ"", ""Ban công ngắm cảnh"", ""Thang máy"", ""Bộ chăn ga gối cao cấp"", ""Wi-fi tốc độ cao"", ""Không gian riêng để làm việc"", ""Bếp đầy đủ tiện nghi""]","₫509,778",1,1125,1,2,1125,1125,1.0,1125.0,today,t,22,39,69,247,2026-09-26,60,14,3,2024-04-09,2026-09-02,4.92,4.81,4.92,5.0,5.0,4.78,4.71,,t,2,0,1,0,2.03,"[""https://a0.muscache.com/im/pictures/hosting/Hosting-1231973925176763315/original/17ca8146-4ee2-4077-8933-433dd1d564b9.jpeg"", ""https://a0.muscache.com/im/pictures/hosting/Hosting-1231973925176763315/original/dc32cf71-e4bd-44f4-a62f-17ae5ea61305.jpeg"", ""https://a0.muscache.com/im/pictures/hosting/Hosting-1231119321481630276/original/d5265b36-42b0-4bce-9b1b-583dff98e416.jpeg"", ""https://a0.muscache.com/im/pictures/hosting/Hosting-1231119321481630276/original/ca97b811-cf14-4bd3-a7a2-f9df0eb2951c.jpeg"", ""https://a0.muscache.com/im/pictures/hosting/Hosting-1231973925176763315/original/ee0f580a-03fc-4aaa-8c0e-5f7945056012.jpeg"", ""https://a0.muscache.com/im/pictures/hosting/Hosting-1231119321481630276/original/6dd6df99-c987-41de-af27-979b590d050e.jpeg""]",t,"[{""name"": ""Rùa"", ""avatar"": ""https://a0.muscache.com/im/pictures/user/avatar_rua.jpg""}]","[{""name"": ""DECOR"", ""localizedName"": ""Trang trí"", ""count"": 16}, {""name"": ""INTERIOR"", ""localizedName"": ""Không gian bên trong"", ""count"": 9}, {""name"": ""CLEANLINESS"", ""localizedName"": ""Mức độ sạch sẽ"", ""count"": 16}, {""name"": ""LOCATION"", ""localizedName"": ""Địa điểm"", ""count"": 2}, {""name"": ""HOSPITALITY"", ""localizedName"": ""Hiếu khách"", ""count"": 12}]","[{""title"": ""Trải nghiệm nhận phòng xuất sắc"", ""subtitle"": ""Những khách ở gần đây đã xếp hạng 5 sao cho quy trình nhận phòng.""}, {""title"": ""Tự nhận phòng"", ""subtitle"": ""Tự nhận phòng với hộp khóa an toàn.""}]"
1611380401700252686,https://www.airbnb.com.vn/rooms/1611380401700252686,20260926000000,2026-09-26,city search,Tranquil Nest L1 •15m đến D1/Sân bay • Giặt ủi miễn phí,"Chào mừng bạn đến với Tranquil Nest L1 •15m đến D1/Sân bay • Giặt ủi miễn phí — một không gian lưu trú ấm cúng, sang trọng tọa lạc tại Quận 7, Thành phố Hồ Chí Minh.
Căn phòng tràn ngập ánh sáng tự nhiên với đầy đủ tiện nghi cao cấp, giường nệm êm ái, máy lạnh, TV và wifi tốc độ cao. Rất thuận tiện di chuyển tới các điểm tham quan, nhà hàng ẩm thực và quán cà phê nổi tiếng của Thành phố Hồ Chí Minh.","Khu vực Quận 7 an ninh, văn minh, gần nhiều địa điểm ăn uống, mua sắm và giải trí sầm uất tại Thành phố Hồ Chí Minh.",https://a0.muscache.com/im/pictures/hosting/Hosting-1611380401700252686/original/95775506-3fdd-43f7-a77e-51549afe68ea.png,47000147,https://www.airbnb.com.vn/users/show/47000147,Anna,2021-12-23,"Thành phố Hồ Chí Minh, Việt Nam","Xin chào, tôi là Anna, đã có 4 năm kinh nghiệm làm host. Tôi yêu thích du lịch và luôn mong muốn đem lại trải nghiệm lưu trú thoải mái nhất cho khách.",trong vòng một giờ,100%,98%,f,https://a0.muscache.com/im/pictures/user/User-47000147/original/user_profile_7.jpeg,https://a0.muscache.com/im/pictures/user/User-47000147/original/user_profile_7.jpeg,Quận 7,1,2,"['email', 'phone', 'work_email']",t,t,Quận 7,Quận 7,Thành phố Hồ Chí Minh,10.7927,106.6765,Phòng riêng trong nhà,Private room,2,1.0,1 phòng tắm,1,1,"[""Wi-fi tốc độ cao"", ""Ban công ngắm cảnh"", ""Máy báo khói"", ""Máy giặt"", ""Dầu gội & Sữa tắm"", ""Điều hòa nhiệt độ"", ""Bếp đầy đủ tiện nghi"", ""Tự nhận phòng với hộp khóa an toàn"", ""Bộ chăn ga gối cao cấp"", ""Bồn tắm thư giãn"", ""Bàn ủi / Bàn là"", ""Lò vi sóng"", ""Thang máy"", ""Tủ lạnh"", ""TV màn hình phẳng"", ""Không gian riêng để làm việc""]","₫487,475",1,1125,1,2,1125,1125,1.0,1125.0,today,t,14,48,63,288,2026-09-26,25,10,6,2025-09-16,2026-09-09,4.96,4.96,4.99,5.0,5.0,4.76,4.85,,f,2,0,1,0,1.33,"[""https://a0.muscache.com/im/pictures/hosting/Hosting-1611380401700252686/original/95775506-3fdd-43f7-a77e-51549afe68ea.png"", ""https://a0.muscache.com/im/pictures/hosting/Hosting-1611380401700252686/original/80bf2785-770a-4f38-a714-c87da25e7b10.png"", ""https://a0.muscache.com/im/pictures/hosting/Hosting-1611380401700252686/original/3bc0b006-9887-43b3-aa7f-7e6c8917cb44.png"", ""https://a0.muscache.com/im/pictures/hosting/Hosting-1611380401700252686/original/7f5144bf-dbc7-4ef5-8846-1a06183e637b.png"", ""https://a0.muscache.com/im/pictures/hosting/Hosting-1611380401700252686/original/919c568d-6b8f-4897-b0b2-eb4bd017d44e.png"", ""https://a0.muscache.com/im/pictures/hosting/Hosting-1611380401700252686/original/76dd116f-2616-4f53-aaaf-4daaad00739d.png""]",t,"[{""name"": ""Dang Nguyen"", ""avatar"": ""https://a0.muscache.com/im/pictures/user/avatar_dang.jpg""}]","[{""name"": ""DECOR"", ""localizedName"": ""Trang trí"", ""count"": 8}, {""name"": ""INTERIOR"", ""localizedName"": ""Không gian bên trong"", ""count"": 21}, {""name"": ""CLEANLINESS"", ""localizedName"": ""Mức độ sạch sẽ"", ""count"": 14}, {""name"": ""LOCATION"", ""localizedName"": ""Địa điểm"", ""count"": 5}, {""name"": ""HOSPITALITY"", ""localizedName"": ""Hiếu khách"", ""count"": 4}]","[{""title"": ""Trải nghiệm nhận phòng xuất sắc"", ""subtitle"": ""Những khách ở gần đây đã xếp hạng 5 sao cho quy trình nhận phòng.""}, {""title"": ""Tự nhận phòng"", ""subtitle"": ""Tự nhận phòng với hộp khóa an toàn.""}]"
1651823953436088830,https://www.airbnb.com.vn/rooms/1651823953436088830,20260926000000,2026-09-26,city search,"Căn hộ trong khu thị trấn Hàn Quốc, gần SECC, RMIT","Chào mừng bạn đến với Căn hộ trong khu thị trấn Hàn Quốc, gần SECC, RMIT — một không gian lưu trú ấm cúng, sang trọng tọa lạc tại Quận 10, Thành phố Hồ Chí Minh.
Căn phòng tràn ngập ánh sáng tự nhiên với đầy đủ tiện nghi cao cấp, giường nệm êm ái, máy lạnh, TV và wifi tốc độ cao. Rất thuận tiện di chuyển tới các điểm tham quan, nhà hàng ẩm thực và quán cà phê nổi tiếng của Thành phố Hồ Chí Minh.","Khu vực Quận 10 an ninh, văn minh, gần nhiều địa điểm ăn uống, mua sắm và giải trí sầm uất tại Thành phố Hồ Chí Minh.",https://a0.muscache.com/im/pictures/hosting/Hosting-1651823953436088830/original/84215cea-20d9-4345-987b-e1ef13a836f2.jpeg,47000148,https://www.airbnb.com.vn/users/show/47000148,David,2023-07-17,"Thành phố Hồ Chí Minh, Việt Nam","Xin chào, tôi là David, đã có 3 năm kinh nghiệm làm host. Tôi yêu thích du lịch và luôn mong muốn đem lại trải nghiệm lưu trú thoải mái nhất cho khách.",trong vòng một giờ,100%,98%,t,https://a0.muscache.com/im/pictures/user/User-47000148/original/user_profile_8.jpeg,https://a0.muscache.com/im/pictures/user/User-47000148/original/user_profile_8.jpeg,Quận 10,2,7,"['email', 'phone', 'work_email']",t,t,Quận 10,Quận 10,Thành phố Hồ Chí Minh,10.72772,106.70229,Toàn bộ căn hộ cho thuê,Entire home/apt,2,1.0,1 phòng tắm,1,1,"[""Chỗ đỗ xe miễn phí trong khuôn viên"", ""Tủ lạnh"", ""Wi-fi tốc độ cao"", ""Bộ chăn ga gối cao cấp"", ""Dầu gội & Sữa tắm"", ""Tự nhận phòng với hộp khóa an toàn"", ""Không gian riêng để làm việc"", ""Bồn tắm thư giãn"", ""Máy sấy tóc"", ""Bếp đầy đủ tiện nghi"", ""Lò vi sóng"", ""Điều hòa nhiệt độ"", ""Thang máy"", ""Bể bơi"", ""Ban công ngắm cảnh"", ""TV màn hình phẳng"", ""Máy báo khói""]","₫911,589",1,1125,1,2,1125,1125,1.0,1125.0,today,t,27,45,73,237,2026-09-26,21,17,5,2025-11-15,2026-09-15,5.0,4.84,4.91,5.0,5.0,4.79,4.72,,t,2,2,0,0,1.4,"[""https://a0.muscache.com/im/pictures/hosting/Hosting-1651823953436088830/original/84215cea-20d9-4345-987b-e1ef13a836f2.jpeg"", ""https://a0.muscache.com/im/pictures/hosting/Hosting-1651823953436088830/original/de56215d-6a1a-4bb5-8109-619472996860.jpeg"", ""https://a0.muscache.com/im/pictures/hosting/Hosting-1651823953436088830/original/f8ff771e-85ed-45b0-ab88-74e9d581455d.jpeg"", ""https://a0.muscache.com/im/pictures/hosting/Hosting-1651823953436088830/original/0b6d93de-c756-45ea-878a-be98ac73a05f.jpeg"", ""https://a0.muscache.com/im/pictures/hosting/Hosting-1651823953436088830/original/e62e84be-8a51-4802-8f82-bbcc27c1d290.jpeg"", ""https://a0.muscache.com/im/pictures/hosting/Hosting-1651823953436088830/original/d741be28-3b02-45c1-a67e-5a0f3fbcf8b6.jpeg"", ""https://a0.muscache.com/im/pictures/hosting/Hosting-1651823953436088830/original/628a4453-3acf-4286-b2a7-30e2096042c2.jpeg"", ""https://a0.muscache.com/im/pictures/hosting/Hosting-1651823953436088830/original/e624cfc3-a590-4790-9e3c-3bb473bdc2e7.jpeg"", ""https://a0.muscache.com/im/pictures/hosting/Hosting-1651823953436088830/original/4b8e99d9-d0c4-48ae-b6c7-40ab502ed121.jpeg"", ""https://a0.muscache.com/im/pictures/hosting/Hosting-1651823953436088830/original/7b40d3cf-b1c4-4f17-b7e4-0c1fbf4f1e33.jpeg"", ""https://a0.muscache.com/im/pictures/hosting/Hosting-1651823953436088830/original/e4631ee3-7d16-4b27-9517-e78c8705b7bf.jpeg"", ""https://a0.muscache.com/im/pictures/hosting/Hosting-1651823953436088830/original/d6ca0038-2965-4a7c-814f-c80df05e7a43.jpeg"", ""https://a0.muscache.com/im/pictures/hosting/Hosting-1651823953436088830/original/8b435276-0a21-47ce-89b2-bbaaffe9697c.jpeg"", ""https://a0.muscache.com/im/pictures/hosting/Hosting-1651823953436088830/original/1cb3905f-ba63-468f-8299-7e22e94d3957.jpeg"", ""https://a0.muscache.com/im/pictures/hosting/Hosting-1651823953436088830/original/3c31a11b-e638-40bf-8b80-d9287dba2561.jpeg"", ""https://a0.muscache.com/im/pictures/hosting/Hosting-1651823953436088830/original/7d4a5f88-7bc1-4ae4-99e0-dbbbbb864a4d.jpeg"", ""https://a0.muscache.com/im/pictures/hosting/Hosting-1651823953436088830/original/75360f9a-4078-4fed-bd72-3f04a923e187.jpeg"", ""https://a0.muscache.com/im/pictures/hosting/Hosting-1651823953436088830/original/b0cbc3ab-7d5e-4ec8-9e0e-7b92af836d0b.jpeg"", ""https://a0.muscache.com/im/pictures/hosting/Hosting-1651823953436088830/original/98650892-18ee-43e3-98d6-b33154ce01ed.jpeg"", ""https://a0.muscache.com/im/pictures/hosting/Hosting-1651823953436088830/original/79237761-5091-4c43-9b0a-916caa5bb934.jpeg"", ""https://a0.muscache.com/im/pictures/hosting/Hosting-1651823953436088830/original/9f9b7a2c-9e52-4130-9de5-ad7e56e16e60.jpeg""]",t,"[{""name"": ""Rùa"", ""avatar"": ""https://a0.muscache.com/im/pictures/user/avatar_rua.jpg""}]","[{""name"": ""DECOR"", ""localizedName"": ""Trang trí"", ""count"": 8}, {""name"": ""INTERIOR"", ""localizedName"": ""Không gian bên trong"", ""count"": 9}, {""name"": ""CLEANLINESS"", ""localizedName"": ""Mức độ sạch sẽ"", ""count"": 18}, {""name"": ""LOCATION"", ""localizedName"": ""Địa điểm"", ""count"": 4}, {""name"": ""HOSPITALITY"", ""localizedName"": ""Hiếu khách"", ""count"": 7}]","[{""title"": ""Trải nghiệm nhận phòng xuất sắc"", ""subtitle"": ""Những khách ở gần đây đã xếp hạng 5 sao cho quy trình nhận phòng.""}, {""title"": ""Tự nhận phòng"", ""subtitle"": ""Tự nhận phòng với hộp khóa an toàn.""}]"
1550722246597560673,https://www.airbnb.com.vn/rooms/1550722246597560673,20260926000000,2026-09-26,city search,l 504 phòng l Studio hiện đại có ban công và bếp,"Chào mừng bạn đến với l 504 phòng l Studio hiện đại có ban công và bếp — một không gian lưu trú ấm cúng, sang trọng tọa lạc tại Quận Bình Thạnh, Thành phố Hồ Chí Minh.
Căn phòng tràn ngập ánh sáng tự nhiên với đầy đủ tiện nghi cao cấp, giường nệm êm ái, máy lạnh, TV và wifi tốc độ cao. Rất thuận tiện di chuyển tới các điểm tham quan, nhà hàng ẩm thực và quán cà phê nổi tiếng của Thành phố Hồ Chí Minh.","Khu vực Quận Bình Thạnh an ninh, văn minh, gần nhiều địa điểm ăn uống, mua sắm và giải trí sầm uất tại Thành phố Hồ Chí Minh.",https://a0.muscache.com/im/pictures/hosting/Hosting-1550722246597560673/original/76b68304-58ca-402e-b42b-e9fe5a1b657e.png,47000149,https://www.airbnb.com.vn/users/show/47000149,Mia,2020-04-09,"Thành phố Hồ Chí Minh, Việt Nam","Xin chào, tôi là Mia, đã có 6 năm kinh nghiệm làm host. Tôi yêu thích du lịch và luôn mong muốn đem lại trải nghiệm lưu trú thoải mái nhất cho khách.",trong vòng một giờ,100%,98%,f,https://a0.muscache.com/im/pictures/user/User-47000149/original/user_profile_9.jpeg,https://a0.muscache.com/im/pictures/user/User-47000149/original/user_profile_9.jpeg,Quận Bình Thạnh,4,7,"['email', 'phone', 'work_email']",t,t,Quận Bình Thạnh,Quận Bình Thạnh,Thành phố Hồ Chí Minh,10.77841188853561,106.7556167603077,Toàn bộ căn hộ cho thuê,Entire home/apt,2,1.0,1 phòng tắm,1,1,"[""Wi-fi tốc độ cao"", ""Điều hòa nhiệt độ"", ""Tự nhận phòng với hộp khóa an toàn"", ""Máy sấy tóc"", ""Bàn ủi / Bàn là"", ""Lò vi sóng"", ""Máy phát hiện khí CO"", ""Bộ chăn ga gối cao cấp"", ""Bếp đầy đủ tiện nghi"", ""Bể bơi"", ""Ban công ngắm cảnh"", ""TV màn hình phẳng"", ""Máy báo khói"", ""Bồn tắm thư giãn"", ""Không gian riêng để làm việc"", ""Chỗ đỗ xe miễn phí trong khuôn viên"", ""Dầu gội & Sữa tắm"", ""Tủ lạnh""]","₫642,000",1,1125,1,2,1125,1125,1.0,1125.0,today,t,24,35,74,333,2026-09-26,48,25,0,2024-10-06,2026-09-13,5.0,4.88,4.81,5.0,5.0,4.83,4.82,,f,2,2,0,0,2.55,"[""https://a0.muscache.com/im/pictures/hosting/Hosting-1550722246597560673/original/76b68304-58ca-402e-b42b-e9fe5a1b657e.png"", ""https://a0.muscache.com/im/pictures/hosting/Hosting-1550722246597560673/original/2831a8e5-91a1-43b6-abd3-31ded3ef757d.png"", ""https://a0.muscache.com/im/pictures/hosting/Hosting-1550722246597560673/original/b41e6926-3140-4674-bba8-cfe4ba9ea2a4.png"", ""https://a0.muscache.com/im/pictures/hosting/Hosting-1550722246597560673/original/43c193f4-d515-4fa2-ba02-5bf97066abd9.png"", ""https://a0.muscache.com/im/pictures/hosting/Hosting-1550722246597560673/original/f7268bd0-96b3-4caa-ba04-cf5106336d42.png"", ""https://a0.muscache.com/im/pictures/hosting/Hosting-1550722246597560673/original/f8a61163-463a-432a-a427-163dbe6e0f0f.jpeg"", ""https://a0.muscache.com/im/pictures/hosting/Hosting-1550722246597560673/original/81febb5e-5924-48c2-9f4a-6399df027ed7.png"", ""https://a0.muscache.com/im/pictures/hosting/Hosting-1550722246597560673/original/f76890f4-4f16-4e56-b65e-f0929486d83e.png"", ""https://a0.muscache.com/im/pictures/hosting/Hosting-1550722246597560673/original/f6b6b55b-3acb-422a-b1a9-faf1c88e12dc.png"", ""https://a0.muscache.com/im/pictures/hosting/Hosting-1550722246597560673/original/22d9c773-c2f5-47c2-90de-55373f08ed3f.png"", ""https://a0.muscache.com/im/pictures/hosting/Hosting-1550668628265528381/original/aef3052a-51f1-4a47-86e5-0c5aff57754e.jpeg"", ""https://a0.muscache.com/im/pictures/hosting/Hosting-1550722246597560673/original/64c04a25-3418-4a3b-b918-1e36b944c6b6.png"", ""https://a0.muscache.com/im/pictures/hosting/Hosting-1550722246597560673/original/e3e38b7c-87bc-4d60-bb98-9d6476cb6696.png"", ""https://a0.muscache.com/im/pictures/hosting/Hosting-1550722246597560673/original/194b0d22-3429-4217-9935-3fbb7a18efda.png"", ""https://a0.muscache.com/im/pictures/hosting/Hosting-1550722246597560673/original/53f7c5cd-4808-4d4e-962c-aa619fe79c7d.png""]",t,"[{""name"": ""Cindy"", ""avatar"": ""https://a0.muscache.com/im/pictures/user/avatar_cindy.jpg""}, {""name"": ""Rùa"", ""avatar"": ""https://a0.muscache.com/im/pictures/user/avatar_rua.jpg""}, {""name"": ""Dang Nguyen"", ""avatar"": ""https://a0.muscache.com/im/pictures/user/avatar_dang.jpg""}]","[{""name"": ""DECOR"", ""localizedName"": ""Trang trí"", ""count"": 17}, {""name"": ""INTERIOR"", ""localizedName"": ""Không gian bên trong"", ""count"": 9}, {""name"": ""CLEANLINESS"", ""localizedName"": ""Mức độ sạch sẽ"", ""count"": 11}, {""name"": ""LOCATION"", ""localizedName"": ""Địa điểm"", ""count"": 20}, {""name"": ""HOSPITALITY"", ""localizedName"": ""Hiếu khách"", ""count"": 7}]","[{""title"": ""Trải nghiệm nhận phòng xuất sắc"", ""subtitle"": ""Những khách ở gần đây đã xếp hạng 5 sao cho quy trình nhận phòng.""}, {""title"": ""Tự nhận phòng"", ""subtitle"": ""Tự nhận phòng với hộp khóa an toàn.""}]"
1763603923538269028,https://www.airbnb.com.vn/rooms/1763603923538269028,20260926000000,2026-09-26,city search,Nhà Nguyên Căn 2Phòng Ngủ | Sofa Bed | Phòng Khách,"Chào mừng bạn đến với Nhà Nguyên Căn 2Phòng Ngủ | Sofa Bed | Phòng Khách — một không gian lưu trú ấm cúng, sang trọng tọa lạc tại Quận Phú Nhuận, Thành phố Hồ Chí Minh.
Căn phòng tràn ngập ánh sáng tự nhiên với đầy đủ tiện nghi cao cấp, giường nệm êm ái, máy lạnh, TV và wifi tốc độ cao. Rất thuận tiện di chuyển tới các điểm tham quan, nhà hàng ẩm thực và quán cà phê nổi tiếng của Thành phố Hồ Chí Minh.","Khu vực Quận Phú Nhuận an ninh, văn minh, gần nhiều địa điểm ăn uống, mua sắm và giải trí sầm uất tại Thành phố Hồ Chí Minh.",https://a0.muscache.com/im/pictures/hosting/Hosting-1763603923538269028/original/30c7f843-50a7-4589-ae9e-c356ff15dfe8.jpeg,47000150,https://www.airbnb.com.vn/users/show/47000150,Minh,2020-07-27,"Thành phố Hồ Chí Minh, Việt Nam","Xin chào, tôi là Minh, đã có 6 năm kinh nghiệm làm host. Tôi yêu thích du lịch và luôn mong muốn đem lại trải nghiệm lưu trú thoải mái nhất cho khách.",trong vòng một giờ,100%,98%,t,https://a0.muscache.com/im/pictures/user/User-47000150/original/user_profile_0.jpeg,https://a0.muscache.com/im/pictures/user/User-47000150/original/user_profile_0.jpeg,Quận Phú Nhuận,4,8,"['email', 'phone', 'work_email']",t,t,Quận Phú Nhuận,Quận Phú Nhuận,Thành phố Hồ Chí Minh,10.7823,106.6732,Toàn bộ nhà,Entire home/apt,6,3.0,3 phòng tắm,2,3,"[""Máy báo khói"", ""TV màn hình phẳng"", ""Tự nhận phòng với hộp khóa an toàn"", ""Máy giặt"", ""Ban công ngắm cảnh"", ""Tủ lạnh"", ""Bếp đầy đủ tiện nghi"", ""Wi-fi tốc độ cao"", ""Chỗ đỗ xe miễn phí trong khuôn viên"", ""Bể bơi"", ""Bồn tắm thư giãn"", ""Bàn ủi / Bàn là"", ""Không gian riêng để làm việc"", ""Máy phát hiện khí CO"", ""Máy sấy tóc"", ""Bộ chăn ga gối cao cấp"", ""Thang máy"", ""Điều hòa nhiệt độ"", ""Lò vi sóng""]","₫2,081,600",1,1125,1,2,1125,1125,1.0,1125.0,today,t,21,44,79,246,2026-09-26,146,17,6,2023-06-14,2026-09-10,4.85,4.83,4.85,5.0,5.0,4.77,4.83,,t,2,2,0,0,3.6,"[""https://a0.muscache.com/im/pictures/hosting/Hosting-1763603923538269028/original/30c7f843-50a7-4589-ae9e-c356ff15dfe8.jpeg"", ""https://a0.muscache.com/im/pictures/hosting/Hosting-1763603923538269028/original/db7b9a52-2551-4489-9e4d-fc63bdd84040.png"", ""https://a0.muscache.com/im/pictures/hosting/Hosting-1763603923538269028/original/62241596-71d5-4671-87b4-30b0fc471b97.png"", ""https://a0.muscache.com/im/pictures/hosting/Hosting-1763603923538269028/original/98bc5f71-32c3-4bde-a8f2-f66435ff6c0f.png"", ""https://a0.muscache.com/im/pictures/hosting/Hosting-1763603923538269028/original/cc9999eb-91e0-4f00-9c07-5856724e906f.png"", ""https://a0.muscache.com/im/pictures/hosting/Hosting-1763603923538269028/original/d6e2d21a-309e-492e-8c8c-81ce3707a04c.png"", ""https://a0.muscache.com/im/pictures/hosting/Hosting-1763603923538269028/original/c207dbf5-7170-4715-8909-c933a55e26ab.png"", ""https://a0.muscache.com/im/pictures/hosting/Hosting-1763603923538269028/original/b4769d3a-0e76-4ec8-9e53-a6616a88c451.png"", ""https://a0.muscache.com/im/pictures/hosting/Hosting-1763603923538269028/original/2a0a5bd2-d347-4851-b46c-f84fdcd42c59.png"", ""https://a0.muscache.com/im/pictures/hosting/Hosting-1763603923538269028/original/979335f2-8b25-40bc-98f9-c0d3a383f192.jpeg"", ""https://a0.muscache.com/im/pictures/hosting/Hosting-1763603923538269028/original/5055dafb-f026-439e-835a-f1befea1b1f5.jpeg"", ""https://a0.muscache.com/im/pictures/hosting/Hosting-1763603923538269028/original/6028456c-c1ce-4d7c-b453-18c4b9ff442e.png"", ""https://a0.muscache.com/im/pictures/hosting/Hosting-1763603923538269028/original/cb194a4a-7c71-46a1-8f3e-3752c29ac6c7.png"", ""https://a0.muscache.com/im/pictures/hosting/Hosting-1763603923538269028/original/02ce8d1c-7d23-42a9-9a59-bfea8959d191.jpeg"", ""https://a0.muscache.com/im/pictures/hosting/Hosting-1763603923538269028/original/165d1a1a-5469-43cf-8518-6e682b0045ea.png"", ""https://a0.muscache.com/im/pictures/hosting/Hosting-1763603923538269028/original/f0cf90b4-d38e-49be-8e70-f9f5055a28a8.jpeg"", ""https://a0.muscache.com/im/pictures/hosting/Hosting-1763603923538269028/original/c621479b-6c7d-4585-84a1-8a73aac9f9cb.jpeg"", ""https://a0.muscache.com/im/pictures/hosting/Hosting-1763603923538269028/original/8d3550dd-131e-4e43-aac3-7a884c6efaf0.png"", ""https://a0.muscache.com/im/pictures/hosting/Hosting-1763603923538269028/original/2b0c4a9c-6ad0-4301-92e1-5584f256f866.png"", ""https://a0.muscache.com/im/pictures/hosting/Hosting-1763603923538269028/original/13686e18-152e-4c28-a924-ab34a1d52f4c.jpeg"", ""https://a0.muscache.com/im/pictures/hosting/Hosting-1763603923538269028/original/85101b84-4ea8-4f70-94ad-59fc3a5fe1dd.png"", ""https://a0.muscache.com/im/pictures/hosting/Hosting-1763603923538269028/original/e1d31d43-fac8-4ad1-b145-f118d978e1ee.png"", ""https://a0.muscache.com/im/pictures/hosting/Hosting-1763603923538269028/original/27c50dcb-c502-4338-b14b-15706e8a8f23.jpeg"", ""https://a0.muscache.com/im/pictures/hosting/Hosting-1763603923538269028/original/ad1a8bf7-03c4-43dc-8054-9d86661d9bcd.jpeg"", ""https://a0.muscache.com/im/pictures/hosting/Hosting-1763603923538269028/original/397dc5c3-ee53-41a9-8a74-dbcf53dfaac3.png"", ""https://a0.muscache.com/im/pictures/hosting/Hosting-1763603923538269028/original/e578d7ae-6d56-495b-abe8-606b863cdf25.png"", ""https://a0.muscache.com/im/pictures/hosting/Hosting-1763603923538269028/original/7d7bf3f0-ea90-4181-806a-b74c05761523.jpeg""]",f,"[{""name"": ""Cindy"", ""avatar"": ""https://a0.muscache.com/im/pictures/user/avatar_cindy.jpg""}, {""name"": ""Rùa"", ""avatar"": ""https://a0.muscache.com/im/pictures/user/avatar_rua.jpg""}, {""name"": ""Long"", ""avatar"": ""https://a0.muscache.com/im/pictures/user/avatar_long.jpg""}]","[{""name"": ""DECOR"", ""localizedName"": ""Trang trí"", ""count"": 4}, {""name"": ""INTERIOR"", ""localizedName"": ""Không gian bên trong"", ""count"": 22}, {""name"": ""CLEANLINESS"", ""localizedName"": ""Mức độ sạch sẽ"", ""count"": 3}, {""name"": ""LOCATION"", ""localizedName"": ""Địa điểm"", ""count"": 6}, {""name"": ""HOSPITALITY"", ""localizedName"": ""Hiếu khách"", ""count"": 13}]","[{""title"": ""Trải nghiệm nhận phòng xuất sắc"", ""subtitle"": ""Những khách ở gần đây đã xếp hạng 5 sao cho quy trình nhận phòng.""}, {""title"": ""Tự nhận phòng"", ""subtitle"": ""Tự nhận phòng với hộp khóa an toàn.""}]"
1113607944502816049,https://www.airbnb.com.vn/rooms/1113607944502816049,20260926000000,2026-09-26,city search,l 203 Fox Living l Studio rộng rãi với ban công yên tĩnh,"Chào mừng bạn đến với l 203 Fox Living l Studio rộng rãi với ban công yên tĩnh — một không gian lưu trú ấm cúng, sang trọng tọa lạc tại Thành phố Thủ Đức, Thành phố Hồ Chí Minh.
Căn phòng tràn ngập ánh sáng tự nhiên với đầy đủ tiện nghi cao cấp, giường nệm êm ái, máy lạnh, TV và wifi tốc độ cao. Rất thuận tiện di chuyển tới các điểm tham quan, nhà hàng ẩm thực và quán cà phê nổi tiếng của Thành phố Hồ Chí Minh.","Khu vực Thành phố Thủ Đức an ninh, văn minh, gần nhiều địa điểm ăn uống, mua sắm và giải trí sầm uất tại Thành phố Hồ Chí Minh.",https://a0.muscache.com/im/pictures/hosting/Hosting-1113607944502816049/original/67822ad9-e031-47de-925b-8df7281fb080.jpeg,47000151,https://www.airbnb.com.vn/users/show/47000151,Anh,2021-05-10,"Thành phố Hồ Chí Minh, Việt Nam","Xin chào, tôi là Anh, đã có 5 năm kinh nghiệm làm host. Tôi yêu thích du lịch và luôn mong muốn đem lại trải nghiệm lưu trú thoải mái nhất cho khách.",trong vòng một giờ,100%,98%,f,https://a0.muscache.com/im/pictures/user/User-47000151/original/user_profile_1.jpeg,https://a0.muscache.com/im/pictures/user/User-47000151/original/user_profile_1.jpeg,Thành phố Thủ Đức,5,8,"['email', 'phone', 'work_email']",t,t,Thành phố Thủ Đức,Thành phố Thủ Đức,Thành phố Hồ Chí Minh,10.79439,106.71648,Toàn bộ căn hộ cho thuê,Entire home/apt,2,1.0,1 phòng tắm,1,1,"[""Máy phát hiện khí CO"", ""Dầu gội & Sữa tắm"", ""Chỗ đỗ xe miễn phí trong khuôn viên"", ""Bể bơi"", ""Thang máy"", ""Không gian riêng để làm việc"", ""Bồn tắm thư giãn"", ""Điều hòa nhiệt độ"", ""TV màn hình phẳng"", ""Máy giặt"", ""Wi-fi tốc độ cao"", ""Máy sấy tóc"", ""Bếp đầy đủ tiện nghi"", ""Tủ lạnh"", ""Lò vi sóng"", ""Tự nhận phòng với hộp khóa an toàn""]","₫744,989",1,1125,1,2,1125,1125,1.0,1125.0,today,t,23,50,57,306,2026-09-26,70,6,5,2023-11-11,2026-09-14,4.99,4.8,4.97,5.0,5.0,4.93,4.84,,f,2,2,0,0,1.41,"[""https://a0.muscache.com/im/pictures/hosting/Hosting-1113607944502816049/original/67822ad9-e031-47de-925b-8df7281fb080.jpeg"", ""https://a0.muscache.com/im/pictures/hosting/Hosting-1113607944502816049/original/9bb052f8-cbbb-4474-b2d2-7561b39c646f.jpeg"", ""https://a0.muscache.com/im/pictures/hosting/Hosting-1113607944502816049/original/ee4c5519-c2f6-414c-87a9-7a3b627acfca.jpeg"", ""https://a0.muscache.com/im/pictures/hosting/Hosting-1113607944502816049/original/86c9b86a-7fe4-41f3-b16f-274854a6e040.jpeg"", ""https://a0.muscache.com/im/pictures/hosting/Hosting-1113607944502816049/original/9461d481-67fe-4371-8f46-d304137b3e87.jpeg"", ""https://a0.muscache.com/im/pictures/hosting/Hosting-1113607944502816049/original/92f0786a-5e8f-4deb-a3d8-49117b94b53c.jpeg"", ""https://a0.muscache.com/im/pictures/hosting/Hosting-1113607944502816049/original/61aea639-7072-441b-8b08-f44d9caae6ce.jpeg"", ""https://a0.muscache.com/im/pictures/hosting/Hosting-1113607944502816049/original/1fad393c-4fc4-4f64-8cdc-300801b3c46c.jpeg"", ""https://a0.muscache.com/im/pictures/hosting/Hosting-1113607944502816049/original/6e84aab4-24ac-4c3c-a6e1-d0311a9bfc94.jpeg"", ""https://a0.muscache.com/im/pictures/hosting/Hosting-1113607944502816049/original/0c066297-e277-4d98-a802-d800527ce0a6.png"", ""https://a0.muscache.com/im/pictures/hosting/Hosting-1113607944502816049/original/060f389d-a23a-43b1-b5f9-c1abc0a3eed6.jpeg"", ""https://a0.muscache.com/im/pictures/a54e3d72-1bd8-40f5-8cd1-3ca8d92f99b0.jpg"", ""https://a0.muscache.com/im/pictures/hosting/Hosting-1113607944502816049/original/74d1311c-f4c6-4575-94ee-a1fef164fd0a.png"", ""https://a0.muscache.com/im/pictures/hosting/Hosting-1113607944502816049/original/52c567e9-f07b-46de-84c0-cce848e5db9e.jpeg"", ""https://a0.muscache.com/im/pictures/hosting/Hosting-1113607944502816049/original/66481dca-49d3-4372-89f1-20a97a9b10b8.jpeg"", ""https://a0.muscache.com/im/pictures/d03be82e-8085-4846-8c4a-1904cfbe9564.jpg"", ""https://a0.muscache.com/im/pictures/hosting/Hosting-1113607944502816049/original/556de059-e826-49d3-888d-35be401e2cfb.png"", ""https://a0.muscache.com/im/pictures/hosting/Hosting-1113607944502816049/original/fcef5ae7-60ed-41bd-a302-b6a9a70979e6.png"", ""https://a0.muscache.com/im/pictures/hosting/Hosting-1113607944502816049/original/1ce72b90-ed41-4d12-8368-b4439981d238.png"", ""https://a0.muscache.com/im/pictures/hosting/Hosting-1113607944502816049/original/f1ed79a0-97c1-40bb-9849-63b68b4a5ea3.png"", ""https://a0.muscache.com/im/pictures/hosting/Hosting-1113607944502816049/original/203c62b2-c50a-463b-b044-f16e38164757.png"", ""https://a0.muscache.com/im/pictures/hosting/Hosting-1113607944502816049/original/8c024d1d-348c-489e-aee2-a9519217157d.png"", ""https://a0.muscache.com/im/pictures/hosting/Hosting-1113607944502816049/original/98674d7e-3dab-4a3f-bf6e-d08ea6c81bd7.png""]",t,"[{""name"": ""Rùa"", ""avatar"": ""https://a0.muscache.com/im/pictures/user/avatar_rua.jpg""}]","[{""name"": ""DECOR"", ""localizedName"": ""Trang trí"", ""count"": 2}, {""name"": ""INTERIOR"", ""localizedName"": ""Không gian bên trong"", ""count"": 8}, {""name"": ""CLEANLINESS"", ""localizedName"": ""Mức độ sạch sẽ"", ""count"": 11}, {""name"": ""LOCATION"", ""localizedName"": ""Địa điểm"", ""count"": 19}, {""name"": ""HOSPITALITY"", ""localizedName"": ""Hiếu khách"", ""count"": 10}]","[{""title"": ""Trải nghiệm nhận phòng xuất sắc"", ""subtitle"": ""Những khách ở gần đây đã xếp hạng 5 sao cho quy trình nhận phòng.""}, {""title"": ""Tự nhận phòng"", ""subtitle"": ""Tự nhận phòng với hộp khóa an toàn.""}]"
1712290860186161696,https://www.airbnb.com.vn/rooms/1712290860186161696,20260926000000,2026-09-26,city search,La Ume - Không gian nghỉ dưỡng gần sân bay,"Chào mừng bạn đến với La Ume - Không gian nghỉ dưỡng gần sân bay — một không gian lưu trú ấm cúng, sang trọng tọa lạc tại Quận Tân Bình, Thành phố Hồ Chí Minh.
Căn phòng tràn ngập ánh sáng tự nhiên với đầy đủ tiện nghi cao cấp, giường nệm êm ái, máy lạnh, TV và wifi tốc độ cao. Rất thuận tiện di chuyển tới các điểm tham quan, nhà hàng ẩm thực và quán cà phê nổi tiếng của Thành phố Hồ Chí Minh.","Khu vực Quận Tân Bình an ninh, văn minh, gần nhiều địa điểm ăn uống, mua sắm và giải trí sầm uất tại Thành phố Hồ Chí Minh.",https://a0.muscache.com/im/pictures/hosting/Hosting-1712290860186161696/original/b4bb0109-fbd1-42a4-93e3-65cd192a9298.jpeg,47000152,https://www.airbnb.com.vn/users/show/47000152,Linh,2025-05-31,"Thành phố Hồ Chí Minh, Việt Nam","Xin chào, tôi là Linh, đã có 1 năm kinh nghiệm làm host. Tôi yêu thích du lịch và luôn mong muốn đem lại trải nghiệm lưu trú thoải mái nhất cho khách.",trong vòng một giờ,100%,98%,t,https://a0.muscache.com/im/pictures/user/User-47000152/original/user_profile_2.jpeg,https://a0.muscache.com/im/pictures/user/User-47000152/original/user_profile_2.jpeg,Quận Tân Bình,4,3,"['email', 'phone', 'work_email']",t,t,Quận Tân Bình,Quận Tân Bình,Thành phố Hồ Chí Minh,10.817,106.6751,Phòng riêng trong nhà,Private room,2,1.0,1 phòng tắm,1,1,"[""Bể bơi"", ""Bồn tắm thư giãn"", ""Không gian riêng để làm việc"", ""Lò vi sóng"", ""Điều hòa nhiệt độ"", ""Bếp đầy đủ tiện nghi"", ""Máy phát hiện khí CO"", ""Wi-fi tốc độ cao"", ""TV màn hình phẳng"", ""Ban công ngắm cảnh"", ""Bộ chăn ga gối cao cấp"", ""Thang máy"", ""Tủ lạnh"", ""Dầu gội & Sữa tắm"", ""Máy sấy tóc"", ""Bàn ủi / Bàn là"", ""Máy giặt"", ""Máy báo khói"", ""Chỗ đỗ xe miễn phí trong khuôn viên"", ""Tự nhận phòng với hộp khóa an toàn""]","₫614,000",1,1125,1,2,1125,1125,1.0,1125.0,today,t,21,47,71,330,2026-09-26,3,2,1,2026-08-12,2026-09-02,5.0,4.98,4.84,5.0,5.0,4.98,4.83,,t,2,0,1,0,2.33,"[""https://a0.muscache.com/im/pictures/hosting/Hosting-1712290860186161696/original/b4bb0109-fbd1-42a4-93e3-65cd192a9298.jpeg"", ""https://a0.muscache.com/im/pictures/hosting/Hosting-1712290860186161696/original/3c99c16b-e972-46d5-a2d7-b6098ee72c16.jpeg"", ""https://a0.muscache.com/im/pictures/hosting/Hosting-1712290860186161696/original/99f05f34-fa28-49f8-829a-8c1bd53d6045.jpeg"", ""https://a0.muscache.com/im/pictures/hosting/Hosting-1712290860186161696/original/89a0b2d0-57ac-4e9a-a5af-a99031cd9fda.jpeg"", ""https://a0.muscache.com/im/pictures/hosting/Hosting-1712290860186161696/original/97a58c85-dc13-4082-b55a-2c3f0b8fb4e1.jpeg"", ""https://a0.muscache.com/im/pictures/hosting/Hosting-1712290860186161696/original/edafa7cb-1856-4f13-b66d-9d1c414763ed.jpeg""]",f,"[{""name"": ""Long"", ""avatar"": ""https://a0.muscache.com/im/pictures/user/avatar_long.jpg""}, {""name"": ""Dang Nguyen"", ""avatar"": ""https://a0.muscache.com/im/pictures/user/avatar_dang.jpg""}, {""name"": ""Rùa"", ""avatar"": ""https://a0.muscache.com/im/pictures/user/avatar_rua.jpg""}]","[{""name"": ""DECOR"", ""localizedName"": ""Trang trí"", ""count"": 13}, {""name"": ""INTERIOR"", ""localizedName"": ""Không gian bên trong"", ""count"": 19}, {""name"": ""CLEANLINESS"", ""localizedName"": ""Mức độ sạch sẽ"", ""count"": 19}, {""name"": ""LOCATION"", ""localizedName"": ""Địa điểm"", ""count"": 11}, {""name"": ""HOSPITALITY"", ""localizedName"": ""Hiếu khách"", ""count"": 5}]","[{""title"": ""Trải nghiệm nhận phòng xuất sắc"", ""subtitle"": ""Những khách ở gần đây đã xếp hạng 5 sao cho quy trình nhận phòng.""}, {""title"": ""Tự nhận phòng"", ""subtitle"": ""Tự nhận phòng với hộp khóa an toàn.""}]"
744595478512900540,https://www.airbnb.com.vn/rooms/744595478512900540,20260926000000,2026-09-26,city search,"(Ấm cúng) L103@Ấm áp, phòng tắm riêng, Quận 1, Thang máy","Chào mừng bạn đến với (Ấm cúng) L103@Ấm áp, phòng tắm riêng, Quận 1, Thang máy — một không gian lưu trú ấm cúng, sang trọng tọa lạc tại Quận 1, Thành phố Hồ Chí Minh.
Căn phòng tràn ngập ánh sáng tự nhiên với đầy đủ tiện nghi cao cấp, giường nệm êm ái, máy lạnh, TV và wifi tốc độ cao. Rất thuận tiện di chuyển tới các điểm tham quan, nhà hàng ẩm thực và quán cà phê nổi tiếng của Thành phố Hồ Chí Minh.","Khu vực Quận 1 an ninh, văn minh, gần nhiều địa điểm ăn uống, mua sắm và giải trí sầm uất tại Thành phố Hồ Chí Minh.",https://a0.muscache.com/im/pictures/miso/Hosting-744595478512900540/original/4dbd1d27-3673-41ab-a396-2827f19760cc.jpeg,47000153,https://www.airbnb.com.vn/users/show/47000153,Hương,2021-02-28,"Thành phố Hồ Chí Minh, Việt Nam","Xin chào, tôi là Hương, đã có 5 năm kinh nghiệm làm host. Tôi yêu thích du lịch và luôn mong muốn đem lại trải nghiệm lưu trú thoải mái nhất cho khách.",trong vòng một giờ,100%,98%,f,https://a0.muscache.com/im/pictures/user/User-47000153/original/user_profile_3.jpeg,https://a0.muscache.com/im/pictures/user/User-47000153/original/user_profile_3.jpeg,Quận 1,1,6,"['email', 'phone', 'work_email']",t,t,Quận 1,Quận 1,Thành phố Hồ Chí Minh,10.7595,106.6922,Phòng riêng trong nhà,Private room,2,1.0,1 phòng tắm,1,1,"[""Wi-fi tốc độ cao"", ""Tự nhận phòng với hộp khóa an toàn"", ""Lò vi sóng"", ""Tủ lạnh"", ""Máy phát hiện khí CO"", ""Máy giặt"", ""Máy báo khói"", ""Bể bơi"", ""Thang máy"", ""Máy sấy tóc"", ""Chỗ đỗ xe miễn phí trong khuôn viên"", ""Bàn ủi / Bàn là"", ""Bồn tắm thư giãn"", ""Không gian riêng để làm việc"", ""Bếp đầy đủ tiện nghi"", ""Điều hòa nhiệt độ"", ""TV màn hình phẳng"", ""Ban công ngắm cảnh"", ""Dầu gội & Sữa tắm""]","₫471,178",1,1125,1,2,1125,1125,1.0,1125.0,today,t,17,44,69,337,2026-09-26,102,8,4,2023-06-14,2026-09-17,4.8,4.99,4.89,5.0,5.0,4.76,4.75,,f,2,0,1,0,1.62,"[""https://a0.muscache.com/im/pictures/miso/Hosting-744595478512900540/original/4dbd1d27-3673-41ab-a396-2827f19760cc.jpeg"", ""https://a0.muscache.com/im/pictures/miso/Hosting-744595478512900540/original/f81e2a4d-8c61-4a0d-b86c-eeb53e74fc6b.jpeg"", ""https://a0.muscache.com/im/pictures/miso/Hosting-744595478512900540/original/044d2b11-b202-40b4-817e-be65bd158f67.jpeg"", ""https://a0.muscache.com/im/pictures/miso/Hosting-744595478512900540/original/7ba13a02-17c9-45b8-a0c8-3b6e8c17b733.jpeg"", ""https://a0.muscache.com/im/pictures/miso/Hosting-744595478512900540/original/42564a57-9842-48c2-ae13-f6b63e365256.jpeg"", ""https://a0.muscache.com/im/pictures/miso/Hosting-744595478512900540/original/29e1590b-ba8b-4628-b6e5-b8cdaf5431f0.jpeg""]",t,"[{""name"": ""Rùa"", ""avatar"": ""https://a0.muscache.com/im/pictures/user/avatar_rua.jpg""}, {""name"": ""Long"", ""avatar"": ""https://a0.muscache.com/im/pictures/user/avatar_long.jpg""}]","[{""name"": ""DECOR"", ""localizedName"": ""Trang trí"", ""count"": 7}, {""name"": ""INTERIOR"", ""localizedName"": ""Không gian bên trong"", ""count"": 21}, {""name"": ""CLEANLINESS"", ""localizedName"": ""Mức độ sạch sẽ"", ""count"": 11}, {""name"": ""LOCATION"", ""localizedName"": ""Địa điểm"", ""count"": 19}, {""name"": ""HOSPITALITY"", ""localizedName"": ""Hiếu khách"", ""count"": 10}]","[{""title"": ""Trải nghiệm nhận phòng xuất sắc"", ""subtitle"": ""Những khách ở gần đây đã xếp hạng 5 sao cho quy trình nhận phòng.""}, {""title"": ""Tự nhận phòng"", ""subtitle"": ""Tự nhận phòng với hộp khóa an toàn.""}]"
1399223933112761284,https://www.airbnb.com.vn/rooms/1399223933112761284,20260926000000,2026-09-26,city search,(Riverside 403A) Studio nhỏ gọn và yên tĩnh,"Chào mừng bạn đến với (Riverside 403A) Studio nhỏ gọn và yên tĩnh — một không gian lưu trú ấm cúng, sang trọng tọa lạc tại Quận 3, Thành phố Hồ Chí Minh.
Căn phòng tràn ngập ánh sáng tự nhiên với đầy đủ tiện nghi cao cấp, giường nệm êm ái, máy lạnh, TV và wifi tốc độ cao. Rất thuận tiện di chuyển tới các điểm tham quan, nhà hàng ẩm thực và quán cà phê nổi tiếng của Thành phố Hồ Chí Minh.","Khu vực Quận 3 an ninh, văn minh, gần nhiều địa điểm ăn uống, mua sắm và giải trí sầm uất tại Thành phố Hồ Chí Minh.",https://a0.muscache.com/im/pictures/hosting/Hosting-1399223933112761284/original/182fb132-782e-4ffd-a8c0-d63e40412a21.jpeg,47000154,https://www.airbnb.com.vn/users/show/47000154,Phương,2022-02-04,"Thành phố Hồ Chí Minh, Việt Nam","Xin chào, tôi là Phương, đã có 4 năm kinh nghiệm làm host. Tôi yêu thích du lịch và luôn mong muốn đem lại trải nghiệm lưu trú thoải mái nhất cho khách.",trong vòng một giờ,100%,98%,t,https://a0.muscache.com/im/pictures/user/User-47000154/original/user_profile_4.jpeg,https://a0.muscache.com/im/pictures/user/User-47000154/original/user_profile_4.jpeg,Quận 3,6,8,"['email', 'phone', 'work_email']",t,t,Quận 3,Quận 3,Thành phố Hồ Chí Minh,10.775479624353377,106.7545281458849,Toàn bộ căn hộ cho thuê,Entire home/apt,2,1.0,1 phòng tắm,1,1,"[""Chỗ đỗ xe miễn phí trong khuôn viên"", ""Điều hòa nhiệt độ"", ""Máy phát hiện khí CO"", ""Tủ lạnh"", ""Bồn tắm thư giãn"", ""Không gian riêng để làm việc"", ""Máy sấy tóc"", ""Máy báo khói"", ""Bộ chăn ga gối cao cấp"", ""Wi-fi tốc độ cao"", ""Thang máy"", ""Tự nhận phòng với hộp khóa an toàn"", ""Ban công ngắm cảnh"", ""Máy giặt"", ""Lò vi sóng"", ""Bếp đầy đủ tiện nghi"", ""Bàn ủi / Bàn là"", ""Dầu gội & Sữa tắm"", ""TV màn hình phẳng"", ""Bể bơi""]","₫417,343",1,1125,1,2,1125,1125,1.0,1125.0,today,t,25,49,62,245,2026-09-26,50,9,5,2024-09-06,2026-09-10,4.94,4.96,4.99,5.0,5.0,4.95,4.9,,t,2,2,0,0,4.07,"[""https://a0.muscache.com/im/pictures/hosting/Hosting-1399223933112761284/original/182fb132-782e-4ffd-a8c0-d63e40412a21.jpeg"", ""https://a0.muscache.com/im/pictures/hosting/Hosting-1399223933112761284/original/10a1fe1f-7604-437a-bcb6-1e8bcd36eb22.jpeg"", ""https://a0.muscache.com/im/pictures/hosting/Hosting-1399223933112761284/original/1dd03146-a3ce-4d4c-96db-a45ae6793bb7.jpeg"", ""https://a0.muscache.com/im/pictures/hosting/Hosting-1399223933112761284/original/cd3848e5-15ca-448e-92ac-36fc3155c70f.jpeg"", ""https://a0.muscache.com/im/pictures/hosting/Hosting-1399223933112761284/original/57b8c688-97be-404a-a266-fa30f90259e3.jpeg"", ""https://a0.muscache.com/im/pictures/hosting/Hosting-1399223933112761284/original/eece1f9c-f771-48de-90ad-675f4ce5349e.jpeg"", ""https://a0.muscache.com/im/pictures/hosting/Hosting-1399223933112761284/original/5cf377dc-d4dd-44fe-8e74-3614b5a2188b.jpeg"", ""https://a0.muscache.com/im/pictures/hosting/Hosting-1399223933112761284/original/4802cc51-f050-41ee-8f60-65189262c0c1.jpeg"", ""https://a0.muscache.com/im/pictures/hosting/Hosting-1399223933112761284/original/38974ff3-ba94-445f-bf5c-d90d32d39d7a.jpeg"", ""https://a0.muscache.com/im/pictures/hosting/Hosting-1399223933112761284/original/36733b57-050d-49ed-b038-a9e643c417f6.jpeg"", ""https://a0.muscache.com/im/pictures/hosting/Hosting-1399223933112761284/original/efed77d3-81ce-4500-9452-0be77be58019.jpeg"", ""https://a0.muscache.com/im/pictures/hosting/Hosting-1399218545371489351/original/b290f154-b585-4d4d-a43b-09eb78c3a736.jpeg"", ""https://a0.muscache.com/im/pictures/hosting/Hosting-1399218545371489351/original/80d850bc-bdc2-41f8-974a-9acb69364dd8.jpeg"", ""https://a0.muscache.com/im/pictures/hosting/Hosting-1399218545371489351/original/7bed7756-47d0-44b5-801e-6e845d2240e3.jpeg"", ""https://a0.muscache.com/im/pictures/hosting/Hosting-1399218545371489351/original/1d5c54db-8c2d-4295-a453-2d2e8aa1ed37.jpeg"", ""https://a0.muscache.com/im/pictures/hosting/Hosting-1399223933112761284/original/3ce08353-96a5-4f69-8058-8b111e327c1d.jpeg"", ""https://a0.muscache.com/im/pictures/hosting/Hosting-1399223933112761284/original/a144f9dd-48ba-4ffb-83c3-fbda6d8a7302.jpeg"", ""https://a0.muscache.com/im/pictures/hosting/Hosting-1399223933112761284/original/76f793ec-73c7-44b2-a3a1-63c31e556d46.jpeg"", ""https://a0.muscache.com/im/pictures/hosting/Hosting-1399223933112761284/original/a78789a0-772f-4938-83d7-0b76e5c76785.jpeg"", ""https://a0.muscache.com/im/pictures/hosting/Hosting-1399223933112761284/original/13aadf9e-a5ff-4b47-9608-1c0222bb190d.jpeg"", ""https://a0.muscache.com/im/pictures/hosting/Hosting-1399223933112761284/original/47202fdc-0916-4c2d-9821-9eafb7a927fc.jpeg""]",t,"[{""name"": ""Dang Nguyen"", ""avatar"": ""https://a0.muscache.com/im/pictures/user/avatar_dang.jpg""}, {""name"": ""Rùa"", ""avatar"": ""https://a0.muscache.com/im/pictures/user/avatar_rua.jpg""}, {""name"": ""Long"", ""avatar"": ""https://a0.muscache.com/im/pictures/user/avatar_long.jpg""}]","[{""name"": ""DECOR"", ""localizedName"": ""Trang trí"", ""count"": 6}, {""name"": ""INTERIOR"", ""localizedName"": ""Không gian bên trong"", ""count"": 10}, {""name"": ""CLEANLINESS"", ""localizedName"": ""Mức độ sạch sẽ"", ""count"": 16}, {""name"": ""LOCATION"", ""localizedName"": ""Địa điểm"", ""count"": 15}, {""name"": ""HOSPITALITY"", ""localizedName"": ""Hiếu khách"", ""count"": 13}]","[{""title"": ""Trải nghiệm nhận phòng xuất sắc"", ""subtitle"": ""Những khách ở gần đây đã xếp hạng 5 sao cho quy trình nhận phòng.""}, {""title"": ""Tự nhận phòng"", ""subtitle"": ""Tự nhận phòng với hộp khóa an toàn.""}]"
1721554416039540555,https://www.airbnb.com.vn/rooms/1721554416039540555,20260926000000,2026-09-26,city search,Q Local Homestay Vintage Bến Thành Bùi Viện Quận 1,"Chào mừng bạn đến với Q Local Homestay Vintage Bến Thành Bùi Viện Quận 1 — một không gian lưu trú ấm cúng, sang trọng tọa lạc tại Quận 1, Thành phố Hồ Chí Minh.
Căn phòng tràn ngập ánh sáng tự nhiên với đầy đủ tiện nghi cao cấp, giường nệm êm ái, máy lạnh, TV và wifi tốc độ cao. Rất thuận tiện di chuyển tới các điểm tham quan, nhà hàng ẩm thực và quán cà phê nổi tiếng của Thành phố Hồ Chí Minh.","Khu vực Quận 1 an ninh, văn minh, gần nhiều địa điểm ăn uống, mua sắm và giải trí sầm uất tại Thành phố Hồ Chí Minh.",https://a0.muscache.com/im/pictures/hosting/Hosting-1721554416039540555/original/dd8bef65-1410-444f-a175-ab42a565e27f.jpeg,47000155,https://www.airbnb.com.vn/users/show/47000155,Hà,2019-12-27,"Thành phố Hồ Chí Minh, Việt Nam","Xin chào, tôi là Hà, đã có 6 năm kinh nghiệm làm host. Tôi yêu thích du lịch và luôn mong muốn đem lại trải nghiệm lưu trú thoải mái nhất cho khách.",trong vòng một giờ,100%,98%,f,https://a0.muscache.com/im/pictures/user/User-47000155/original/user_profile_5.jpeg,https://a0.muscache.com/im/pictures/user/User-47000155/original/user_profile_5.jpeg,Quận 1,4,9,"['email', 'phone', 'work_email']",t,t,Quận 1,Quận 1,Thành phố Hồ Chí Minh,10.7734,106.696,Toàn bộ căn hộ cho thuê,Entire home/apt,2,1.0,1 phòng tắm,1,1,"[""Máy phát hiện khí CO"", ""Điều hòa nhiệt độ"", ""Tủ lạnh"", ""Bồn tắm thư giãn"", ""Bếp đầy đủ tiện nghi"", ""Không gian riêng để làm việc"", ""TV màn hình phẳng"", ""Lò vi sóng"", ""Thang máy"", ""Bàn ủi / Bàn là"", ""Máy giặt"", ""Máy báo khói"", ""Wi-fi tốc độ cao"", ""Ban công ngắm cảnh"", ""Bộ chăn ga gối cao cấp"", ""Máy sấy tóc"", ""Chỗ đỗ xe miễn phí trong khuôn viên"", ""Tự nhận phòng với hộp khóa an toàn"", ""Bể bơi""]","₫640,000",1,1125,1,2,1125,1125,1.0,1125.0,today,t,18,44,77,331,2026-09-26,7,6,1,2026-06-13,2026-09-12,5.0,4.8,4.94,5.0,5.0,4.93,4.76,,f,2,2,0,0,1.22,"[""https://a0.muscache.com/im/pictures/hosting/Hosting-1721554416039540555/original/dd8bef65-1410-444f-a175-ab42a565e27f.jpeg"", ""https://a0.muscache.com/im/pictures/hosting/Hosting-1721554416039540555/original/26924e40-8b60-480e-b724-d021f2e4e077.jpeg"", ""https://a0.muscache.com/im/pictures/hosting/Hosting-1721554416039540555/original/07f0a1d8-4e45-4a39-906e-1f468e1f8846.jpeg"", ""https://a0.muscache.com/im/pictures/hosting/Hosting-1721554416039540555/original/854c05fa-f75c-4f10-8625-5e78c56cb18c.jpeg"", ""https://a0.muscache.com/im/pictures/hosting/Hosting-1721554416039540555/original/7d35b5ee-04d8-4a21-bd92-5cceffcbfa0d.jpeg"", ""https://a0.muscache.com/im/pictures/hosting/Hosting-1721554416039540555/original/08dfff9d-7464-4dca-8999-5870b5796132.jpeg"", ""https://a0.muscache.com/im/pictures/hosting/Hosting-1721554416039540555/original/f99aaf44-e8e9-4cf5-9e32-6d5e518ad1c6.jpeg"", ""https://a0.muscache.com/im/pictures/hosting/Hosting-1721554416039540555/original/0bf4dc39-9143-4cb2-a618-ca9dbac1242b.jpeg"", ""https://a0.muscache.com/im/pictures/hosting/Hosting-1721554416039540555/original/6c9185aa-e33d-4723-806d-93b0ffdf0ecc.jpeg"", ""https://a0.muscache.com/im/pictures/hosting/Hosting-1721554416039540555/original/8eb920dc-b96c-40fe-bcca-4966c5d8f1f7.jpeg"", ""https://a0.muscache.com/im/pictures/hosting/Hosting-1721554416039540555/original/85f2655c-75b9-4aa7-af77-fc2ddf76319d.jpeg"", ""https://a0.muscache.com/im/pictures/hosting/Hosting-1721554416039540555/original/8fcb6a39-93c0-4eb7-b6af-5d11506caa97.jpeg"", ""https://a0.muscache.com/im/pictures/hosting/Hosting-1721554416039540555/original/658f2d29-6d18-42b8-8362-c518a71dafe0.jpeg"", ""https://a0.muscache.com/im/pictures/hosting/Hosting-1721554416039540555/original/2ac251cd-808e-433c-bf2a-f5ff126e9fbb.jpeg"", ""https://a0.muscache.com/im/pictures/hosting/Hosting-1721554416039540555/original/bff17147-5e7c-4c0b-bdef-ccb2ee088a7d.jpeg"", ""https://a0.muscache.com/im/pictures/hosting/Hosting-1721554416039540555/original/64294d67-9094-4046-b1d1-baecfa471902.jpeg"", ""https://a0.muscache.com/im/pictures/hosting/Hosting-1721554416039540555/original/f5967399-f0ad-4fd1-9301-bdf4ac978af1.jpeg"", ""https://a0.muscache.com/im/pictures/hosting/Hosting-1721554416039540555/original/ba3c662b-021c-4eee-a465-e4063447bee1.jpeg"", ""https://a0.muscache.com/im/pictures/hosting/Hosting-1721554416039540555/original/45684393-bbf0-4dac-81f3-6fd6b192a574.jpeg"", ""https://a0.muscache.com/im/pictures/hosting/Hosting-1721554416039540555/original/34c576b1-a740-4439-b3ce-d50c70ae2c11.jpeg"", ""https://a0.muscache.com/im/pictures/hosting/Hosting-1721554416039540555/original/09a30331-3bf8-4304-a41b-539862ecf6ef.jpeg"", ""https://a0.muscache.com/im/pictures/hosting/Hosting-1721554416039540555/original/1040744c-48aa-4f17-821e-9be93f54f520.png"", ""https://a0.muscache.com/im/pictures/hosting/Hosting-1721554416039540555/original/8b417802-2be0-47a5-bab9-9cb3ec5eb97f.jpeg"", ""https://a0.muscache.com/im/pictures/hosting/Hosting-1721554416039540555/original/ec51f96b-986d-4fba-8e2f-7bde4328e631.jpeg"", ""https://a0.muscache.com/im/pictures/hosting/Hosting-1721554416039540555/original/b5bb8039-42d5-4cbd-9f49-894b2219cd3e.jpeg"", ""https://a0.muscache.com/im/pictures/hosting/Hosting-1721554416039540555/original/64eac0d0-68f5-4542-8782-c2dc0f2d66a8.jpeg"", ""https://a0.muscache.com/im/pictures/hosting/Hosting-1721554416039540555/original/2daca13e-df8b-4be1-b83a-38a34df4544c.jpeg"", ""https://a0.muscache.com/im/pictures/hosting/Hosting-1721554416039540555/original/02773177-0f97-4d4f-82ad-db29d5b5a3f8.jpeg"", ""https://a0.muscache.com/im/pictures/hosting/Hosting-1721554416039540555/original/2b6a8baa-00b7-44ff-a390-9d9269f836b5.jpeg""]",t,"[{""name"": ""Rùa"", ""avatar"": ""https://a0.muscache.com/im/pictures/user/avatar_rua.jpg""}, {""name"": ""Dang Nguyen"", ""avatar"": ""https://a0.muscache.com/im/pictures/user/avatar_dang.jpg""}]","[{""name"": ""DECOR"", ""localizedName"": ""Trang trí"", ""count"": 2}, {""name"": ""INTERIOR"", ""localizedName"": ""Không gian bên trong"", ""count"": 8}, {""name"": ""CLEANLINESS"", ""localizedName"": ""Mức độ sạch sẽ"", ""count"": 25}, {""name"": ""LOCATION"", ""localizedName"": ""Địa điểm"", ""count"": 16}, {""name"": ""HOSPITALITY"", ""localizedName"": ""Hiếu khách"", ""count"": 8}]","[{""title"": ""Trải nghiệm nhận phòng xuất sắc"", ""subtitle"": ""Những khách ở gần đây đã xếp hạng 5 sao cho quy trình nhận phòng.""}, {""title"": ""Tự nhận phòng"", ""subtitle"": ""Tự nhận phòng với hộp khóa an toàn.""}]"
1749693456005638204,https://www.airbnb.com.vn/rooms/1749693456005638204,20260926000000,2026-09-26,city search,Căn hộ hiện đại 2 phòng ngủ Golden King tại Quận 7,"Chào mừng bạn đến với Căn hộ hiện đại 2 phòng ngủ Golden King tại Quận 7 — một không gian lưu trú ấm cúng, sang trọng tọa lạc tại Quận 7, Thành phố Hồ Chí Minh.
Căn phòng tràn ngập ánh sáng tự nhiên với đầy đủ tiện nghi cao cấp, giường nệm êm ái, máy lạnh, TV và wifi tốc độ cao. Rất thuận tiện di chuyển tới các điểm tham quan, nhà hàng ẩm thực và quán cà phê nổi tiếng của Thành phố Hồ Chí Minh.","Khu vực Quận 7 an ninh, văn minh, gần nhiều địa điểm ăn uống, mua sắm và giải trí sầm uất tại Thành phố Hồ Chí Minh.",https://a0.muscache.com/im/pictures/hosting/Hosting-1749693456005638204/original/558b0ca0-01c2-4df6-b268-af02d2161c6c.jpeg,47000156,https://www.airbnb.com.vn/users/show/47000156,Trang,2020-06-07,"Thành phố Hồ Chí Minh, Việt Nam","Xin chào, tôi là Trang, đã có 6 năm kinh nghiệm làm host. Tôi yêu thích du lịch và luôn mong muốn đem lại trải nghiệm lưu trú thoải mái nhất cho khách.",trong vòng một giờ,100%,98%,t,https://a0.muscache.com/im/pictures/user/User-47000156/original/user_profile_6.jpeg,https://a0.muscache.com/im/pictures/user/User-47000156/original/user_profile_6.jpeg,Quận 7,3,8,"['email', 'phone', 'work_email']",t,t,Quận 7,Quận 7,Thành phố Hồ Chí Minh,10.7264,106.7239,Toàn bộ căn hộ cho thuê,Entire home/apt,4,1.0,1 phòng tắm,1,2,"[""Wi-fi tốc độ cao"", ""Điều hòa nhiệt độ"", ""Ban công ngắm cảnh"", ""Máy phát hiện khí CO"", ""Lò vi sóng"", ""Bếp đầy đủ tiện nghi"", ""Bàn ủi / Bàn là"", ""TV màn hình phẳng"", ""Thang máy"", ""Tự nhận phòng với hộp khóa an toàn"", ""Chỗ đỗ xe miễn phí trong khuôn viên"", ""Dầu gội & Sữa tắm"", ""Bể bơi"", ""Không gian riêng để làm việc"", ""Máy sấy tóc"", ""Máy báo khói"", ""Máy giặt"", ""Bộ chăn ga gối cao cấp""]","₫903,290",1,1125,1,2,1125,1125,1.0,1125.0,today,t,24,55,74,246,2026-09-26,5,1,2,2026-07-13,2026-09-22,4.8,4.85,4.87,5.0,5.0,4.75,4.73,,t,2,2,0,0,4.69,"[""https://a0.muscache.com/im/pictures/hosting/Hosting-1749693456005638204/original/558b0ca0-01c2-4df6-b268-af02d2161c6c.jpeg"", ""https://a0.muscache.com/im/pictures/hosting/Hosting-1749693456005638204/original/b94d1a8a-71b8-4493-9a83-a92acd213f61.jpeg"", ""https://a0.muscache.com/im/pictures/hosting/Hosting-1749693456005638204/original/e2ea54b0-2b64-4b02-afcc-28b12fa59bc3.jpeg"", ""https://a0.muscache.com/im/pictures/hosting/Hosting-1749693456005638204/original/36976fea-9ea6-4c94-853b-904ea1255ea4.jpeg"", ""https://a0.muscache.com/im/pictures/hosting/Hosting-1749693456005638204/original/c0fd95a0-0bb8-4439-b5fa-117a80c5ab42.jpeg"", ""https://a0.muscache.com/im/pictures/hosting/Hosting-1749693456005638204/original/296f3567-52db-4cac-90e1-8c4584a5e879.jpeg"", ""https://a0.muscache.com/im/pictures/hosting/Hosting-1749693456005638204/original/fa728eed-96f6-469e-a19e-4aa351f5fcc4.jpeg"", ""https://a0.muscache.com/im/pictures/hosting/Hosting-1749693456005638204/original/f22e3651-624a-4009-be4d-820feaf2312a.jpeg"", ""https://a0.muscache.com/im/pictures/hosting/Hosting-1749693456005638204/original/3d83240a-679a-4ec6-bcc5-391631e9cdca.jpeg"", ""https://a0.muscache.com/im/pictures/hosting/Hosting-1749693456005638204/original/0b46ccd4-3776-42fb-9b15-911702858df4.jpeg"", ""https://a0.muscache.com/im/pictures/hosting/Hosting-1749693456005638204/original/7283cde9-758b-481c-adf0-59504e7b45f8.jpeg"", ""https://a0.muscache.com/im/pictures/hosting/Hosting-1749693456005638204/original/0eda46b4-5b94-464b-b9f8-85c679fb5136.jpeg"", ""https://a0.muscache.com/im/pictures/hosting/Hosting-1749693456005638204/original/568e6f5b-7768-47a1-a8b4-ba6d57642aff.jpeg"", ""https://a0.muscache.com/im/pictures/hosting/Hosting-1749693456005638204/original/33699a31-0f9e-49c5-92ed-e31e5449e3a1.jpeg"", ""https://a0.muscache.com/im/pictures/hosting/Hosting-1749693456005638204/original/82c6ad5a-36e4-4f3b-aaa4-e00bac6a7ee5.jpeg"", ""https://a0.muscache.com/im/pictures/hosting/Hosting-1749693456005638204/original/847a2b50-063c-497a-8feb-1fa2c5e58a4e.jpeg"", ""https://a0.muscache.com/im/pictures/hosting/Hosting-1749693456005638204/original/a88c76bd-aa4a-4946-bb8f-2918b4462c15.jpeg"", ""https://a0.muscache.com/im/pictures/hosting/Hosting-1749693456005638204/original/7d2b358b-1289-4e73-b114-367fa858523a.jpeg"", ""https://a0.muscache.com/im/pictures/hosting/Hosting-1749693456005638204/original/3d07b48c-93da-41a0-892d-633ba991de5f.jpeg"", ""https://a0.muscache.com/im/pictures/hosting/Hosting-1749693456005638204/original/f373204b-2cd8-4f13-9c3c-750f84a6a847.jpeg"", ""https://a0.muscache.com/im/pictures/hosting/Hosting-1749693456005638204/original/ceecdafd-5019-4e43-b9c7-512be57ed1f7.jpeg"", ""https://a0.muscache.com/im/pictures/hosting/Hosting-1749693456005638204/original/34a69ce5-d7de-4cfc-8099-5fca9adb5180.jpeg"", ""https://a0.muscache.com/im/pictures/hosting/Hosting-1749693456005638204/original/71b01f4d-54b5-4982-a612-892f9e36b7ef.jpeg""]",t,"[{""name"": ""Long"", ""avatar"": ""https://a0.muscache.com/im/pictures/user/avatar_long.jpg""}, {""name"": ""Rùa"", ""avatar"": ""https://a0.muscache.com/im/pictures/user/avatar_rua.jpg""}]","[{""name"": ""DECOR"", ""localizedName"": ""Trang trí"", ""count"": 14}, {""name"": ""INTERIOR"", ""localizedName"": ""Không gian bên trong"", ""count"": 20}, {""name"": ""CLEANLINESS"", ""localizedName"": ""Mức độ sạch sẽ"", ""count"": 7}, {""name"": ""LOCATION"", ""localizedName"": ""Địa điểm"", ""count"": 17}, {""name"": ""HOSPITALITY"", ""localizedName"": ""Hiếu khách"", ""count"": 5}]","[{""title"": ""Trải nghiệm nhận phòng xuất sắc"", ""subtitle"": ""Những khách ở gần đây đã xếp hạng 5 sao cho quy trình nhận phòng.""}, {""title"": ""Tự nhận phòng"", ""subtitle"": ""Tự nhận phòng với hộp khóa an toàn.""}]"
1759174989422064801,https://www.airbnb.com.vn/rooms/1759174989422064801,20260926000000,2026-09-26,city search,Mario Come Here 401 | Thế giới tuổi thơ | Funny,"Chào mừng bạn đến với Mario Come Here 401 | Thế giới tuổi thơ | Funny — một không gian lưu trú ấm cúng, sang trọng tọa lạc tại Quận 10, Thành phố Hồ Chí Minh.
Căn phòng tràn ngập ánh sáng tự nhiên với đầy đủ tiện nghi cao cấp, giường nệm êm ái, máy lạnh, TV và wifi tốc độ cao. Rất thuận tiện di chuyển tới các điểm tham quan, nhà hàng ẩm thực và quán cà phê nổi tiếng của Thành phố Hồ Chí Minh.","Khu vực Quận 10 an ninh, văn minh, gần nhiều địa điểm ăn uống, mua sắm và giải trí sầm uất tại Thành phố Hồ Chí Minh.",https://a0.muscache.com/im/pictures/hosting/Hosting-1759174989422064801/original/e23e8567-754d-4033-a165-30bc8a2afc6a.jpeg,47000157,https://www.airbnb.com.vn/users/show/47000157,Dương,2020-05-27,"Thành phố Hồ Chí Minh, Việt Nam","Xin chào, tôi là Dương, đã có 6 năm kinh nghiệm làm host. Tôi yêu thích du lịch và luôn mong muốn đem lại trải nghiệm lưu trú thoải mái nhất cho khách.",trong vòng một giờ,100%,98%,f,https://a0.muscache.com/im/pictures/user/User-47000157/original/user_profile_7.jpeg,https://a0.muscache.com/im/pictures/user/User-47000157/original/user_profile_7.jpeg,Quận 10,7,8,"['email', 'phone', 'work_email']",t,t,Quận 10,Quận 10,Thành phố Hồ Chí Minh,10.8046,106.7099,Phòng riêng trong nhà,Private room,2,1.0,1 phòng tắm,1,1,"[""Bộ chăn ga gối cao cấp"", ""Máy sấy tóc"", ""Bếp đầy đủ tiện nghi"", ""Máy giặt"", ""Bể bơi"", ""Ban công ngắm cảnh"", ""Tủ lạnh"", ""Lò vi sóng"", ""Chỗ đỗ xe miễn phí trong khuôn viên"", ""Máy báo khói"", ""Thang máy"", ""Bàn ủi / Bàn là"", ""Bồn tắm thư giãn"", ""Điều hòa nhiệt độ"", ""Tự nhận phòng với hộp khóa an toàn"", ""Wi-fi tốc độ cao""]","₫555,500",1,1125,1,2,1125,1125,1.0,1125.0,today,t,26,53,64,333,2026-09-26,159,2,4,2023-06-14,2026-09-24,4.85,5.0,4.94,5.0,5.0,4.89,4.81,,f,2,0,1,0,4.68,"[""https://a0.muscache.com/im/pictures/hosting/Hosting-1759174989422064801/original/e23e8567-754d-4033-a165-30bc8a2afc6a.jpeg"", ""https://a0.muscache.com/im/pictures/hosting/Hosting-1759174989422064801/original/4e48aa12-97f9-45d3-9f46-643cdcc0a019.jpeg"", ""https://a0.muscache.com/im/pictures/hosting/Hosting-1759174989422064801/original/31faa709-127f-4053-8ed3-b32214de2625.jpeg"", ""https://a0.muscache.com/im/pictures/hosting/Hosting-1759174989422064801/original/e95ff336-fe4e-4744-b011-465ad5d6dc65.jpeg"", ""https://a0.muscache.com/im/pictures/hosting/Hosting-1759174989422064801/original/a4e93708-d841-482b-b975-0a170a68f3da.jpeg"", ""https://a0.muscache.com/im/pictures/hosting/Hosting-1759174989422064801/original/7e65055d-f23d-4a68-83ce-3eeb14615b92.jpeg""]",f,"[{""name"": ""Rùa"", ""avatar"": ""https://a0.muscache.com/im/pictures/user/avatar_rua.jpg""}]","[{""name"": ""DECOR"", ""localizedName"": ""Trang trí"", ""count"": 5}, {""name"": ""INTERIOR"", ""localizedName"": ""Không gian bên trong"", ""count"": 19}, {""name"": ""CLEANLINESS"", ""localizedName"": ""Mức độ sạch sẽ"", ""count"": 16}, {""name"": ""LOCATION"", ""localizedName"": ""Địa điểm"", ""count"": 6}, {""name"": ""HOSPITALITY"", ""localizedName"": ""Hiếu khách"", ""count"": 4}]","[{""title"": ""Trải nghiệm nhận phòng xuất sắc"", ""subtitle"": ""Những khách ở gần đây đã xếp hạng 5 sao cho quy trình nhận phòng.""}, {""title"": ""Tự nhận phòng"", ""subtitle"": ""Tự nhận phòng với hộp khóa an toàn.""}]"
1653582889866993710,https://www.airbnb.com.vn/rooms/1653582889866993710,20260926000000,2026-09-26,city search,Kén Stay | Căn Hộ Cửa Sổ Lớn Ngập Nắng Gần Sân Bay,"Chào mừng bạn đến với Kén Stay | Căn Hộ Cửa Sổ Lớn Ngập Nắng Gần Sân Bay — một không gian lưu trú ấm cúng, sang trọng tọa lạc tại Quận Bình Thạnh, Thành phố Hồ Chí Minh.
Căn phòng tràn ngập ánh sáng tự nhiên với đầy đủ tiện nghi cao cấp, giường nệm êm ái, máy lạnh, TV và wifi tốc độ cao. Rất thuận tiện di chuyển tới các điểm tham quan, nhà hàng ẩm thực và quán cà phê nổi tiếng của Thành phố Hồ Chí Minh.","Khu vực Quận Bình Thạnh an ninh, văn minh, gần nhiều địa điểm ăn uống, mua sắm và giải trí sầm uất tại Thành phố Hồ Chí Minh.",https://a0.muscache.com/im/pictures/hosting/Hosting-1653582889866993710/original/f8456f7b-2eb7-4ac9-8a02-d87081c1f035.jpeg,47000158,https://www.airbnb.com.vn/users/show/47000158,Thảo,2023-04-08,"Thành phố Hồ Chí Minh, Việt Nam","Xin chào, tôi là Thảo, đã có 3 năm kinh nghiệm làm host. Tôi yêu thích du lịch và luôn mong muốn đem lại trải nghiệm lưu trú thoải mái nhất cho khách.",trong vòng một giờ,100%,98%,t,https://a0.muscache.com/im/pictures/user/User-47000158/original/user_profile_8.jpeg,https://a0.muscache.com/im/pictures/user/User-47000158/original/user_profile_8.jpeg,Quận Bình Thạnh,1,9,"['email', 'phone', 'work_email']",t,t,Quận Bình Thạnh,Quận Bình Thạnh,Thành phố Hồ Chí Minh,10.8002,106.687,Phòng riêng trong nhà,Private room,2,1.0,1 phòng tắm,1,1,"[""Điều hòa nhiệt độ"", ""Bộ chăn ga gối cao cấp"", ""Tủ lạnh"", ""TV màn hình phẳng"", ""Lò vi sóng"", ""Chỗ đỗ xe miễn phí trong khuôn viên"", ""Thang máy"", ""Bếp đầy đủ tiện nghi"", ""Máy phát hiện khí CO"", ""Bàn ủi / Bàn là"", ""Wi-fi tốc độ cao"", ""Không gian riêng để làm việc"", ""Máy báo khói"", ""Máy giặt"", ""Dầu gội & Sữa tắm""]","₫639,000",1,1125,1,2,1125,1125,1.0,1125.0,today,t,22,55,58,244,2026-09-26,15,5,5,2026-02-13,2026-09-05,4.93,4.85,5.0,5.0,5.0,4.74,4.8,,t,2,0,1,0,2.2,"[""https://a0.muscache.com/im/pictures/hosting/Hosting-1653582889866993710/original/f8456f7b-2eb7-4ac9-8a02-d87081c1f035.jpeg"", ""https://a0.muscache.com/im/pictures/hosting/Hosting-1653582889866993710/original/a752434b-7c05-422b-8327-1bd7dab1adad.jpeg"", ""https://a0.muscache.com/im/pictures/hosting/Hosting-1653582889866993710/original/d39f7a64-329b-4650-94a0-3b6be31b6ff5.jpeg"", ""https://a0.muscache.com/im/pictures/hosting/Hosting-1653582889866993710/original/9a58ffad-abf3-4d32-9def-0994c2086a8f.jpeg"", ""https://a0.muscache.com/im/pictures/hosting/Hosting-1653582889866993710/original/4ed5f9e7-7eb3-4baa-bb10-c328447b8053.jpeg"", ""https://a0.muscache.com/im/pictures/hosting/Hosting-1653582889866993710/original/4e6a6b21-3e75-4b32-8fca-8966c22aadf8.jpeg""]",t,"[{""name"": ""Cindy"", ""avatar"": ""https://a0.muscache.com/im/pictures/user/avatar_cindy.jpg""}, {""name"": ""Long"", ""avatar"": ""https://a0.muscache.com/im/pictures/user/avatar_long.jpg""}]","[{""name"": ""DECOR"", ""localizedName"": ""Trang trí"", ""count"": 14}, {""name"": ""INTERIOR"", ""localizedName"": ""Không gian bên trong"", ""count"": 9}, {""name"": ""CLEANLINESS"", ""localizedName"": ""Mức độ sạch sẽ"", ""count"": 21}, {""name"": ""LOCATION"", ""localizedName"": ""Địa điểm"", ""count"": 10}, {""name"": ""HOSPITALITY"", ""localizedName"": ""Hiếu khách"", ""count"": 4}]","[{""title"": ""Trải nghiệm nhận phòng xuất sắc"", ""subtitle"": ""Những khách ở gần đây đã xếp hạng 5 sao cho quy trình nhận phòng.""}, {""title"": ""Tự nhận phòng"", ""subtitle"": ""Tự nhận phòng với hộp khóa an toàn.""}]"
1028731401999188242,https://www.airbnb.com.vn/rooms/1028731401999188242,20260926000000,2026-09-26,city search,studio cửa sổ lớn yên tĩnh,"Chào mừng bạn đến với studio cửa sổ lớn yên tĩnh — một không gian lưu trú ấm cúng, sang trọng tọa lạc tại Quận Tân Bình, Thành phố Hồ Chí Minh.
Căn phòng tràn ngập ánh sáng tự nhiên với đầy đủ tiện nghi cao cấp, giường nệm êm ái, máy lạnh, TV và wifi tốc độ cao. Rất thuận tiện di chuyển tới các điểm tham quan, nhà hàng ẩm thực và quán cà phê nổi tiếng của Thành phố Hồ Chí Minh.","Khu vực Quận Tân Bình an ninh, văn minh, gần nhiều địa điểm ăn uống, mua sắm và giải trí sầm uất tại Thành phố Hồ Chí Minh.",https://a0.muscache.com/im/pictures/hosting/Hosting-1028731401999188242/original/e15ec11c-d97c-476a-be5f-667bc58d911d.jpeg,47000159,https://www.airbnb.com.vn/users/show/47000159,Hải,2023-01-04,"Thành phố Hồ Chí Minh, Việt Nam","Xin chào, tôi là Hải, đã có 3 năm kinh nghiệm làm host. Tôi yêu thích du lịch và luôn mong muốn đem lại trải nghiệm lưu trú thoải mái nhất cho khách.",trong vòng một giờ,100%,98%,f,https://a0.muscache.com/im/pictures/user/User-47000159/original/user_profile_9.jpeg,https://a0.muscache.com/im/pictures/user/User-47000159/original/user_profile_9.jpeg,Quận Tân Bình,8,2,"['email', 'phone', 'work_email']",t,t,Quận Tân Bình,Quận Tân Bình,Thành phố Hồ Chí Minh,10.7779,106.6538,Toàn bộ căn hộ cho thuê,Entire home/apt,2,1.0,1 phòng tắm,1,1,"[""Bồn tắm thư giãn"", ""Điều hòa nhiệt độ"", ""Tự nhận phòng với hộp khóa an toàn"", ""Không gian riêng để làm việc"", ""Máy sấy tóc"", ""Wi-fi tốc độ cao"", ""Thang máy"", ""Máy giặt"", ""Máy phát hiện khí CO"", ""Bể bơi"", ""TV màn hình phẳng"", ""Bàn ủi / Bàn là"", ""Chỗ đỗ xe miễn phí trong khuôn viên"", ""Bộ chăn ga gối cao cấp"", ""Ban công ngắm cảnh""]","₫636,300",1,1125,1,2,1125,1125,1.0,1125.0,today,t,14,46,81,308,2026-09-26,14,4,1,2026-02-28,2026-09-06,4.93,4.83,4.98,5.0,5.0,4.79,4.9,,f,2,2,0,0,1.83,"[""https://a0.muscache.com/im/pictures/hosting/Hosting-1028731401999188242/original/e15ec11c-d97c-476a-be5f-667bc58d911d.jpeg"", ""https://a0.muscache.com/im/pictures/hosting/Hosting-1028731401999188242/original/e1a8f9c1-8438-4bb5-8983-e4ee39391c87.jpeg"", ""https://a0.muscache.com/im/pictures/hosting/Hosting-1028731401999188242/original/5433bcce-1bf8-44b5-933c-c4c986bc2ab3.jpeg"", ""https://a0.muscache.com/im/pictures/hosting/Hosting-1028731401999188242/original/da535ae1-622d-4436-ac5d-df1e483d7b12.jpeg"", ""https://a0.muscache.com/im/pictures/hosting/Hosting-1028731401999188242/original/6df0f27c-c340-43e4-958e-3b31ccc08b5d.jpeg"", ""https://a0.muscache.com/im/pictures/hosting/Hosting-1028731401999188242/original/99651dd3-6232-4fc5-aa63-17a7666b7f5d.jpeg"", ""https://a0.muscache.com/im/pictures/hosting/Hosting-1028731401999188242/original/60c9d410-481e-45d9-9224-a59e21805f8d.jpeg"", ""https://a0.muscache.com/im/pictures/hosting/Hosting-1028731401999188242/original/f1553de1-9e1e-46ee-8ec6-88d51fc6b875.jpeg"", ""https://a0.muscache.com/im/pictures/hosting/Hosting-1028731401999188242/original/0e21ed05-e969-460c-a7cc-3b158d6dfd3d.jpeg"", ""https://a0.muscache.com/im/pictures/hosting/Hosting-1028731401999188242/original/9ac0a9c7-ec95-4fb8-896a-15a77cded9b9.jpeg"", ""https://a0.muscache.com/im/pictures/hosting/Hosting-1028731401999188242/original/a7945d79-c86c-41c1-b530-c81ba27232c1.jpeg"", ""https://a0.muscache.com/im/pictures/hosting/Hosting-1028731401999188242/original/a7d41412-abb5-4482-92a7-430fd84d0ef4.jpeg"", ""https://a0.muscache.com/im/pictures/hosting/Hosting-1028731401999188242/original/066dee04-9823-4fce-a4de-4e7d831f8a46.jpeg"", ""https://a0.muscache.com/im/pictures/hosting/Hosting-1028731401999188242/original/5a34bfa3-93a4-4d0e-bd9c-b550580fc585.jpeg"", ""https://a0.muscache.com/im/pictures/hosting/Hosting-1028731401999188242/original/3c31114a-c8f2-4cf7-b3f1-ebb7e025dd1b.jpeg"", ""https://a0.muscache.com/im/pictures/miso/Hosting-1028731401999188242/original/6595ef59-71bd-46a4-84f9-2e93b8b4c214.jpeg"", ""https://a0.muscache.com/im/pictures/hosting/Hosting-1028731401999188242/original/275c60b9-2293-4f3d-91be-a57491117437.jpeg"", ""https://a0.muscache.com/im/pictures/hosting/Hosting-1028731401999188242/original/9dc23c26-7719-492e-b51a-5c7942a37c37.jpeg"", ""https://a0.muscache.com/im/pictures/hosting/Hosting-1028731401999188242/original/bbeb5080-4199-4780-bfe3-734efc48c878.jpeg"", ""https://a0.muscache.com/im/pictures/hosting/Hosting-1028731401999188242/original/f56eb633-1c61-4cbf-99d6-2ce98d4edf80.jpeg"", ""https://a0.muscache.com/im/pictures/hosting/Hosting-1028731401999188242/original/df97dd81-c9fb-447d-bca2-a3bc894842eb.jpeg"", ""https://a0.muscache.com/im/pictures/hosting/Hosting-1028731401999188242/original/2b51ba9e-8c15-4ded-8eaa-94547d3651c2.jpeg"", ""https://a0.muscache.com/im/pictures/hosting/Hosting-1028731401999188242/original/232c64b0-1571-4a62-8dcf-5afc3f4fe4d0.jpeg"", ""https://a0.muscache.com/im/pictures/hosting/Hosting-1028731401999188242/original/127255a8-cd44-433f-90d4-d14857c85f72.jpeg"", ""https://a0.muscache.com/im/pictures/hosting/Hosting-1028731401999188242/original/64f3bffd-6ec6-4853-85d7-9a5f76523bab.jpeg""]",t,"[{""name"": ""Rùa"", ""avatar"": ""https://a0.muscache.com/im/pictures/user/avatar_rua.jpg""}]","[{""name"": ""DECOR"", ""localizedName"": ""Trang trí"", ""count"": 7}, {""name"": ""INTERIOR"", ""localizedName"": ""Không gian bên trong"", ""count"": 3}, {""name"": ""CLEANLINESS"", ""localizedName"": ""Mức độ sạch sẽ"", ""count"": 21}, {""name"": ""LOCATION"", ""localizedName"": ""Địa điểm"", ""count"": 20}, {""name"": ""HOSPITALITY"", ""localizedName"": ""Hiếu khách"", ""count"": 6}]","[{""title"": ""Trải nghiệm nhận phòng xuất sắc"", ""subtitle"": ""Những khách ở gần đây đã xếp hạng 5 sao cho quy trình nhận phòng.""}, {""title"": ""Tự nhận phòng"", ""subtitle"": ""Tự nhận phòng với hộp khóa an toàn.""}]"
1740947231359378717,https://www.airbnb.com.vn/rooms/1740947231359378717,20260926000000,2026-09-26,city search,"Nomah Tân Định | Studio, bếp và bàn làm việc Wabi-sabi","Chào mừng bạn đến với Nomah Tân Định | Studio, bếp và bàn làm việc Wabi-sabi — một không gian lưu trú ấm cúng, sang trọng tọa lạc tại Thành phố Thủ Đức, Thành phố Hồ Chí Minh.
Căn phòng tràn ngập ánh sáng tự nhiên với đầy đủ tiện nghi cao cấp, giường nệm êm ái, máy lạnh, TV và wifi tốc độ cao. Rất thuận tiện di chuyển tới các điểm tham quan, nhà hàng ẩm thực và quán cà phê nổi tiếng của Thành phố Hồ Chí Minh.","Khu vực Thành phố Thủ Đức an ninh, văn minh, gần nhiều địa điểm ăn uống, mua sắm và giải trí sầm uất tại Thành phố Hồ Chí Minh.",https://a0.muscache.com/im/pictures/hosting/Hosting-1740947231359378717/original/f0e30c83-f588-47da-874b-d0a39741be30.png,47000160,https://www.airbnb.com.vn/users/show/47000160,Nam,2025-03-10,"Thành phố Hồ Chí Minh, Việt Nam","Xin chào, tôi là Nam, đã có 1 năm kinh nghiệm làm host. Tôi yêu thích du lịch và luôn mong muốn đem lại trải nghiệm lưu trú thoải mái nhất cho khách.",trong vòng một giờ,100%,98%,t,https://a0.muscache.com/im/pictures/user/User-47000160/original/user_profile_0.jpeg,https://a0.muscache.com/im/pictures/user/User-47000160/original/user_profile_0.jpeg,Thành phố Thủ Đức,10,7,"['email', 'phone', 'work_email']",t,t,Thành phố Thủ Đức,Thành phố Thủ Đức,Thành phố Hồ Chí Minh,10.7951,106.6903,Toàn bộ căn hộ cho thuê,Entire home/apt,2,1.0,1 phòng tắm,1,1,"[""Bể bơi"", ""Dầu gội & Sữa tắm"", ""Tủ lạnh"", ""TV màn hình phẳng"", ""Wi-fi tốc độ cao"", ""Máy phát hiện khí CO"", ""Điều hòa nhiệt độ"", ""Máy báo khói"", ""Máy giặt"", ""Bàn ủi / Bàn là"", ""Bồn tắm thư giãn"", ""Máy sấy tóc"", ""Không gian riêng để làm việc"", ""Tự nhận phòng với hộp khóa an toàn"", ""Bộ chăn ga gối cao cấp"", ""Chỗ đỗ xe miễn phí trong khuôn viên"", ""Lò vi sóng""]","₫823,349",1,1125,1,2,1125,1125,1.0,1125.0,today,t,15,51,59,322,2026-09-26,6,6,4,2026-06-28,2026-09-01,5.0,4.92,4.95,5.0,5.0,4.79,4.78,,t,2,2,0,0,1.83,"[""https://a0.muscache.com/im/pictures/hosting/Hosting-1740947231359378717/original/f0e30c83-f588-47da-874b-d0a39741be30.png"", ""https://a0.muscache.com/im/pictures/hosting/Hosting-1740947231359378717/original/48541a09-54ff-47ef-b74d-4026f1c33a7f.jpeg"", ""https://a0.muscache.com/im/pictures/hosting/Hosting-1740947231359378717/original/1aa77138-4a69-4d67-8aa5-592110f23673.jpeg"", ""https://a0.muscache.com/im/pictures/hosting/Hosting-1740947231359378717/original/74a9da26-828a-423a-a3de-8876f068ca57.png"", ""https://a0.muscache.com/im/pictures/hosting/Hosting-1740947231359378717/original/995ea61b-d757-45f0-a492-5977ad19b7a1.png"", ""https://a0.muscache.com/im/pictures/hosting/Hosting-1740947231359378717/original/fb528429-0ae0-483b-8ca8-423b8bfb5b8d.png""]",t,"[{""name"": ""Long"", ""avatar"": ""https://a0.muscache.com/im/pictures/user/avatar_long.jpg""}, {""name"": ""Cindy"", ""avatar"": ""https://a0.muscache.com/im/pictures/user/avatar_cindy.jpg""}, {""name"": ""Dang Nguyen"", ""avatar"": ""https://a0.muscache.com/im/pictures/user/avatar_dang.jpg""}]","[{""name"": ""DECOR"", ""localizedName"": ""Trang trí"", ""count"": 4}, {""name"": ""INTERIOR"", ""localizedName"": ""Không gian bên trong"", ""count"": 3}, {""name"": ""CLEANLINESS"", ""localizedName"": ""Mức độ sạch sẽ"", ""count"": 19}, {""name"": ""LOCATION"", ""localizedName"": ""Địa điểm"", ""count"": 15}, {""name"": ""HOSPITALITY"", ""localizedName"": ""Hiếu khách"", ""count"": 3}]","[{""title"": ""Trải nghiệm nhận phòng xuất sắc"", ""subtitle"": ""Những khách ở gần đây đã xếp hạng 5 sao cho quy trình nhận phòng.""}, {""title"": ""Tự nhận phòng"", ""subtitle"": ""Tự nhận phòng với hộp khóa an toàn.""}]"
1443463551637624949,https://www.airbnb.com.vn/rooms/1443463551637624949,20260926000000,2026-09-26,city search,D1.1: Studio ĐaKao cao cấp +RainShower+TotoWashlet,"Chào mừng bạn đến với D1.1: Studio ĐaKao cao cấp +RainShower+TotoWashlet — một không gian lưu trú ấm cúng, sang trọng tọa lạc tại Quận Tân Bình, Thành phố Hồ Chí Minh.
Căn phòng tràn ngập ánh sáng tự nhiên với đầy đủ tiện nghi cao cấp, giường nệm êm ái, máy lạnh, TV và wifi tốc độ cao. Rất thuận tiện di chuyển tới các điểm tham quan, nhà hàng ẩm thực và quán cà phê nổi tiếng của Thành phố Hồ Chí Minh.","Khu vực Quận Tân Bình an ninh, văn minh, gần nhiều địa điểm ăn uống, mua sắm và giải trí sầm uất tại Thành phố Hồ Chí Minh.",https://a0.muscache.com/im/pictures/hosting/Hosting-U3RheVN1cHBseUxpc3Rpbmc6MTQ0MzQ2MzU1MTYzNzYyNDk0OQ==/original/25580c92-6898-4a3f-899b-c5a9a6d012b4.jpeg,47000161,https://www.airbnb.com.vn/users/show/47000161,Tuấn,2024-06-26,"Thành phố Hồ Chí Minh, Việt Nam","Xin chào, tôi là Tuấn, đã có 2 năm kinh nghiệm làm host. Tôi yêu thích du lịch và luôn mong muốn đem lại trải nghiệm lưu trú thoải mái nhất cho khách.",trong vòng một giờ,100%,98%,f,https://a0.muscache.com/im/pictures/user/User-47000161/original/user_profile_1.jpeg,https://a0.muscache.com/im/pictures/user/User-47000161/original/user_profile_1.jpeg,Quận Tân Bình,8,5,"['email', 'phone', 'work_email']",t,t,Quận Tân Bình,Quận Tân Bình,Thành phố Hồ Chí Minh,10.7857,106.6995,Toàn bộ căn hộ cho thuê,Entire home/apt,2,1.0,1 phòng tắm,1,1,"[""Bộ chăn ga gối cao cấp"", ""Điều hòa nhiệt độ"", ""Máy sấy tóc"", ""Ban công ngắm cảnh"", ""Bồn tắm thư giãn"", ""Chỗ đỗ xe miễn phí trong khuôn viên"", ""TV màn hình phẳng"", ""Lò vi sóng"", ""Không gian riêng để làm việc"", ""Dầu gội & Sữa tắm"", ""Thang máy"", ""Wi-fi tốc độ cao"", ""Bếp đầy đủ tiện nghi"", ""Tủ lạnh"", ""Máy phát hiện khí CO""]","₫932,307",1,1125,1,2,1125,1125,1.0,1125.0,today,t,21,35,75,264,2026-09-26,56,35,2,2024-06-08,2026-09-13,4.93,4.99,4.87,5.0,5.0,4.92,4.9,,f,2,2,0,0,2.24,"[""https://a0.muscache.com/im/pictures/hosting/Hosting-U3RheVN1cHBseUxpc3Rpbmc6MTQ0MzQ2MzU1MTYzNzYyNDk0OQ==/original/25580c92-6898-4a3f-899b-c5a9a6d012b4.jpeg"", ""https://a0.muscache.com/im/pictures/hosting/Hosting-U3RheVN1cHBseUxpc3Rpbmc6MTQ0MzQ2MzU1MTYzNzYyNDk0OQ==/original/851171b4-941d-47c0-99c8-ede6490961cd.jpeg"", ""https://a0.muscache.com/im/pictures/hosting/Hosting-U3RheVN1cHBseUxpc3Rpbmc6MTQ0MzQ2MzU1MTYzNzYyNDk0OQ==/original/0b689586-0b63-4ad1-8ed9-551e9a3dbb15.jpeg"", ""https://a0.muscache.com/im/pictures/hosting/Hosting-U3RheVN1cHBseUxpc3Rpbmc6MTQ0MzQ2MzU1MTYzNzYyNDk0OQ==/original/1c8f4e71-1f22-40ed-8104-515ef3f81c34.jpeg"", ""https://a0.muscache.com/im/pictures/hosting/Hosting-U3RheVN1cHBseUxpc3Rpbmc6MTQ0MzQ2MzU1MTYzNzYyNDk0OQ==/original/b319011c-c006-4ab4-8bef-26757c0e3bfa.jpeg"", ""https://a0.muscache.com/im/pictures/hosting/Hosting-U3RheVN1cHBseUxpc3Rpbmc6MTQ0MzQ2MzU1MTYzNzYyNDk0OQ==/original/f1073dd7-812b-43da-b22c-7070a51b6938.jpeg"", ""https://a0.muscache.com/im/pictures/hosting/Hosting-U3RheVN1cHBseUxpc3Rpbmc6MTQ0MzQ2MzU1MTYzNzYyNDk0OQ==/original/6e24527a-2486-4203-bcd1-4f63fd512d82.jpeg"", ""https://a0.muscache.com/im/pictures/hosting/Hosting-U3RheVN1cHBseUxpc3Rpbmc6MTQ0MzQ2MzU1MTYzNzYyNDk0OQ==/original/3f8a5af0-342f-46c6-9dd4-387ad71fa65f.jpeg"", ""https://a0.muscache.com/im/pictures/hosting/Hosting-U3RheVN1cHBseUxpc3Rpbmc6MTQ0MzQ2MzU1MTYzNzYyNDk0OQ==/original/26a77ae6-a31d-4726-9141-52eff2bf4168.jpeg"", ""https://a0.muscache.com/im/pictures/hosting/Hosting-U3RheVN1cHBseUxpc3Rpbmc6MTQ0MzQ2MzU1MTYzNzYyNDk0OQ==/original/308887ca-0fbf-4db7-86f9-d214c9c5ca4f.jpeg"", ""https://a0.muscache.com/im/pictures/hosting/Hosting-U3RheVN1cHBseUxpc3Rpbmc6MTQ0MzQ2MzU1MTYzNzYyNDk0OQ==/original/2ebcf922-5a27-4f8e-9244-2467821326f9.jpeg"", ""https://a0.muscache.com/im/pictures/hosting/Hosting-U3RheVN1cHBseUxpc3Rpbmc6MTQ0MzQ2MzU1MTYzNzYyNDk0OQ==/original/98ef96e0-ca92-46ce-81c0-4e378c87486f.jpeg"", ""https://a0.muscache.com/im/pictures/hosting/Hosting-U3RheVN1cHBseUxpc3Rpbmc6MTQ0MzQ2MzU1MTYzNzYyNDk0OQ==/original/a47395ec-6037-4fe4-ba8b-f76693cc18d0.jpeg"", ""https://a0.muscache.com/im/pictures/hosting/Hosting-U3RheVN1cHBseUxpc3Rpbmc6MTQ0MzQ2MzU1MTYzNzYyNDk0OQ==/original/03a416cb-3a33-4f3c-90f0-b3199743ee82.jpeg"", ""https://a0.muscache.com/im/pictures/hosting/Hosting-U3RheVN1cHBseUxpc3Rpbmc6MTQ0MzQ2MzU1MTYzNzYyNDk0OQ==/original/2c9f053a-47f5-431a-ba3f-0d091b4f3eba.jpeg"", ""https://a0.muscache.com/im/pictures/hosting/Hosting-U3RheVN1cHBseUxpc3Rpbmc6MTQ0MzQ2MzU1MTYzNzYyNDk0OQ==/original/7fd3d082-36fe-4aed-9f91-04aaa0d470e8.jpeg"", ""https://a0.muscache.com/im/pictures/hosting/Hosting-U3RheVN1cHBseUxpc3Rpbmc6MTQ0MzQ2MzU1MTYzNzYyNDk0OQ==/original/80d6f973-0439-4c59-a0df-fcfcecc06569.jpeg"", ""https://a0.muscache.com/im/pictures/hosting/Hosting-U3RheVN1cHBseUxpc3Rpbmc6MTQ0MzQ2MzU1MTYzNzYyNDk0OQ==/original/a1dc6f85-ffe6-40b7-96ae-b71e5d5ca72c.jpeg"", ""https://a0.muscache.com/im/pictures/hosting/Hosting-U3RheVN1cHBseUxpc3Rpbmc6MTQ0MzQ2MzU1MTYzNzYyNDk0OQ==/original/8b22f6c7-d628-4db5-b61c-f57686c8b8d3.jpeg"", ""https://a0.muscache.com/im/pictures/hosting/Hosting-U3RheVN1cHBseUxpc3Rpbmc6MTQ0MzQ2MzU1MTYzNzYyNDk0OQ==/original/f30f5176-0530-4462-b99c-773f4b52204a.jpeg"", ""https://a0.muscache.com/im/pictures/hosting/Hosting-U3RheVN1cHBseUxpc3Rpbmc6MTQ0MzQ2MzU1MTYzNzYyNDk0OQ==/original/c40193a8-5b81-47e5-887a-bf7e09d96fec.jpeg"", ""https://a0.muscache.com/im/pictures/hosting/Hosting-U3RheVN1cHBseUxpc3Rpbmc6MTQ0MzQ2MzU1MTYzNzYyNDk0OQ==/original/3a690502-41ea-4d14-8990-25b463645a0d.jpeg"", ""https://a0.muscache.com/im/pictures/hosting/Hosting-U3RheVN1cHBseUxpc3Rpbmc6MTQ0MzQ2MzU1MTYzNzYyNDk0OQ==/original/034238ab-f8d3-4b6b-a817-bb924e287845.jpeg"", ""https://a0.muscache.com/im/pictures/hosting/Hosting-U3RheVN1cHBseUxpc3Rpbmc6MTQ0MzQ2MzU1MTYzNzYyNDk0OQ==/original/9f53088c-f063-4f73-a0c6-3d28a9732d6b.jpeg"", ""https://a0.muscache.com/im/pictures/hosting/Hosting-U3RheVN1cHBseUxpc3Rpbmc6MTQ0MzQ2MzU1MTYzNzYyNDk0OQ==/original/b9327182-da99-40c6-8010-8d0393dc3592.jpeg"", ""https://a0.muscache.com/im/pictures/hosting/Hosting-U3RheVN1cHBseUxpc3Rpbmc6MTQ0MzQ2MzU1MTYzNzYyNDk0OQ==/original/4a8bc3cc-5618-44d0-a13c-840c5cc3de17.jpeg"", ""https://a0.muscache.com/im/pictures/hosting/Hosting-U3RheVN1cHBseUxpc3Rpbmc6MTQ0MzQ2MzU1MTYzNzYyNDk0OQ==/original/a71a88c7-7040-4f8b-a557-98dab16543cd.jpeg"", ""https://a0.muscache.com/im/pictures/hosting/Hosting-U3RheVN1cHBseUxpc3Rpbmc6MTQ0MzQ2MzU1MTYzNzYyNDk0OQ==/original/97ea10ad-3e3a-4f3a-ace9-19437e2e6161.jpeg"", ""https://a0.muscache.com/im/pictures/hosting/Hosting-U3RheVN1cHBseUxpc3Rpbmc6MTQ0MzQ2MzU1MTYzNzYyNDk0OQ==/original/4a535305-5476-4ff1-8356-7d8331f5b0a8.jpeg""]",t,"[{""name"": ""Cindy"", ""avatar"": ""https://a0.muscache.com/im/pictures/user/avatar_cindy.jpg""}, {""name"": ""Dang Nguyen"", ""avatar"": ""https://a0.muscache.com/im/pictures/user/avatar_dang.jpg""}, {""name"": ""Long"", ""avatar"": ""https://a0.muscache.com/im/pictures/user/avatar_long.jpg""}]","[{""name"": ""DECOR"", ""localizedName"": ""Trang trí"", ""count"": 5}, {""name"": ""INTERIOR"", ""localizedName"": ""Không gian bên trong"", ""count"": 20}, {""name"": ""CLEANLINESS"", ""localizedName"": ""Mức độ sạch sẽ"", ""count"": 22}, {""name"": ""LOCATION"", ""localizedName"": ""Địa điểm"", ""count"": 11}, {""name"": ""HOSPITALITY"", ""localizedName"": ""Hiếu khách"", ""count"": 11}]","[{""title"": ""Trải nghiệm nhận phòng xuất sắc"", ""subtitle"": ""Những khách ở gần đây đã xếp hạng 5 sao cho quy trình nhận phòng.""}, {""title"": ""Tự nhận phòng"", ""subtitle"": ""Tự nhận phòng với hộp khóa an toàn.""}]"
1560556926150267581,https://www.airbnb.com.vn/rooms/1560556926150267581,20260926000000,2026-09-26,city search,(LTR) 201 Cách chợ BUVN & Bentan 10 phút đi bộ,"Chào mừng bạn đến với (LTR) 201 Cách chợ BUVN & Bentan 10 phút đi bộ — một không gian lưu trú ấm cúng, sang trọng tọa lạc tại Quận 1, Thành phố Hồ Chí Minh.
Căn phòng tràn ngập ánh sáng tự nhiên với đầy đủ tiện nghi cao cấp, giường nệm êm ái, máy lạnh, TV và wifi tốc độ cao. Rất thuận tiện di chuyển tới các điểm tham quan, nhà hàng ẩm thực và quán cà phê nổi tiếng của Thành phố Hồ Chí Minh.","Khu vực Quận 1 an ninh, văn minh, gần nhiều địa điểm ăn uống, mua sắm và giải trí sầm uất tại Thành phố Hồ Chí Minh.",https://a0.muscache.com/im/pictures/hosting/Hosting-1560556926150267581/original/01b97b2f-36c7-4d7c-beb2-d7580924c081.jpeg,47000162,https://www.airbnb.com.vn/users/show/47000162,Long,2022-06-22,"Thành phố Hồ Chí Minh, Việt Nam","Xin chào, tôi là Long, đã có 4 năm kinh nghiệm làm host. Tôi yêu thích du lịch và luôn mong muốn đem lại trải nghiệm lưu trú thoải mái nhất cho khách.",trong vòng một giờ,100%,98%,t,https://a0.muscache.com/im/pictures/user/User-47000162/original/user_profile_2.jpeg,https://a0.muscache.com/im/pictures/user/User-47000162/original/user_profile_2.jpeg,Quận 1,2,5,"['email', 'phone', 'work_email']",t,t,Quận 1,Quận 1,Thành phố Hồ Chí Minh,10.7716,106.6922,Toàn bộ nhà,Entire home/apt,4,1.0,1 phòng tắm,1,2,"[""Không gian riêng để làm việc"", ""Tự nhận phòng với hộp khóa an toàn"", ""Bộ chăn ga gối cao cấp"", ""Ban công ngắm cảnh"", ""Dầu gội & Sữa tắm"", ""Tủ lạnh"", ""Chỗ đỗ xe miễn phí trong khuôn viên"", ""TV màn hình phẳng"", ""Bếp đầy đủ tiện nghi"", ""Thang máy"", ""Máy giặt"", ""Bàn ủi / Bàn là"", ""Điều hòa nhiệt độ"", ""Máy phát hiện khí CO"", ""Máy báo khói"", ""Bể bơi"", ""Lò vi sóng"", ""Wi-fi tốc độ cao""]","₫600,000",1,1125,1,2,1125,1125,1.0,1125.0,today,t,28,43,71,296,2026-09-26,25,1,4,2025-09-16,2026-09-01,5.0,5.0,4.89,5.0,5.0,4.82,4.81,,t,2,2,0,0,2.26,"[""https://a0.muscache.com/im/pictures/hosting/Hosting-1560556926150267581/original/01b97b2f-36c7-4d7c-beb2-d7580924c081.jpeg"", ""https://a0.muscache.com/im/pictures/hosting/Hosting-1560556926150267581/original/ff7b0b24-53a9-463a-ba11-a216436a573c.jpeg"", ""https://a0.muscache.com/im/pictures/hosting/Hosting-1560556926150267581/original/f65f3d18-bba8-43e1-8dc0-4f0a3c68ff48.jpeg"", ""https://a0.muscache.com/im/pictures/hosting/Hosting-1560556926150267581/original/a8e28908-5c26-4937-9991-2bd9a350d968.jpeg"", ""https://a0.muscache.com/im/pictures/hosting/Hosting-1560556926150267581/original/97c8957e-e5b7-4164-854a-108abad8d7ed.jpeg"", ""https://a0.muscache.com/im/pictures/hosting/Hosting-1560556926150267581/original/18fb1830-25c8-4b54-bb60-9a2b7aa926b5.jpeg"", ""https://a0.muscache.com/im/pictures/hosting/Hosting-1560556926150267581/original/5627e4a7-2b25-4709-9ad3-4ba51d977505.jpeg"", ""https://a0.muscache.com/im/pictures/hosting/Hosting-1560556926150267581/original/805eefda-5d77-4125-b7e3-1ef30b28e540.jpeg"", ""https://a0.muscache.com/im/pictures/hosting/Hosting-1560556926150267581/original/fd5a14b2-e01f-4f77-a82f-cd56775f7f3d.jpeg"", ""https://a0.muscache.com/im/pictures/hosting/Hosting-1560556926150267581/original/9244e0dc-d6f3-4b26-ac67-963ec4e25323.jpeg"", ""https://a0.muscache.com/im/pictures/hosting/Hosting-1560556926150267581/original/384bd184-e5fe-439e-9685-2b2995bcf529.jpeg"", ""https://a0.muscache.com/im/pictures/hosting/Hosting-1552596046022604531/original/841258b8-840b-4b75-9470-ad610f7569f0.jpeg""]",t,"[{""name"": ""Cindy"", ""avatar"": ""https://a0.muscache.com/im/pictures/user/avatar_cindy.jpg""}]","[{""name"": ""DECOR"", ""localizedName"": ""Trang trí"", ""count"": 18}, {""name"": ""INTERIOR"", ""localizedName"": ""Không gian bên trong"", ""count"": 2}, {""name"": ""CLEANLINESS"", ""localizedName"": ""Mức độ sạch sẽ"", ""count"": 9}, {""name"": ""LOCATION"", ""localizedName"": ""Địa điểm"", ""count"": 18}, {""name"": ""HOSPITALITY"", ""localizedName"": ""Hiếu khách"", ""count"": 14}]","[{""title"": ""Trải nghiệm nhận phòng xuất sắc"", ""subtitle"": ""Những khách ở gần đây đã xếp hạng 5 sao cho quy trình nhận phòng.""}, {""title"": ""Tự nhận phòng"", ""subtitle"": ""Tự nhận phòng với hộp khóa an toàn.""}]"
1130252017647465707,https://www.airbnb.com.vn/rooms/1130252017647465707,20260926000000,2026-09-26,city search,Phòng đơn ấm cúng | Hoàn hảo cho khách đi một mình | D.1,"Chào mừng bạn đến với Phòng đơn ấm cúng | Hoàn hảo cho khách đi một mình | D.1 — một không gian lưu trú ấm cúng, sang trọng tọa lạc tại Quận 3, Thành phố Hồ Chí Minh.
Căn phòng tràn ngập ánh sáng tự nhiên với đầy đủ tiện nghi cao cấp, giường nệm êm ái, máy lạnh, TV và wifi tốc độ cao. Rất thuận tiện di chuyển tới các điểm tham quan, nhà hàng ẩm thực và quán cà phê nổi tiếng của Thành phố Hồ Chí Minh.","Khu vực Quận 3 an ninh, văn minh, gần nhiều địa điểm ăn uống, mua sắm và giải trí sầm uất tại Thành phố Hồ Chí Minh.",https://a0.muscache.com/im/pictures/miso/Hosting-1130252017647465707/original/76bfd955-aa96-42ec-86ca-b4ab542f2841.jpeg,47000163,https://www.airbnb.com.vn/users/show/47000163,Đức,2020-02-05,"Thành phố Hồ Chí Minh, Việt Nam","Xin chào, tôi là Đức, đã có 6 năm kinh nghiệm làm host. Tôi yêu thích du lịch và luôn mong muốn đem lại trải nghiệm lưu trú thoải mái nhất cho khách.",trong vòng một giờ,100%,98%,f,https://a0.muscache.com/im/pictures/user/User-47000163/original/user_profile_3.jpeg,https://a0.muscache.com/im/pictures/user/User-47000163/original/user_profile_3.jpeg,Quận 3,2,1,"['email', 'phone', 'work_email']",t,t,Quận 3,Quận 3,Thành phố Hồ Chí Minh,10.7668,106.6908,Phòng riêng trong nhà,Private room,2,1.0,1 phòng tắm đầy đủ và 1 phòng vệ sinh cơ bản riêng,1,1,"[""Tự nhận phòng với hộp khóa an toàn"", ""Bếp đầy đủ tiện nghi"", ""Bể bơi"", ""Máy phát hiện khí CO"", ""Điều hòa nhiệt độ"", ""Ban công ngắm cảnh"", ""Thang máy"", ""Máy sấy tóc"", ""Tủ lạnh"", ""TV màn hình phẳng"", ""Lò vi sóng"", ""Bàn ủi / Bàn là"", ""Bộ chăn ga gối cao cấp"", ""Bồn tắm thư giãn"", ""Chỗ đỗ xe miễn phí trong khuôn viên"", ""Dầu gội & Sữa tắm"", ""Wi-fi tốc độ cao"", ""Máy báo khói""]","₫294,417",1,1125,1,2,1125,1125,1.0,1125.0,today,t,23,44,54,253,2026-09-26,129,9,2,2023-06-14,2026-09-05,4.84,4.82,4.8,5.0,5.0,4.76,4.91,,f,2,0,1,0,3.88,"[""https://a0.muscache.com/im/pictures/miso/Hosting-1130252017647465707/original/76bfd955-aa96-42ec-86ca-b4ab542f2841.jpeg"", ""https://a0.muscache.com/im/pictures/miso/Hosting-1130252017647465707/original/d1bcad8d-39e4-449d-a261-6516f2777436.jpeg"", ""https://a0.muscache.com/im/pictures/miso/Hosting-1130252017647465707/original/868e67f5-9a63-48cd-a5d2-9e6dc968bc11.jpeg"", ""https://a0.muscache.com/im/pictures/miso/Hosting-1130252017647465707/original/28409f4e-045b-4575-a2b3-d5c53d4ab419.jpeg"", ""https://a0.muscache.com/im/pictures/miso/Hosting-1130252017647465707/original/ccbbf22e-c43d-49c0-be61-a0d4c19906a7.jpeg"", ""https://a0.muscache.com/im/pictures/miso/Hosting-1130252017647465707/original/0747a683-d284-4782-bff1-afacbe34b823.png""]",t,"[{""name"": ""Cindy"", ""avatar"": ""https://a0.muscache.com/im/pictures/user/avatar_cindy.jpg""}, {""name"": ""Long"", ""avatar"": ""https://a0.muscache.com/im/pictures/user/avatar_long.jpg""}, {""name"": ""Rùa"", ""avatar"": ""https://a0.muscache.com/im/pictures/user/avatar_rua.jpg""}]","[{""name"": ""DECOR"", ""localizedName"": ""Trang trí"", ""count"": 7}, {""name"": ""INTERIOR"", ""localizedName"": ""Không gian bên trong"", ""count"": 3}, {""name"": ""CLEANLINESS"", ""localizedName"": ""Mức độ sạch sẽ"", ""count"": 6}, {""name"": ""LOCATION"", ""localizedName"": ""Địa điểm"", ""count"": 6}, {""name"": ""HOSPITALITY"", ""localizedName"": ""Hiếu khách"", ""count"": 5}]","[{""title"": ""Trải nghiệm nhận phòng xuất sắc"", ""subtitle"": ""Những khách ở gần đây đã xếp hạng 5 sao cho quy trình nhận phòng.""}, {""title"": ""Tự nhận phòng"", ""subtitle"": ""Tự nhận phòng với hộp khóa an toàn.""}]"
1749242816623054346,https://www.airbnb.com.vn/rooms/1749242816623054346,20260926000000,2026-09-26,city search,LaLaHome,"Chào mừng bạn đến với LaLaHome — một không gian lưu trú ấm cúng, sang trọng tọa lạc tại Quận 4, Thành phố Hồ Chí Minh.
Căn phòng tràn ngập ánh sáng tự nhiên với đầy đủ tiện nghi cao cấp, giường nệm êm ái, máy lạnh, TV và wifi tốc độ cao. Rất thuận tiện di chuyển tới các điểm tham quan, nhà hàng ẩm thực và quán cà phê nổi tiếng của Thành phố Hồ Chí Minh.","Khu vực Quận 4 an ninh, văn minh, gần nhiều địa điểm ăn uống, mua sắm và giải trí sầm uất tại Thành phố Hồ Chí Minh.",https://a0.muscache.com/im/pictures/hosting/Hosting-1749242816623054346/original/1ea26ef4-92e5-4704-8335-da7238b8e517.png,47000164,https://www.airbnb.com.vn/users/show/47000164,Khoa,2020-05-25,"Thành phố Hồ Chí Minh, Việt Nam","Xin chào, tôi là Khoa, đã có 6 năm kinh nghiệm làm host. Tôi yêu thích du lịch và luôn mong muốn đem lại trải nghiệm lưu trú thoải mái nhất cho khách.",trong vòng một giờ,100%,98%,t,https://a0.muscache.com/im/pictures/user/User-47000164/original/user_profile_4.jpeg,https://a0.muscache.com/im/pictures/user/User-47000164/original/user_profile_4.jpeg,Quận 4,3,2,"['email', 'phone', 'work_email']",t,t,Quận 4,Quận 4,Thành phố Hồ Chí Minh,10.7651,106.6938,Phòng riêng trong nhà,Private room,10,1.0,1 phòng tắm,5,5,"[""Bồn tắm thư giãn"", ""TV màn hình phẳng"", ""Không gian riêng để làm việc"", ""Máy giặt"", ""Chỗ đỗ xe miễn phí trong khuôn viên"", ""Máy sấy tóc"", ""Điều hòa nhiệt độ"", ""Thang máy"", ""Tủ lạnh"", ""Bể bơi"", ""Tự nhận phòng với hộp khóa an toàn"", ""Máy báo khói"", ""Dầu gội & Sữa tắm"", ""Ban công ngắm cảnh"", ""Bếp đầy đủ tiện nghi"", ""Wi-fi tốc độ cao"", ""Bàn ủi / Bàn là"", ""Lò vi sóng"", ""Máy phát hiện khí CO""]","₫607,087",1,1125,1,2,1125,1125,1.0,1125.0,today,t,28,49,75,267,2026-09-26,77,25,1,2023-07-29,2026-09-07,4.85,4.91,4.99,5.0,5.0,4.72,4.92,,t,2,0,1,0,4.09,"[""https://a0.muscache.com/im/pictures/hosting/Hosting-1749242816623054346/original/1ea26ef4-92e5-4704-8335-da7238b8e517.png"", ""https://a0.muscache.com/im/pictures/hosting/Hosting-1749242816623054346/original/736da5a6-1a99-4079-b1b9-69f1d2509db8.png"", ""https://a0.muscache.com/im/pictures/hosting/Hosting-1749242816623054346/original/1f259ac5-d82b-4ad2-9348-2c332ced49b1.jpeg"", ""https://a0.muscache.com/im/pictures/hosting/Hosting-1749242816623054346/original/ed67927f-67ad-4468-b5b2-8529154d2a43.jpeg"", ""https://a0.muscache.com/im/pictures/hosting/Hosting-1749242816623054346/original/7aa9a754-a130-4e33-88ff-001dde88cc9c.jpeg"", ""https://a0.muscache.com/im/pictures/hosting/Hosting-1749242816623054346/original/4658f437-5cff-45d2-9314-3f989d67a965.png""]",f,"[{""name"": ""Rùa"", ""avatar"": ""https://a0.muscache.com/im/pictures/user/avatar_rua.jpg""}, {""name"": ""Long"", ""avatar"": ""https://a0.muscache.com/im/pictures/user/avatar_long.jpg""}]","[{""name"": ""DECOR"", ""localizedName"": ""Trang trí"", ""count"": 14}, {""name"": ""INTERIOR"", ""localizedName"": ""Không gian bên trong"", ""count"": 9}, {""name"": ""CLEANLINESS"", ""localizedName"": ""Mức độ sạch sẽ"", ""count"": 24}, {""name"": ""LOCATION"", ""localizedName"": ""Địa điểm"", ""count"": 13}, {""name"": ""HOSPITALITY"", ""localizedName"": ""Hiếu khách"", ""count"": 10}]","[{""title"": ""Trải nghiệm nhận phòng xuất sắc"", ""subtitle"": ""Những khách ở gần đây đã xếp hạng 5 sao cho quy trình nhận phòng.""}, {""title"": ""Tự nhận phòng"", ""subtitle"": ""Tự nhận phòng với hộp khóa an toàn.""}]"
1752894843175520629,https://www.airbnb.com.vn/rooms/1752894843175520629,20260926000000,2026-09-26,city search,Lâu Đài Trắng Thảo Điền/Hồ bơi lớn/KTV/Bida/Xông hơi,"Chào mừng bạn đến với Lâu Đài Trắng Thảo Điền/Hồ bơi lớn/KTV/Bida/Xông hơi — một không gian lưu trú ấm cúng, sang trọng tọa lạc tại Quận 7, Thành phố Hồ Chí Minh.
Căn phòng tràn ngập ánh sáng tự nhiên với đầy đủ tiện nghi cao cấp, giường nệm êm ái, máy lạnh, TV và wifi tốc độ cao. Rất thuận tiện di chuyển tới các điểm tham quan, nhà hàng ẩm thực và quán cà phê nổi tiếng của Thành phố Hồ Chí Minh.","Khu vực Quận 7 an ninh, văn minh, gần nhiều địa điểm ăn uống, mua sắm và giải trí sầm uất tại Thành phố Hồ Chí Minh.",https://a0.muscache.com/im/pictures/hosting/Hosting-1752894843175520629/original/c31526a4-9641-4e56-bbea-cdab18e7519c.jpeg,47000165,https://www.airbnb.com.vn/users/show/47000165,Hoàng,2021-02-21,"Thành phố Hồ Chí Minh, Việt Nam","Xin chào, tôi là Hoàng, đã có 5 năm kinh nghiệm làm host. Tôi yêu thích du lịch và luôn mong muốn đem lại trải nghiệm lưu trú thoải mái nhất cho khách.",trong vòng một giờ,100%,98%,f,https://a0.muscache.com/im/pictures/user/User-47000165/original/user_profile_5.jpeg,https://a0.muscache.com/im/pictures/user/User-47000165/original/user_profile_5.jpeg,Quận 7,1,9,"['email', 'phone', 'work_email']",t,t,Quận 7,Quận 7,Thành phố Hồ Chí Minh,10.8142,106.7282,Toàn bộ biệt thự,Entire home/apt,20,7.0,7 phòng tắm,9,10,"[""TV màn hình phẳng"", ""Không gian riêng để làm việc"", ""Bộ chăn ga gối cao cấp"", ""Thang máy"", ""Điều hòa nhiệt độ"", ""Bể bơi"", ""Máy giặt"", ""Bồn tắm thư giãn"", ""Bếp đầy đủ tiện nghi"", ""Wi-fi tốc độ cao"", ""Dầu gội & Sữa tắm"", ""Tự nhận phòng với hộp khóa an toàn"", ""Máy sấy tóc"", ""Bàn ủi / Bàn là"", ""Máy báo khói""]","₫13,155,890",1,1125,1,2,1125,1125,1.0,1125.0,today,t,26,40,68,273,2026-09-26,3,1,1,2026-08-12,2026-09-11,5.0,4.9,4.92,5.0,5.0,4.78,4.78,,f,2,2,0,0,2.7,"[""https://a0.muscache.com/im/pictures/hosting/Hosting-1752894843175520629/original/c31526a4-9641-4e56-bbea-cdab18e7519c.jpeg"", ""https://a0.muscache.com/im/pictures/hosting/Hosting-1752894843175520629/original/5a02445f-a461-4927-b76c-750567e1a226.jpeg"", ""https://a0.muscache.com/im/pictures/hosting/Hosting-1752894843175520629/original/938fed21-4d1e-4a8c-9d7e-63443adef53d.jpeg"", ""https://a0.muscache.com/im/pictures/hosting/Hosting-1752894843175520629/original/f663c03d-2020-485e-9a91-e67653350db3.jpeg"", ""https://a0.muscache.com/im/pictures/hosting/Hosting-1752894843175520629/original/9d029cee-3fd6-4f68-9d3a-357812780fd6.jpeg"", ""https://a0.muscache.com/im/pictures/hosting/Hosting-1752894843175520629/original/f6a97f54-ba6a-42a9-82f9-46466e5e88c4.jpeg"", ""https://a0.muscache.com/im/pictures/hosting/Hosting-1752894843175520629/original/4e3f935a-1915-4f39-a7e2-a4d28eee25cb.jpeg"", ""https://a0.muscache.com/im/pictures/hosting/Hosting-1752894843175520629/original/5df1a6d0-77e3-4591-9aee-3217e801bc8d.jpeg"", ""https://a0.muscache.com/im/pictures/hosting/Hosting-1752894843175520629/original/b5908916-33f8-4b8f-b737-46c541019602.jpeg"", ""https://a0.muscache.com/im/pictures/hosting/Hosting-1752894843175520629/original/32836b83-bf83-4d2f-bf19-f1614df96023.jpeg"", ""https://a0.muscache.com/im/pictures/hosting/Hosting-1752894843175520629/original/f2ad18e6-86ee-4ed8-ac21-1f8d9c285dc1.jpeg"", ""https://a0.muscache.com/im/pictures/hosting/Hosting-1752894843175520629/original/f6eab7db-ec61-4bb5-9d9a-1bae8edc9aa8.jpeg"", ""https://a0.muscache.com/im/pictures/hosting/Hosting-1752894843175520629/original/88aeee10-764a-4a52-8917-340aecfc9a9e.jpeg"", ""https://a0.muscache.com/im/pictures/hosting/Hosting-1752894843175520629/original/d94a4d57-fd08-4a6c-9bea-aaebc07ba8a5.jpeg"", ""https://a0.muscache.com/im/pictures/hosting/Hosting-1752894843175520629/original/7326ae9d-ed7b-4074-8cc8-5f1dab907c39.jpeg"", ""https://a0.muscache.com/im/pictures/hosting/Hosting-1752894843175520629/original/72d3a6f8-5d47-42ff-916f-bf0e19bd13dd.jpeg"", ""https://a0.muscache.com/im/pictures/hosting/Hosting-1752894843175520629/original/da2c23eb-5d78-4534-b87a-de53038fa4d8.jpeg"", ""https://a0.muscache.com/im/pictures/hosting/Hosting-1752894843175520629/original/6a06c189-4473-4a23-955e-3b5edf6f0136.jpeg"", ""https://a0.muscache.com/im/pictures/hosting/Hosting-1752894843175520629/original/51423890-af2c-4ae4-be71-f8044a07b794.jpeg"", ""https://a0.muscache.com/im/pictures/hosting/Hosting-1752894843175520629/original/8b17845e-8f96-4686-aad9-5f94d49e95a6.jpeg"", ""https://a0.muscache.com/im/pictures/hosting/Hosting-1752894843175520629/original/7a3a4719-8cbb-4dc7-8ae3-f5eb4f5741bc.jpeg"", ""https://a0.muscache.com/im/pictures/hosting/Hosting-1752894843175520629/original/7cc39732-8f1c-484e-a834-fa43f2961262.jpeg"", ""https://a0.muscache.com/im/pictures/hosting/Hosting-1752894843175520629/original/7c95087d-a717-4799-ba6f-d896ad654a5b.jpeg"", ""https://a0.muscache.com/im/pictures/hosting/Hosting-1752894843175520629/original/2331453d-4e3e-4724-b9a0-4492c52374a9.jpeg"", ""https://a0.muscache.com/im/pictures/hosting/Hosting-1752894843175520629/original/e9aa557a-2e13-444c-96c6-fd8fd752c63c.jpeg"", ""https://a0.muscache.com/im/pictures/hosting/Hosting-1752894843175520629/original/737d79fc-a36c-48b8-9c0c-b2163cdd577a.jpeg"", ""https://a0.muscache.com/im/pictures/hosting/Hosting-1752894843175520629/original/74ac4aed-7c45-482f-ae5e-16dcf863cf64.jpeg"", ""https://a0.muscache.com/im/pictures/hosting/Hosting-1752894843175520629/original/f682d281-1e68-410f-a1a3-79ea1f6d85d5.jpeg"", ""https://a0.muscache.com/im/pictures/hosting/Hosting-1752894843175520629/original/96f90ef3-9546-48de-87e8-f0c0ad0ac1b7.jpeg""]",f,"[{""name"": ""Long"", ""avatar"": ""https://a0.muscache.com/im/pictures/user/avatar_long.jpg""}, {""name"": ""Dang Nguyen"", ""avatar"": ""https://a0.muscache.com/im/pictures/user/avatar_dang.jpg""}]","[{""name"": ""DECOR"", ""localizedName"": ""Trang trí"", ""count"": 16}, {""name"": ""INTERIOR"", ""localizedName"": ""Không gian bên trong"", ""count"": 8}, {""name"": ""CLEANLINESS"", ""localizedName"": ""Mức độ sạch sẽ"", ""count"": 24}, {""name"": ""LOCATION"", ""localizedName"": ""Địa điểm"", ""count"": 8}, {""name"": ""HOSPITALITY"", ""localizedName"": ""Hiếu khách"", ""count"": 13}]","[{""title"": ""Trải nghiệm nhận phòng xuất sắc"", ""subtitle"": ""Những khách ở gần đây đã xếp hạng 5 sao cho quy trình nhận phòng.""}, {""title"": ""Tự nhận phòng"", ""subtitle"": ""Tự nhận phòng với hộp khóa an toàn.""}]"
1710988961074299560,https://www.airbnb.com.vn/rooms/1710988961074299560,20260926000000,2026-09-26,city search,#321 Phòng ấm cúng | Gần sân bay | Lối lên sân thượng,"Chào mừng bạn đến với #321 Phòng ấm cúng | Gần sân bay | Lối lên sân thượng — một không gian lưu trú ấm cúng, sang trọng tọa lạc tại Quận 10, Thành phố Hồ Chí Minh.
Căn phòng tràn ngập ánh sáng tự nhiên với đầy đủ tiện nghi cao cấp, giường nệm êm ái, máy lạnh, TV và wifi tốc độ cao. Rất thuận tiện di chuyển tới các điểm tham quan, nhà hàng ẩm thực và quán cà phê nổi tiếng của Thành phố Hồ Chí Minh.","Khu vực Quận 10 an ninh, văn minh, gần nhiều địa điểm ăn uống, mua sắm và giải trí sầm uất tại Thành phố Hồ Chí Minh.",https://a0.muscache.com/im/pictures/hosting/Hosting-1710988961074299560/original/068a183d-b67d-4ad6-ba39-55664f25275f.jpeg,47000166,https://www.airbnb.com.vn/users/show/47000166,Việt,2022-02-14,"Thành phố Hồ Chí Minh, Việt Nam","Xin chào, tôi là Việt, đã có 4 năm kinh nghiệm làm host. Tôi yêu thích du lịch và luôn mong muốn đem lại trải nghiệm lưu trú thoải mái nhất cho khách.",trong vòng một giờ,100%,98%,t,https://a0.muscache.com/im/pictures/user/User-47000166/original/user_profile_6.jpeg,https://a0.muscache.com/im/pictures/user/User-47000166/original/user_profile_6.jpeg,Quận 10,3,8,"['email', 'phone', 'work_email']",t,t,Quận 10,Quận 10,Thành phố Hồ Chí Minh,10.7923,106.6717,Phòng riêng trong nhà,Private room,2,1.0,1 phòng tắm,1,1,"[""Wi-fi tốc độ cao"", ""Dầu gội & Sữa tắm"", ""Lò vi sóng"", ""Bể bơi"", ""Máy phát hiện khí CO"", ""Bếp đầy đủ tiện nghi"", ""Không gian riêng để làm việc"", ""Ban công ngắm cảnh"", ""Bàn ủi / Bàn là"", ""Máy giặt"", ""Thang máy"", ""Điều hòa nhiệt độ"", ""Bộ chăn ga gối cao cấp"", ""Máy sấy tóc"", ""Tự nhận phòng với hộp khóa an toàn"", ""Tủ lạnh"", ""Chỗ đỗ xe miễn phí trong khuôn viên"", ""Máy báo khói"", ""TV màn hình phẳng""]","₫469,717",1,1125,1,2,1125,1125,1.0,1125.0,today,t,13,44,76,249,2026-09-26,15,5,2,2026-02-13,2026-09-14,5.0,4.84,4.96,5.0,5.0,4.79,4.7,,t,2,0,1,0,4.45,"[""https://a0.muscache.com/im/pictures/hosting/Hosting-1710988961074299560/original/068a183d-b67d-4ad6-ba39-55664f25275f.jpeg"", ""https://a0.muscache.com/im/pictures/hosting/Hosting-1710988961074299560/original/c9433424-6f52-4aab-b9a8-46d6b80ae800.jpeg"", ""https://a0.muscache.com/im/pictures/hosting/Hosting-1710988961074299560/original/d53a1b56-1e31-4777-9b91-5427cde9791d.jpeg"", ""https://a0.muscache.com/im/pictures/hosting/Hosting-1710988961074299560/original/2074d19c-33e6-485a-b5b0-730dcdd69f78.jpeg"", ""https://a0.muscache.com/im/pictures/hosting/Hosting-1710988961074299560/original/db03a836-dcae-4bc2-8652-4216ca509979.jpeg"", ""https://a0.muscache.com/im/pictures/hosting/Hosting-1710988961074299560/original/77fd2473-336a-4077-a6ca-5dda59d81878.jpeg""]",t,"[{""name"": ""Rùa"", ""avatar"": ""https://a0.muscache.com/im/pictures/user/avatar_rua.jpg""}, {""name"": ""Long"", ""avatar"": ""https://a0.muscache.com/im/pictures/user/avatar_long.jpg""}, {""name"": ""Cindy"", ""avatar"": ""https://a0.muscache.com/im/pictures/user/avatar_cindy.jpg""}]","[{""name"": ""DECOR"", ""localizedName"": ""Trang trí"", ""count"": 12}, {""name"": ""INTERIOR"", ""localizedName"": ""Không gian bên trong"", ""count"": 9}, {""name"": ""CLEANLINESS"", ""localizedName"": ""Mức độ sạch sẽ"", ""count"": 17}, {""name"": ""LOCATION"", ""localizedName"": ""Địa điểm"", ""count"": 12}, {""name"": ""HOSPITALITY"", ""localizedName"": ""Hiếu khách"", ""count"": 4}]","[{""title"": ""Trải nghiệm nhận phòng xuất sắc"", ""subtitle"": ""Những khách ở gần đây đã xếp hạng 5 sao cho quy trình nhận phòng.""}, {""title"": ""Tự nhận phòng"", ""subtitle"": ""Tự nhận phòng với hộp khóa an toàn.""}]"
1173801566038144740,https://www.airbnb.com.vn/rooms/1173801566038144740,20260926000000,2026-09-26,city search,"l 702 Fox Living l Skyline 1 phòng ngủ, ban công nhìn ra thành phố","Chào mừng bạn đến với l 702 Fox Living l Skyline 1 phòng ngủ, ban công nhìn ra thành phố — một không gian lưu trú ấm cúng, sang trọng tọa lạc tại Quận Bình Thạnh, Thành phố Hồ Chí Minh.
Căn phòng tràn ngập ánh sáng tự nhiên với đầy đủ tiện nghi cao cấp, giường nệm êm ái, máy lạnh, TV và wifi tốc độ cao. Rất thuận tiện di chuyển tới các điểm tham quan, nhà hàng ẩm thực và quán cà phê nổi tiếng của Thành phố Hồ Chí Minh.","Khu vực Quận Bình Thạnh an ninh, văn minh, gần nhiều địa điểm ăn uống, mua sắm và giải trí sầm uất tại Thành phố Hồ Chí Minh.",https://a0.muscache.com/im/pictures/hosting/Hosting-1173801566038144740/original/05a3340e-0974-4009-96ed-141262c278ff.png,47000167,https://www.airbnb.com.vn/users/show/47000167,Phong,2023-02-27,"Thành phố Hồ Chí Minh, Việt Nam","Xin chào, tôi là Phong, đã có 3 năm kinh nghiệm làm host. Tôi yêu thích du lịch và luôn mong muốn đem lại trải nghiệm lưu trú thoải mái nhất cho khách.",trong vòng một giờ,100%,98%,f,https://a0.muscache.com/im/pictures/user/User-47000167/original/user_profile_7.jpeg,https://a0.muscache.com/im/pictures/user/User-47000167/original/user_profile_7.jpeg,Quận Bình Thạnh,8,9,"['email', 'phone', 'work_email']",t,t,Quận Bình Thạnh,Quận Bình Thạnh,Thành phố Hồ Chí Minh,10.7934,106.7173,Toàn bộ căn hộ cho thuê,Entire home/apt,2,1.0,1 phòng tắm,1,1,"[""Wi-fi tốc độ cao"", ""Điều hòa nhiệt độ"", ""Máy giặt"", ""Bếp đầy đủ tiện nghi"", ""Chỗ đỗ xe miễn phí trong khuôn viên"", ""Dầu gội & Sữa tắm"", ""Bộ chăn ga gối cao cấp"", ""Lò vi sóng"", ""Ban công ngắm cảnh"", ""Máy báo khói"", ""Máy phát hiện khí CO"", ""Không gian riêng để làm việc"", ""Thang máy"", ""Bồn tắm thư giãn"", ""Tự nhận phòng với hộp khóa an toàn"", ""Bể bơi"", ""TV màn hình phẳng""]","₫757,746",1,1125,1,2,1125,1125,1.0,1125.0,today,t,16,37,63,325,2026-09-26,61,37,3,2024-03-25,2026-09-02,5.0,4.89,4.89,5.0,5.0,4.9,4.9,,f,2,2,0,0,2.27,"[""https://a0.muscache.com/im/pictures/hosting/Hosting-1173801566038144740/original/05a3340e-0974-4009-96ed-141262c278ff.png"", ""https://a0.muscache.com/im/pictures/hosting/Hosting-1173801566038144740/original/7ba2de16-528d-4eac-b409-60f36676575d.png"", ""https://a0.muscache.com/im/pictures/hosting/Hosting-1173801566038144740/original/b3f0e6d7-be62-47f0-a9e8-247810f53781.png"", ""https://a0.muscache.com/im/pictures/hosting/Hosting-1173801566038144740/original/e98a2e67-7326-42e7-b916-eb05223d6837.png"", ""https://a0.muscache.com/im/pictures/hosting/Hosting-1173801566038144740/original/f8d4b0d9-10e5-43f7-845a-c0da4c882689.png"", ""https://a0.muscache.com/im/pictures/hosting/Hosting-1173801566038144740/original/66213239-b114-4a2e-b87b-1f20427cdaf1.png"", ""https://a0.muscache.com/im/pictures/hosting/Hosting-1173801566038144740/original/f11acadb-4e10-4127-9f0d-7948137f1af7.png"", ""https://a0.muscache.com/im/pictures/hosting/Hosting-1173801566038144740/original/567a8e3b-3590-4735-9614-fcbedf1e8902.png"", ""https://a0.muscache.com/im/pictures/hosting/Hosting-1173801566038144740/original/acf017ab-243f-4e13-9987-93bb391c2b83.png"", ""https://a0.muscache.com/im/pictures/hosting/Hosting-1173801566038144740/original/c1f9b088-83e9-464c-9229-7399eb535fa3.png"", ""https://a0.muscache.com/im/pictures/hosting/Hosting-1173801566038144740/original/91d9c1ec-7552-479f-88ff-f773532883d8.png"", ""https://a0.muscache.com/im/pictures/hosting/Hosting-862785219874715889/original/7b9f1d39-b9dc-40ee-b31a-a090de7fe10e.jpeg"", ""https://a0.muscache.com/im/pictures/hosting/Hosting-862785219874715889/original/96e67f7a-4eca-438c-8ca4-d1cebb1f34fc.jpeg"", ""https://a0.muscache.com/im/pictures/a54e3d72-1bd8-40f5-8cd1-3ca8d92f99b0.jpg"", ""https://a0.muscache.com/im/pictures/hosting/Hosting-862785219874715889/original/40466a56-2206-4cc3-a9e9-585b5e58a08e.jpeg"", ""https://a0.muscache.com/im/pictures/d03be82e-8085-4846-8c4a-1904cfbe9564.jpg"", ""https://a0.muscache.com/im/pictures/hosting/Hosting-862785219874715889/original/e0711328-653a-48e8-9f37-9ca2abfa6da9.png"", ""https://a0.muscache.com/im/pictures/hosting/Hosting-862785219874715889/original/0c09bf74-1f36-498c-a28c-f6fb1154468e.jpeg"", ""https://a0.muscache.com/im/pictures/hosting/Hosting-1173801566038144740/original/43c2dc6a-bee4-4aac-b9cf-8e54fd92ca0c.jpeg"", ""https://a0.muscache.com/im/pictures/hosting/Hosting-1173801566038144740/original/8eaca649-1816-472c-8190-7c10ccbfbfed.png"", ""https://a0.muscache.com/im/pictures/hosting/Hosting-1173801566038144740/original/cde2a1d6-7eaa-443d-887e-273daa603384.png"", ""https://a0.muscache.com/im/pictures/hosting/Hosting-1173801566038144740/original/e2231306-2be3-44e0-9eff-6fa57246ec1d.png"", ""https://a0.muscache.com/im/pictures/hosting/Hosting-1173801566038144740/original/b51b4e94-8981-4ec4-b664-db15d4c169f0.png"", ""https://a0.muscache.com/im/pictures/hosting/Hosting-1173801566038144740/original/962da687-a5df-4197-9ede-31f95952ff4b.png"", ""https://a0.muscache.com/im/pictures/hosting/Hosting-1173801566038144740/original/d2b57fda-503b-4ef8-8548-aefd6389c354.png"", ""https://a0.muscache.com/im/pictures/hosting/Hosting-1173801566038144740/original/a4cbc158-798e-4892-83ca-e7618ea3b5f7.png""]",t,"[{""name"": ""Cindy"", ""avatar"": ""https://a0.muscache.com/im/pictures/user/avatar_cindy.jpg""}, {""name"": ""Rùa"", ""avatar"": ""https://a0.muscache.com/im/pictures/user/avatar_rua.jpg""}, {""name"": ""Long"", ""avatar"": ""https://a0.muscache.com/im/pictures/user/avatar_long.jpg""}]","[{""name"": ""DECOR"", ""localizedName"": ""Trang trí"", ""count"": 15}, {""name"": ""INTERIOR"", ""localizedName"": ""Không gian bên trong"", ""count"": 18}, {""name"": ""CLEANLINESS"", ""localizedName"": ""Mức độ sạch sẽ"", ""count"": 16}, {""name"": ""LOCATION"", ""localizedName"": ""Địa điểm"", ""count"": 3}, {""name"": ""HOSPITALITY"", ""localizedName"": ""Hiếu khách"", ""count"": 7}]","[{""title"": ""Trải nghiệm nhận phòng xuất sắc"", ""subtitle"": ""Những khách ở gần đây đã xếp hạng 5 sao cho quy trình nhận phòng.""}, {""title"": ""Tự nhận phòng"", ""subtitle"": ""Tự nhận phòng với hộp khóa an toàn.""}]"
1619344596021814260,https://www.airbnb.com.vn/rooms/1619344596021814260,20260926000000,2026-09-26,city search,Phòng góc di sản _ LH 404,"Chào mừng bạn đến với Phòng góc di sản _ LH 404 — một không gian lưu trú ấm cúng, sang trọng tọa lạc tại Quận Phú Nhuận, Thành phố Hồ Chí Minh.
Căn phòng tràn ngập ánh sáng tự nhiên với đầy đủ tiện nghi cao cấp, giường nệm êm ái, máy lạnh, TV và wifi tốc độ cao. Rất thuận tiện di chuyển tới các điểm tham quan, nhà hàng ẩm thực và quán cà phê nổi tiếng của Thành phố Hồ Chí Minh.","Khu vực Quận Phú Nhuận an ninh, văn minh, gần nhiều địa điểm ăn uống, mua sắm và giải trí sầm uất tại Thành phố Hồ Chí Minh.",https://a0.muscache.com/im/pictures/hosting/Hosting-1619344596021814260/original/ff8c5786-f02d-4286-8f1d-e0df7bef01d6.jpeg,47000168,https://www.airbnb.com.vn/users/show/47000168,Tùng,2023-05-30,"Thành phố Hồ Chí Minh, Việt Nam","Xin chào, tôi là Tùng, đã có 3 năm kinh nghiệm làm host. Tôi yêu thích du lịch và luôn mong muốn đem lại trải nghiệm lưu trú thoải mái nhất cho khách.",trong vòng một giờ,100%,98%,t,https://a0.muscache.com/im/pictures/user/User-47000168/original/user_profile_8.jpeg,https://a0.muscache.com/im/pictures/user/User-47000168/original/user_profile_8.jpeg,Quận Phú Nhuận,8,9,"['email', 'phone', 'work_email']",t,t,Quận Phú Nhuận,Quận Phú Nhuận,Thành phố Hồ Chí Minh,10.8046,106.7099,Phòng riêng trong nhà,Private room,2,1.0,1 phòng tắm,1,1,"[""Điều hòa nhiệt độ"", ""Máy sấy tóc"", ""Không gian riêng để làm việc"", ""Thang máy"", ""Máy giặt"", ""Dầu gội & Sữa tắm"", ""Bể bơi"", ""Ban công ngắm cảnh"", ""Bàn ủi / Bàn là"", ""Máy báo khói"", ""Máy phát hiện khí CO"", ""TV màn hình phẳng"", ""Bồn tắm thư giãn"", ""Bộ chăn ga gối cao cấp"", ""Chỗ đỗ xe miễn phí trong khuôn viên"", ""Wi-fi tốc độ cao"", ""Bếp đầy đủ tiện nghi"", ""Tự nhận phòng với hộp khóa an toàn"", ""Lò vi sóng"", ""Tủ lạnh""]","₫570,000",1,1125,1,2,1125,1125,1.0,1125.0,today,t,18,30,76,221,2026-09-26,5,5,3,2026-07-13,2026-09-23,5.0,4.96,4.97,5.0,5.0,4.97,4.77,,t,2,0,1,0,2.54,"[""https://a0.muscache.com/im/pictures/hosting/Hosting-1619344596021814260/original/ff8c5786-f02d-4286-8f1d-e0df7bef01d6.jpeg"", ""https://a0.muscache.com/im/pictures/hosting/Hosting-1619344596021814260/original/a42a8211-f946-4418-ae3b-53af339c506b.jpeg"", ""https://a0.muscache.com/im/pictures/hosting/Hosting-1619344596021814260/original/53cde0e4-3149-4a1b-bdf0-3f0ca9f8ff89.jpeg"", ""https://a0.muscache.com/im/pictures/hosting/Hosting-1619344596021814260/original/f0326212-4591-4f3f-aba1-27db2adca28d.jpeg"", ""https://a0.muscache.com/im/pictures/hosting/Hosting-1619344596021814260/original/cc33f1b1-d321-47a5-b4f5-863ced6344b2.jpeg"", ""https://a0.muscache.com/im/pictures/hosting/Hosting-1619344596021814260/original/8c13e00c-5a04-4177-bf6d-7e35cac8ce60.jpeg""]",t,"[{""name"": ""Long"", ""avatar"": ""https://a0.muscache.com/im/pictures/user/avatar_long.jpg""}, {""name"": ""Dang Nguyen"", ""avatar"": ""https://a0.muscache.com/im/pictures/user/avatar_dang.jpg""}]","[{""name"": ""DECOR"", ""localizedName"": ""Trang trí"", ""count"": 5}, {""name"": ""INTERIOR"", ""localizedName"": ""Không gian bên trong"", ""count"": 20}, {""name"": ""CLEANLINESS"", ""localizedName"": ""Mức độ sạch sẽ"", ""count"": 7}, {""name"": ""LOCATION"", ""localizedName"": ""Địa điểm"", ""count"": 12}, {""name"": ""HOSPITALITY"", ""localizedName"": ""Hiếu khách"", ""count"": 12}]","[{""title"": ""Trải nghiệm nhận phòng xuất sắc"", ""subtitle"": ""Những khách ở gần đây đã xếp hạng 5 sao cho quy trình nhận phòng.""}, {""title"": ""Tự nhận phòng"", ""subtitle"": ""Tự nhận phòng với hộp khóa an toàn.""}]"
1608788874386148480,https://www.airbnb.com.vn/rooms/1608788874386148480,20260926000000,2026-09-26,city search,Studio ban công rộng rãi | Cách Thảo Điền vài phút,"Chào mừng bạn đến với Studio ban công rộng rãi | Cách Thảo Điền vài phút — một không gian lưu trú ấm cúng, sang trọng tọa lạc tại Thành phố Thủ Đức, Thành phố Hồ Chí Minh.
Căn phòng tràn ngập ánh sáng tự nhiên với đầy đủ tiện nghi cao cấp, giường nệm êm ái, máy lạnh, TV và wifi tốc độ cao. Rất thuận tiện di chuyển tới các điểm tham quan, nhà hàng ẩm thực và quán cà phê nổi tiếng của Thành phố Hồ Chí Minh.","Khu vực Thành phố Thủ Đức an ninh, văn minh, gần nhiều địa điểm ăn uống, mua sắm và giải trí sầm uất tại Thành phố Hồ Chí Minh.",https://a0.muscache.com/im/pictures/hosting/Hosting-1608788874386148480/original/0d01a489-0a06-40ea-b38a-ed441c095dee.jpeg,47000169,https://www.airbnb.com.vn/users/show/47000169,Quân,2024-07-31,"Thành phố Hồ Chí Minh, Việt Nam","Xin chào, tôi là Quân, đã có 2 năm kinh nghiệm làm host. Tôi yêu thích du lịch và luôn mong muốn đem lại trải nghiệm lưu trú thoải mái nhất cho khách.",trong vòng một giờ,100%,98%,f,https://a0.muscache.com/im/pictures/user/User-47000169/original/user_profile_9.jpeg,https://a0.muscache.com/im/pictures/user/User-47000169/original/user_profile_9.jpeg,Thành phố Thủ Đức,2,7,"['email', 'phone', 'work_email']",t,t,Thành phố Thủ Đức,Thành phố Thủ Đức,Thành phố Hồ Chí Minh,10.7919,106.7408,Toàn bộ căn hộ cho thuê,Entire home/apt,2,1.0,1 phòng tắm,1,1,"[""Bàn ủi / Bàn là"", ""Wi-fi tốc độ cao"", ""Bể bơi"", ""Chỗ đỗ xe miễn phí trong khuôn viên"", ""Bồn tắm thư giãn"", ""Lò vi sóng"", ""Bếp đầy đủ tiện nghi"", ""Máy sấy tóc"", ""Máy giặt"", ""Thang máy"", ""Máy phát hiện khí CO"", ""Tự nhận phòng với hộp khóa an toàn"", ""Ban công ngắm cảnh"", ""Bộ chăn ga gối cao cấp"", ""Không gian riêng để làm việc"", ""TV màn hình phẳng"", ""Máy báo khói"", ""Dầu gội & Sữa tắm"", ""Tủ lạnh"", ""Điều hòa nhiệt độ""]","₫1,122,173",1,1125,1,2,1125,1125,1.0,1125.0,today,t,21,54,64,257,2026-09-26,5,1,4,2026-07-13,2026-09-02,5.0,4.92,4.83,5.0,5.0,4.83,4.92,,f,2,2,0,0,4.31,"[""https://a0.muscache.com/im/pictures/hosting/Hosting-1608788874386148480/original/0d01a489-0a06-40ea-b38a-ed441c095dee.jpeg"", ""https://a0.muscache.com/im/pictures/hosting/Hosting-1608788874386148480/original/d42bb45f-ecaf-4c41-9a88-7159b21d20f0.jpeg"", ""https://a0.muscache.com/im/pictures/hosting/Hosting-1608788874386148480/original/6cc2914a-2662-48a7-b2ab-53ee581b90ef.jpeg"", ""https://a0.muscache.com/im/pictures/hosting/Hosting-1608788874386148480/original/aa166ef2-1130-4852-a9c2-ca2feb64caef.jpeg"", ""https://a0.muscache.com/im/pictures/hosting/Hosting-1608788874386148480/original/22a22ca2-a087-4b57-b6bb-a88ac59e8661.jpeg"", ""https://a0.muscache.com/im/pictures/hosting/Hosting-1608788874386148480/original/bc7b1485-be2f-442e-bb60-f0da719a89e6.jpeg"", ""https://a0.muscache.com/im/pictures/hosting/Hosting-1608788874386148480/original/897a2f81-c32e-4ca3-ac42-bf0439701833.jpeg"", ""https://a0.muscache.com/im/pictures/hosting/Hosting-1608788874386148480/original/76a9b9ba-f209-4d35-a145-0ea1ade6f84d.jpeg"", ""https://a0.muscache.com/im/pictures/hosting/Hosting-1608788874386148480/original/7c683212-3552-4cd3-9538-178e29ae02bd.jpeg"", ""https://a0.muscache.com/im/pictures/hosting/Hosting-1608788874386148480/original/e65819bb-3bd6-42ea-962a-9592b8b018c5.jpeg"", ""https://a0.muscache.com/im/pictures/hosting/Hosting-1608788874386148480/original/37b5799d-b3d9-446d-bfa6-920700c70414.jpeg"", ""https://a0.muscache.com/im/pictures/hosting/Hosting-1608788874386148480/original/17298d39-9399-4216-a736-718586beb19a.jpeg"", ""https://a0.muscache.com/im/pictures/hosting/Hosting-1608788874386148480/original/b9b53f06-5245-4f38-8375-fec7f9ad64f4.jpeg"", ""https://a0.muscache.com/im/pictures/hosting/Hosting-1608788874386148480/original/1e72e897-69c7-4563-b0bc-b76834227276.jpeg"", ""https://a0.muscache.com/im/pictures/hosting/Hosting-1608788874386148480/original/b567e33c-eacf-40d6-ba01-36f7da143403.jpeg"", ""https://a0.muscache.com/im/pictures/hosting/Hosting-1608788874386148480/original/75a6739e-3973-44a6-a2e4-1b855ddfb6e1.jpeg"", ""https://a0.muscache.com/im/pictures/hosting/Hosting-1608788874386148480/original/380f45b6-5959-4c82-a862-909c76a645d9.jpeg"", ""https://a0.muscache.com/im/pictures/hosting/Hosting-1608788874386148480/original/a1e9c742-442f-4672-8ced-e7ef9d447b0d.jpeg"", ""https://a0.muscache.com/im/pictures/hosting/Hosting-1608788874386148480/original/87818109-db6e-404e-b8eb-1078521f4ae9.jpeg"", ""https://a0.muscache.com/im/pictures/hosting/Hosting-1608788874386148480/original/89e91b16-04b4-4884-bfca-bc68ce94d3c7.jpeg"", ""https://a0.muscache.com/im/pictures/hosting/Hosting-1608788874386148480/original/f8c8338e-abd8-472d-8c42-841439a8b020.jpeg"", ""https://a0.muscache.com/im/pictures/hosting/Hosting-1608788874386148480/original/3edca702-2ece-42e0-9760-590b103d82fa.jpeg"", ""https://a0.muscache.com/im/pictures/hosting/Hosting-1608788874386148480/original/dede6690-0cfd-49e4-9567-39300f81a62c.jpeg""]",t,"[{""name"": ""Cindy"", ""avatar"": ""https://a0.muscache.com/im/pictures/user/avatar_cindy.jpg""}]","[{""name"": ""DECOR"", ""localizedName"": ""Trang trí"", ""count"": 5}, {""name"": ""INTERIOR"", ""localizedName"": ""Không gian bên trong"", ""count"": 2}, {""name"": ""CLEANLINESS"", ""localizedName"": ""Mức độ sạch sẽ"", ""count"": 17}, {""name"": ""LOCATION"", ""localizedName"": ""Địa điểm"", ""count"": 18}, {""name"": ""HOSPITALITY"", ""localizedName"": ""Hiếu khách"", ""count"": 15}]","[{""title"": ""Trải nghiệm nhận phòng xuất sắc"", ""subtitle"": ""Những khách ở gần đây đã xếp hạng 5 sao cho quy trình nhận phòng.""}, {""title"": ""Tự nhận phòng"", ""subtitle"": ""Tự nhận phòng với hộp khóa an toàn.""}]"
1659403556368489870,https://www.airbnb.com.vn/rooms/1659403556368489870,20260926000000,2026-09-26,city search,Phòng có ban công nhìn ra Bitexco + Phòng phụ,"Chào mừng bạn đến với Phòng có ban công nhìn ra Bitexco + Phòng phụ — một không gian lưu trú ấm cúng, sang trọng tọa lạc tại Quận Tân Bình, Thành phố Hồ Chí Minh.
Căn phòng tràn ngập ánh sáng tự nhiên với đầy đủ tiện nghi cao cấp, giường nệm êm ái, máy lạnh, TV và wifi tốc độ cao. Rất thuận tiện di chuyển tới các điểm tham quan, nhà hàng ẩm thực và quán cà phê nổi tiếng của Thành phố Hồ Chí Minh.","Khu vực Quận Tân Bình an ninh, văn minh, gần nhiều địa điểm ăn uống, mua sắm và giải trí sầm uất tại Thành phố Hồ Chí Minh.",https://a0.muscache.com/im/pictures/hosting/Hosting-1659403556368489870/original/2c4b63f6-faf6-42e2-a8dc-b966331661f6.jpeg,47000170,https://www.airbnb.com.vn/users/show/47000170,Felix,2020-03-01,"Thành phố Hồ Chí Minh, Việt Nam","Xin chào, tôi là Felix, đã có 6 năm kinh nghiệm làm host. Tôi yêu thích du lịch và luôn mong muốn đem lại trải nghiệm lưu trú thoải mái nhất cho khách.",trong vòng một giờ,100%,98%,f,https://a0.muscache.com/im/pictures/user/User-47000170/original/user_profile_0.jpeg,https://a0.muscache.com/im/pictures/user/User-47000170/original/user_profile_0.jpeg,Quận Tân Bình,9,4,"['email', 'phone', 'work_email']",t,t,Quận Tân Bình,Quận Tân Bình,Thành phố Hồ Chí Minh,10.7655,106.7046,Phòng riêng trong nhà,Private room,4,1.0,1 phòng tắm,2,2,"[""Tủ lạnh"", ""Bồn tắm thư giãn"", ""Không gian riêng để làm việc"", ""Tự nhận phòng với hộp khóa an toàn"", ""Máy sấy tóc"", ""TV màn hình phẳng"", ""Thang máy"", ""Lò vi sóng"", ""Wi-fi tốc độ cao"", ""Máy phát hiện khí CO"", ""Bộ chăn ga gối cao cấp"", ""Chỗ đỗ xe miễn phí trong khuôn viên"", ""Bếp đầy đủ tiện nghi"", ""Ban công ngắm cảnh"", ""Bể bơi"", ""Dầu gội & Sữa tắm"", ""Điều hòa nhiệt độ"", ""Bàn ủi / Bàn là"", ""Máy giặt"", ""Máy báo khói""]","₫871,115",1,1125,1,2,1125,1125,1.0,1125.0,today,t,25,53,71,232,2026-09-26,4,2,2,2026-07-28,2026-09-05,4.75,4.9,4.85,5.0,5.0,4.89,4.93,,t,2,0,1,0,4.08,"[""https://a0.muscache.com/im/pictures/hosting/Hosting-1659403556368489870/original/2c4b63f6-faf6-42e2-a8dc-b966331661f6.jpeg"", ""https://a0.muscache.com/im/pictures/hosting/Hosting-1659403556368489870/original/133adab3-e239-401c-9fbe-2ce526757b33.jpeg"", ""https://a0.muscache.com/im/pictures/hosting/Hosting-1659403556368489870/original/edb00ff1-1698-4edb-85bd-1705cda28856.jpeg"", ""https://a0.muscache.com/im/pictures/hosting/Hosting-1659403556368489870/original/8e929345-b48a-4717-a778-82e4c99cca48.jpeg"", ""https://a0.muscache.com/im/pictures/hosting/Hosting-1659403556368489870/original/af87add4-8244-4b17-ac67-d62654233a13.jpeg"", ""https://a0.muscache.com/im/pictures/hosting/Hosting-1659403556368489870/original/d3413d50-4a31-4cfe-ac20-58c51e929d33.jpeg""]",f,"[{""name"": ""Dang Nguyen"", ""avatar"": ""https://a0.muscache.com/im/pictures/user/avatar_dang.jpg""}]","[{""name"": ""DECOR"", ""localizedName"": ""Trang trí"", ""count"": 6}, {""name"": ""INTERIOR"", ""localizedName"": ""Không gian bên trong"", ""count"": 10}, {""name"": ""CLEANLINESS"", ""localizedName"": ""Mức độ sạch sẽ"", ""count"": 10}, {""name"": ""LOCATION"", ""localizedName"": ""Địa điểm"", ""count"": 7}, {""name"": ""HOSPITALITY"", ""localizedName"": ""Hiếu khách"", ""count"": 7}]","[{""title"": ""Trải nghiệm nhận phòng xuất sắc"", ""subtitle"": ""Những khách ở gần đây đã xếp hạng 5 sao cho quy trình nhận phòng.""}, {""title"": ""Tự nhận phòng"", ""subtitle"": ""Tự nhận phòng với hộp khóa an toàn.""}]"
32529894,https://www.airbnb.com.vn/rooms/32529894,20260926000000,2026-09-26,city search,Nhà 3T,"Chào mừng bạn đến với Nhà 3T — một không gian lưu trú ấm cúng, sang trọng tọa lạc tại Quận 1, Thành phố Hồ Chí Minh.
Căn phòng tràn ngập ánh sáng tự nhiên với đầy đủ tiện nghi cao cấp, giường nệm êm ái, máy lạnh, TV và wifi tốc độ cao. Rất thuận tiện di chuyển tới các điểm tham quan, nhà hàng ẩm thực và quán cà phê nổi tiếng của Thành phố Hồ Chí Minh.","Khu vực Quận 1 an ninh, văn minh, gần nhiều địa điểm ăn uống, mua sắm và giải trí sầm uất tại Thành phố Hồ Chí Minh.",https://a0.muscache.com/im/pictures/11d6161b-c737-460c-a876-a15b4b6065cf.jpg,47000171,https://www.airbnb.com.vn/users/show/47000171,Cindy,2020-01-13,"Thành phố Hồ Chí Minh, Việt Nam","Xin chào, tôi là Cindy, đã có 6 năm kinh nghiệm làm host. Tôi yêu thích du lịch và luôn mong muốn đem lại trải nghiệm lưu trú thoải mái nhất cho khách.",trong vòng một giờ,100%,98%,f,https://a0.muscache.com/im/pictures/user/User-47000171/original/user_profile_1.jpeg,https://a0.muscache.com/im/pictures/user/User-47000171/original/user_profile_1.jpeg,Quận 1,2,6,"['email', 'phone', 'work_email']",t,t,Quận 1,Quận 1,Thành phố Hồ Chí Minh,10.78392,106.6795,Phòng riêng trong nhà,Private room,2,1.0,1 phòng tắm,1,1,"[""Dầu gội & Sữa tắm"", ""Lò vi sóng"", ""Bàn ủi / Bàn là"", ""Điều hòa nhiệt độ"", ""Máy sấy tóc"", ""Bể bơi"", ""TV màn hình phẳng"", ""Chỗ đỗ xe miễn phí trong khuôn viên"", ""Máy phát hiện khí CO"", ""Máy giặt"", ""Wi-fi tốc độ cao"", ""Tự nhận phòng với hộp khóa an toàn"", ""Bồn tắm thư giãn"", ""Bộ chăn ga gối cao cấp"", ""Bếp đầy đủ tiện nghi""]","₫524,593",1,1125,1,2,1125,1125,1.0,1125.0,today,t,23,38,77,289,2026-09-26,81,20,3,2023-06-14,2026-09-18,4.84,4.87,4.81,5.0,5.0,4.82,4.76,,f,2,0,1,0,4.05,"[""https://a0.muscache.com/im/pictures/11d6161b-c737-460c-a876-a15b4b6065cf.jpg"", ""https://a0.muscache.com/im/pictures/472bc3f6-3b55-4980-a3a6-9a89ac9e1c13.jpg"", ""https://a0.muscache.com/im/pictures/91c16296-616d-477e-83a5-c1d4312bdc60.jpg"", ""https://a0.muscache.com/im/pictures/9d0047b6-ffd8-4ce6-b8e8-709c9e829c62.jpg"", ""https://a0.muscache.com/im/pictures/05babcbc-2b04-4f5d-aeee-2caabe14fc3e.jpg"", ""https://a0.muscache.com/im/pictures/dc769ae8-d2c3-4d14-b121-3a1a339348c3.jpg""]",t,"[{""name"": ""Long"", ""avatar"": ""https://a0.muscache.com/im/pictures/user/avatar_long.jpg""}, {""name"": ""Rùa"", ""avatar"": ""https://a0.muscache.com/im/pictures/user/avatar_rua.jpg""}]","[{""name"": ""DECOR"", ""localizedName"": ""Trang trí"", ""count"": 9}, {""name"": ""INTERIOR"", ""localizedName"": ""Không gian bên trong"", ""count"": 4}, {""name"": ""CLEANLINESS"", ""localizedName"": ""Mức độ sạch sẽ"", ""count"": 20}, {""name"": ""LOCATION"", ""localizedName"": ""Địa điểm"", ""count"": 10}, {""name"": ""HOSPITALITY"", ""localizedName"": ""Hiếu khách"", ""count"": 5}]","[{""title"": ""Trải nghiệm nhận phòng xuất sắc"", ""subtitle"": ""Những khách ở gần đây đã xếp hạng 5 sao cho quy trình nhận phòng.""}, {""title"": ""Tự nhận phòng"", ""subtitle"": ""Tự nhận phòng với hộp khóa an toàn.""}]"
1723348322179570123,https://www.airbnb.com.vn/rooms/1723348322179570123,20260926000000,2026-09-26,city search,Căn hộ 3 phòng ngủ rộng rãi 120 m² có ban công | Sunrise City,"Chào mừng bạn đến với Căn hộ 3 phòng ngủ rộng rãi 120 m² có ban công | Sunrise City — một không gian lưu trú ấm cúng, sang trọng tọa lạc tại Quận 3, Thành phố Hồ Chí Minh.
Căn phòng tràn ngập ánh sáng tự nhiên với đầy đủ tiện nghi cao cấp, giường nệm êm ái, máy lạnh, TV và wifi tốc độ cao. Rất thuận tiện di chuyển tới các điểm tham quan, nhà hàng ẩm thực và quán cà phê nổi tiếng của Thành phố Hồ Chí Minh.","Khu vực Quận 3 an ninh, văn minh, gần nhiều địa điểm ăn uống, mua sắm và giải trí sầm uất tại Thành phố Hồ Chí Minh.",https://a0.muscache.com/im/pictures/hosting/Hosting-1723348322179570123/original/24d0655b-e277-45b8-80dd-e72e1841ddd6.png,47000172,https://www.airbnb.com.vn/users/show/47000172,Rose,2022-12-06,"Thành phố Hồ Chí Minh, Việt Nam","Xin chào, tôi là Rose, đã có 3 năm kinh nghiệm làm host. Tôi yêu thích du lịch và luôn mong muốn đem lại trải nghiệm lưu trú thoải mái nhất cho khách.",trong vòng một giờ,100%,98%,t,https://a0.muscache.com/im/pictures/user/User-47000172/original/user_profile_2.jpeg,https://a0.muscache.com/im/pictures/user/User-47000172/original/user_profile_2.jpeg,Quận 3,10,3,"['email', 'phone', 'work_email']",t,t,Quận 3,Quận 3,Thành phố Hồ Chí Minh,10.7421,106.7007,Toàn bộ căn hộ cho thuê,Entire home/apt,6,2.0,2 phòng tắm,3,3,"[""Wi-fi tốc độ cao"", ""Máy báo khói"", ""Máy phát hiện khí CO"", ""Lò vi sóng"", ""Ban công ngắm cảnh"", ""Máy giặt"", ""Tự nhận phòng với hộp khóa an toàn"", ""Bàn ủi / Bàn là"", ""Không gian riêng để làm việc"", ""Bộ chăn ga gối cao cấp"", ""Máy sấy tóc"", ""Bể bơi"", ""Bồn tắm thư giãn"", ""Điều hòa nhiệt độ"", ""Thang máy"", ""Dầu gội & Sữa tắm""]","₫2,068,600",1,1125,1,2,1125,1125,1.0,1125.0,today,t,19,51,64,263,2026-09-26,3,2,1,2026-08-12,2026-09-05,5.0,4.95,4.85,5.0,5.0,4.9,4.8,,t,2,2,0,0,1.39,"[""https://a0.muscache.com/im/pictures/hosting/Hosting-1723348322179570123/original/24d0655b-e277-45b8-80dd-e72e1841ddd6.png"", ""https://a0.muscache.com/im/pictures/hosting/Hosting-1723348322179570123/original/9db08117-92b8-4bbe-b3b9-2b68390ed210.png"", ""https://a0.muscache.com/im/pictures/hosting/Hosting-1723348322179570123/original/fae126ca-70fa-490c-9164-5d28a10b729a.png"", ""https://a0.muscache.com/im/pictures/hosting/Hosting-1723348322179570123/original/107b05d4-ff35-4fab-bc8f-7e31553b2341.png"", ""https://a0.muscache.com/im/pictures/hosting/Hosting-1723348322179570123/original/789a083a-3314-426d-aff9-4033136a93e1.png"", ""https://a0.muscache.com/im/pictures/hosting/Hosting-1723348322179570123/original/d061336f-e956-470a-b314-6b137894b2d3.png"", ""https://a0.muscache.com/im/pictures/hosting/Hosting-1723348322179570123/original/01a895ee-fa6e-4cf5-b40c-dd1a3f35a100.png"", ""https://a0.muscache.com/im/pictures/hosting/Hosting-1723348322179570123/original/8ded1f06-bdcf-440d-9e2e-6d367177d4bd.png"", ""https://a0.muscache.com/im/pictures/hosting/Hosting-1723348322179570123/original/7e4dd27c-f220-4e0b-a181-682e49a19293.png"", ""https://a0.muscache.com/im/pictures/hosting/Hosting-1723348322179570123/original/88fc6fd2-73cf-4599-be4d-cee2217a9d17.jpeg"", ""https://a0.muscache.com/im/pictures/hosting/Hosting-1723348322179570123/original/67cc7604-a637-4a8d-8b0b-b4f4aca01afa.jpeg""]",f,"[{""name"": ""Cindy"", ""avatar"": ""https://a0.muscache.com/im/pictures/user/avatar_cindy.jpg""}]","[{""name"": ""DECOR"", ""localizedName"": ""Trang trí"", ""count"": 9}, {""name"": ""INTERIOR"", ""localizedName"": ""Không gian bên trong"", ""count"": 14}, {""name"": ""CLEANLINESS"", ""localizedName"": ""Mức độ sạch sẽ"", ""count"": 18}, {""name"": ""LOCATION"", ""localizedName"": ""Địa điểm"", ""count"": 10}, {""name"": ""HOSPITALITY"", ""localizedName"": ""Hiếu khách"", ""count"": 6}]","[{""title"": ""Trải nghiệm nhận phòng xuất sắc"", ""subtitle"": ""Những khách ở gần đây đã xếp hạng 5 sao cho quy trình nhận phòng.""}, {""title"": ""Tự nhận phòng"", ""subtitle"": ""Tự nhận phòng với hộp khóa an toàn.""}]"
1747739106639344505,https://www.airbnb.com.vn/rooms/1747739106639344505,20260926000000,2026-09-26,city search,Sanctuary Villa/Jacuzzi/KTV sang trọng/Phòng xông hơi khô/Billiards,"Chào mừng bạn đến với Sanctuary Villa/Jacuzzi/KTV sang trọng/Phòng xông hơi khô/Billiards — một không gian lưu trú ấm cúng, sang trọng tọa lạc tại Quận 4, Thành phố Hồ Chí Minh.
Căn phòng tràn ngập ánh sáng tự nhiên với đầy đủ tiện nghi cao cấp, giường nệm êm ái, máy lạnh, TV và wifi tốc độ cao. Rất thuận tiện di chuyển tới các điểm tham quan, nhà hàng ẩm thực và quán cà phê nổi tiếng của Thành phố Hồ Chí Minh.","Khu vực Quận 4 an ninh, văn minh, gần nhiều địa điểm ăn uống, mua sắm và giải trí sầm uất tại Thành phố Hồ Chí Minh.",https://a0.muscache.com/im/pictures/hosting/Hosting-1747739106639344505/original/6e6fa9e3-b641-4867-8674-c91dfb0b7f87.jpeg,47000173,https://www.airbnb.com.vn/users/show/47000173,LangX,2025-04-03,"Thành phố Hồ Chí Minh, Việt Nam","Xin chào, tôi là LangX, đã có 1 năm kinh nghiệm làm host. Tôi yêu thích du lịch và luôn mong muốn đem lại trải nghiệm lưu trú thoải mái nhất cho khách.",trong vòng một giờ,100%,98%,f,https://a0.muscache.com/im/pictures/user/User-47000173/original/user_profile_3.jpeg,https://a0.muscache.com/im/pictures/user/User-47000173/original/user_profile_3.jpeg,Quận 4,6,9,"['email', 'phone', 'work_email']",t,t,Quận 4,Quận 4,Thành phố Hồ Chí Minh,10.7965,106.7451,Toàn bộ biệt thự,Entire home/apt,18,7.0,7 phòng tắm,9,9,"[""Chỗ đỗ xe miễn phí trong khuôn viên"", ""Wi-fi tốc độ cao"", ""Tủ lạnh"", ""Ban công ngắm cảnh"", ""Bể bơi"", ""Dầu gội & Sữa tắm"", ""Không gian riêng để làm việc"", ""Tự nhận phòng với hộp khóa an toàn"", ""Bồn tắm thư giãn"", ""Điều hòa nhiệt độ"", ""Bếp đầy đủ tiện nghi"", ""Máy báo khói"", ""Máy sấy tóc"", ""Bàn ủi / Bàn là"", ""Máy giặt"", ""TV màn hình phẳng"", ""Máy phát hiện khí CO""]","₫12,119,994",1,1125,1,2,1125,1125,1.0,1125.0,today,t,18,45,83,264,2026-09-26,4,3,4,2026-07-28,2026-09-18,5.0,4.8,4.93,5.0,5.0,4.97,4.91,,f,2,2,0,0,2.07,"[""https://a0.muscache.com/im/pictures/hosting/Hosting-1747739106639344505/original/6e6fa9e3-b641-4867-8674-c91dfb0b7f87.jpeg"", ""https://a0.muscache.com/im/pictures/hosting/Hosting-1747739106639344505/original/07495fa5-0ba9-441d-a62e-99a35e9a7c4e.jpeg"", ""https://a0.muscache.com/im/pictures/hosting/Hosting-1747739106639344505/original/a47f8a54-bc09-4515-ada2-89ef7f7877df.jpeg"", ""https://a0.muscache.com/im/pictures/hosting/Hosting-1747739106639344505/original/ec9f6fb3-9e09-4626-aa4d-3fdb37184523.jpeg"", ""https://a0.muscache.com/im/pictures/hosting/Hosting-1747739106639344505/original/d9a62c60-1517-4d7c-8ee5-275e41294637.jpeg"", ""https://a0.muscache.com/im/pictures/hosting/Hosting-1747739106639344505/original/a67a6814-8df1-4a87-9027-e3f059c800a6.jpeg"", ""https://a0.muscache.com/im/pictures/hosting/Hosting-1747739106639344505/original/bd1d2a07-7ea3-4611-811c-dc63cce56006.jpeg"", ""https://a0.muscache.com/im/pictures/hosting/Hosting-1747739106639344505/original/3fa32bfc-07a2-41a2-b8cb-c0f3c84182ea.jpeg"", ""https://a0.muscache.com/im/pictures/hosting/Hosting-1747739106639344505/original/1cbe045d-110d-4ba8-8abb-dc9a5d4a711d.jpeg"", ""https://a0.muscache.com/im/pictures/hosting/Hosting-1747739106639344505/original/c02aac01-2169-4d2d-a2f3-068b3eba2544.jpeg"", ""https://a0.muscache.com/im/pictures/hosting/Hosting-1747739106639344505/original/799d8139-520c-4f7a-bb8b-6f1a66e9dd50.jpeg"", ""https://a0.muscache.com/im/pictures/hosting/Hosting-1747739106639344505/original/1ee3770c-7690-4ef0-a867-eca146b9b385.jpeg"", ""https://a0.muscache.com/im/pictures/hosting/Hosting-1747739106639344505/original/9e3d0b82-15f4-411d-87ba-3c27cc8785d1.jpeg"", ""https://a0.muscache.com/im/pictures/hosting/Hosting-1747739106639344505/original/d934cb14-42cf-4b8a-b64e-d109436492d6.jpeg"", ""https://a0.muscache.com/im/pictures/hosting/Hosting-1747739106639344505/original/81a79fa7-d92d-4a08-9e36-1e94dc3e8021.jpeg"", ""https://a0.muscache.com/im/pictures/hosting/Hosting-1747739106639344505/original/30e74344-448f-4d52-8dd1-3391ca8423fd.jpeg"", ""https://a0.muscache.com/im/pictures/hosting/Hosting-1747739106639344505/original/4bf8dffa-d3dc-47c3-9433-e72b066a2144.jpeg"", ""https://a0.muscache.com/im/pictures/hosting/Hosting-1747739106639344505/original/0e5a5ee0-fd88-4886-b83b-172a57b9b17e.jpeg"", ""https://a0.muscache.com/im/pictures/hosting/Hosting-1747739106639344505/original/9e7bba3d-6031-4d12-be54-8d32540dd097.jpeg"", ""https://a0.muscache.com/im/pictures/hosting/Hosting-1747739106639344505/original/fe0a66c4-923f-431b-9332-b4fcc9da9e66.jpeg"", ""https://a0.muscache.com/im/pictures/hosting/Hosting-1747739106639344505/original/c1365e89-46c1-4100-bfbc-69aed734c4b6.jpeg"", ""https://a0.muscache.com/im/pictures/hosting/Hosting-1747739106639344505/original/aea49060-d9a0-4294-8d32-40a754b4a0f9.jpeg"", ""https://a0.muscache.com/im/pictures/hosting/Hosting-1747739106639344505/original/4345ca99-62f7-4520-a7d3-9fb4b3ac0b66.jpeg"", ""https://a0.muscache.com/im/pictures/hosting/Hosting-1747739106639344505/original/554bf4b2-6722-4e50-888e-e13088f79f59.jpeg"", ""https://a0.muscache.com/im/pictures/hosting/Hosting-1747739106639344505/original/9c137488-df2f-44a3-9fe6-746ccdb4111f.jpeg"", ""https://a0.muscache.com/im/pictures/hosting/Hosting-1747739106639344505/original/fb36a778-e19e-47dd-914f-bd393d024271.jpeg"", ""https://a0.muscache.com/im/pictures/hosting/Hosting-1747739106639344505/original/f8dae66f-e019-4d64-9933-b14ef544562d.jpeg"", ""https://a0.muscache.com/im/pictures/hosting/Hosting-1747739106639344505/original/5d7b913b-ce5b-4851-8c79-b921d2db9c57.jpeg"", ""https://a0.muscache.com/im/pictures/hosting/Hosting-1747739106639344505/original/569ecb2c-f64f-44cf-aff7-133f9c2565db.jpeg""]",f,"[{""name"": ""Rùa"", ""avatar"": ""https://a0.muscache.com/im/pictures/user/avatar_rua.jpg""}, {""name"": ""Long"", ""avatar"": ""https://a0.muscache.com/im/pictures/user/avatar_long.jpg""}]","[{""name"": ""DECOR"", ""localizedName"": ""Trang trí"", ""count"": 10}, {""name"": ""INTERIOR"", ""localizedName"": ""Không gian bên trong"", ""count"": 11}, {""name"": ""CLEANLINESS"", ""localizedName"": ""Mức độ sạch sẽ"", ""count"": 3}, {""name"": ""LOCATION"", ""localizedName"": ""Địa điểm"", ""count"": 11}, {""name"": ""HOSPITALITY"", ""localizedName"": ""Hiếu khách"", ""count"": 9}]","[{""title"": ""Trải nghiệm nhận phòng xuất sắc"", ""subtitle"": ""Những khách ở gần đây đã xếp hạng 5 sao cho quy trình nhận phòng.""}, {""title"": ""Tự nhận phòng"", ""subtitle"": ""Tự nhận phòng với hộp khóa an toàn.""}]"
829705638778373706,https://www.airbnb.com.vn/rooms/829705638778373706,20260926000000,2026-09-26,city search,Nau's Homestay - Phòng riêng ấm cúng,"Chào mừng bạn đến với Nau's Homestay - Phòng riêng ấm cúng — một không gian lưu trú ấm cúng, sang trọng tọa lạc tại Quận 4, Thành phố Hồ Chí Minh.
Căn phòng tràn ngập ánh sáng tự nhiên với đầy đủ tiện nghi cao cấp, giường nệm êm ái, máy lạnh, TV và wifi tốc độ cao. Rất thuận tiện di chuyển tới các điểm tham quan, nhà hàng ẩm thực và quán cà phê nổi tiếng của Thành phố Hồ Chí Minh.","Khu vực Quận 4 an ninh, văn minh, gần nhiều địa điểm ăn uống, mua sắm và giải trí sầm uất tại Thành phố Hồ Chí Minh.",https://a0.muscache.com/im/pictures/hosting/Hosting-829705638778373706/original/7948305a-11f6-443a-a165-3130f6ba4f88.jpeg,47000174,https://www.airbnb.com.vn/users/show/47000174,Ken,2025-05-08,"Thành phố Hồ Chí Minh, Việt Nam","Xin chào, tôi là Ken, đã có 1 năm kinh nghiệm làm host. Tôi yêu thích du lịch và luôn mong muốn đem lại trải nghiệm lưu trú thoải mái nhất cho khách.",trong vòng một giờ,100%,98%,t,https://a0.muscache.com/im/pictures/user/User-47000174/original/user_profile_4.jpeg,https://a0.muscache.com/im/pictures/user/User-47000174/original/user_profile_4.jpeg,Quận 4,2,7,"['email', 'phone', 'work_email']",t,t,Quận 4,Quận 4,Thành phố Hồ Chí Minh,10.76329,106.70299,Phòng riêng trong nhà,Private room,2,1.0,1 phòng tắm,1,1,"[""Chỗ đỗ xe miễn phí trong khuôn viên"", ""Lò vi sóng"", ""Ban công ngắm cảnh"", ""Máy phát hiện khí CO"", ""Thang máy"", ""Điều hòa nhiệt độ"", ""Không gian riêng để làm việc"", ""Máy sấy tóc"", ""Bếp đầy đủ tiện nghi"", ""Bể bơi"", ""Bồn tắm thư giãn"", ""Wi-fi tốc độ cao"", ""Bộ chăn ga gối cao cấp"", ""Máy giặt"", ""Tủ lạnh"", ""Dầu gội & Sữa tắm"", ""Tự nhận phòng với hộp khóa an toàn""]","₫460,974",1,1125,1,2,1125,1125,1.0,1125.0,today,t,19,43,71,329,2026-09-26,81,35,4,2023-06-14,2026-09-13,4.93,4.83,4.83,5.0,5.0,5.0,4.76,,t,2,0,1,0,3.81,"[""https://a0.muscache.com/im/pictures/hosting/Hosting-829705638778373706/original/7948305a-11f6-443a-a165-3130f6ba4f88.jpeg"", ""https://a0.muscache.com/im/pictures/hosting/Hosting-829705638778373706/original/044c61a5-eb2e-48b1-91bd-4807284b3bd8.jpeg"", ""https://a0.muscache.com/im/pictures/hosting/Hosting-829705638778373706/original/73a57ca3-b133-49af-a26f-3c754de6a25c.jpeg"", ""https://a0.muscache.com/im/pictures/hosting/Hosting-829705638778373706/original/2814c280-9271-4be3-a32d-39f1e150c80c.jpeg"", ""https://a0.muscache.com/im/pictures/hosting/Hosting-829705638778373706/original/80f4a49d-aa0f-4b14-b030-9e08e2fc5b93.jpeg"", ""https://a0.muscache.com/im/pictures/hosting/Hosting-829705638778373706/original/c7b09081-5b68-4411-8f2a-e445f8ccaac7.jpeg""]",t,"[{""name"": ""Dang Nguyen"", ""avatar"": ""https://a0.muscache.com/im/pictures/user/avatar_dang.jpg""}, {""name"": ""Long"", ""avatar"": ""https://a0.muscache.com/im/pictures/user/avatar_long.jpg""}]","[{""name"": ""DECOR"", ""localizedName"": ""Trang trí"", ""count"": 4}, {""name"": ""INTERIOR"", ""localizedName"": ""Không gian bên trong"", ""count"": 22}, {""name"": ""CLEANLINESS"", ""localizedName"": ""Mức độ sạch sẽ"", ""count"": 21}, {""name"": ""LOCATION"", ""localizedName"": ""Địa điểm"", ""count"": 4}, {""name"": ""HOSPITALITY"", ""localizedName"": ""Hiếu khách"", ""count"": 7}]","[{""title"": ""Trải nghiệm nhận phòng xuất sắc"", ""subtitle"": ""Những khách ở gần đây đã xếp hạng 5 sao cho quy trình nhận phòng.""}, {""title"": ""Tự nhận phòng"", ""subtitle"": ""Tự nhận phòng với hộp khóa an toàn.""}]"
691644406819104289,https://www.airbnb.com.vn/rooms/691644406819104289,20260926000000,2026-09-26,city search,Căn hộ 2Pax lấp lánh với Wi-Fi nhanh gần Quận 1,"Chào mừng bạn đến với Căn hộ 2Pax lấp lánh với Wi-Fi nhanh gần Quận 1 — một không gian lưu trú ấm cúng, sang trọng tọa lạc tại Quận 1, Thành phố Hồ Chí Minh.
Căn phòng tràn ngập ánh sáng tự nhiên với đầy đủ tiện nghi cao cấp, giường nệm êm ái, máy lạnh, TV và wifi tốc độ cao. Rất thuận tiện di chuyển tới các điểm tham quan, nhà hàng ẩm thực và quán cà phê nổi tiếng của Thành phố Hồ Chí Minh.","Khu vực Quận 1 an ninh, văn minh, gần nhiều địa điểm ăn uống, mua sắm và giải trí sầm uất tại Thành phố Hồ Chí Minh.",https://a0.muscache.com/im/pictures/miso/Hosting-585865000773813893/original/9b18c250-789e-4110-b995-dd070257d6c7.jpeg,47000175,https://www.airbnb.com.vn/users/show/47000175,Bella,2022-05-05,"Thành phố Hồ Chí Minh, Việt Nam","Xin chào, tôi là Bella, đã có 4 năm kinh nghiệm làm host. Tôi yêu thích du lịch và luôn mong muốn đem lại trải nghiệm lưu trú thoải mái nhất cho khách.",trong vòng một giờ,100%,98%,f,https://a0.muscache.com/im/pictures/user/User-47000175/original/user_profile_5.jpeg,https://a0.muscache.com/im/pictures/user/User-47000175/original/user_profile_5.jpeg,Quận 1,6,6,"['email', 'phone', 'work_email']",t,t,Quận 1,Quận 1,Thành phố Hồ Chí Minh,10.7902,106.7114,Toàn bộ căn hộ cho thuê,Entire home/apt,2,1.0,1 phòng tắm,1,1,"[""Wi-fi tốc độ cao"", ""Tủ lạnh"", ""TV màn hình phẳng"", ""Máy giặt"", ""Tự nhận phòng với hộp khóa an toàn"", ""Ban công ngắm cảnh"", ""Bàn ủi / Bàn là"", ""Bể bơi"", ""Máy sấy tóc"", ""Bếp đầy đủ tiện nghi"", ""Dầu gội & Sữa tắm"", ""Bồn tắm thư giãn"", ""Bộ chăn ga gối cao cấp"", ""Thang máy"", ""Không gian riêng để làm việc"", ""Điều hòa nhiệt độ"", ""Lò vi sóng""]","₫396,230",1,1125,1,2,1125,1125,1.0,1125.0,today,t,13,30,81,324,2026-09-26,57,11,1,2024-05-24,2026-09-02,4.74,4.82,4.91,5.0,5.0,4.9,4.79,,f,2,2,0,0,3.19,"[""https://a0.muscache.com/im/pictures/miso/Hosting-585865000773813893/original/9b18c250-789e-4110-b995-dd070257d6c7.jpeg"", ""https://a0.muscache.com/im/pictures/miso/Hosting-585865000773813893/original/e6a580b4-224a-46d5-b8d6-43a2c53d04d9.jpeg"", ""https://a0.muscache.com/im/pictures/miso/Hosting-585865000773813893/original/63c080dd-80c2-4453-936f-79a5891dac27.jpeg"", ""https://a0.muscache.com/im/pictures/miso/Hosting-585865000773813893/original/9de73f71-559f-47d8-a17b-3e29f11c4bad.jpeg"", ""https://a0.muscache.com/im/pictures/miso/Hosting-585865000773813893/original/662338fb-e4b0-4ac8-ba73-f5172143c537.jpeg"", ""https://a0.muscache.com/im/pictures/miso/Hosting-585865000773813893/original/c5f7c096-6da1-475d-a8f2-70da632e67ea.jpeg"", ""https://a0.muscache.com/im/pictures/miso/Hosting-585865000773813893/original/d6cb3b1e-0916-4ed2-a5f6-2cd1434adebf.jpeg"", ""https://a0.muscache.com/im/pictures/miso/Hosting-585865000773813893/original/f21bd99d-452d-44ed-94b5-140d1c9d9c05.jpeg"", ""https://a0.muscache.com/im/pictures/miso/Hosting-585865000773813893/original/8829be4c-ba2b-4095-b217-49c8dbe8fc9c.jpeg"", ""https://a0.muscache.com/im/pictures/miso/Hosting-585865000773813893/original/e70e3ea9-7551-475d-93b9-4801690153df.jpeg"", ""https://a0.muscache.com/im/pictures/miso/Hosting-585865000773813893/original/1acf0d68-0fb7-4d48-bce3-db56847b2e2e.jpeg"", ""https://a0.muscache.com/im/pictures/miso/Hosting-691644406819104289/original/16135f83-19a7-4caf-8489-6105a473f876.jpeg"", ""https://a0.muscache.com/im/pictures/miso/Hosting-691644406819104289/original/06315978-1593-48c7-b6a9-2a31996f1ef8.jpeg"", ""https://a0.muscache.com/im/pictures/miso/Hosting-691644406819104289/original/bb5d60fb-8489-47e7-9e19-b65f63219cd2.jpeg"", ""https://a0.muscache.com/im/pictures/miso/Hosting-691644406819104289/original/df760767-c31b-4ad1-9b09-31cabae7cdc3.jpeg"", ""https://a0.muscache.com/im/pictures/miso/Hosting-691644406819104289/original/6ec8de3d-e0cd-4fd7-9da2-eda4b6a50888.jpeg"", ""https://a0.muscache.com/im/pictures/miso/Hosting-691644406819104289/original/e87487b2-0ce0-445d-a6c2-f7fde19b6d64.jpeg"", ""https://a0.muscache.com/im/pictures/miso/Hosting-691644406819104289/original/dbb9a87b-9790-4106-be02-7faa51308168.png"", ""https://a0.muscache.com/im/pictures/miso/Hosting-691644406819104289/original/8829d204-98df-4b33-97b1-b345b8dd3377.jpeg"", ""https://a0.muscache.com/im/pictures/miso/Hosting-691644406819104289/original/8d2f3238-3717-4a74-90ab-87a5d9486d13.jpeg"", ""https://a0.muscache.com/im/pictures/miso/Hosting-691644406819104289/original/21dad89a-be8e-44f3-acd5-48ef202165ba.jpeg"", ""https://a0.muscache.com/im/pictures/hosting/Hosting-U3RheVN1cHBseUxpc3Rpbmc6NjkxNjQ0NDA2ODE5MTA0Mjg5/original/0218a0eb-88d1-4ccc-a2ad-1fd8df7a681e.jpeg""]",t,"[{""name"": ""Long"", ""avatar"": ""https://a0.muscache.com/im/pictures/user/avatar_long.jpg""}]","[{""name"": ""DECOR"", ""localizedName"": ""Trang trí"", ""count"": 2}, {""name"": ""INTERIOR"", ""localizedName"": ""Không gian bên trong"", ""count"": 12}, {""name"": ""CLEANLINESS"", ""localizedName"": ""Mức độ sạch sẽ"", ""count"": 6}, {""name"": ""LOCATION"", ""localizedName"": ""Địa điểm"", ""count"": 18}, {""name"": ""HOSPITALITY"", ""localizedName"": ""Hiếu khách"", ""count"": 3}]","[{""title"": ""Trải nghiệm nhận phòng xuất sắc"", ""subtitle"": ""Những khách ở gần đây đã xếp hạng 5 sao cho quy trình nhận phòng.""}, {""title"": ""Tự nhận phòng"", ""subtitle"": ""Tự nhận phòng với hộp khóa an toàn.""}]"
1210124859107779594,https://www.airbnb.com.vn/rooms/1210124859107779594,20260926000000,2026-09-26,city search,"2-Chill in SG, 120' projector, 2mins to District.1","Chào mừng bạn đến với 2-Chill in SG, 120' projector, 2mins to District.1 — một không gian lưu trú ấm cúng, sang trọng tọa lạc tại Quận Bình Thạnh, Thành phố Hồ Chí Minh.
Căn phòng tràn ngập ánh sáng tự nhiên với đầy đủ tiện nghi cao cấp, giường nệm êm ái, máy lạnh, TV và wifi tốc độ cao. Rất thuận tiện di chuyển tới các điểm tham quan, nhà hàng ẩm thực và quán cà phê nổi tiếng của Thành phố Hồ Chí Minh.","Khu vực Quận Bình Thạnh an ninh, văn minh, gần nhiều địa điểm ăn uống, mua sắm và giải trí sầm uất tại Thành phố Hồ Chí Minh.",https://a0.muscache.com/im/pictures/miso/Hosting-1210124859107779594/original/7cf7fcd5-7e91-4fe6-9d98-d822e7f4a4e0.jpeg,47000176,https://www.airbnb.com.vn/users/show/47000176,Tony,2020-06-22,"Thành phố Hồ Chí Minh, Việt Nam","Xin chào, tôi là Tony, đã có 6 năm kinh nghiệm làm host. Tôi yêu thích du lịch và luôn mong muốn đem lại trải nghiệm lưu trú thoải mái nhất cho khách.",trong vòng một giờ,100%,98%,t,https://a0.muscache.com/im/pictures/user/User-47000176/original/user_profile_6.jpeg,https://a0.muscache.com/im/pictures/user/User-47000176/original/user_profile_6.jpeg,Quận Bình Thạnh,4,10,"['email', 'phone', 'work_email']",t,t,Quận Bình Thạnh,Quận Bình Thạnh,Thành phố Hồ Chí Minh,10.7959,106.7074,Phòng riêng trong nhà,Private room,2,1.0,1 phòng tắm,1,1,"[""Ban công ngắm cảnh"", ""Lò vi sóng"", ""Điều hòa nhiệt độ"", ""Tự nhận phòng với hộp khóa an toàn"", ""TV màn hình phẳng"", ""Bể bơi"", ""Dầu gội & Sữa tắm"", ""Máy phát hiện khí CO"", ""Chỗ đỗ xe miễn phí trong khuôn viên"", ""Bộ chăn ga gối cao cấp"", ""Bếp đầy đủ tiện nghi"", ""Tủ lạnh"", ""Máy giặt"", ""Máy báo khói"", ""Wi-fi tốc độ cao"", ""Bàn ủi / Bàn là""]","₫730,000",1,1125,1,2,1125,1125,1.0,1125.0,today,t,22,39,77,245,2026-09-26,90,12,4,2023-06-14,2026-09-23,4.86,4.88,4.91,5.0,5.0,4.75,4.85,,t,2,0,1,0,3.43,"[""https://a0.muscache.com/im/pictures/miso/Hosting-1210124859107779594/original/7cf7fcd5-7e91-4fe6-9d98-d822e7f4a4e0.jpeg"", ""https://a0.muscache.com/im/pictures/miso/Hosting-1210124859107779594/original/e084b3a7-ee94-4c4b-ac37-247cc582f5ed.jpeg"", ""https://a0.muscache.com/im/pictures/miso/Hosting-1210124859107779594/original/2bf64e60-fc53-447a-87b3-625b22d6ab19.jpeg"", ""https://a0.muscache.com/im/pictures/miso/Hosting-1210124859107779594/original/5c54851e-07c1-49b8-9b6d-909062f41e7a.jpeg"", ""https://a0.muscache.com/im/pictures/miso/Hosting-1210124859107779594/original/902c9874-138a-4611-85c2-9826bf2f35d8.jpeg"", ""https://a0.muscache.com/im/pictures/miso/Hosting-1210124859107779594/original/5b9a44fc-4055-48d4-bd46-25ba4ad4565b.jpeg""]",t,"[{""name"": ""Cindy"", ""avatar"": ""https://a0.muscache.com/im/pictures/user/avatar_cindy.jpg""}, {""name"": ""Rùa"", ""avatar"": ""https://a0.muscache.com/im/pictures/user/avatar_rua.jpg""}, {""name"": ""Long"", ""avatar"": ""https://a0.muscache.com/im/pictures/user/avatar_long.jpg""}]","[{""name"": ""DECOR"", ""localizedName"": ""Trang trí"", ""count"": 18}, {""name"": ""INTERIOR"", ""localizedName"": ""Không gian bên trong"", ""count"": 20}, {""name"": ""CLEANLINESS"", ""localizedName"": ""Mức độ sạch sẽ"", ""count"": 12}, {""name"": ""LOCATION"", ""localizedName"": ""Địa điểm"", ""count"": 7}, {""name"": ""HOSPITALITY"", ""localizedName"": ""Hiếu khách"", ""count"": 8}]","[{""title"": ""Trải nghiệm nhận phòng xuất sắc"", ""subtitle"": ""Những khách ở gần đây đã xếp hạng 5 sao cho quy trình nhận phòng.""}, {""title"": ""Tự nhận phòng"", ""subtitle"": ""Tự nhận phòng với hộp khóa an toàn.""}]"
1636290257147098213,https://www.airbnb.com.vn/rooms/1636290257147098213,20260926000000,2026-09-26,city search,Amber Studio | 5 phút đến Bùi Viện và trung tâm,"Chào mừng bạn đến với Amber Studio | 5 phút đến Bùi Viện và trung tâm — một không gian lưu trú ấm cúng, sang trọng tọa lạc tại Quận Phú Nhuận, Thành phố Hồ Chí Minh.
Căn phòng tràn ngập ánh sáng tự nhiên với đầy đủ tiện nghi cao cấp, giường nệm êm ái, máy lạnh, TV và wifi tốc độ cao. Rất thuận tiện di chuyển tới các điểm tham quan, nhà hàng ẩm thực và quán cà phê nổi tiếng của Thành phố Hồ Chí Minh.","Khu vực Quận Phú Nhuận an ninh, văn minh, gần nhiều địa điểm ăn uống, mua sắm và giải trí sầm uất tại Thành phố Hồ Chí Minh.",https://a0.muscache.com/im/pictures/hosting/Hosting-1636290257147098213/original/5b8307ed-b108-48f6-8f2b-629eee05210e.jpeg,47000177,https://www.airbnb.com.vn/users/show/47000177,Anna,2022-09-09,"Thành phố Hồ Chí Minh, Việt Nam","Xin chào, tôi là Anna, đã có 4 năm kinh nghiệm làm host. Tôi yêu thích du lịch và luôn mong muốn đem lại trải nghiệm lưu trú thoải mái nhất cho khách.",trong vòng một giờ,100%,98%,f,https://a0.muscache.com/im/pictures/user/User-47000177/original/user_profile_7.jpeg,https://a0.muscache.com/im/pictures/user/User-47000177/original/user_profile_7.jpeg,Quận Phú Nhuận,3,3,"['email', 'phone', 'work_email']",t,t,Quận Phú Nhuận,Quận Phú Nhuận,Thành phố Hồ Chí Minh,10.7665,106.6908,Phòng riêng trong nhà,Private room,2,1.0,1 phòng tắm,1,1,"[""Wi-fi tốc độ cao"", ""Điều hòa nhiệt độ"", ""Máy sấy tóc"", ""Bể bơi"", ""Dầu gội & Sữa tắm"", ""Máy giặt"", ""Bồn tắm thư giãn"", ""Không gian riêng để làm việc"", ""Bộ chăn ga gối cao cấp"", ""Chỗ đỗ xe miễn phí trong khuôn viên"", ""TV màn hình phẳng"", ""Tủ lạnh"", ""Bếp đầy đủ tiện nghi"", ""Bàn ủi / Bàn là"", ""Ban công ngắm cảnh"", ""Máy phát hiện khí CO""]","₫617,490",1,1125,1,2,1125,1125,1.0,1125.0,today,t,14,44,84,299,2026-09-26,166,13,5,2023-06-14,2026-09-05,4.85,4.96,4.95,5.0,5.0,4.73,4.94,,f,2,0,1,0,2.71,"[""https://a0.muscache.com/im/pictures/hosting/Hosting-1636290257147098213/original/5b8307ed-b108-48f6-8f2b-629eee05210e.jpeg"", ""https://a0.muscache.com/im/pictures/hosting/Hosting-1636290257147098213/original/8de3360a-192d-459d-b4a6-5d63ebe527e0.jpeg"", ""https://a0.muscache.com/im/pictures/hosting/Hosting-1636290257147098213/original/998277ff-6c53-40ae-a51a-2940b1840b73.jpeg"", ""https://a0.muscache.com/im/pictures/hosting/Hosting-1636290257147098213/original/04e3b3a1-2751-4bd7-a34e-f7ff5ca5934f.jpeg"", ""https://a0.muscache.com/im/pictures/hosting/Hosting-1636290257147098213/original/7ae0a5c6-33ab-4d87-b8f3-7fb2c4a5e127.jpeg"", ""https://a0.muscache.com/im/pictures/hosting/Hosting-1636290257147098213/original/409c715e-68e7-4d93-8928-ce2eb44ae020.jpeg""]",f,"[{""name"": ""Dang Nguyen"", ""avatar"": ""https://a0.muscache.com/im/pictures/user/avatar_dang.jpg""}, {""name"": ""Cindy"", ""avatar"": ""https://a0.muscache.com/im/pictures/user/avatar_cindy.jpg""}, {""name"": ""Long"", ""avatar"": ""https://a0.muscache.com/im/pictures/user/avatar_long.jpg""}]","[{""name"": ""DECOR"", ""localizedName"": ""Trang trí"", ""count"": 8}, {""name"": ""INTERIOR"", ""localizedName"": ""Không gian bên trong"", ""count"": 6}, {""name"": ""CLEANLINESS"", ""localizedName"": ""Mức độ sạch sẽ"", ""count"": 7}, {""name"": ""LOCATION"", ""localizedName"": ""Địa điểm"", ""count"": 15}, {""name"": ""HOSPITALITY"", ""localizedName"": ""Hiếu khách"", ""count"": 11}]","[{""title"": ""Trải nghiệm nhận phòng xuất sắc"", ""subtitle"": ""Những khách ở gần đây đã xếp hạng 5 sao cho quy trình nhận phòng.""}, {""title"": ""Tự nhận phòng"", ""subtitle"": ""Tự nhận phòng với hộp khóa an toàn.""}]"
1644834725125698002,https://www.airbnb.com.vn/rooms/1644834725125698002,20260926000000,2026-09-26,city search,Studio Golden ấm cúng · Tự nhận phòng | Thảo Điền,"Chào mừng bạn đến với Studio Golden ấm cúng · Tự nhận phòng | Thảo Điền — một không gian lưu trú ấm cúng, sang trọng tọa lạc tại Thành phố Thủ Đức, Thành phố Hồ Chí Minh.
Căn phòng tràn ngập ánh sáng tự nhiên với đầy đủ tiện nghi cao cấp, giường nệm êm ái, máy lạnh, TV và wifi tốc độ cao. Rất thuận tiện di chuyển tới các điểm tham quan, nhà hàng ẩm thực và quán cà phê nổi tiếng của Thành phố Hồ Chí Minh.","Khu vực Thành phố Thủ Đức an ninh, văn minh, gần nhiều địa điểm ăn uống, mua sắm và giải trí sầm uất tại Thành phố Hồ Chí Minh.",https://a0.muscache.com/im/pictures/hosting/Hosting-1644834725125698002/original/d8c2c709-e318-4530-b4df-f729adf5b572.jpeg,47000178,https://www.airbnb.com.vn/users/show/47000178,David,2021-08-12,"Thành phố Hồ Chí Minh, Việt Nam","Xin chào, tôi là David, đã có 5 năm kinh nghiệm làm host. Tôi yêu thích du lịch và luôn mong muốn đem lại trải nghiệm lưu trú thoải mái nhất cho khách.",trong vòng một giờ,100%,98%,t,https://a0.muscache.com/im/pictures/user/User-47000178/original/user_profile_8.jpeg,https://a0.muscache.com/im/pictures/user/User-47000178/original/user_profile_8.jpeg,Thành phố Thủ Đức,5,9,"['email', 'phone', 'work_email']",t,t,Thành phố Thủ Đức,Thành phố Thủ Đức,Thành phố Hồ Chí Minh,10.80064766547622,106.72846419659146,Phòng riêng trong nhà,Private room,2,1.0,1 phòng tắm,1,1,"[""Wi-fi tốc độ cao"", ""Điều hòa nhiệt độ"", ""Bộ chăn ga gối cao cấp"", ""Bồn tắm thư giãn"", ""Tự nhận phòng với hộp khóa an toàn"", ""Bể bơi"", ""Dầu gội & Sữa tắm"", ""Máy báo khói"", ""Chỗ đỗ xe miễn phí trong khuôn viên"", ""Bếp đầy đủ tiện nghi"", ""Ban công ngắm cảnh"", ""Không gian riêng để làm việc"", ""Thang máy"", ""Lò vi sóng"", ""Bàn ủi / Bàn là""]","₫595,383",1,1125,1,2,1125,1125,1.0,1125.0,today,t,23,56,78,276,2026-09-26,3,1,1,2026-08-12,2026-09-01,5.0,4.87,4.81,5.0,5.0,4.81,4.93,,t,2,0,1,0,1.84,"[""https://a0.muscache.com/im/pictures/hosting/Hosting-1644834725125698002/original/d8c2c709-e318-4530-b4df-f729adf5b572.jpeg"", ""https://a0.muscache.com/im/pictures/hosting/Hosting-1644834725125698002/original/068d0003-8921-467b-8f80-47d87caf1c28.jpeg"", ""https://a0.muscache.com/im/pictures/hosting/Hosting-1644834725125698002/original/1dd892cc-2431-4f1d-bcda-d0425ef077ea.jpeg"", ""https://a0.muscache.com/im/pictures/hosting/Hosting-1644834725125698002/original/3a3f9eae-7dc4-435e-8888-b45f3b871d8b.jpeg"", ""https://a0.muscache.com/im/pictures/hosting/Hosting-1644834725125698002/original/f59d55a0-c55f-459c-99a9-670900a63e5d.jpeg"", ""https://a0.muscache.com/im/pictures/hosting/Hosting-1644834725125698002/original/685fec91-629a-4cdd-a60e-4f92c3379ebd.jpeg""]",f,"[{""name"": ""Rùa"", ""avatar"": ""https://a0.muscache.com/im/pictures/user/avatar_rua.jpg""}]","[{""name"": ""DECOR"", ""localizedName"": ""Trang trí"", ""count"": 6}, {""name"": ""INTERIOR"", ""localizedName"": ""Không gian bên trong"", ""count"": 7}, {""name"": ""CLEANLINESS"", ""localizedName"": ""Mức độ sạch sẽ"", ""count"": 14}, {""name"": ""LOCATION"", ""localizedName"": ""Địa điểm"", ""count"": 13}, {""name"": ""HOSPITALITY"", ""localizedName"": ""Hiếu khách"", ""count"": 13}]","[{""title"": ""Trải nghiệm nhận phòng xuất sắc"", ""subtitle"": ""Những khách ở gần đây đã xếp hạng 5 sao cho quy trình nhận phòng.""}, {""title"": ""Tự nhận phòng"", ""subtitle"": ""Tự nhận phòng với hộp khóa an toàn.""}]"
1430797223904091628,https://www.airbnb.com.vn/rooms/1430797223904091628,20260926000000,2026-09-26,city search,Japan Studio - Quận 1 - TV Netflix - Bếp riêng,"Chào mừng bạn đến với Japan Studio - Quận 1 - TV Netflix - Bếp riêng — một không gian lưu trú ấm cúng, sang trọng tọa lạc tại Quận 1, Thành phố Hồ Chí Minh.
Căn phòng tràn ngập ánh sáng tự nhiên với đầy đủ tiện nghi cao cấp, giường nệm êm ái, máy lạnh, TV và wifi tốc độ cao. Rất thuận tiện di chuyển tới các điểm tham quan, nhà hàng ẩm thực và quán cà phê nổi tiếng của Thành phố Hồ Chí Minh.","Khu vực Quận 1 an ninh, văn minh, gần nhiều địa điểm ăn uống, mua sắm và giải trí sầm uất tại Thành phố Hồ Chí Minh.",https://a0.muscache.com/im/pictures/hosting/Hosting-1430797223904091628/original/25578461-a735-4ba6-944d-b4d770d76e62.jpeg,47000179,https://www.airbnb.com.vn/users/show/47000179,Mia,2022-02-15,"Thành phố Hồ Chí Minh, Việt Nam","Xin chào, tôi là Mia, đã có 4 năm kinh nghiệm làm host. Tôi yêu thích du lịch và luôn mong muốn đem lại trải nghiệm lưu trú thoải mái nhất cho khách.",trong vòng một giờ,100%,98%,f,https://a0.muscache.com/im/pictures/user/User-47000179/original/user_profile_9.jpeg,https://a0.muscache.com/im/pictures/user/User-47000179/original/user_profile_9.jpeg,Quận 1,8,10,"['email', 'phone', 'work_email']",t,t,Quận 1,Quận 1,Thành phố Hồ Chí Minh,10.7914,106.6962,Phòng riêng trong nhà,Private room,2,1.0,1 phòng tắm,1,1,"[""Wi-fi tốc độ cao"", ""Bồn tắm thư giãn"", ""Máy báo khói"", ""Bàn ủi / Bàn là"", ""Điều hòa nhiệt độ"", ""Máy giặt"", ""Ban công ngắm cảnh"", ""Dầu gội & Sữa tắm"", ""Không gian riêng để làm việc"", ""TV màn hình phẳng"", ""Tự nhận phòng với hộp khóa an toàn"", ""Thang máy"", ""Bếp đầy đủ tiện nghi"", ""Lò vi sóng"", ""Bể bơi"", ""Máy sấy tóc"", ""Tủ lạnh"", ""Máy phát hiện khí CO"", ""Chỗ đỗ xe miễn phí trong khuôn viên""]","₫680,627",1,1125,1,2,1125,1125,1.0,1125.0,today,t,24,37,50,328,2026-09-26,50,5,6,2024-09-06,2026-09-23,4.76,4.86,4.95,5.0,5.0,4.88,4.83,,f,2,0,1,0,2.66,"[""https://a0.muscache.com/im/pictures/hosting/Hosting-1430797223904091628/original/25578461-a735-4ba6-944d-b4d770d76e62.jpeg"", ""https://a0.muscache.com/im/pictures/hosting/Hosting-1430797223904091628/original/051e06ac-19a1-4958-afea-3ccd3776b5f2.jpeg"", ""https://a0.muscache.com/im/pictures/hosting/Hosting-1430797223904091628/original/9d2a0a0c-953c-4d4d-88c0-107675e749df.jpeg"", ""https://a0.muscache.com/im/pictures/hosting/Hosting-1430797223904091628/original/959be5e3-0ed4-49f3-9403-86e7ffa591da.jpeg"", ""https://a0.muscache.com/im/pictures/miso/Hosting-1430797223904091628/original/c60811c6-d07a-458f-b93d-966b614393b4.jpeg"", ""https://a0.muscache.com/im/pictures/miso/Hosting-1430797223904091628/original/465f49ed-457b-4870-8f3a-fb49c5765ef9.jpeg""]",f,"[{""name"": ""Rùa"", ""avatar"": ""https://a0.muscache.com/im/pictures/user/avatar_rua.jpg""}]","[{""name"": ""DECOR"", ""localizedName"": ""Trang trí"", ""count"": 15}, {""name"": ""INTERIOR"", ""localizedName"": ""Không gian bên trong"", ""count"": 22}, {""name"": ""CLEANLINESS"", ""localizedName"": ""Mức độ sạch sẽ"", ""count"": 16}, {""name"": ""LOCATION"", ""localizedName"": ""Địa điểm"", ""count"": 19}, {""name"": ""HOSPITALITY"", ""localizedName"": ""Hiếu khách"", ""count"": 6}]","[{""title"": ""Trải nghiệm nhận phòng xuất sắc"", ""subtitle"": ""Những khách ở gần đây đã xếp hạng 5 sao cho quy trình nhận phòng.""}, {""title"": ""Tự nhận phòng"", ""subtitle"": ""Tự nhận phòng với hộp khóa an toàn.""}]"
1357231883822587229,https://www.airbnb.com.vn/rooms/1357231883822587229,20260926000000,2026-09-26,city search,Studio ấm cúng | Trung tâm D1 gần Bùi Viện,"Chào mừng bạn đến với Studio ấm cúng | Trung tâm D1 gần Bùi Viện — một không gian lưu trú ấm cúng, sang trọng tọa lạc tại Quận 1, Thành phố Hồ Chí Minh.
Căn phòng tràn ngập ánh sáng tự nhiên với đầy đủ tiện nghi cao cấp, giường nệm êm ái, máy lạnh, TV và wifi tốc độ cao. Rất thuận tiện di chuyển tới các điểm tham quan, nhà hàng ẩm thực và quán cà phê nổi tiếng của Thành phố Hồ Chí Minh.","Khu vực Quận 1 an ninh, văn minh, gần nhiều địa điểm ăn uống, mua sắm và giải trí sầm uất tại Thành phố Hồ Chí Minh.",https://a0.muscache.com/im/pictures/miso/Hosting-1357231883822587229/original/80628a10-8e45-4d51-b844-db40a6121c00.jpeg,47000180,https://www.airbnb.com.vn/users/show/47000180,Minh,2022-08-07,"Thành phố Hồ Chí Minh, Việt Nam","Xin chào, tôi là Minh, đã có 4 năm kinh nghiệm làm host. Tôi yêu thích du lịch và luôn mong muốn đem lại trải nghiệm lưu trú thoải mái nhất cho khách.",trong vòng một giờ,100%,98%,t,https://a0.muscache.com/im/pictures/user/User-47000180/original/user_profile_0.jpeg,https://a0.muscache.com/im/pictures/user/User-47000180/original/user_profile_0.jpeg,Quận 1,5,2,"['email', 'phone', 'work_email']",t,t,Quận 1,Quận 1,Thành phố Hồ Chí Minh,10.7616,106.6917,Phòng riêng trong nhà,Private room,2,1.0,1 phòng tắm,1,1,"[""Bồn tắm thư giãn"", ""Điều hòa nhiệt độ"", ""Dầu gội & Sữa tắm"", ""Bể bơi"", ""Máy báo khói"", ""TV màn hình phẳng"", ""Tủ lạnh"", ""Tự nhận phòng với hộp khóa an toàn"", ""Máy sấy tóc"", ""Bàn ủi / Bàn là"", ""Wi-fi tốc độ cao"", ""Chỗ đỗ xe miễn phí trong khuôn viên"", ""Lò vi sóng"", ""Không gian riêng để làm việc"", ""Máy giặt"", ""Bộ chăn ga gối cao cấp"", ""Ban công ngắm cảnh""]","₫546,200",1,1125,1,2,1125,1125,1.0,1125.0,today,t,19,30,79,244,2026-09-26,14,12,5,2026-02-28,2026-09-21,4.93,4.97,4.94,5.0,5.0,4.93,4.86,,t,2,0,1,0,1.77,"[""https://a0.muscache.com/im/pictures/miso/Hosting-1357231883822587229/original/80628a10-8e45-4d51-b844-db40a6121c00.jpeg"", ""https://a0.muscache.com/im/pictures/miso/Hosting-1357231883822587229/original/10a0e409-a525-401f-933c-215637fb6c7b.jpeg"", ""https://a0.muscache.com/im/pictures/miso/Hosting-1357231883822587229/original/58ec431a-deb1-4047-8418-e7dd26c68345.jpeg"", ""https://a0.muscache.com/im/pictures/miso/Hosting-1357231883822587229/original/01c4afed-1e61-4fa5-ba04-232b51e8beb2.jpeg"", ""https://a0.muscache.com/im/pictures/miso/Hosting-1357231883822587229/original/e89f8edb-41d5-434e-b3a1-81bd516587e4.jpeg"", ""https://a0.muscache.com/im/pictures/miso/Hosting-1357231883822587229/original/5d4e1f8e-e3d6-4a52-9ef3-a7d3a284b91e.jpeg""]",t,"[{""name"": ""Rùa"", ""avatar"": ""https://a0.muscache.com/im/pictures/user/avatar_rua.jpg""}]","[{""name"": ""DECOR"", ""localizedName"": ""Trang trí"", ""count"": 4}, {""name"": ""INTERIOR"", ""localizedName"": ""Không gian bên trong"", ""count"": 21}, {""name"": ""CLEANLINESS"", ""localizedName"": ""Mức độ sạch sẽ"", ""count"": 5}, {""name"": ""LOCATION"", ""localizedName"": ""Địa điểm"", ""count"": 20}, {""name"": ""HOSPITALITY"", ""localizedName"": ""Hiếu khách"", ""count"": 7}]","[{""title"": ""Trải nghiệm nhận phòng xuất sắc"", ""subtitle"": ""Những khách ở gần đây đã xếp hạng 5 sao cho quy trình nhận phòng.""}, {""title"": ""Tự nhận phòng"", ""subtitle"": ""Tự nhận phòng với hộp khóa an toàn.""}]"
1672179156912660114,https://www.airbnb.com.vn/rooms/1672179156912660114,20260926000000,2026-09-26,city search,385: Rộng rãi & có ban công @ hoàn toàn mới ở trung tâm,"Chào mừng bạn đến với 385: Rộng rãi & có ban công @ hoàn toàn mới ở trung tâm — một không gian lưu trú ấm cúng, sang trọng tọa lạc tại Quận 3, Thành phố Hồ Chí Minh.
Căn phòng tràn ngập ánh sáng tự nhiên với đầy đủ tiện nghi cao cấp, giường nệm êm ái, máy lạnh, TV và wifi tốc độ cao. Rất thuận tiện di chuyển tới các điểm tham quan, nhà hàng ẩm thực và quán cà phê nổi tiếng của Thành phố Hồ Chí Minh.","Khu vực Quận 3 an ninh, văn minh, gần nhiều địa điểm ăn uống, mua sắm và giải trí sầm uất tại Thành phố Hồ Chí Minh.",https://a0.muscache.com/im/pictures/hosting/Hosting-1672179156912660114/original/bc5fb682-2590-43f3-b19d-8594db7a16d2.jpeg,47000181,https://www.airbnb.com.vn/users/show/47000181,Anh,2020-08-07,"Thành phố Hồ Chí Minh, Việt Nam","Xin chào, tôi là Anh, đã có 6 năm kinh nghiệm làm host. Tôi yêu thích du lịch và luôn mong muốn đem lại trải nghiệm lưu trú thoải mái nhất cho khách.",trong vòng một giờ,100%,98%,f,https://a0.muscache.com/im/pictures/user/User-47000181/original/user_profile_1.jpeg,https://a0.muscache.com/im/pictures/user/User-47000181/original/user_profile_1.jpeg,Quận 3,2,6,"['email', 'phone', 'work_email']",t,t,Quận 3,Quận 3,Thành phố Hồ Chí Minh,10.7597,106.685,Toàn bộ căn hộ cho thuê,Entire home/apt,2,1.0,1 phòng tắm,1,1,"[""Bồn tắm thư giãn"", ""Điều hòa nhiệt độ"", ""Máy phát hiện khí CO"", ""Ban công ngắm cảnh"", ""Wi-fi tốc độ cao"", ""Bộ chăn ga gối cao cấp"", ""Bếp đầy đủ tiện nghi"", ""Dầu gội & Sữa tắm"", ""Máy sấy tóc"", ""Bàn ủi / Bàn là"", ""Tự nhận phòng với hộp khóa an toàn"", ""TV màn hình phẳng"", ""Máy giặt"", ""Thang máy"", ""Bể bơi"", ""Không gian riêng để làm việc"", ""Lò vi sóng"", ""Tủ lạnh"", ""Chỗ đỗ xe miễn phí trong khuôn viên""]","₫1,009,089",1,1125,1,2,1125,1125,1.0,1125.0,today,t,18,37,79,279,2026-09-26,7,2,3,2026-06-13,2026-09-09,5.0,4.8,4.95,5.0,5.0,4.78,4.85,,f,2,2,0,0,4.66,"[""https://a0.muscache.com/im/pictures/hosting/Hosting-1672179156912660114/original/bc5fb682-2590-43f3-b19d-8594db7a16d2.jpeg"", ""https://a0.muscache.com/im/pictures/hosting/Hosting-1672179156912660114/original/c647caad-6f5a-4196-95dd-91365056004e.jpeg"", ""https://a0.muscache.com/im/pictures/hosting/Hosting-1672179156912660114/original/37677e83-7a37-4c3f-a00c-45e21b96fc0d.jpeg"", ""https://a0.muscache.com/im/pictures/hosting/Hosting-1672179156912660114/original/a3e5f4ff-7b46-4728-9ccb-e24409b857cd.jpeg"", ""https://a0.muscache.com/im/pictures/hosting/Hosting-1672179156912660114/original/189c070f-1c94-4e92-a8e9-597793b9aa39.jpeg"", ""https://a0.muscache.com/im/pictures/hosting/Hosting-1672179156912660114/original/8b2e0d57-51e3-4183-833a-8757b0107469.jpeg"", ""https://a0.muscache.com/im/pictures/hosting/Hosting-1672179156912660114/original/a9666851-1cf7-4e84-9f01-29999aa4190c.png"", ""https://a0.muscache.com/im/pictures/hosting/Hosting-1672179156912660114/original/fd3d65a8-648e-4355-9200-36a3299afb95.jpeg"", ""https://a0.muscache.com/im/pictures/hosting/Hosting-1672179156912660114/original/6df16900-a4e9-453a-8ed4-9b42286d4dbb.png"", ""https://a0.muscache.com/im/pictures/hosting/Hosting-1672179156912660114/original/70e815d2-c40b-4eff-b2a9-f04833c062fd.jpeg"", ""https://a0.muscache.com/im/pictures/hosting/Hosting-1672179156912660114/original/4058c7fc-c1a8-4d15-b1c6-11eaf250bce6.jpeg"", ""https://a0.muscache.com/im/pictures/hosting/Hosting-1672179156912660114/original/04b96bf1-f330-4b11-9f44-492899b8d26d.jpeg"", ""https://a0.muscache.com/im/pictures/hosting/Hosting-1672179156912660114/original/055c1fc6-c0f3-4bda-a08e-00b7d0d10ca4.jpeg"", ""https://a0.muscache.com/im/pictures/hosting/Hosting-1672179156912660114/original/439e2690-3d23-481e-bb9c-00b562d96da2.jpeg"", ""https://a0.muscache.com/im/pictures/hosting/Hosting-1672179156912660114/original/5a0761b6-e288-4e2a-a2df-3e29e8f12bde.jpeg"", ""https://a0.muscache.com/im/pictures/hosting/Hosting-1672179156912660114/original/19689ece-e9f1-4506-9aaa-ee86d59b9076.jpeg"", ""https://a0.muscache.com/im/pictures/hosting/Hosting-1672179156912660114/original/f3078a19-70e9-468e-bb17-25b8d80364c1.jpeg"", ""https://a0.muscache.com/im/pictures/hosting/Hosting-1672179156912660114/original/d9945cd7-a0eb-49c6-ae7b-2057b9651f29.jpeg"", ""https://a0.muscache.com/im/pictures/hosting/Hosting-1672179156912660114/original/2eb00f46-38f0-421e-90ea-aeb3a43bace1.jpeg"", ""https://a0.muscache.com/im/pictures/hosting/Hosting-1672179156912660114/original/e05cac06-1b8f-4b6b-8426-5f55128e289e.jpeg"", ""https://a0.muscache.com/im/pictures/hosting/Hosting-1672179156912660114/original/e288922c-efb6-400c-b81b-a9bcb8ee1fca.jpeg"", ""https://a0.muscache.com/im/pictures/hosting/Hosting-1672179156912660114/original/41fa51b2-6da4-490e-b3ca-411f3079e720.jpeg"", ""https://a0.muscache.com/im/pictures/hosting/Hosting-1672179156912660114/original/4bee4704-ed6b-4bdb-8ee3-59a48b163775.jpeg"", ""https://a0.muscache.com/im/pictures/hosting/Hosting-1672179156912660114/original/0a8b2e35-e488-4f96-8619-7d7a80f115ec.jpeg"", ""https://a0.muscache.com/im/pictures/hosting/Hosting-1672179156912660114/original/01777c74-631c-44a5-bf9c-26e764b77230.jpeg"", ""https://a0.muscache.com/im/pictures/hosting/Hosting-1672179156912660114/original/e2491f64-7abe-4c0b-bb22-a10dfc7ec825.jpeg"", ""https://a0.muscache.com/im/pictures/hosting/Hosting-1672179156912660114/original/55a8b147-3e4a-4ee7-b6c1-b1e986516b79.jpeg"", ""https://a0.muscache.com/im/pictures/hosting/Hosting-1672179156912660114/original/c0fb4b15-7163-422a-8775-2cdcf68f718d.jpeg"", ""https://a0.muscache.com/im/pictures/hosting/Hosting-1672179156912660114/original/bb37dda0-9cf0-4f2b-8018-313de9f9584e.png""]",t,"[{""name"": ""Rùa"", ""avatar"": ""https://a0.muscache.com/im/pictures/user/avatar_rua.jpg""}]","[{""name"": ""DECOR"", ""localizedName"": ""Trang trí"", ""count"": 3}, {""name"": ""INTERIOR"", ""localizedName"": ""Không gian bên trong"", ""count"": 11}, {""name"": ""CLEANLINESS"", ""localizedName"": ""Mức độ sạch sẽ"", ""count"": 9}, {""name"": ""LOCATION"", ""localizedName"": ""Địa điểm"", ""count"": 3}, {""name"": ""HOSPITALITY"", ""localizedName"": ""Hiếu khách"", ""count"": 10}]","[{""title"": ""Trải nghiệm nhận phòng xuất sắc"", ""subtitle"": ""Những khách ở gần đây đã xếp hạng 5 sao cho quy trình nhận phòng.""}, {""title"": ""Tự nhận phòng"", ""subtitle"": ""Tự nhận phòng với hộp khóa an toàn.""}]"
1409398638324344820,https://www.airbnb.com.vn/rooms/1409398638324344820,20260926000000,2026-09-26,city search,Charming 1BR Retreat w/Garden View|Metro 1m Walk,"Chào mừng bạn đến với Charming 1BR Retreat w/Garden View|Metro 1m Walk — một không gian lưu trú ấm cúng, sang trọng tọa lạc tại Quận 4, Thành phố Hồ Chí Minh.
Căn phòng tràn ngập ánh sáng tự nhiên với đầy đủ tiện nghi cao cấp, giường nệm êm ái, máy lạnh, TV và wifi tốc độ cao. Rất thuận tiện di chuyển tới các điểm tham quan, nhà hàng ẩm thực và quán cà phê nổi tiếng của Thành phố Hồ Chí Minh.","Khu vực Quận 4 an ninh, văn minh, gần nhiều địa điểm ăn uống, mua sắm và giải trí sầm uất tại Thành phố Hồ Chí Minh.",https://a0.muscache.com/im/pictures/hosting/Hosting-U3RheVN1cHBseUxpc3Rpbmc6MTQwOTE4NzI3MzMzNDY3NDcwNg==/original/e9421d7d-3722-4d57-b982-a6d45b5b1544.jpeg,47000182,https://www.airbnb.com.vn/users/show/47000182,Linh,2023-03-13,"Thành phố Hồ Chí Minh, Việt Nam","Xin chào, tôi là Linh, đã có 3 năm kinh nghiệm làm host. Tôi yêu thích du lịch và luôn mong muốn đem lại trải nghiệm lưu trú thoải mái nhất cho khách.",trong vòng một giờ,100%,98%,t,https://a0.muscache.com/im/pictures/user/User-47000182/original/user_profile_2.jpeg,https://a0.muscache.com/im/pictures/user/User-47000182/original/user_profile_2.jpeg,Quận 4,6,8,"['email', 'phone', 'work_email']",t,t,Quận 4,Quận 4,Thành phố Hồ Chí Minh,10.802,106.7344,Toàn bộ căn hộ cho thuê,Entire home/apt,2,1.0,1 phòng tắm,1,1,"[""Wi-fi tốc độ cao"", ""Bàn ủi / Bàn là"", ""Tự nhận phòng với hộp khóa an toàn"", ""Máy giặt"", ""Bồn tắm thư giãn"", ""Dầu gội & Sữa tắm"", ""Chỗ đỗ xe miễn phí trong khuôn viên"", ""Bể bơi"", ""TV màn hình phẳng"", ""Bếp đầy đủ tiện nghi"", ""Tủ lạnh"", ""Ban công ngắm cảnh"", ""Bộ chăn ga gối cao cấp"", ""Lò vi sóng"", ""Máy báo khói"", ""Điều hòa nhiệt độ""]","₫1,078,200",1,1125,1,2,1125,1125,1.0,1125.0,today,t,27,41,54,327,2026-09-26,15,12,0,2026-02-13,2026-09-08,5.0,4.93,4.96,5.0,5.0,4.89,4.91,,t,2,2,0,0,4.05,"[""https://a0.muscache.com/im/pictures/hosting/Hosting-U3RheVN1cHBseUxpc3Rpbmc6MTQwOTE4NzI3MzMzNDY3NDcwNg==/original/e9421d7d-3722-4d57-b982-a6d45b5b1544.jpeg"", ""https://a0.muscache.com/im/pictures/hosting/Hosting-U3RheVN1cHBseUxpc3Rpbmc6MTQwOTE4NzI3MzMzNDY3NDcwNg==/original/2233a770-e2cc-4fbc-a390-ed46eca9924c.jpeg"", ""https://a0.muscache.com/im/pictures/hosting/Hosting-U3RheVN1cHBseUxpc3Rpbmc6MTQwOTE4NzI3MzMzNDY3NDcwNg==/original/4b795101-aa5a-4959-9ebc-2a34d2ad91ec.jpeg"", ""https://a0.muscache.com/im/pictures/hosting/Hosting-U3RheVN1cHBseUxpc3Rpbmc6MTQwOTE4NzI3MzMzNDY3NDcwNg==/original/6fd4651f-e7db-492a-99f8-319441c105f5.jpeg"", ""https://a0.muscache.com/im/pictures/hosting/Hosting-U3RheVN1cHBseUxpc3Rpbmc6MTQwOTE4NzI3MzMzNDY3NDcwNg==/original/1b29001a-35f9-4342-90f8-079150924a2b.jpeg"", ""https://a0.muscache.com/im/pictures/hosting/Hosting-U3RheVN1cHBseUxpc3Rpbmc6MTQwOTE4NzI3MzMzNDY3NDcwNg==/original/cf253e36-b0b2-408d-b2f9-628e20b292cb.jpeg"", ""https://a0.muscache.com/im/pictures/hosting/Hosting-U3RheVN1cHBseUxpc3Rpbmc6MTQwOTE4NzI3MzMzNDY3NDcwNg==/original/d3cdc495-0ce5-46d7-8738-24d6cb4fbe09.jpeg"", ""https://a0.muscache.com/im/pictures/hosting/Hosting-U3RheVN1cHBseUxpc3Rpbmc6MTQwOTE4NzI3MzMzNDY3NDcwNg==/original/cdd01a72-133d-490c-99f3-a65a6dae599d.jpeg"", ""https://a0.muscache.com/im/pictures/hosting/Hosting-U3RheVN1cHBseUxpc3Rpbmc6MTQwOTE4NzI3MzMzNDY3NDcwNg==/original/3cb09d9b-be1a-40bc-b279-1454b2b94ab9.jpeg"", ""https://a0.muscache.com/im/pictures/hosting/Hosting-U3RheVN1cHBseUxpc3Rpbmc6MTQwOTE4NzI3MzMzNDY3NDcwNg==/original/bcbae728-52b3-4656-ac65-03339a114dd0.jpeg"", ""https://a0.muscache.com/im/pictures/hosting/Hosting-U3RheVN1cHBseUxpc3Rpbmc6MTQwOTE4NzI3MzMzNDY3NDcwNg==/original/7a97930f-0a74-4318-8423-fc078b3d984a.jpeg"", ""https://a0.muscache.com/im/pictures/hosting/Hosting-U3RheVN1cHBseUxpc3Rpbmc6MTQwOTE4NzI3MzMzNDY3NDcwNg==/original/aae38a33-1e8e-4c69-b17a-ed3b45a718fd.jpeg"", ""https://a0.muscache.com/im/pictures/hosting/Hosting-U3RheVN1cHBseUxpc3Rpbmc6MTQwOTE4NzI3MzMzNDY3NDcwNg==/original/cc1ed1e5-cd30-4dd8-ba72-c04b5fc79815.jpeg"", ""https://a0.muscache.com/im/pictures/hosting/Hosting-U3RheVN1cHBseUxpc3Rpbmc6MTQwOTE4NzI3MzMzNDY3NDcwNg==/original/eaeb366d-89e7-4001-829c-f4c418362b30.jpeg"", ""https://a0.muscache.com/im/pictures/hosting/Hosting-U3RheVN1cHBseUxpc3Rpbmc6MTQwOTE4NzI3MzMzNDY3NDcwNg==/original/bba3a19e-28ee-4935-9057-0fa4f2224e41.jpeg"", ""https://a0.muscache.com/im/pictures/hosting/Hosting-U3RheVN1cHBseUxpc3Rpbmc6MTQwOTE4NzI3MzMzNDY3NDcwNg==/original/39ec687d-b8cb-4992-9970-de28744a4049.jpeg"", ""https://a0.muscache.com/im/pictures/hosting/Hosting-U3RheVN1cHBseUxpc3Rpbmc6MTQwOTE4NzI3MzMzNDY3NDcwNg==/original/05117a2e-58a7-4812-a3ad-1738d5a7524c.jpeg"", ""https://a0.muscache.com/im/pictures/hosting/Hosting-U3RheVN1cHBseUxpc3Rpbmc6MTQwOTE4NzI3MzMzNDY3NDcwNg==/original/8254b88f-4149-492c-9bff-b38807a2c509.jpeg"", ""https://a0.muscache.com/im/pictures/hosting/Hosting-1409398638324344820/original/bee02fd8-ed26-4287-b562-0746e0bd5e05.jpeg"", ""https://a0.muscache.com/im/pictures/hosting/Hosting-1409398638324344820/original/e90324a7-c5a4-48b9-af52-a0123aba0a6f.jpeg"", ""https://a0.muscache.com/im/pictures/hosting/Hosting-1409398638324344820/original/f27f0704-bd7c-4ec6-a4d3-0196a661681e.jpeg"", ""https://a0.muscache.com/im/pictures/hosting/Hosting-1409398638324344820/original/f92713bd-0796-4299-b805-304233799fd3.jpeg"", ""https://a0.muscache.com/im/pictures/hosting/Hosting-1409398638324344820/original/23ff6a7a-6b76-444e-b5ab-a56b5a14a60c.jpeg"", ""https://a0.muscache.com/im/pictures/hosting/Hosting-1409398638324344820/original/bbbe1bb5-8638-4df6-b801-0703e7deda1c.jpeg"", ""https://a0.muscache.com/im/pictures/hosting/Hosting-1409398638324344820/original/6834179d-a0c1-40b1-b8d2-80fa02f99922.jpeg"", ""https://a0.muscache.com/im/pictures/hosting/Hosting-1409398638324344820/original/f665b568-1899-4af1-b717-453113da81f6.jpeg"", ""https://a0.muscache.com/im/pictures/hosting/Hosting-1409398638324344820/original/749082e4-10fb-431e-8980-f370e7f33aa0.jpeg"", ""https://a0.muscache.com/im/pictures/hosting/Hosting-1409398638324344820/original/cd27d053-3ae0-4ebc-a888-71f9fe33c683.jpeg"", ""https://a0.muscache.com/im/pictures/hosting/Hosting-1409398638324344820/original/eb1ea82c-70e7-4cda-831c-9bf8c8176d44.jpeg""]",t,"[{""name"": ""Cindy"", ""avatar"": ""https://a0.muscache.com/im/pictures/user/avatar_cindy.jpg""}, {""name"": ""Dang Nguyen"", ""avatar"": ""https://a0.muscache.com/im/pictures/user/avatar_dang.jpg""}]","[{""name"": ""DECOR"", ""localizedName"": ""Trang trí"", ""count"": 10}, {""name"": ""INTERIOR"", ""localizedName"": ""Không gian bên trong"", ""count"": 18}, {""name"": ""CLEANLINESS"", ""localizedName"": ""Mức độ sạch sẽ"", ""count"": 6}, {""name"": ""LOCATION"", ""localizedName"": ""Địa điểm"", ""count"": 15}, {""name"": ""HOSPITALITY"", ""localizedName"": ""Hiếu khách"", ""count"": 4}]","[{""title"": ""Trải nghiệm nhận phòng xuất sắc"", ""subtitle"": ""Những khách ở gần đây đã xếp hạng 5 sao cho quy trình nhận phòng.""}, {""title"": ""Tự nhận phòng"", ""subtitle"": ""Tự nhận phòng với hộp khóa an toàn.""}]"
1703511724778412671,https://www.airbnb.com.vn/rooms/1703511724778412671,20260926000000,2026-09-26,city search,Phòng 302 studio và bếp.,"Chào mừng bạn đến với Phòng 302 studio và bếp. — một không gian lưu trú ấm cúng, sang trọng tọa lạc tại Quận 7, Thành phố Hồ Chí Minh.
Căn phòng tràn ngập ánh sáng tự nhiên với đầy đủ tiện nghi cao cấp, giường nệm êm ái, máy lạnh, TV và wifi tốc độ cao. Rất thuận tiện di chuyển tới các điểm tham quan, nhà hàng ẩm thực và quán cà phê nổi tiếng của Thành phố Hồ Chí Minh.","Khu vực Quận 7 an ninh, văn minh, gần nhiều địa điểm ăn uống, mua sắm và giải trí sầm uất tại Thành phố Hồ Chí Minh.",https://a0.muscache.com/im/pictures/hosting/Hosting-1703511724778412671/original/8c9eed2d-8a6f-4e30-b3ba-b113ce2f642d.png,47000183,https://www.airbnb.com.vn/users/show/47000183,Hương,2024-07-10,"Thành phố Hồ Chí Minh, Việt Nam","Xin chào, tôi là Hương, đã có 2 năm kinh nghiệm làm host. Tôi yêu thích du lịch và luôn mong muốn đem lại trải nghiệm lưu trú thoải mái nhất cho khách.",trong vòng một giờ,100%,98%,f,https://a0.muscache.com/im/pictures/user/User-47000183/original/user_profile_3.jpeg,https://a0.muscache.com/im/pictures/user/User-47000183/original/user_profile_3.jpeg,Quận 7,4,9,"['email', 'phone', 'work_email']",t,t,Quận 7,Quận 7,Thành phố Hồ Chí Minh,10.804818905096884,106.71182926298448,Toàn bộ nhà,Entire home/apt,2,1.0,1 phòng tắm,1,1,"[""Thang máy"", ""Bộ chăn ga gối cao cấp"", ""Bếp đầy đủ tiện nghi"", ""Wi-fi tốc độ cao"", ""Bồn tắm thư giãn"", ""Máy báo khói"", ""Tự nhận phòng với hộp khóa an toàn"", ""Điều hòa nhiệt độ"", ""Bàn ủi / Bàn là"", ""Máy phát hiện khí CO"", ""Máy giặt"", ""Dầu gội & Sữa tắm"", ""Chỗ đỗ xe miễn phí trong khuôn viên"", ""Tủ lạnh"", ""TV màn hình phẳng"", ""Bể bơi"", ""Máy sấy tóc"", ""Không gian riêng để làm việc"", ""Ban công ngắm cảnh"", ""Lò vi sóng""]","₫394,704",1,1125,1,2,1125,1125,1.0,1125.0,today,t,24,41,57,245,2026-09-26,10,9,2,2026-04-29,2026-09-22,5.0,4.99,4.98,5.0,5.0,4.88,4.8,,f,2,2,0,0,1.62,"[""https://a0.muscache.com/im/pictures/hosting/Hosting-1703511724778412671/original/8c9eed2d-8a6f-4e30-b3ba-b113ce2f642d.png"", ""https://a0.muscache.com/im/pictures/hosting/Hosting-1703498973628358294/original/0d83e994-58c5-4b2c-a3f9-746fdadb0dc5.jpeg"", ""https://a0.muscache.com/im/pictures/hosting/Hosting-1703498973628358294/original/a314c8d0-e214-4064-bc5a-0c0e59cace28.jpeg"", ""https://a0.muscache.com/im/pictures/hosting/Hosting-1703498973628358294/original/de175846-4974-4a26-b471-1cb8677d5d63.jpeg"", ""https://a0.muscache.com/im/pictures/hosting/Hosting-1703498973628358294/original/8f1e84c9-f5ba-4b05-8b5b-49f40400911b.jpeg"", ""https://a0.muscache.com/im/pictures/hosting/Hosting-1703498973628358294/original/499aaf5c-4ea9-4018-ba3d-029cb50c917f.jpeg"", ""https://a0.muscache.com/im/pictures/hosting/Hosting-1703498973628358294/original/c7846425-518e-4555-b0ba-ab8f74877db5.jpeg"", ""https://a0.muscache.com/im/pictures/hosting/Hosting-1703498973628358294/original/9fbcb9f3-9e9d-4d62-b535-3cb26e507abd.jpeg"", ""https://a0.muscache.com/im/pictures/hosting/Hosting-1703498973628358294/original/4f1795c4-29e5-4ff5-a915-d977990c7b50.jpeg"", ""https://a0.muscache.com/im/pictures/hosting/Hosting-1703498973628358294/original/c8820bc8-6878-45bb-933e-df5378abf02c.jpeg"", ""https://a0.muscache.com/im/pictures/hosting/Hosting-1703498973628358294/original/d05ad8f5-e117-4d77-aa12-ec1edec2cb7b.jpeg"", ""https://a0.muscache.com/im/pictures/hosting/Hosting-1703498973628358294/original/e38a17f6-23ea-400e-b09a-d3f0000ba26c.jpeg"", ""https://a0.muscache.com/im/pictures/hosting/Hosting-1703498973628358294/original/4735f8de-6c8e-4445-9b6c-ab3f576316c0.jpeg"", ""https://a0.muscache.com/im/pictures/hosting/Hosting-1703498973628358294/original/e7405632-87e8-47cb-babf-dd5d84d02190.jpeg"", ""https://a0.muscache.com/im/pictures/hosting/Hosting-1703498973628358294/original/a6899a11-6b23-40ab-87b2-0f164b9b85b2.jpeg"", ""https://a0.muscache.com/im/pictures/hosting/Hosting-1703498973628358294/original/60e9aadd-aa80-48b9-b75a-3ac42f7ba5c5.jpeg""]",t,"[{""name"": ""Long"", ""avatar"": ""https://a0.muscache.com/im/pictures/user/avatar_long.jpg""}]","[{""name"": ""DECOR"", ""localizedName"": ""Trang trí"", ""count"": 11}, {""name"": ""INTERIOR"", ""localizedName"": ""Không gian bên trong"", ""count"": 5}, {""name"": ""CLEANLINESS"", ""localizedName"": ""Mức độ sạch sẽ"", ""count"": 9}, {""name"": ""LOCATION"", ""localizedName"": ""Địa điểm"", ""count"": 18}, {""name"": ""HOSPITALITY"", ""localizedName"": ""Hiếu khách"", ""count"": 15}]","[{""title"": ""Trải nghiệm nhận phòng xuất sắc"", ""subtitle"": ""Những khách ở gần đây đã xếp hạng 5 sao cho quy trình nhận phòng.""}, {""title"": ""Tự nhận phòng"", ""subtitle"": ""Tự nhận phòng với hộp khóa an toàn.""}]"
1686109341522266469,https://www.airbnb.com.vn/rooms/1686109341522266469,20260926000000,2026-09-26,city search,Park 7 Vinhome Central Park 3 phòng ngủ,"Chào mừng bạn đến với Park 7 Vinhome Central Park 3 phòng ngủ — một không gian lưu trú ấm cúng, sang trọng tọa lạc tại Quận 10, Thành phố Hồ Chí Minh.
Căn phòng tràn ngập ánh sáng tự nhiên với đầy đủ tiện nghi cao cấp, giường nệm êm ái, máy lạnh, TV và wifi tốc độ cao. Rất thuận tiện di chuyển tới các điểm tham quan, nhà hàng ẩm thực và quán cà phê nổi tiếng của Thành phố Hồ Chí Minh.","Khu vực Quận 10 an ninh, văn minh, gần nhiều địa điểm ăn uống, mua sắm và giải trí sầm uất tại Thành phố Hồ Chí Minh.",https://a0.muscache.com/im/pictures/hosting/Hosting-1686109341522266469/original/8e830de1-079e-488f-aab8-65235389f3f8.jpeg,47000184,https://www.airbnb.com.vn/users/show/47000184,Phương,2025-07-22,"Thành phố Hồ Chí Minh, Việt Nam","Xin chào, tôi là Phương, đã có 1 năm kinh nghiệm làm host. Tôi yêu thích du lịch và luôn mong muốn đem lại trải nghiệm lưu trú thoải mái nhất cho khách.",trong vòng một giờ,100%,98%,t,https://a0.muscache.com/im/pictures/user/User-47000184/original/user_profile_4.jpeg,https://a0.muscache.com/im/pictures/user/User-47000184/original/user_profile_4.jpeg,Quận 10,7,8,"['email', 'phone', 'work_email']",t,t,Quận 10,Quận 10,Thành phố Hồ Chí Minh,10.7919,106.7216,Toàn bộ căn hộ cho thuê,Entire home/apt,6,2.0,2 phòng tắm,3,3,"[""Máy báo khói"", ""Chỗ đỗ xe miễn phí trong khuôn viên"", ""Ban công ngắm cảnh"", ""Máy giặt"", ""Máy sấy tóc"", ""Wi-fi tốc độ cao"", ""Bếp đầy đủ tiện nghi"", ""Tủ lạnh"", ""Bồn tắm thư giãn"", ""Lò vi sóng"", ""Dầu gội & Sữa tắm"", ""Thang máy"", ""Điều hòa nhiệt độ"", ""Bể bơi"", ""Không gian riêng để làm việc"", ""TV màn hình phẳng"", ""Tự nhận phòng với hộp khóa an toàn""]","₫2,338,000",1,1125,1,2,1125,1125,1.0,1125.0,today,t,25,37,79,251,2026-09-26,14,11,5,2026-02-28,2026-09-10,4.85,4.96,4.85,5.0,5.0,4.76,4.8,,t,2,2,0,0,2.05,"[""https://a0.muscache.com/im/pictures/hosting/Hosting-1686109341522266469/original/8e830de1-079e-488f-aab8-65235389f3f8.jpeg"", ""https://a0.muscache.com/im/pictures/hosting/Hosting-1686109341522266469/original/1eab5d00-9e85-4f96-bb3e-6734b1b2e255.jpeg"", ""https://a0.muscache.com/im/pictures/hosting/Hosting-1686109341522266469/original/7c530bac-3ac2-41da-977f-654924dd0da9.jpeg"", ""https://a0.muscache.com/im/pictures/hosting/Hosting-1686109341522266469/original/cb7ed6b7-d386-4bab-a1f4-0db1048246a4.jpeg"", ""https://a0.muscache.com/im/pictures/hosting/Hosting-1686109341522266469/original/8dad8fa8-cb67-43c7-b267-94315e7702b1.jpeg"", ""https://a0.muscache.com/im/pictures/hosting/Hosting-1686109341522266469/original/e650ac70-752e-4601-bc07-266c705ce245.jpeg"", ""https://a0.muscache.com/im/pictures/hosting/Hosting-1686109341522266469/original/c8c61617-f28c-440b-8122-b5de7d2f8938.jpeg"", ""https://a0.muscache.com/im/pictures/hosting/Hosting-1686109341522266469/original/ac5ac341-5b80-4b13-b32d-2ef354c7fed1.jpeg"", ""https://a0.muscache.com/im/pictures/hosting/Hosting-1686109341522266469/original/c741df10-ef24-4b4e-a423-be13cd232b93.jpeg"", ""https://a0.muscache.com/im/pictures/hosting/Hosting-1686109341522266469/original/fa39e93f-5ce5-44a5-af99-6283b16e0db2.jpeg"", ""https://a0.muscache.com/im/pictures/hosting/Hosting-1686109341522266469/original/d36b2f46-e00e-4747-b3c3-d7c4ddd08dc1.jpeg"", ""https://a0.muscache.com/im/pictures/hosting/Hosting-1686109341522266469/original/410b0325-e030-4193-ac74-74eeb60213d9.jpeg"", ""https://a0.muscache.com/im/pictures/hosting/Hosting-1686109341522266469/original/0797a862-9a55-4cfc-8118-6f4ea3daede3.jpeg"", ""https://a0.muscache.com/im/pictures/hosting/Hosting-1686109341522266469/original/70f66917-ee86-4556-8154-0214f5bf7bf9.jpeg"", ""https://a0.muscache.com/im/pictures/hosting/Hosting-1686109341522266469/original/286b9f68-c1c8-403b-b4a4-3c5ad60f3504.jpeg"", ""https://a0.muscache.com/im/pictures/hosting/Hosting-1686109341522266469/original/d6c14671-6cf0-4026-a636-e42fa042184c.jpeg"", ""https://a0.muscache.com/im/pictures/hosting/Hosting-1686109341522266469/original/aff19c8a-e6d9-474b-90a9-276ad7c6c16f.jpeg"", ""https://a0.muscache.com/im/pictures/hosting/Hosting-1686109341522266469/original/e7a5b4a6-e4a5-4a08-9c01-a418e2dc17c8.jpeg"", ""https://a0.muscache.com/im/pictures/hosting/Hosting-1686109341522266469/original/1375e8cc-64e7-4b98-a6d7-1af834723bbe.jpeg"", ""https://a0.muscache.com/im/pictures/hosting/Hosting-1686109341522266469/original/09698172-1f9a-48c0-bfd2-2bba7e637cc2.jpeg"", ""https://a0.muscache.com/im/pictures/hosting/Hosting-1686109341522266469/original/c6b79f7f-6b1c-48b1-ba70-de90782fc1ce.jpeg"", ""https://a0.muscache.com/im/pictures/hosting/Hosting-1686109341522266469/original/2dbf7459-760f-4a13-ad5d-51599128329d.jpeg"", ""https://a0.muscache.com/im/pictures/hosting/Hosting-1686109341522266469/original/b28aa3df-984f-4eff-9b5c-8e6ea9608be0.jpeg"", ""https://a0.muscache.com/im/pictures/hosting/Hosting-1686109341522266469/original/8e7ecb8f-6e8e-4a32-aefd-973506bed102.jpeg"", ""https://a0.muscache.com/im/pictures/hosting/Hosting-1686109341522266469/original/35e4a5ca-4910-48a9-9285-a08b70d9a9e5.jpeg"", ""https://a0.muscache.com/im/pictures/hosting/Hosting-1686109341522266469/original/0a8d6b3e-38e8-42e9-875d-6ed72288088f.jpeg"", ""https://a0.muscache.com/im/pictures/hosting/Hosting-1686109341522266469/original/0509a1b2-30d1-432b-95bf-90d0bb893e5d.jpeg"", ""https://a0.muscache.com/im/pictures/hosting/Hosting-1686109341522266469/original/d130c387-0edd-4757-ab27-08602cb1a3a5.jpeg"", ""https://a0.muscache.com/im/pictures/hosting/Hosting-1686109341522266469/original/50cdd6cb-10dc-4cdb-ad0f-b814e3709005.jpeg""]",f,"[{""name"": ""Rùa"", ""avatar"": ""https://a0.muscache.com/im/pictures/user/avatar_rua.jpg""}]","[{""name"": ""DECOR"", ""localizedName"": ""Trang trí"", ""count"": 4}, {""name"": ""INTERIOR"", ""localizedName"": ""Không gian bên trong"", ""count"": 11}, {""name"": ""CLEANLINESS"", ""localizedName"": ""Mức độ sạch sẽ"", ""count"": 4}, {""name"": ""LOCATION"", ""localizedName"": ""Địa điểm"", ""count"": 7}, {""name"": ""HOSPITALITY"", ""localizedName"": ""Hiếu khách"", ""count"": 4}]","[{""title"": ""Trải nghiệm nhận phòng xuất sắc"", ""subtitle"": ""Những khách ở gần đây đã xếp hạng 5 sao cho quy trình nhận phòng.""}, {""title"": ""Tự nhận phòng"", ""subtitle"": ""Tự nhận phòng với hộp khóa an toàn.""}]"
1760617007928666326,https://www.airbnb.com.vn/rooms/1760617007928666326,20260926000000,2026-09-26,city search,Căn hộ 2 phòng ngủ Scenic valley 1,"Chào mừng bạn đến với Căn hộ 2 phòng ngủ Scenic valley 1 — một không gian lưu trú ấm cúng, sang trọng tọa lạc tại Quận Bình Thạnh, Thành phố Hồ Chí Minh.
Căn phòng tràn ngập ánh sáng tự nhiên với đầy đủ tiện nghi cao cấp, giường nệm êm ái, máy lạnh, TV và wifi tốc độ cao. Rất thuận tiện di chuyển tới các điểm tham quan, nhà hàng ẩm thực và quán cà phê nổi tiếng của Thành phố Hồ Chí Minh.","Khu vực Quận Bình Thạnh an ninh, văn minh, gần nhiều địa điểm ăn uống, mua sắm và giải trí sầm uất tại Thành phố Hồ Chí Minh.",https://a0.muscache.com/im/pictures/hosting/Hosting-1760617007928666326/original/5e9785b8-9f6c-4ec7-9ee7-839b72fd22d8.jpeg,47000185,https://www.airbnb.com.vn/users/show/47000185,Hà,2023-08-18,"Thành phố Hồ Chí Minh, Việt Nam","Xin chào, tôi là Hà, đã có 3 năm kinh nghiệm làm host. Tôi yêu thích du lịch và luôn mong muốn đem lại trải nghiệm lưu trú thoải mái nhất cho khách.",trong vòng một giờ,100%,98%,f,https://a0.muscache.com/im/pictures/user/User-47000185/original/user_profile_5.jpeg,https://a0.muscache.com/im/pictures/user/User-47000185/original/user_profile_5.jpeg,Quận Bình Thạnh,7,1,"['email', 'phone', 'work_email']",t,t,Quận Bình Thạnh,Quận Bình Thạnh,Thành phố Hồ Chí Minh,10.7316,106.7162,Toàn bộ căn hộ cho thuê,Entire home/apt,4,2.0,2 phòng tắm,2,2,"[""Điều hòa nhiệt độ"", ""Máy phát hiện khí CO"", ""Dầu gội & Sữa tắm"", ""Máy báo khói"", ""Bếp đầy đủ tiện nghi"", ""Tủ lạnh"", ""Máy giặt"", ""Không gian riêng để làm việc"", ""Tự nhận phòng với hộp khóa an toàn"", ""Máy sấy tóc"", ""Lò vi sóng"", ""TV màn hình phẳng"", ""Chỗ đỗ xe miễn phí trong khuôn viên"", ""Bộ chăn ga gối cao cấp"", ""Bể bơi"", ""Wi-fi tốc độ cao"", ""Bồn tắm thư giãn"", ""Ban công ngắm cảnh""]","₫1,632,000",1,1125,1,2,1125,1125,1.0,1125.0,today,t,13,42,57,321,2026-09-26,113,6,0,2023-06-14,2026-09-05,4.85,4.96,4.98,5.0,5.0,4.87,4.78,,f,2,2,0,0,4.31,"[""https://a0.muscache.com/im/pictures/hosting/Hosting-1760617007928666326/original/5e9785b8-9f6c-4ec7-9ee7-839b72fd22d8.jpeg"", ""https://a0.muscache.com/im/pictures/hosting/Hosting-1760617007928666326/original/f1958583-97b8-44d4-b54f-aee9bd4e5cb9.jpeg"", ""https://a0.muscache.com/im/pictures/hosting/Hosting-1760617007928666326/original/51152e54-fb7a-4415-984f-93a3213c487b.jpeg"", ""https://a0.muscache.com/im/pictures/hosting/Hosting-1760617007928666326/original/f26ec660-d478-4e78-8460-4b2f8e3a948e.jpeg"", ""https://a0.muscache.com/im/pictures/hosting/Hosting-1760617007928666326/original/03775827-afa1-46f0-984e-fe8cdad90e37.jpeg"", ""https://a0.muscache.com/im/pictures/hosting/Hosting-1760617007928666326/original/4c711b94-e11a-4a42-932f-d60c808faadf.jpeg"", ""https://a0.muscache.com/im/pictures/hosting/Hosting-1760617007928666326/original/a027c9d8-fb18-4266-84a9-734e88609e27.jpeg"", ""https://a0.muscache.com/im/pictures/hosting/Hosting-1760617007928666326/original/1ea0cd59-fbe2-43c2-ae4e-6cdb59c973e0.jpeg"", ""https://a0.muscache.com/im/pictures/hosting/Hosting-1760617007928666326/original/883c07e5-11aa-4f4e-b592-9952d8a46e46.jpeg"", ""https://a0.muscache.com/im/pictures/hosting/Hosting-1760617007928666326/original/6cb84206-7fa9-42c1-8920-d2508e6b1c02.jpeg"", ""https://a0.muscache.com/im/pictures/hosting/Hosting-1760617007928666326/original/9df40102-f5e0-48af-b2c5-0bfccc695af6.jpeg"", ""https://a0.muscache.com/im/pictures/hosting/Hosting-1760617007928666326/original/f6994a11-617a-46d0-bf62-8df453b55719.jpeg"", ""https://a0.muscache.com/im/pictures/hosting/Hosting-1760617007928666326/original/ca9c46ae-c78f-49eb-9351-6f8c7c18c7d8.jpeg""]",f,"[{""name"": ""Dang Nguyen"", ""avatar"": ""https://a0.muscache.com/im/pictures/user/avatar_dang.jpg""}]","[{""name"": ""DECOR"", ""localizedName"": ""Trang trí"", ""count"": 15}, {""name"": ""INTERIOR"", ""localizedName"": ""Không gian bên trong"", ""count"": 10}, {""name"": ""CLEANLINESS"", ""localizedName"": ""Mức độ sạch sẽ"", ""count"": 24}, {""name"": ""LOCATION"", ""localizedName"": ""Địa điểm"", ""count"": 4}, {""name"": ""HOSPITALITY"", ""localizedName"": ""Hiếu khách"", ""count"": 7}]","[{""title"": ""Trải nghiệm nhận phòng xuất sắc"", ""subtitle"": ""Những khách ở gần đây đã xếp hạng 5 sao cho quy trình nhận phòng.""}, {""title"": ""Tự nhận phòng"", ""subtitle"": ""Tự nhận phòng với hộp khóa an toàn.""}]"
1776028569668334826,https://www.airbnb.com.vn/rooms/1776028569668334826,20260926000000,2026-09-26,city search,"Nhà có ban công rộng, tầm nhìn công viên thoáng","Chào mừng bạn đến với Nhà có ban công rộng, tầm nhìn công viên thoáng — một không gian lưu trú ấm cúng, sang trọng tọa lạc tại Quận Phú Nhuận, Thành phố Hồ Chí Minh.
Căn phòng tràn ngập ánh sáng tự nhiên với đầy đủ tiện nghi cao cấp, giường nệm êm ái, máy lạnh, TV và wifi tốc độ cao. Rất thuận tiện di chuyển tới các điểm tham quan, nhà hàng ẩm thực và quán cà phê nổi tiếng của Thành phố Hồ Chí Minh.","Khu vực Quận Phú Nhuận an ninh, văn minh, gần nhiều địa điểm ăn uống, mua sắm và giải trí sầm uất tại Thành phố Hồ Chí Minh.",https://a0.muscache.com/im/pictures/hosting/Hosting-1776028569668334826/original/d60a6a43-2312-40fa-af84-6782337ca430.jpeg,47000186,https://www.airbnb.com.vn/users/show/47000186,Trang,2025-05-10,"Thành phố Hồ Chí Minh, Việt Nam","Xin chào, tôi là Trang, đã có 1 năm kinh nghiệm làm host. Tôi yêu thích du lịch và luôn mong muốn đem lại trải nghiệm lưu trú thoải mái nhất cho khách.",trong vòng một giờ,100%,98%,t,https://a0.muscache.com/im/pictures/user/User-47000186/original/user_profile_6.jpeg,https://a0.muscache.com/im/pictures/user/User-47000186/original/user_profile_6.jpeg,Quận Phú Nhuận,10,8,"['email', 'phone', 'work_email']",t,t,Quận Phú Nhuận,Quận Phú Nhuận,Thành phố Hồ Chí Minh,10.7654,106.6908,Toàn bộ căn hộ cho thuê,Entire home/apt,4,1.0,1 phòng tắm,2,2,"[""Máy báo khói"", ""Bộ chăn ga gối cao cấp"", ""Tủ lạnh"", ""Bồn tắm thư giãn"", ""Chỗ đỗ xe miễn phí trong khuôn viên"", ""TV màn hình phẳng"", ""Máy phát hiện khí CO"", ""Tự nhận phòng với hộp khóa an toàn"", ""Máy sấy tóc"", ""Lò vi sóng"", ""Bàn ủi / Bàn là"", ""Bếp đầy đủ tiện nghi"", ""Bể bơi"", ""Thang máy"", ""Điều hòa nhiệt độ"", ""Máy giặt"", ""Ban công ngắm cảnh"", ""Wi-fi tốc độ cao""]","₫1,600,000",1,1125,1,2,1125,1125,1.0,1125.0,today,t,15,50,69,339,2026-09-26,81,21,3,2023-06-14,2026-09-05,4.85,4.91,4.9,5.0,5.0,4.75,4.74,,t,2,2,0,0,4.44,"[""https://a0.muscache.com/im/pictures/hosting/Hosting-1776028569668334826/original/d60a6a43-2312-40fa-af84-6782337ca430.jpeg"", ""https://a0.muscache.com/im/pictures/hosting/Hosting-1776028569668334826/original/785bc845-e913-4155-80ae-11fcacb0c71c.jpeg"", ""https://a0.muscache.com/im/pictures/hosting/Hosting-1776028569668334826/original/da4b8857-a213-483b-a2d0-b516ff84c774.jpeg"", ""https://a0.muscache.com/im/pictures/hosting/Hosting-1776028569668334826/original/107c56a3-c450-4ff6-90a9-cc9c6a55f6b4.jpeg"", ""https://a0.muscache.com/im/pictures/hosting/Hosting-1776028569668334826/original/6e15bc16-e9ae-4b1a-aa41-cfdbaafc5d5c.jpeg"", ""https://a0.muscache.com/im/pictures/hosting/Hosting-1776028569668334826/original/5b147173-521b-4b7d-9d7b-a57f3476cfb5.jpeg"", ""https://a0.muscache.com/im/pictures/hosting/Hosting-1776028569668334826/original/51960d04-5730-45be-ba42-4160468daece.jpeg"", ""https://a0.muscache.com/im/pictures/hosting/Hosting-1776028569668334826/original/3a768d80-c475-4943-b752-c1f588dc611d.jpeg"", ""https://a0.muscache.com/im/pictures/hosting/Hosting-1776028569668334826/original/33b9bc8c-c86b-4d3c-a1a1-a699297a99a6.jpeg"", ""https://a0.muscache.com/im/pictures/hosting/Hosting-1776028569668334826/original/faa76474-57b0-4114-8a76-913b0ab6c393.jpeg"", ""https://a0.muscache.com/im/pictures/hosting/Hosting-1776028569668334826/original/cf2f9ac5-f942-4e01-b0bf-cf8d9bc457aa.jpeg"", ""https://a0.muscache.com/im/pictures/hosting/Hosting-1776028569668334826/original/4389acfd-f467-412a-ae43-14be2de7a642.jpeg"", ""https://a0.muscache.com/im/pictures/hosting/Hosting-1776028569668334826/original/887f640a-55f1-4e54-8bf3-e33b7e59784c.jpeg""]",f,"[{""name"": ""Dang Nguyen"", ""avatar"": ""https://a0.muscache.com/im/pictures/user/avatar_dang.jpg""}]","[{""name"": ""DECOR"", ""localizedName"": ""Trang trí"", ""count"": 2}, {""name"": ""INTERIOR"", ""localizedName"": ""Không gian bên trong"", ""count"": 6}, {""name"": ""CLEANLINESS"", ""localizedName"": ""Mức độ sạch sẽ"", ""count"": 3}, {""name"": ""LOCATION"", ""localizedName"": ""Địa điểm"", ""count"": 8}, {""name"": ""HOSPITALITY"", ""localizedName"": ""Hiếu khách"", ""count"": 2}]","[{""title"": ""Trải nghiệm nhận phòng xuất sắc"", ""subtitle"": ""Những khách ở gần đây đã xếp hạng 5 sao cho quy trình nhận phòng.""}, {""title"": ""Tự nhận phòng"", ""subtitle"": ""Tự nhận phòng với hộp khóa an toàn.""}]"
1194001813149386360,https://www.airbnb.com.vn/rooms/1194001813149386360,20260926000000,2026-09-26,city search,Phòng Studio riêng có bếp nhỏ,"Chào mừng bạn đến với Phòng Studio riêng có bếp nhỏ — một không gian lưu trú ấm cúng, sang trọng tọa lạc tại Quận 7, Thành phố Hồ Chí Minh.
Căn phòng tràn ngập ánh sáng tự nhiên với đầy đủ tiện nghi cao cấp, giường nệm êm ái, máy lạnh, TV và wifi tốc độ cao. Rất thuận tiện di chuyển tới các điểm tham quan, nhà hàng ẩm thực và quán cà phê nổi tiếng của Thành phố Hồ Chí Minh.","Khu vực Quận 7 an ninh, văn minh, gần nhiều địa điểm ăn uống, mua sắm và giải trí sầm uất tại Thành phố Hồ Chí Minh.",https://a0.muscache.com/im/pictures/miso/Hosting-1194001813149386360/original/fe87ebb7-cb6a-46fc-98ee-7730784efbd2.jpeg,47000187,https://www.airbnb.com.vn/users/show/47000187,Dương,2024-01-31,"Thành phố Hồ Chí Minh, Việt Nam","Xin chào, tôi là Dương, đã có 2 năm kinh nghiệm làm host. Tôi yêu thích du lịch và luôn mong muốn đem lại trải nghiệm lưu trú thoải mái nhất cho khách.",trong vòng một giờ,100%,98%,f,https://a0.muscache.com/im/pictures/user/User-47000187/original/user_profile_7.jpeg,https://a0.muscache.com/im/pictures/user/User-47000187/original/user_profile_7.jpeg,Quận 7,8,6,"['email', 'phone', 'work_email']",t,t,Quận 7,Quận 7,Thành phố Hồ Chí Minh,10.72889,106.70676,Phòng riêng trong nhà,Private room,2,1.0,1 phòng tắm,1,1,"[""Máy phát hiện khí CO"", ""Điều hòa nhiệt độ"", ""Thang máy"", ""TV màn hình phẳng"", ""Ban công ngắm cảnh"", ""Tự nhận phòng với hộp khóa an toàn"", ""Máy giặt"", ""Lò vi sóng"", ""Dầu gội & Sữa tắm"", ""Bếp đầy đủ tiện nghi"", ""Máy sấy tóc"", ""Wi-fi tốc độ cao"", ""Bể bơi"", ""Chỗ đỗ xe miễn phí trong khuôn viên"", ""Bồn tắm thư giãn""]","₫506,400",1,1125,1,2,1125,1125,1.0,1125.0,today,t,13,44,73,231,2026-09-26,6,4,3,2026-06-28,2026-09-18,5.0,5.0,4.86,5.0,5.0,4.76,4.77,,f,2,0,1,0,4.67,"[""https://a0.muscache.com/im/pictures/miso/Hosting-1194001813149386360/original/fe87ebb7-cb6a-46fc-98ee-7730784efbd2.jpeg"", ""https://a0.muscache.com/im/pictures/miso/Hosting-1194001813149386360/original/1b86c018-2606-447d-9fb3-4e3a46f2d166.png"", ""https://a0.muscache.com/im/pictures/miso/Hosting-1194001813149386360/original/039fb24f-73f8-43eb-ba87-f652a3eec18e.jpeg"", ""https://a0.muscache.com/im/pictures/miso/Hosting-1194001813149386360/original/b01b3df1-f266-4675-8cac-8f47b3688b09.jpeg"", ""https://a0.muscache.com/im/pictures/miso/Hosting-1194001813149386360/original/260b77cc-a579-4f00-b609-e6e457d447e8.jpeg"", ""https://a0.muscache.com/im/pictures/miso/Hosting-1194001813149386360/original/a507e2aa-ade2-4a8e-9bfd-872b5962130d.jpeg""]",t,"[{""name"": ""Cindy"", ""avatar"": ""https://a0.muscache.com/im/pictures/user/avatar_cindy.jpg""}, {""name"": ""Long"", ""avatar"": ""https://a0.muscache.com/im/pictures/user/avatar_long.jpg""}]","[{""name"": ""DECOR"", ""localizedName"": ""Trang trí"", ""count"": 12}, {""name"": ""INTERIOR"", ""localizedName"": ""Không gian bên trong"", ""count"": 5}, {""name"": ""CLEANLINESS"", ""localizedName"": ""Mức độ sạch sẽ"", ""count"": 24}, {""name"": ""LOCATION"", ""localizedName"": ""Địa điểm"", ""count"": 2}, {""name"": ""HOSPITALITY"", ""localizedName"": ""Hiếu khách"", ""count"": 5}]","[{""title"": ""Trải nghiệm nhận phòng xuất sắc"", ""subtitle"": ""Những khách ở gần đây đã xếp hạng 5 sao cho quy trình nhận phòng.""}, {""title"": ""Tự nhận phòng"", ""subtitle"": ""Tự nhận phòng với hộp khóa an toàn.""}]"
1164884385643101936,https://www.airbnb.com.vn/rooms/1164884385643101936,20260926000000,2026-09-26,city search,"L675 | Căn hộ 1 phòng ngủ, đầy ánh nắng, ấm cúng","Chào mừng bạn đến với L675 | Căn hộ 1 phòng ngủ, đầy ánh nắng, ấm cúng — một không gian lưu trú ấm cúng, sang trọng tọa lạc tại Quận Tân Bình, Thành phố Hồ Chí Minh.
Căn phòng tràn ngập ánh sáng tự nhiên với đầy đủ tiện nghi cao cấp, giường nệm êm ái, máy lạnh, TV và wifi tốc độ cao. Rất thuận tiện di chuyển tới các điểm tham quan, nhà hàng ẩm thực và quán cà phê nổi tiếng của Thành phố Hồ Chí Minh.","Khu vực Quận Tân Bình an ninh, văn minh, gần nhiều địa điểm ăn uống, mua sắm và giải trí sầm uất tại Thành phố Hồ Chí Minh.",https://a0.muscache.com/im/pictures/hosting/Hosting-U3RheVN1cHBseUxpc3Rpbmc6MTE2NDg4NDM4NTY0MzEwMTkzNg%3D%3D/original/4145ae9b-92d2-4495-bbb2-8b934eae9f5f.png,47000188,https://www.airbnb.com.vn/users/show/47000188,Thảo,2021-07-07,"Thành phố Hồ Chí Minh, Việt Nam","Xin chào, tôi là Thảo, đã có 5 năm kinh nghiệm làm host. Tôi yêu thích du lịch và luôn mong muốn đem lại trải nghiệm lưu trú thoải mái nhất cho khách.",trong vòng một giờ,100%,98%,t,https://a0.muscache.com/im/pictures/user/User-47000188/original/user_profile_8.jpeg,https://a0.muscache.com/im/pictures/user/User-47000188/original/user_profile_8.jpeg,Quận Tân Bình,7,6,"['email', 'phone', 'work_email']",t,t,Quận Tân Bình,Quận Tân Bình,Thành phố Hồ Chí Minh,10.8097,106.6782,Toàn bộ căn hộ cho thuê,Entire home/apt,4,1.0,1 phòng tắm,1,2,"[""Máy phát hiện khí CO"", ""Điều hòa nhiệt độ"", ""Thang máy"", ""Không gian riêng để làm việc"", ""Dầu gội & Sữa tắm"", ""Bộ chăn ga gối cao cấp"", ""Tủ lạnh"", ""Bếp đầy đủ tiện nghi"", ""Máy sấy tóc"", ""Wi-fi tốc độ cao"", ""Máy giặt"", ""Tự nhận phòng với hộp khóa an toàn"", ""Ban công ngắm cảnh"", ""Máy báo khói"", ""TV màn hình phẳng"", ""Bể bơi"", ""Lò vi sóng""]","₫1,402,400",1,1125,1,2,1125,1125,1.0,1125.0,today,t,25,41,60,313,2026-09-26,44,13,1,2024-12-05,2026-09-07,4.93,4.99,4.81,5.0,5.0,4.74,4.94,,t,2,2,0,0,2.28,"[""https://a0.muscache.com/im/pictures/hosting/Hosting-U3RheVN1cHBseUxpc3Rpbmc6MTE2NDg4NDM4NTY0MzEwMTkzNg%3D%3D/original/4145ae9b-92d2-4495-bbb2-8b934eae9f5f.png"", ""https://a0.muscache.com/im/pictures/hosting/Hosting-1164884385643101936/original/89478c78-af5a-4232-8f95-0978a21aab4d.jpeg"", ""https://a0.muscache.com/im/pictures/hosting/Hosting-U3RheVN1cHBseUxpc3Rpbmc6MTE2NDg4NDM4NTY0MzEwMTkzNg%3D%3D/original/edb85a72-c791-4ec8-9a5b-9971aa514137.png"", ""https://a0.muscache.com/im/pictures/hosting/Hosting-U3RheVN1cHBseUxpc3Rpbmc6MTE2NDg4NDM4NTY0MzEwMTkzNg%3D%3D/original/af0a47d1-742f-43ab-b187-fd862be4a50c.png"", ""https://a0.muscache.com/im/pictures/hosting/Hosting-U3RheVN1cHBseUxpc3Rpbmc6MTE2NDg4NDM4NTY0MzEwMTkzNg%3D%3D/original/29e503d6-de7b-48ea-bb24-e1c8123e1698.png"", ""https://a0.muscache.com/im/pictures/miso/Hosting-1164884385643101936/original/7477e893-d5f5-4d34-ae8e-8b578b841871.png"", ""https://a0.muscache.com/im/pictures/hosting/Hosting-U3RheVN1cHBseUxpc3Rpbmc6MTE2NDg4NDM4NTY0MzEwMTkzNg%3D%3D/original/5437e428-c533-43d6-afaf-5abea96d2318.png"", ""https://a0.muscache.com/im/pictures/hosting/Hosting-U3RheVN1cHBseUxpc3Rpbmc6MTE2NDg4NDM4NTY0MzEwMTkzNg==/original/9ec310dc-174a-45bf-a01a-138bb8059dc3.png"", ""https://a0.muscache.com/im/pictures/hosting/Hosting-U3RheVN1cHBseUxpc3Rpbmc6MTE2NDg4NDM4NTY0MzEwMTkzNg%3D%3D/original/a9a42e7f-254a-4cac-91a1-71b52b237aa4.png"", ""https://a0.muscache.com/im/pictures/hosting/Hosting-1164884385643101936/original/58e1bf4c-2515-4783-bc33-36a673af8a59.jpeg"", ""https://a0.muscache.com/im/pictures/hosting/Hosting-U3RheVN1cHBseUxpc3Rpbmc6MTE2NDg4NDM4NTY0MzEwMTkzNg%3D%3D/original/5c044b24-c2d9-4f9f-af58-42b9c1a92323.png"", ""https://a0.muscache.com/im/pictures/hosting/Hosting-U3RheVN1cHBseUxpc3Rpbmc6MTE2NDg4NDM4NTY0MzEwMTkzNg%3D%3D/original/bb02c73b-5b02-4d16-9a61-e787c10b457d.png"", ""https://a0.muscache.com/im/pictures/hosting/Hosting-U3RheVN1cHBseUxpc3Rpbmc6MTE2NDg4NDM4NTY0MzEwMTkzNg%3D%3D/original/d5a0eea9-7218-4f19-ba1a-5893f6877678.png"", ""https://a0.muscache.com/im/pictures/hosting/Hosting-U3RheVN1cHBseUxpc3Rpbmc6MTE2NDg4NDM4NTY0MzEwMTkzNg%3D%3D/original/1f602b56-67f7-43a1-b5d3-3637e93ae56e.png"", ""https://a0.muscache.com/im/pictures/hosting/Hosting-U3RheVN1cHBseUxpc3Rpbmc6MTE2NDg4NDM4NTY0MzEwMTkzNg%3D%3D/original/5e6d3ba8-4a0a-446e-afb0-ab3d46b24f3a.png"", ""https://a0.muscache.com/im/pictures/hosting/Hosting-U3RheVN1cHBseUxpc3Rpbmc6MTE2NDg4NDM4NTY0MzEwMTkzNg%3D%3D/original/204f5e62-9943-4a45-9645-fa238c6fc8a9.png"", ""https://a0.muscache.com/im/pictures/hosting/Hosting-1164884385643101936/original/4f5e23ec-3d6c-40ab-8662-4c464960adb6.jpeg"", ""https://a0.muscache.com/im/pictures/hosting/Hosting-U3RheVN1cHBseUxpc3Rpbmc6MTE2NDg4NDM4NTY0MzEwMTkzNg==/original/29073413-7c84-4295-ae13-0df9cc73c563.jpeg"", ""https://a0.muscache.com/im/pictures/hosting/Hosting-U3RheVN1cHBseUxpc3Rpbmc6MTE2NDg4NDM4NTY0MzEwMTkzNg==/original/334af556-596e-4120-bd48-691c9f65c2ff.jpeg"", ""https://a0.muscache.com/im/pictures/hosting/Hosting-1164884385643101936/original/a107cb37-754a-4139-a36b-89229d2299e0.jpeg"", ""https://a0.muscache.com/im/pictures/hosting/Hosting-U3RheVN1cHBseUxpc3Rpbmc6MTE2NDg4NDM4NTY0MzEwMTkzNg%3D%3D/original/76de38ba-fe54-432f-9100-273ac6d4f952.png"", ""https://a0.muscache.com/im/pictures/hosting/Hosting-U3RheVN1cHBseUxpc3Rpbmc6MTE2NDg4NDM4NTY0MzEwMTkzNg%3D%3D/original/4caafa7d-ed96-483e-8ce7-b7326af21228.png"", ""https://a0.muscache.com/im/pictures/hosting/Hosting-1164884385643101936/original/9a5ae0b6-d098-4a08-be0f-7f184bbc5414.jpeg"", ""https://a0.muscache.com/im/pictures/hosting/Hosting-1164884385643101936/original/88d6d7af-222b-4bde-a513-11c544fbc924.jpeg"", ""https://a0.muscache.com/im/pictures/hosting/Hosting-U3RheVN1cHBseUxpc3Rpbmc6MTE2NDg4NDM4NTY0MzEwMTkzNg%3D%3D/original/e472f891-b449-4bd0-9e18-f3c37955ebb8.jpeg"", ""https://a0.muscache.com/im/pictures/hosting/Hosting-U3RheVN1cHBseUxpc3Rpbmc6MTE2NDg4NDM4NTY0MzEwMTkzNg%3D%3D/original/640e4880-50b7-4c14-9bb2-292ad929189e.jpeg"", ""https://a0.muscache.com/im/pictures/hosting/Hosting-U3RheVN1cHBseUxpc3Rpbmc6MTE2NDg4NDM4NTY0MzEwMTkzNg%3D%3D/original/9b02f128-ce26-4d53-887d-6860446fc0a5.jpeg"", ""https://a0.muscache.com/im/pictures/hosting/Hosting-1164884385643101936/original/ed49c559-69fe-4fe8-ae05-d2247cfdae51.jpeg"", ""https://a0.muscache.com/im/pictures/miso/Hosting-1164884385643101936/original/8d93d071-c915-4396-b3bb-c09d3b574c54.png""]",t,"[{""name"": ""Rùa"", ""avatar"": ""https://a0.muscache.com/im/pictures/user/avatar_rua.jpg""}, {""name"": ""Long"", ""avatar"": ""https://a0.muscache.com/im/pictures/user/avatar_long.jpg""}, {""name"": ""Cindy"", ""avatar"": ""https://a0.muscache.com/im/pictures/user/avatar_cindy.jpg""}]","[{""name"": ""DECOR"", ""localizedName"": ""Trang trí"", ""count"": 13}, {""name"": ""INTERIOR"", ""localizedName"": ""Không gian bên trong"", ""count"": 17}, {""name"": ""CLEANLINESS"", ""localizedName"": ""Mức độ sạch sẽ"", ""count"": 25}, {""name"": ""LOCATION"", ""localizedName"": ""Địa điểm"", ""count"": 2}, {""name"": ""HOSPITALITY"", ""localizedName"": ""Hiếu khách"", ""count"": 4}]","[{""title"": ""Trải nghiệm nhận phòng xuất sắc"", ""subtitle"": ""Những khách ở gần đây đã xếp hạng 5 sao cho quy trình nhận phòng.""}, {""title"": ""Tự nhận phòng"", ""subtitle"": ""Tự nhận phòng với hộp khóa an toàn.""}]"
1626711668922810480,https://www.airbnb.com.vn/rooms/1626711668922810480,20260926000000,2026-09-26,city search,"Căn hộ - Được trang bị nội thất yên tĩnh, dịch vụ dọn phòng giặt ủi","Chào mừng bạn đến với Căn hộ - Được trang bị nội thất yên tĩnh, dịch vụ dọn phòng giặt ủi — một không gian lưu trú ấm cúng, sang trọng tọa lạc tại Quận 1, Thành phố Hồ Chí Minh.
Căn phòng tràn ngập ánh sáng tự nhiên với đầy đủ tiện nghi cao cấp, giường nệm êm ái, máy lạnh, TV và wifi tốc độ cao. Rất thuận tiện di chuyển tới các điểm tham quan, nhà hàng ẩm thực và quán cà phê nổi tiếng của Thành phố Hồ Chí Minh.","Khu vực Quận 1 an ninh, văn minh, gần nhiều địa điểm ăn uống, mua sắm và giải trí sầm uất tại Thành phố Hồ Chí Minh.",https://a0.muscache.com/im/pictures/hosting/Hosting-1626711668922810480/original/7b2f4faa-2b90-43b7-8caa-5c45acbecd6e.jpeg,47000189,https://www.airbnb.com.vn/users/show/47000189,Hải,2021-03-20,"Thành phố Hồ Chí Minh, Việt Nam","Xin chào, tôi là Hải, đã có 5 năm kinh nghiệm làm host. Tôi yêu thích du lịch và luôn mong muốn đem lại trải nghiệm lưu trú thoải mái nhất cho khách.",trong vòng một giờ,100%,98%,f,https://a0.muscache.com/im/pictures/user/User-47000189/original/user_profile_9.jpeg,https://a0.muscache.com/im/pictures/user/User-47000189/original/user_profile_9.jpeg,Quận 1,1,6,"['email', 'phone', 'work_email']",t,t,Quận 1,Quận 1,Thành phố Hồ Chí Minh,10.7898,106.7105,Phòng riêng trong nhà,Private room,2,1.0,1 phòng tắm đầy đủ và 1 phòng vệ sinh cơ bản riêng,1,1,"[""TV màn hình phẳng"", ""Chỗ đỗ xe miễn phí trong khuôn viên"", ""Không gian riêng để làm việc"", ""Máy phát hiện khí CO"", ""Bàn ủi / Bàn là"", ""Bể bơi"", ""Ban công ngắm cảnh"", ""Lò vi sóng"", ""Bếp đầy đủ tiện nghi"", ""Tủ lạnh"", ""Điều hòa nhiệt độ"", ""Bộ chăn ga gối cao cấp"", ""Máy báo khói"", ""Wi-fi tốc độ cao"", ""Máy giặt""]","₫550,000",1,1125,1,2,1125,1125,1.0,1125.0,today,t,17,48,75,303,2026-09-26,13,5,1,2026-03-15,2026-09-17,5.0,4.93,4.81,5.0,5.0,4.85,4.89,,f,2,0,1,0,1.55,"[""https://a0.muscache.com/im/pictures/hosting/Hosting-1626711668922810480/original/7b2f4faa-2b90-43b7-8caa-5c45acbecd6e.jpeg"", ""https://a0.muscache.com/im/pictures/hosting/Hosting-1626711668922810480/original/ebab93b3-80bc-4454-b7d9-c96e41d4f6aa.jpeg"", ""https://a0.muscache.com/im/pictures/hosting/Hosting-1626711668922810480/original/b25eb0d4-f8a7-4f28-a4cd-abf652bfc020.jpeg"", ""https://a0.muscache.com/im/pictures/hosting/Hosting-1626711668922810480/original/0be92d8e-347a-4c8d-9d74-1f65669a2ce7.jpeg"", ""https://a0.muscache.com/im/pictures/hosting/Hosting-1626711668922810480/original/d7d16214-6bc4-4ce5-b297-7ecb43fbedd9.jpeg"", ""https://a0.muscache.com/im/pictures/hosting/Hosting-1626711668922810480/original/2e4bb0fb-b8ae-4858-9da5-dc31a0070076.jpeg""]",t,"[{""name"": ""Dang Nguyen"", ""avatar"": ""https://a0.muscache.com/im/pictures/user/avatar_dang.jpg""}, {""name"": ""Rùa"", ""avatar"": ""https://a0.muscache.com/im/pictures/user/avatar_rua.jpg""}, {""name"": ""Cindy"", ""avatar"": ""https://a0.muscache.com/im/pictures/user/avatar_cindy.jpg""}]","[{""name"": ""DECOR"", ""localizedName"": ""Trang trí"", ""count"": 8}, {""name"": ""INTERIOR"", ""localizedName"": ""Không gian bên trong"", ""count"": 10}, {""name"": ""CLEANLINESS"", ""localizedName"": ""Mức độ sạch sẽ"", ""count"": 13}, {""name"": ""LOCATION"", ""localizedName"": ""Địa điểm"", ""count"": 10}, {""name"": ""HOSPITALITY"", ""localizedName"": ""Hiếu khách"", ""count"": 4}]","[{""title"": ""Trải nghiệm nhận phòng xuất sắc"", ""subtitle"": ""Những khách ở gần đây đã xếp hạng 5 sao cho quy trình nhận phòng.""}, {""title"": ""Tự nhận phòng"", ""subtitle"": ""Tự nhận phòng với hộp khóa an toàn.""}]"
1446154583824921599,https://www.airbnb.com.vn/rooms/1446154583824921599,20260926000000,2026-09-26,city search,Studio - Riêng Tư Tiện Nghi,"Chào mừng bạn đến với Studio - Riêng Tư Tiện Nghi — một không gian lưu trú ấm cúng, sang trọng tọa lạc tại Quận 3, Thành phố Hồ Chí Minh.
Căn phòng tràn ngập ánh sáng tự nhiên với đầy đủ tiện nghi cao cấp, giường nệm êm ái, máy lạnh, TV và wifi tốc độ cao. Rất thuận tiện di chuyển tới các điểm tham quan, nhà hàng ẩm thực và quán cà phê nổi tiếng của Thành phố Hồ Chí Minh.","Khu vực Quận 3 an ninh, văn minh, gần nhiều địa điểm ăn uống, mua sắm và giải trí sầm uất tại Thành phố Hồ Chí Minh.",https://a0.muscache.com/im/pictures/miso/Hosting-1446154583824921599/original/5cd286a6-60e8-4f66-803d-be85caa71ad1.jpeg,47000190,https://www.airbnb.com.vn/users/show/47000190,Nam,2023-04-18,"Thành phố Hồ Chí Minh, Việt Nam","Xin chào, tôi là Nam, đã có 3 năm kinh nghiệm làm host. Tôi yêu thích du lịch và luôn mong muốn đem lại trải nghiệm lưu trú thoải mái nhất cho khách.",trong vòng một giờ,100%,98%,t,https://a0.muscache.com/im/pictures/user/User-47000190/original/user_profile_0.jpeg,https://a0.muscache.com/im/pictures/user/User-47000190/original/user_profile_0.jpeg,Quận 3,5,3,"['email', 'phone', 'work_email']",t,t,Quận 3,Quận 3,Thành phố Hồ Chí Minh,10.8386,106.6764,Phòng riêng trong nhà,Private room,2,1.0,1 phòng tắm,1,1,"[""Tủ lạnh"", ""Bộ chăn ga gối cao cấp"", ""Bồn tắm thư giãn"", ""Điều hòa nhiệt độ"", ""Bàn ủi / Bàn là"", ""Bếp đầy đủ tiện nghi"", ""Ban công ngắm cảnh"", ""Máy báo khói"", ""Wi-fi tốc độ cao"", ""Máy sấy tóc"", ""Máy phát hiện khí CO"", ""Không gian riêng để làm việc"", ""Máy giặt"", ""Chỗ đỗ xe miễn phí trong khuôn viên"", ""Bể bơi"", ""Lò vi sóng""]","₫442,980",1,1125,1,2,1125,1125,1.0,1125.0,today,t,24,44,82,280,2026-09-26,67,14,1,2023-12-26,2026-09-15,4.85,4.82,4.87,5.0,5.0,4.88,4.85,,t,2,0,1,0,1.43,"[""https://a0.muscache.com/im/pictures/miso/Hosting-1446154583824921599/original/5cd286a6-60e8-4f66-803d-be85caa71ad1.jpeg"", ""https://a0.muscache.com/im/pictures/miso/Hosting-1446154583824921599/original/cf9057ef-4636-4a1a-be6b-b4d148b98a75.jpeg"", ""https://a0.muscache.com/im/pictures/hosting/Hosting-U3RheVN1cHBseUxpc3Rpbmc6MTQ0NjE1NDU4MzgyNDkyMTU5OQ==/original/ab0c6034-1765-4dea-bee6-120601dda1e5.jpeg"", ""https://a0.muscache.com/im/pictures/miso/Hosting-1446154583824921599/original/f45e52ee-6877-4210-a154-af9192fb47b6.jpeg"", ""https://a0.muscache.com/im/pictures/miso/Hosting-1446154583824921599/original/b7268e33-b09d-4d68-8e2b-2e6f87b9a49f.jpeg"", ""https://a0.muscache.com/im/pictures/miso/Hosting-1446154583824921599/original/93499ffe-6dde-40cd-9d9a-0a0d6812396f.jpeg""]",f,"[{""name"": ""Cindy"", ""avatar"": ""https://a0.muscache.com/im/pictures/user/avatar_cindy.jpg""}, {""name"": ""Long"", ""avatar"": ""https://a0.muscache.com/im/pictures/user/avatar_long.jpg""}, {""name"": ""Dang Nguyen"", ""avatar"": ""https://a0.muscache.com/im/pictures/user/avatar_dang.jpg""}]","[{""name"": ""DECOR"", ""localizedName"": ""Trang trí"", ""count"": 7}, {""name"": ""INTERIOR"", ""localizedName"": ""Không gian bên trong"", ""count"": 17}, {""name"": ""CLEANLINESS"", ""localizedName"": ""Mức độ sạch sẽ"", ""count"": 18}, {""name"": ""LOCATION"", ""localizedName"": ""Địa điểm"", ""count"": 14}, {""name"": ""HOSPITALITY"", ""localizedName"": ""Hiếu khách"", ""count"": 4}]","[{""title"": ""Trải nghiệm nhận phòng xuất sắc"", ""subtitle"": ""Những khách ở gần đây đã xếp hạng 5 sao cho quy trình nhận phòng.""}, {""title"": ""Tự nhận phòng"", ""subtitle"": ""Tự nhận phòng với hộp khóa an toàn.""}]"
1663519763467247006,https://www.airbnb.com.vn/rooms/1663519763467247006,20260926000000,2026-09-26,city search,Studio có ban công và bếp riêng 101,"Chào mừng bạn đến với Studio có ban công và bếp riêng 101 — một không gian lưu trú ấm cúng, sang trọng tọa lạc tại Quận 4, Thành phố Hồ Chí Minh.
Căn phòng tràn ngập ánh sáng tự nhiên với đầy đủ tiện nghi cao cấp, giường nệm êm ái, máy lạnh, TV và wifi tốc độ cao. Rất thuận tiện di chuyển tới các điểm tham quan, nhà hàng ẩm thực và quán cà phê nổi tiếng của Thành phố Hồ Chí Minh.","Khu vực Quận 4 an ninh, văn minh, gần nhiều địa điểm ăn uống, mua sắm và giải trí sầm uất tại Thành phố Hồ Chí Minh.",https://a0.muscache.com/im/pictures/hosting/Hosting-1663519763467247006/original/cfd821de-6421-4170-9024-020c4a056b2a.png,47000191,https://www.airbnb.com.vn/users/show/47000191,Tuấn,2025-09-11,"Thành phố Hồ Chí Minh, Việt Nam","Xin chào, tôi là Tuấn, đã có 1 năm kinh nghiệm làm host. Tôi yêu thích du lịch và luôn mong muốn đem lại trải nghiệm lưu trú thoải mái nhất cho khách.",trong vòng một giờ,100%,98%,f,https://a0.muscache.com/im/pictures/user/User-47000191/original/user_profile_1.jpeg,https://a0.muscache.com/im/pictures/user/User-47000191/original/user_profile_1.jpeg,Quận 4,3,2,"['email', 'phone', 'work_email']",t,t,Quận 4,Quận 4,Thành phố Hồ Chí Minh,10.805227879544805,106.751534100966,Phòng riêng trong nhà,Private room,4,1.0,1 phòng tắm,1,2,"[""Wi-fi tốc độ cao"", ""Lò vi sóng"", ""Bàn ủi / Bàn là"", ""Máy sấy tóc"", ""Chỗ đỗ xe miễn phí trong khuôn viên"", ""Bể bơi"", ""Thang máy"", ""Ban công ngắm cảnh"", ""Bếp đầy đủ tiện nghi"", ""Bộ chăn ga gối cao cấp"", ""Dầu gội & Sữa tắm"", ""TV màn hình phẳng"", ""Tự nhận phòng với hộp khóa an toàn"", ""Điều hòa nhiệt độ"", ""Tủ lạnh""]","₫765,000",1,1125,1,2,1125,1125,1.0,1125.0,today,t,17,55,65,235,2026-09-26,6,2,5,2026-06-28,2026-09-11,5.0,4.95,4.91,5.0,5.0,4.73,4.88,,f,2,0,1,0,4.76,"[""https://a0.muscache.com/im/pictures/hosting/Hosting-1663519763467247006/original/cfd821de-6421-4170-9024-020c4a056b2a.png"", ""https://a0.muscache.com/im/pictures/hosting/Hosting-1663519763467247006/original/3bc72f41-31af-4804-8b7b-919220811748.jpeg"", ""https://a0.muscache.com/im/pictures/hosting/Hosting-1663519763467247006/original/15c25258-8bab-40bc-8bad-9bc48fb5398b.jpeg"", ""https://a0.muscache.com/im/pictures/hosting/Hosting-1663519763467247006/original/2cf9f919-0037-4c31-8611-a292ac58e973.jpeg"", ""https://a0.muscache.com/im/pictures/hosting/Hosting-1663519763467247006/original/758ecba5-d39b-4167-ac43-37947d284249.jpeg"", ""https://a0.muscache.com/im/pictures/hosting/Hosting-1663519763467247006/original/45a6abd6-c446-4453-83c0-b1692019bdcb.jpeg""]",t,"[{""name"": ""Rùa"", ""avatar"": ""https://a0.muscache.com/im/pictures/user/avatar_rua.jpg""}, {""name"": ""Cindy"", ""avatar"": ""https://a0.muscache.com/im/pictures/user/avatar_cindy.jpg""}]","[{""name"": ""DECOR"", ""localizedName"": ""Trang trí"", ""count"": 13}, {""name"": ""INTERIOR"", ""localizedName"": ""Không gian bên trong"", ""count"": 22}, {""name"": ""CLEANLINESS"", ""localizedName"": ""Mức độ sạch sẽ"", ""count"": 8}, {""name"": ""LOCATION"", ""localizedName"": ""Địa điểm"", ""count"": 7}, {""name"": ""HOSPITALITY"", ""localizedName"": ""Hiếu khách"", ""count"": 6}]","[{""title"": ""Trải nghiệm nhận phòng xuất sắc"", ""subtitle"": ""Những khách ở gần đây đã xếp hạng 5 sao cho quy trình nhận phòng.""}, {""title"": ""Tự nhận phòng"", ""subtitle"": ""Tự nhận phòng với hộp khóa an toàn.""}]"
1733128460292903395,https://www.airbnb.com.vn/rooms/1733128460292903395,20260926000000,2026-09-26,city search,Phòng Đẹp Giá Rẻ Gần Trung Tâm TPHCM. 301,"Chào mừng bạn đến với Phòng Đẹp Giá Rẻ Gần Trung Tâm TPHCM. 301 — một không gian lưu trú ấm cúng, sang trọng tọa lạc tại Quận 7, Thành phố Hồ Chí Minh.
Căn phòng tràn ngập ánh sáng tự nhiên với đầy đủ tiện nghi cao cấp, giường nệm êm ái, máy lạnh, TV và wifi tốc độ cao. Rất thuận tiện di chuyển tới các điểm tham quan, nhà hàng ẩm thực và quán cà phê nổi tiếng của Thành phố Hồ Chí Minh.","Khu vực Quận 7 an ninh, văn minh, gần nhiều địa điểm ăn uống, mua sắm và giải trí sầm uất tại Thành phố Hồ Chí Minh.",https://a0.muscache.com/im/pictures/hosting/Hosting-1733128460292903395/original/fc4cb69c-bd04-4808-a38d-3eeb47a8de99.jpeg,47000192,https://www.airbnb.com.vn/users/show/47000192,Long,2023-06-22,"Thành phố Hồ Chí Minh, Việt Nam","Xin chào, tôi là Long, đã có 3 năm kinh nghiệm làm host. Tôi yêu thích du lịch và luôn mong muốn đem lại trải nghiệm lưu trú thoải mái nhất cho khách.",trong vòng một giờ,100%,98%,t,https://a0.muscache.com/im/pictures/user/User-47000192/original/user_profile_2.jpeg,https://a0.muscache.com/im/pictures/user/User-47000192/original/user_profile_2.jpeg,Quận 7,6,4,"['email', 'phone', 'work_email']",t,t,Quận 7,Quận 7,Thành phố Hồ Chí Minh,10.795,106.6959,Phòng riêng trong nhà,Private room,2,1.0,1 phòng tắm,1,1,"[""TV màn hình phẳng"", ""Điều hòa nhiệt độ"", ""Máy phát hiện khí CO"", ""Bộ chăn ga gối cao cấp"", ""Máy báo khói"", ""Lò vi sóng"", ""Chỗ đỗ xe miễn phí trong khuôn viên"", ""Bàn ủi / Bàn là"", ""Máy sấy tóc"", ""Bể bơi"", ""Tủ lạnh"", ""Wi-fi tốc độ cao"", ""Bồn tắm thư giãn"", ""Dầu gội & Sữa tắm"", ""Ban công ngắm cảnh""]","₫346,000",1,1125,1,2,1125,1125,1.0,1125.0,today,t,21,35,85,279,2026-09-26,3,3,1,2026-08-12,2026-09-18,5.0,4.94,4.99,5.0,5.0,4.84,4.91,,t,2,0,1,0,4.02,"[""https://a0.muscache.com/im/pictures/hosting/Hosting-1733128460292903395/original/fc4cb69c-bd04-4808-a38d-3eeb47a8de99.jpeg"", ""https://a0.muscache.com/im/pictures/hosting/Hosting-1733128460292903395/original/d9dfa1dd-8d48-47a2-b642-4a71aef360e5.jpeg"", ""https://a0.muscache.com/im/pictures/hosting/Hosting-1733128460292903395/original/d860d8de-6005-4611-a822-5ef733a6f864.jpeg"", ""https://a0.muscache.com/im/pictures/hosting/Hosting-1733128460292903395/original/ca088329-4106-4ee6-ac4d-e6ab77371f99.jpeg"", ""https://a0.muscache.com/im/pictures/hosting/Hosting-1733128460292903395/original/625b212e-ffd5-4ef8-90de-fbeea249fdb7.jpeg"", ""https://a0.muscache.com/im/pictures/hosting/Hosting-1733128460292903395/original/9c86f2a7-b1e7-4647-9286-d2b74cb6ec1f.jpeg""]",f,"[{""name"": ""Rùa"", ""avatar"": ""https://a0.muscache.com/im/pictures/user/avatar_rua.jpg""}, {""name"": ""Long"", ""avatar"": ""https://a0.muscache.com/im/pictures/user/avatar_long.jpg""}, {""name"": ""Cindy"", ""avatar"": ""https://a0.muscache.com/im/pictures/user/avatar_cindy.jpg""}]","[{""name"": ""DECOR"", ""localizedName"": ""Trang trí"", ""count"": 8}, {""name"": ""INTERIOR"", ""localizedName"": ""Không gian bên trong"", ""count"": 18}, {""name"": ""CLEANLINESS"", ""localizedName"": ""Mức độ sạch sẽ"", ""count"": 7}, {""name"": ""LOCATION"", ""localizedName"": ""Địa điểm"", ""count"": 12}, {""name"": ""HOSPITALITY"", ""localizedName"": ""Hiếu khách"", ""count"": 15}]","[{""title"": ""Trải nghiệm nhận phòng xuất sắc"", ""subtitle"": ""Những khách ở gần đây đã xếp hạng 5 sao cho quy trình nhận phòng.""}, {""title"": ""Tự nhận phòng"", ""subtitle"": ""Tự nhận phòng với hộp khóa an toàn.""}]"
1687684571356173101,https://www.airbnb.com.vn/rooms/1687684571356173101,20260926000000,2026-09-26,city search,A9-19 Căn hộ 1 phòng ngủ Sunrise Riverside | Trung tâm D7,"Chào mừng bạn đến với A9-19 Căn hộ 1 phòng ngủ Sunrise Riverside | Trung tâm D7 — một không gian lưu trú ấm cúng, sang trọng tọa lạc tại Quận 10, Thành phố Hồ Chí Minh.
Căn phòng tràn ngập ánh sáng tự nhiên với đầy đủ tiện nghi cao cấp, giường nệm êm ái, máy lạnh, TV và wifi tốc độ cao. Rất thuận tiện di chuyển tới các điểm tham quan, nhà hàng ẩm thực và quán cà phê nổi tiếng của Thành phố Hồ Chí Minh.","Khu vực Quận 10 an ninh, văn minh, gần nhiều địa điểm ăn uống, mua sắm và giải trí sầm uất tại Thành phố Hồ Chí Minh.",https://a0.muscache.com/im/pictures/hosting/Hosting-1687684571356173101/original/4a40aee2-0076-4488-abff-5e04c29c060d.png,47000193,https://www.airbnb.com.vn/users/show/47000193,Đức,2020-07-19,"Thành phố Hồ Chí Minh, Việt Nam","Xin chào, tôi là Đức, đã có 6 năm kinh nghiệm làm host. Tôi yêu thích du lịch và luôn mong muốn đem lại trải nghiệm lưu trú thoải mái nhất cho khách.",trong vòng một giờ,100%,98%,f,https://a0.muscache.com/im/pictures/user/User-47000193/original/user_profile_3.jpeg,https://a0.muscache.com/im/pictures/user/User-47000193/original/user_profile_3.jpeg,Quận 10,6,7,"['email', 'phone', 'work_email']",t,t,Quận 10,Quận 10,Thành phố Hồ Chí Minh,10.7217,106.703,Toàn bộ căn hộ cho thuê,Entire home/apt,2,1.0,1 phòng tắm,1,1,"[""Bộ chăn ga gối cao cấp"", ""TV màn hình phẳng"", ""Chỗ đỗ xe miễn phí trong khuôn viên"", ""Máy sấy tóc"", ""Không gian riêng để làm việc"", ""Lò vi sóng"", ""Tự nhận phòng với hộp khóa an toàn"", ""Wi-fi tốc độ cao"", ""Ban công ngắm cảnh"", ""Máy phát hiện khí CO"", ""Bếp đầy đủ tiện nghi"", ""Bể bơi"", ""Điều hòa nhiệt độ"", ""Máy báo khói"", ""Bàn ủi / Bàn là"", ""Dầu gội & Sữa tắm"", ""Máy giặt""]","₫855,000",1,1125,1,2,1125,1125,1.0,1125.0,today,t,12,42,80,259,2026-09-26,14,13,1,2026-02-28,2026-09-04,5.0,5.0,4.9,5.0,5.0,4.7,4.71,,f,2,2,0,0,4.23,"[""https://a0.muscache.com/im/pictures/hosting/Hosting-1687684571356173101/original/4a40aee2-0076-4488-abff-5e04c29c060d.png"", ""https://a0.muscache.com/im/pictures/hosting/Hosting-1687684571356173101/original/18316de0-809a-4bca-9e1f-3dbe634c0dc0.png"", ""https://a0.muscache.com/im/pictures/hosting/Hosting-1687684571356173101/original/fbbe5ce2-02f0-4b5b-a3b5-aac63665ff6f.png"", ""https://a0.muscache.com/im/pictures/hosting/Hosting-1687684571356173101/original/554ff257-6949-482c-b8d9-2485747d468c.jpeg"", ""https://a0.muscache.com/im/pictures/hosting/Hosting-1687684571356173101/original/66be3a23-1363-4af6-9cf4-ccb457c89c11.jpeg"", ""https://a0.muscache.com/im/pictures/hosting/Hosting-1687684571356173101/original/875882a8-5bbf-483c-92af-fbb6a01ca17a.png"", ""https://a0.muscache.com/im/pictures/hosting/Hosting-1687684571356173101/original/fae56f37-c725-4c40-99da-d5878f5d4f2b.jpeg"", ""https://a0.muscache.com/im/pictures/hosting/Hosting-1665066779744271982/original/ded4730f-6c02-42a4-ae9d-6af0d7bbdbf2.jpeg"", ""https://a0.muscache.com/im/pictures/hosting/Hosting-1666416334362449280/original/89f16dcb-b845-4a73-88b2-af1ceb898935.jpeg"", ""https://a0.muscache.com/im/pictures/hosting/Hosting-1665066779744271982/original/3e1a3771-08f8-4ee9-aea7-9ea46840eee9.jpeg"", ""https://a0.muscache.com/im/pictures/hosting/Hosting-1687684571356173101/original/93ebe1ce-98a2-484f-a61e-f275659d3389.jpeg"", ""https://a0.muscache.com/im/pictures/hosting/Hosting-1687684571356173101/original/c3d9044e-ad81-44d6-bb53-09b8e40a14b7.jpeg"", ""https://a0.muscache.com/im/pictures/hosting/Hosting-1687684571356173101/original/376964fd-e159-4c5c-9a9f-8346d5997ee5.jpeg"", ""https://a0.muscache.com/im/pictures/hosting/Hosting-1687684571356173101/original/b7820ba9-f749-4863-8c43-1e731c5f8586.jpeg"", ""https://a0.muscache.com/im/pictures/hosting/Hosting-1687684571356173101/original/cd39b07a-d85e-45b8-b094-9fd3a33d9895.jpeg"", ""https://a0.muscache.com/im/pictures/hosting/Hosting-1687684571356173101/original/f06e918c-1fc7-43c5-8c40-3fc42aa08ccb.jpeg"", ""https://a0.muscache.com/im/pictures/hosting/Hosting-1687684571356173101/original/0dabe91b-0612-4ba6-aa81-bd27f1896c69.jpeg"", ""https://a0.muscache.com/im/pictures/hosting/Hosting-1687684571356173101/original/3a820384-6734-4fb1-8c1c-276bf1008366.jpeg"", ""https://a0.muscache.com/im/pictures/hosting/Hosting-1687684571356173101/original/60a735c5-7bde-4828-a905-3560670f7c1a.jpeg"", ""https://a0.muscache.com/im/pictures/hosting/Hosting-1687684571356173101/original/d16112f1-4db6-4ff1-a8b6-04904e2ef144.jpeg"", ""https://a0.muscache.com/im/pictures/hosting/Hosting-1687684571356173101/original/96edf903-204d-4b77-a592-16de07a201b5.jpeg"", ""https://a0.muscache.com/im/pictures/hosting/Hosting-1687684571356173101/original/5054e349-940b-4cec-94d7-54c54581404f.jpeg"", ""https://a0.muscache.com/im/pictures/hosting/Hosting-1687684571356173101/original/7d30a19e-e51b-4a23-afed-27e895736ddd.jpeg"", ""https://a0.muscache.com/im/pictures/hosting/Hosting-1687684571356173101/original/5e9e8c8a-50c6-44d9-94cf-8bbf96ac4877.jpeg"", ""https://a0.muscache.com/im/pictures/hosting/Hosting-1687684571356173101/original/3b2e98c0-2b05-4933-9945-f5272162ee79.jpeg"", ""https://a0.muscache.com/im/pictures/hosting/Hosting-1687684571356173101/original/c4e9c10d-c67f-4783-b853-f9705afd368f.jpeg"", ""https://a0.muscache.com/im/pictures/hosting/Hosting-1687684571356173101/original/9329ae21-bfa9-48e3-9cb9-f3479d46b70e.jpeg"", ""https://a0.muscache.com/im/pictures/hosting/Hosting-1687684571356173101/original/c11a8a71-5fd4-4a49-afc6-98e914c66efd.jpeg"", ""https://a0.muscache.com/im/pictures/hosting/Hosting-1687684571356173101/original/87b75f9e-b62b-4b18-b8cb-dbb3880578e9.jpeg""]",t,"[{""name"": ""Long"", ""avatar"": ""https://a0.muscache.com/im/pictures/user/avatar_long.jpg""}]","[{""name"": ""DECOR"", ""localizedName"": ""Trang trí"", ""count"": 10}, {""name"": ""INTERIOR"", ""localizedName"": ""Không gian bên trong"", ""count"": 12}, {""name"": ""CLEANLINESS"", ""localizedName"": ""Mức độ sạch sẽ"", ""count"": 3}, {""name"": ""LOCATION"", ""localizedName"": ""Địa điểm"", ""count"": 16}, {""name"": ""HOSPITALITY"", ""localizedName"": ""Hiếu khách"", ""count"": 11}]","[{""title"": ""Trải nghiệm nhận phòng xuất sắc"", ""subtitle"": ""Những khách ở gần đây đã xếp hạng 5 sao cho quy trình nhận phòng.""}, {""title"": ""Tự nhận phòng"", ""subtitle"": ""Tự nhận phòng với hộp khóa an toàn.""}]"
1061488833699859520,https://www.airbnb.com.vn/rooms/1061488833699859520,20260926000000,2026-09-26,city search,The Nest homestay No.2,"Chào mừng bạn đến với The Nest homestay No.2 — một không gian lưu trú ấm cúng, sang trọng tọa lạc tại Quận 3, Thành phố Hồ Chí Minh.
Căn phòng tràn ngập ánh sáng tự nhiên với đầy đủ tiện nghi cao cấp, giường nệm êm ái, máy lạnh, TV và wifi tốc độ cao. Rất thuận tiện di chuyển tới các điểm tham quan, nhà hàng ẩm thực và quán cà phê nổi tiếng của Thành phố Hồ Chí Minh.","Khu vực Quận 3 an ninh, văn minh, gần nhiều địa điểm ăn uống, mua sắm và giải trí sầm uất tại Thành phố Hồ Chí Minh.",https://a0.muscache.com/im/pictures/hosting/Hosting-1053326222966801125/original/89de991e-a97a-4a86-87a4-57edd8c727d0.jpeg,47000194,https://www.airbnb.com.vn/users/show/47000194,Khoa,2022-04-22,"Thành phố Hồ Chí Minh, Việt Nam","Xin chào, tôi là Khoa, đã có 4 năm kinh nghiệm làm host. Tôi yêu thích du lịch và luôn mong muốn đem lại trải nghiệm lưu trú thoải mái nhất cho khách.",trong vòng một giờ,100%,98%,t,https://a0.muscache.com/im/pictures/user/User-47000194/original/user_profile_4.jpeg,https://a0.muscache.com/im/pictures/user/User-47000194/original/user_profile_4.jpeg,Quận 3,8,8,"['email', 'phone', 'work_email']",t,t,Quận 3,Quận 3,Thành phố Hồ Chí Minh,10.78094,106.69399,Toàn bộ căn hộ cho thuê,Entire home/apt,2,1.0,1 phòng tắm,1,1,"[""TV màn hình phẳng"", ""Máy phát hiện khí CO"", ""Wi-fi tốc độ cao"", ""Máy giặt"", ""Không gian riêng để làm việc"", ""Thang máy"", ""Bếp đầy đủ tiện nghi"", ""Bộ chăn ga gối cao cấp"", ""Chỗ đỗ xe miễn phí trong khuôn viên"", ""Bể bơi"", ""Tự nhận phòng với hộp khóa an toàn"", ""Dầu gội & Sữa tắm"", ""Điều hòa nhiệt độ"", ""Máy báo khói"", ""Lò vi sóng"", ""Tủ lạnh"", ""Máy sấy tóc"", ""Bàn ủi / Bàn là"", ""Ban công ngắm cảnh"", ""Bồn tắm thư giãn""]","₫550,000",1,1125,1,2,1125,1125,1.0,1125.0,today,t,19,32,69,269,2026-09-26,27,15,3,2025-08-17,2026-09-11,4.93,4.87,4.83,5.0,5.0,4.78,4.9,,t,2,2,0,0,1.53,"[""https://a0.muscache.com/im/pictures/hosting/Hosting-1053326222966801125/original/89de991e-a97a-4a86-87a4-57edd8c727d0.jpeg"", ""https://a0.muscache.com/im/pictures/hosting/Hosting-1053326222966801125/original/7b83b5e6-4b74-4423-9fc3-8406c6673eb7.jpeg"", ""https://a0.muscache.com/im/pictures/hosting/Hosting-1053326222966801125/original/20b41d0e-cb26-4596-a41e-177bb6225421.jpeg"", ""https://a0.muscache.com/im/pictures/hosting/Hosting-1053326222966801125/original/3c6d796c-22a7-47e7-b428-e31d4c9f1f72.jpeg"", ""https://a0.muscache.com/im/pictures/hosting/Hosting-1053326222966801125/original/2ea0abfd-b87a-45a7-8cb6-c96c67e6e2d0.jpeg"", ""https://a0.muscache.com/im/pictures/hosting/Hosting-1053326222966801125/original/c6621063-cf5c-4623-aee7-d6110099d967.jpeg"", ""https://a0.muscache.com/im/pictures/hosting/Hosting-1053326222966801125/original/15a607dc-2d3d-4c98-abed-08c7f83e5026.jpeg"", ""https://a0.muscache.com/im/pictures/hosting/Hosting-1053326222966801125/original/1dcff4ba-206c-4547-8653-4b658faf661b.jpeg"", ""https://a0.muscache.com/im/pictures/hosting/Hosting-1053326222966801125/original/cccc704c-934d-4617-b823-849dbfaecb97.jpeg"", ""https://a0.muscache.com/im/pictures/hosting/Hosting-1053326222966801125/original/216d3925-1fb7-46a0-8b67-1bec9391dd56.jpeg""]",t,"[{""name"": ""Cindy"", ""avatar"": ""https://a0.muscache.com/im/pictures/user/avatar_cindy.jpg""}, {""name"": ""Long"", ""avatar"": ""https://a0.muscache.com/im/pictures/user/avatar_long.jpg""}, {""name"": ""Dang Nguyen"", ""avatar"": ""https://a0.muscache.com/im/pictures/user/avatar_dang.jpg""}]","[{""name"": ""DECOR"", ""localizedName"": ""Trang trí"", ""count"": 4}, {""name"": ""INTERIOR"", ""localizedName"": ""Không gian bên trong"", ""count"": 10}, {""name"": ""CLEANLINESS"", ""localizedName"": ""Mức độ sạch sẽ"", ""count"": 24}, {""name"": ""LOCATION"", ""localizedName"": ""Địa điểm"", ""count"": 10}, {""name"": ""HOSPITALITY"", ""localizedName"": ""Hiếu khách"", ""count"": 9}]","[{""title"": ""Trải nghiệm nhận phòng xuất sắc"", ""subtitle"": ""Những khách ở gần đây đã xếp hạng 5 sao cho quy trình nhận phòng.""}, {""title"": ""Tự nhận phòng"", ""subtitle"": ""Tự nhận phòng với hộp khóa an toàn.""}]"
1755610777327406916,https://www.airbnb.com.vn/rooms/1755610777327406916,20260926000000,2026-09-26,city search,"Căn hộ 2 phòng ngủ tại Diamond Island, 90m2, có tầm nhìn ra hồ bơi, yên tĩnh","Chào mừng bạn đến với Căn hộ 2 phòng ngủ tại Diamond Island, 90m2, có tầm nhìn ra hồ bơi, yên tĩnh — một không gian lưu trú ấm cúng, sang trọng tọa lạc tại Quận Phú Nhuận, Thành phố Hồ Chí Minh.
Căn phòng tràn ngập ánh sáng tự nhiên với đầy đủ tiện nghi cao cấp, giường nệm êm ái, máy lạnh, TV và wifi tốc độ cao. Rất thuận tiện di chuyển tới các điểm tham quan, nhà hàng ẩm thực và quán cà phê nổi tiếng của Thành phố Hồ Chí Minh.","Khu vực Quận Phú Nhuận an ninh, văn minh, gần nhiều địa điểm ăn uống, mua sắm và giải trí sầm uất tại Thành phố Hồ Chí Minh.",https://a0.muscache.com/im/pictures/hosting/Hosting-1755610777327406916/original/c6667af4-1ec5-4e50-89fb-cdee9fc7c0f6.jpeg,47000195,https://www.airbnb.com.vn/users/show/47000195,Hoàng,2021-03-19,"Thành phố Hồ Chí Minh, Việt Nam","Xin chào, tôi là Hoàng, đã có 5 năm kinh nghiệm làm host. Tôi yêu thích du lịch và luôn mong muốn đem lại trải nghiệm lưu trú thoải mái nhất cho khách.",trong vòng một giờ,100%,98%,f,https://a0.muscache.com/im/pictures/user/User-47000195/original/user_profile_5.jpeg,https://a0.muscache.com/im/pictures/user/User-47000195/original/user_profile_5.jpeg,Quận Phú Nhuận,6,1,"['email', 'phone', 'work_email']",t,t,Quận Phú Nhuận,Quận Phú Nhuận,Thành phố Hồ Chí Minh,10.7787,106.7472,Toàn bộ căn hộ cho thuê,Entire home/apt,4,2.0,2 phòng tắm,2,2,"[""Dầu gội & Sữa tắm"", ""Máy giặt"", ""Không gian riêng để làm việc"", ""Điều hòa nhiệt độ"", ""Bể bơi"", ""Lò vi sóng"", ""Bộ chăn ga gối cao cấp"", ""Thang máy"", ""Wi-fi tốc độ cao"", ""Bàn ủi / Bàn là"", ""Ban công ngắm cảnh"", ""Máy báo khói"", ""Bồn tắm thư giãn"", ""Máy sấy tóc""]","₫1,773,614",1,1125,1,2,1125,1125,1.0,1125.0,today,t,19,54,70,318,2026-09-26,85,16,0,2023-06-14,2026-09-12,4.85,4.83,4.97,5.0,5.0,4.88,4.88,,f,2,2,0,0,3.86,"[""https://a0.muscache.com/im/pictures/hosting/Hosting-1755610777327406916/original/c6667af4-1ec5-4e50-89fb-cdee9fc7c0f6.jpeg"", ""https://a0.muscache.com/im/pictures/hosting/Hosting-1755610777327406916/original/702a93f5-4e13-4741-a1a3-e9e394b4486c.jpeg"", ""https://a0.muscache.com/im/pictures/hosting/Hosting-1755610777327406916/original/a4d2b3e5-5694-4e03-a0cd-1459e895965f.jpeg"", ""https://a0.muscache.com/im/pictures/hosting/Hosting-1755610777327406916/original/241620f2-e1ac-4ed8-8c51-0eafcfc4f0cd.jpeg"", ""https://a0.muscache.com/im/pictures/hosting/Hosting-1755610777327406916/original/fec096dc-0cc1-48b7-bca3-53a7c20e615a.jpeg"", ""https://a0.muscache.com/im/pictures/hosting/Hosting-1755610777327406916/original/4ef82c11-bb8b-460e-8207-45e4e385b3af.jpeg"", ""https://a0.muscache.com/im/pictures/hosting/Hosting-1755610777327406916/original/a795135c-bf70-4476-aaed-8c106ec8243c.jpeg"", ""https://a0.muscache.com/im/pictures/hosting/Hosting-1755610777327406916/original/4b658f90-8481-49aa-a11a-4c08ed26fabb.jpeg"", ""https://a0.muscache.com/im/pictures/hosting/Hosting-1755610777327406916/original/5e5fee9c-4fc6-4172-9e4d-3c613bf5f5c4.jpeg"", ""https://a0.muscache.com/im/pictures/hosting/Hosting-1755610777327406916/original/bb0ec53d-fed3-4a0c-a8a9-8dcb22e73da3.jpeg"", ""https://a0.muscache.com/im/pictures/hosting/Hosting-1755610777327406916/original/57b3d95f-f2d6-428b-ae15-bff5dbc979c7.jpeg"", ""https://a0.muscache.com/im/pictures/hosting/Hosting-1755610777327406916/original/eaf07c58-1648-483f-92fd-d15049c61453.jpeg"", ""https://a0.muscache.com/im/pictures/hosting/Hosting-1755610777327406916/original/300af05d-e7af-45fe-b496-e7360f6f355a.jpeg"", ""https://a0.muscache.com/im/pictures/hosting/Hosting-1755610777327406916/original/dc001e77-794f-4f51-9f0c-d7c5ba78a933.jpeg"", ""https://a0.muscache.com/im/pictures/hosting/Hosting-1755610777327406916/original/ac73e3ce-3501-4022-acad-fc3481f96650.jpeg"", ""https://a0.muscache.com/im/pictures/hosting/Hosting-1755610777327406916/original/4bcec0dc-5d6a-46e6-a780-45f36d8eb437.jpeg"", ""https://a0.muscache.com/im/pictures/hosting/Hosting-1755610777327406916/original/5d298aff-4ef2-4482-97a3-1b3e82b875de.jpeg"", ""https://a0.muscache.com/im/pictures/hosting/Hosting-1755610777327406916/original/52e5af55-bd73-4c57-9fb4-8ae4d4328643.jpeg"", ""https://a0.muscache.com/im/pictures/hosting/Hosting-1755610777327406916/original/f5cbd9a2-8ada-4337-bb74-4f91079f5219.jpeg"", ""https://a0.muscache.com/im/pictures/hosting/Hosting-1755610777327406916/original/3a6a1ead-ab74-4e20-b368-b92420297013.jpeg"", ""https://a0.muscache.com/im/pictures/hosting/Hosting-1755610777327406916/original/ec788f08-1ce8-41a2-b3bd-be787fabf76c.jpeg"", ""https://a0.muscache.com/im/pictures/hosting/Hosting-1755610777327406916/original/8b5662b1-2185-4f48-b770-b82dd47fa54f.jpeg"", ""https://a0.muscache.com/im/pictures/hosting/Hosting-1755610777327406916/original/b177f7de-efcc-43e2-9893-7c071eb3decc.jpeg"", ""https://a0.muscache.com/im/pictures/hosting/Hosting-1755610777327406916/original/4b969867-41bb-4fba-8364-d371e38a17dc.jpeg"", ""https://a0.muscache.com/im/pictures/hosting/Hosting-1755610777327406916/original/2358205c-f58d-4d54-820b-90c8a98ff7cc.jpeg"", ""https://a0.muscache.com/im/pictures/hosting/Hosting-1755610777327406916/original/15697b6b-ffb8-4d26-a23e-1ce513ef5723.jpeg"", ""https://a0.muscache.com/im/pictures/hosting/Hosting-1755610777327406916/original/f0892943-4056-472b-b543-37a05e7ee029.jpeg"", ""https://a0.muscache.com/im/pictures/hosting/Hosting-1755610777327406916/original/e184a6be-0d92-4f57-9955-a42a01b72f59.jpeg"", ""https://a0.muscache.com/im/pictures/hosting/Hosting-1755610777327406916/original/121d0bc1-b2ba-43b6-81f9-fa063226d60d.jpeg""]",f,"[{""name"": ""Cindy"", ""avatar"": ""https://a0.muscache.com/im/pictures/user/avatar_cindy.jpg""}, {""name"": ""Dang Nguyen"", ""avatar"": ""https://a0.muscache.com/im/pictures/user/avatar_dang.jpg""}, {""name"": ""Long"", ""avatar"": ""https://a0.muscache.com/im/pictures/user/avatar_long.jpg""}]","[{""name"": ""DECOR"", ""localizedName"": ""Trang trí"", ""count"": 17}, {""name"": ""INTERIOR"", ""localizedName"": ""Không gian bên trong"", ""count"": 9}, {""name"": ""CLEANLINESS"", ""localizedName"": ""Mức độ sạch sẽ"", ""count"": 12}, {""name"": ""LOCATION"", ""localizedName"": ""Địa điểm"", ""count"": 13}, {""name"": ""HOSPITALITY"", ""localizedName"": ""Hiếu khách"", ""count"": 10}]","[{""title"": ""Trải nghiệm nhận phòng xuất sắc"", ""subtitle"": ""Những khách ở gần đây đã xếp hạng 5 sao cho quy trình nhận phòng.""}, {""title"": ""Tự nhận phòng"", ""subtitle"": ""Tự nhận phòng với hộp khóa an toàn.""}]"
1143229475831177271,https://www.airbnb.com.vn/rooms/1143229475831177271,20260926000000,2026-09-26,city search,The Song Suite Apt An An Home 5,"Chào mừng bạn đến với The Song Suite Apt An An Home 5 — một không gian lưu trú ấm cúng, sang trọng tọa lạc tại Thành phố Thủ Đức, Thành phố Hồ Chí Minh.
Căn phòng tràn ngập ánh sáng tự nhiên với đầy đủ tiện nghi cao cấp, giường nệm êm ái, máy lạnh, TV và wifi tốc độ cao. Rất thuận tiện di chuyển tới các điểm tham quan, nhà hàng ẩm thực và quán cà phê nổi tiếng của Thành phố Hồ Chí Minh.","Khu vực Thành phố Thủ Đức an ninh, văn minh, gần nhiều địa điểm ăn uống, mua sắm và giải trí sầm uất tại Thành phố Hồ Chí Minh.",https://a0.muscache.com/im/pictures/hosting/Hosting-1143229475831177271/original/010dbdb8-0bb0-436a-856e-ab60ec48765d.jpeg,47000196,https://www.airbnb.com.vn/users/show/47000196,Việt,2024-09-10,"Thành phố Hồ Chí Minh, Việt Nam","Xin chào, tôi là Việt, đã có 2 năm kinh nghiệm làm host. Tôi yêu thích du lịch và luôn mong muốn đem lại trải nghiệm lưu trú thoải mái nhất cho khách.",trong vòng một giờ,100%,98%,t,https://a0.muscache.com/im/pictures/user/User-47000196/original/user_profile_6.jpeg,https://a0.muscache.com/im/pictures/user/User-47000196/original/user_profile_6.jpeg,Thành phố Thủ Đức,4,8,"['email', 'phone', 'work_email']",t,t,Thành phố Thủ Đức,Thành phố Thủ Đức,Thành phố Hồ Chí Minh,10.73919,106.74277,Toàn bộ căn hộ cho thuê,Entire home/apt,8,2.0,2 phòng tắm,3,4,"[""Bể bơi"", ""Ban công ngắm cảnh"", ""Bàn ủi / Bàn là"", ""Wi-fi tốc độ cao"", ""Chỗ đỗ xe miễn phí trong khuôn viên"", ""Bộ chăn ga gối cao cấp"", ""Dầu gội & Sữa tắm"", ""Điều hòa nhiệt độ"", ""Máy sấy tóc"", ""Không gian riêng để làm việc"", ""Máy giặt"", ""Thang máy"", ""Tự nhận phòng với hộp khóa an toàn"", ""Máy báo khói"", ""Tủ lạnh""]","₫1,140,000",1,1125,1,2,1125,1125,1.0,1125.0,today,t,17,32,52,332,2026-09-26,16,7,6,2026-01-29,2026-09-22,4.94,4.81,4.92,5.0,5.0,4.72,4.74,,t,2,2,0,0,1.8,"[""https://a0.muscache.com/im/pictures/hosting/Hosting-1143229475831177271/original/010dbdb8-0bb0-436a-856e-ab60ec48765d.jpeg"", ""https://a0.muscache.com/im/pictures/hosting/Hosting-1143229475831177271/original/6a10a7f8-3d30-40e8-9aeb-3170404e74af.jpeg"", ""https://a0.muscache.com/im/pictures/hosting/Hosting-U3RheVN1cHBseUxpc3Rpbmc6MTA2MTUxOTExODI1NjExMDAyNA%3D%3D/original/d23be77e-7016-4dc9-9380-2fe71daa4abc.jpeg"", ""https://a0.muscache.com/im/pictures/hosting/Hosting-1143229475831177271/original/cd75f06d-4381-4a81-9a84-5d4546e2f0de.jpeg"", ""https://a0.muscache.com/im/pictures/hosting/Hosting-1143229475831177271/original/f9165ff3-3bb4-4028-b759-b4e1c3513886.jpeg"", ""https://a0.muscache.com/im/pictures/hosting/Hosting-U3RheVN1cHBseUxpc3Rpbmc6MTA2MTUxOTExODI1NjExMDAyNA%3D%3D/original/cf3609f7-2262-41b1-8964-ed800ea9528f.jpeg"", ""https://a0.muscache.com/im/pictures/hosting/Hosting-U3RheVN1cHBseUxpc3Rpbmc6MTA2MTUxOTExODI1NjExMDAyNA%3D%3D/original/85f5d098-c01a-45ae-b299-5ab15fdd3201.jpeg"", ""https://a0.muscache.com/im/pictures/hosting/Hosting-U3RheVN1cHBseUxpc3Rpbmc6MTA2MTUxOTExODI1NjExMDAyNA%3D%3D/original/0e02ca1f-bbf0-462d-b378-35b9086e28e2.jpeg"", ""https://a0.muscache.com/im/pictures/hosting/Hosting-U3RheVN1cHBseUxpc3Rpbmc6MTA2MTUxOTExODI1NjExMDAyNA%3D%3D/original/3abb904c-b6f1-4091-90f1-c8397facc672.jpeg"", ""https://a0.muscache.com/im/pictures/hosting/Hosting-U3RheVN1cHBseUxpc3Rpbmc6MTA2MTUxOTExODI1NjExMDAyNA%3D%3D/original/eab8a5ed-ae27-4902-a4c5-e5cf586b67bd.jpeg"", ""https://a0.muscache.com/im/pictures/hosting/Hosting-U3RheVN1cHBseUxpc3Rpbmc6MTA2MTUxOTExODI1NjExMDAyNA%3D%3D/original/b26c3da2-5493-4af4-af21-e11b9d0bae5a.jpeg"", ""https://a0.muscache.com/im/pictures/hosting/Hosting-U3RheVN1cHBseUxpc3Rpbmc6MTA2MTUxOTExODI1NjExMDAyNA%3D%3D/original/f5d8a272-c737-4bec-9296-c3d5455ffde2.jpeg"", ""https://a0.muscache.com/im/pictures/hosting/Hosting-U3RheVN1cHBseUxpc3Rpbmc6MTA2MTUxOTExODI1NjExMDAyNA%3D%3D/original/f8e1eeec-30c8-4a81-b9c2-ca7bf88d7c14.jpeg"", ""https://a0.muscache.com/im/pictures/hosting/Hosting-U3RheVN1cHBseUxpc3Rpbmc6MTA2MTUxOTExODI1NjExMDAyNA%3D%3D/original/76022017-f620-4781-ae86-e02f56148bee.jpeg"", ""https://a0.muscache.com/im/pictures/hosting/Hosting-U3RheVN1cHBseUxpc3Rpbmc6MTA2MTUxOTExODI1NjExMDAyNA%3D%3D/original/0ce3a122-b724-41e1-954d-3d850f900153.jpeg"", ""https://a0.muscache.com/im/pictures/hosting/Hosting-U3RheVN1cHBseUxpc3Rpbmc6MTA2MTUxOTExODI1NjExMDAyNA%3D%3D/original/4cc5ddc9-391b-48bb-91a9-8ee7fce42304.jpeg"", ""https://a0.muscache.com/im/pictures/hosting/Hosting-U3RheVN1cHBseUxpc3Rpbmc6MTA2MTUxOTExODI1NjExMDAyNA%3D%3D/original/465a74c5-ccb1-44f6-83a2-6b406a69f08d.jpeg"", ""https://a0.muscache.com/im/pictures/hosting/Hosting-U3RheVN1cHBseUxpc3Rpbmc6MTA2MTUxOTExODI1NjExMDAyNA%3D%3D/original/12b7c77b-0ee3-4133-afdb-fe1440c72344.jpeg"", ""https://a0.muscache.com/im/pictures/hosting/Hosting-1143229475831177271/original/1658c80c-d274-45d7-8147-3eb746736d77.jpeg"", ""https://a0.muscache.com/im/pictures/hosting/Hosting-1143229475831177271/original/2dd0627c-d92f-4e19-931b-44dd96457499.jpeg"", ""https://a0.muscache.com/im/pictures/hosting/Hosting-1143229475831177271/original/ab748abe-d13c-4e7e-9b6f-c313656d15a6.jpeg"", ""https://a0.muscache.com/im/pictures/hosting/Hosting-1143229475831177271/original/77cf5f6f-92f2-4720-afe3-caf32882f8f7.jpeg"", ""https://a0.muscache.com/im/pictures/hosting/Hosting-1143229475831177271/original/5a86cc02-0511-453f-9195-c1bfafab1507.jpeg"", ""https://a0.muscache.com/im/pictures/hosting/Hosting-1143229475831177271/original/e7589649-5cbb-4356-8475-3c87a5f44421.jpeg"", ""https://a0.muscache.com/im/pictures/hosting/Hosting-1143229475831177271/original/b02d43c3-21dc-499f-bf51-0f14da16721d.jpeg"", ""https://a0.muscache.com/im/pictures/hosting/Hosting-1143229475831177271/original/2b269032-9f82-4c85-95f7-d03608d7115c.jpeg"", ""https://a0.muscache.com/im/pictures/hosting/Hosting-1143229475831177271/original/6d068e64-cadb-45d8-8bac-ac921be6ed5d.jpeg"", ""https://a0.muscache.com/im/pictures/hosting/Hosting-1143229475831177271/original/4103327f-fb9a-4c79-986f-7cceaac2751c.jpeg"", ""https://a0.muscache.com/im/pictures/hosting/Hosting-1143229475831177271/original/c95a956d-9ae5-4373-b024-7ca4000957ec.jpeg""]",t,"[{""name"": ""Rùa"", ""avatar"": ""https://a0.muscache.com/im/pictures/user/avatar_rua.jpg""}, {""name"": ""Long"", ""avatar"": ""https://a0.muscache.com/im/pictures/user/avatar_long.jpg""}]","[{""name"": ""DECOR"", ""localizedName"": ""Trang trí"", ""count"": 4}, {""name"": ""INTERIOR"", ""localizedName"": ""Không gian bên trong"", ""count"": 10}, {""name"": ""CLEANLINESS"", ""localizedName"": ""Mức độ sạch sẽ"", ""count"": 14}, {""name"": ""LOCATION"", ""localizedName"": ""Địa điểm"", ""count"": 17}, {""name"": ""HOSPITALITY"", ""localizedName"": ""Hiếu khách"", ""count"": 9}]","[{""title"": ""Trải nghiệm nhận phòng xuất sắc"", ""subtitle"": ""Những khách ở gần đây đã xếp hạng 5 sao cho quy trình nhận phòng.""}, {""title"": ""Tự nhận phòng"", ""subtitle"": ""Tự nhận phòng với hộp khóa an toàn.""}]"
1763826597011214749,https://www.airbnb.com.vn/rooms/1763826597011214749,20260926000000,2026-09-26,city search,Biệt thự 6 phòng ngủ sang trọng | Bến Thành | phòng xông hơi & bể sục,"Chào mừng bạn đến với Biệt thự 6 phòng ngủ sang trọng | Bến Thành | phòng xông hơi & bể sục — một không gian lưu trú ấm cúng, sang trọng tọa lạc tại Quận Tân Bình, Thành phố Hồ Chí Minh.
Căn phòng tràn ngập ánh sáng tự nhiên với đầy đủ tiện nghi cao cấp, giường nệm êm ái, máy lạnh, TV và wifi tốc độ cao. Rất thuận tiện di chuyển tới các điểm tham quan, nhà hàng ẩm thực và quán cà phê nổi tiếng của Thành phố Hồ Chí Minh.","Khu vực Quận Tân Bình an ninh, văn minh, gần nhiều địa điểm ăn uống, mua sắm và giải trí sầm uất tại Thành phố Hồ Chí Minh.",https://a0.muscache.com/im/pictures/hosting/Hosting-1763826597011214749/original/8b13cbde-7f98-400b-ad59-cc360b601d6a.jpeg,47000197,https://www.airbnb.com.vn/users/show/47000197,Phong,2024-08-06,"Thành phố Hồ Chí Minh, Việt Nam","Xin chào, tôi là Phong, đã có 2 năm kinh nghiệm làm host. Tôi yêu thích du lịch và luôn mong muốn đem lại trải nghiệm lưu trú thoải mái nhất cho khách.",trong vòng một giờ,100%,98%,f,https://a0.muscache.com/im/pictures/user/User-47000197/original/user_profile_7.jpeg,https://a0.muscache.com/im/pictures/user/User-47000197/original/user_profile_7.jpeg,Quận Tân Bình,10,5,"['email', 'phone', 'work_email']",t,t,Quận Tân Bình,Quận Tân Bình,Thành phố Hồ Chí Minh,10.7724,106.6899,Toàn bộ nhà,Entire home/apt,12,6.0,6 phòng tắm,6,6,"[""Bếp đầy đủ tiện nghi"", ""Máy giặt"", ""Lò vi sóng"", ""Bồn tắm thư giãn"", ""Tự nhận phòng với hộp khóa an toàn"", ""Thang máy"", ""TV màn hình phẳng"", ""Dầu gội & Sữa tắm"", ""Điều hòa nhiệt độ"", ""Wi-fi tốc độ cao"", ""Máy phát hiện khí CO"", ""Không gian riêng để làm việc"", ""Máy sấy tóc"", ""Máy báo khói"", ""Ban công ngắm cảnh"", ""Bộ chăn ga gối cao cấp"", ""Bàn ủi / Bàn là"", ""Tủ lạnh"", ""Bể bơi"", ""Chỗ đỗ xe miễn phí trong khuôn viên""]","₫14,424,864",1,1125,1,2,1125,1125,1.0,1125.0,today,t,28,43,77,245,2026-09-26,7,5,6,2026-06-13,2026-09-12,5.0,4.92,4.98,5.0,5.0,4.79,4.71,,f,2,2,0,0,3.97,"[""https://a0.muscache.com/im/pictures/hosting/Hosting-1763826597011214749/original/8b13cbde-7f98-400b-ad59-cc360b601d6a.jpeg"", ""https://a0.muscache.com/im/pictures/hosting/Hosting-1763826597011214749/original/659ee152-2b01-4e0d-a12b-b6acd53bcfc1.jpeg"", ""https://a0.muscache.com/im/pictures/hosting/Hosting-1763826597011214749/original/79a8327f-d74c-4137-8804-6034579028ba.jpeg"", ""https://a0.muscache.com/im/pictures/hosting/Hosting-1763826597011214749/original/9b39342c-31a0-4157-95dc-5fd9de7074db.jpeg"", ""https://a0.muscache.com/im/pictures/hosting/Hosting-1763826597011214749/original/461ffbdb-945f-45d9-b09b-8056bddd8bfe.jpeg"", ""https://a0.muscache.com/im/pictures/hosting/Hosting-1763826597011214749/original/9ba1bf4a-a59d-44ee-b1ff-d95046367397.jpeg"", ""https://a0.muscache.com/im/pictures/hosting/Hosting-1763826597011214749/original/05cf47ba-9feb-445e-bc95-5d7f9852a93e.jpeg"", ""https://a0.muscache.com/im/pictures/hosting/Hosting-1763826597011214749/original/dfc86649-f009-4aed-8f65-889aae86a256.png"", ""https://a0.muscache.com/im/pictures/hosting/Hosting-1763826597011214749/original/f2e6a016-e079-4106-aa09-b932dd5addf7.png"", ""https://a0.muscache.com/im/pictures/hosting/Hosting-1763826597011214749/original/83e97381-e4e5-4c80-b5eb-80733fabca0a.png"", ""https://a0.muscache.com/im/pictures/hosting/Hosting-1763826597011214749/original/97076e9d-d2fd-4dda-9cfc-a96cec9b2e88.png"", ""https://a0.muscache.com/im/pictures/hosting/Hosting-1763826597011214749/original/7db6dd47-b756-4533-a534-ca1ccebdc9b1.png"", ""https://a0.muscache.com/im/pictures/hosting/Hosting-1763826597011214749/original/923c8124-14e2-4306-bece-4a3eb7005007.jpeg"", ""https://a0.muscache.com/im/pictures/hosting/Hosting-1763826597011214749/original/e3c8d867-bb3d-43bf-a9e6-8124f3cb7d1c.png"", ""https://a0.muscache.com/im/pictures/hosting/Hosting-1763826597011214749/original/c7cb65de-6ebd-4509-a2fa-9c49eb4adb42.png"", ""https://a0.muscache.com/im/pictures/hosting/Hosting-1763826597011214749/original/612d6516-7c03-42a6-b8cf-60fc445fb981.png"", ""https://a0.muscache.com/im/pictures/hosting/Hosting-1763826597011214749/original/90670327-ed5b-4af0-9f00-7deb7c44719d.png"", ""https://a0.muscache.com/im/pictures/hosting/Hosting-1763826597011214749/original/3d17d879-f855-4def-b247-752e2d529a57.png"", ""https://a0.muscache.com/im/pictures/hosting/Hosting-1763826597011214749/original/cd302304-cfdd-42fb-bda7-7747a0351444.png"", ""https://a0.muscache.com/im/pictures/hosting/Hosting-1763826597011214749/original/f27e5392-e090-47f9-a941-e6f3e506871e.png"", ""https://a0.muscache.com/im/pictures/hosting/Hosting-1763826597011214749/original/4856316b-fed2-42df-8876-d198ba18c616.png"", ""https://a0.muscache.com/im/pictures/hosting/Hosting-1763826597011214749/original/2cea5a75-8220-4224-b7a9-73e005e22e21.png"", ""https://a0.muscache.com/im/pictures/hosting/Hosting-1763826597011214749/original/3c7ac0b9-c939-4951-90ac-b5f8c36c81a1.png"", ""https://a0.muscache.com/im/pictures/hosting/Hosting-1763826597011214749/original/1a6ba218-fec6-48c1-9fc4-fdd0bfad216c.png"", ""https://a0.muscache.com/im/pictures/hosting/Hosting-1763826597011214749/original/3d4eb896-7cb3-476e-8ab7-fba2e08df2d5.png"", ""https://a0.muscache.com/im/pictures/hosting/Hosting-1763826597011214749/original/fa3248fc-70db-4b30-aff8-8f17805ab4ea.png"", ""https://a0.muscache.com/im/pictures/hosting/Hosting-1763826597011214749/original/ffd513cd-6e46-4e60-aa9a-dd03f262b18d.png"", ""https://a0.muscache.com/im/pictures/hosting/Hosting-1763826597011214749/original/2a443998-b75a-4093-a33f-ed43daf33814.png"", ""https://a0.muscache.com/im/pictures/hosting/Hosting-1763826597011214749/original/f06f821f-5d2e-4807-89a1-5124664a7fe4.png""]",t,"[{""name"": ""Dang Nguyen"", ""avatar"": ""https://a0.muscache.com/im/pictures/user/avatar_dang.jpg""}]","[{""name"": ""DECOR"", ""localizedName"": ""Trang trí"", ""count"": 11}, {""name"": ""INTERIOR"", ""localizedName"": ""Không gian bên trong"", ""count"": 4}, {""name"": ""CLEANLINESS"", ""localizedName"": ""Mức độ sạch sẽ"", ""count"": 16}, {""name"": ""LOCATION"", ""localizedName"": ""Địa điểm"", ""count"": 17}, {""name"": ""HOSPITALITY"", ""localizedName"": ""Hiếu khách"", ""count"": 8}]","[{""title"": ""Trải nghiệm nhận phòng xuất sắc"", ""subtitle"": ""Những khách ở gần đây đã xếp hạng 5 sao cho quy trình nhận phòng.""}, {""title"": ""Tự nhận phòng"", ""subtitle"": ""Tự nhận phòng với hộp khóa an toàn.""}]"
1749071756220229561,https://www.airbnb.com.vn/rooms/1749071756220229561,20260926000000,2026-09-26,city search,Story House gần Bùi Viện_3 phòng ngủ_Đầy đủ tiện nghi,"Chào mừng bạn đến với Story House gần Bùi Viện_3 phòng ngủ_Đầy đủ tiện nghi — một không gian lưu trú ấm cúng, sang trọng tọa lạc tại Quận 1, Thành phố Hồ Chí Minh.
Căn phòng tràn ngập ánh sáng tự nhiên với đầy đủ tiện nghi cao cấp, giường nệm êm ái, máy lạnh, TV và wifi tốc độ cao. Rất thuận tiện di chuyển tới các điểm tham quan, nhà hàng ẩm thực và quán cà phê nổi tiếng của Thành phố Hồ Chí Minh.","Khu vực Quận 1 an ninh, văn minh, gần nhiều địa điểm ăn uống, mua sắm và giải trí sầm uất tại Thành phố Hồ Chí Minh.",https://a0.muscache.com/im/pictures/hosting/Hosting-1749071756220229561/original/f7fa9c0a-308e-40ef-b9ae-3a0090fd1a7d.jpeg,47000198,https://www.airbnb.com.vn/users/show/47000198,Tùng,2020-12-14,"Thành phố Hồ Chí Minh, Việt Nam","Xin chào, tôi là Tùng, đã có 5 năm kinh nghiệm làm host. Tôi yêu thích du lịch và luôn mong muốn đem lại trải nghiệm lưu trú thoải mái nhất cho khách.",trong vòng một giờ,100%,98%,t,https://a0.muscache.com/im/pictures/user/User-47000198/original/user_profile_8.jpeg,https://a0.muscache.com/im/pictures/user/User-47000198/original/user_profile_8.jpeg,Quận 1,1,7,"['email', 'phone', 'work_email']",t,t,Quận 1,Quận 1,Thành phố Hồ Chí Minh,10.7612,106.6925,Toàn bộ nhà,Entire home/apt,6,3.0,3 phòng tắm đầy đủ và 1 phòng vệ sinh cơ bản,3,3,"[""Wi-fi tốc độ cao"", ""Chỗ đỗ xe miễn phí trong khuôn viên"", ""Máy báo khói"", ""Bàn ủi / Bàn là"", ""Bếp đầy đủ tiện nghi"", ""Bồn tắm thư giãn"", ""Lò vi sóng"", ""Điều hòa nhiệt độ"", ""Máy phát hiện khí CO"", ""Tủ lạnh"", ""Máy sấy tóc"", ""Máy giặt"", ""Dầu gội & Sữa tắm"", ""Không gian riêng để làm việc"", ""Tự nhận phòng với hộp khóa an toàn"", ""TV màn hình phẳng"", ""Bộ chăn ga gối cao cấp"", ""Bể bơi"", ""Ban công ngắm cảnh""]","₫2,240,000",1,1125,1,2,1125,1125,1.0,1125.0,today,t,27,52,58,326,2026-09-26,31,12,0,2025-06-18,2026-09-07,4.85,4.88,4.99,5.0,5.0,4.85,4.77,,t,2,2,0,0,1.45,"[""https://a0.muscache.com/im/pictures/hosting/Hosting-1749071756220229561/original/f7fa9c0a-308e-40ef-b9ae-3a0090fd1a7d.jpeg"", ""https://a0.muscache.com/im/pictures/hosting/Hosting-1749071756220229561/original/57bb2290-1b01-4359-b773-bc718e9b99cc.jpeg"", ""https://a0.muscache.com/im/pictures/hosting/Hosting-1749071756220229561/original/143553a7-6ab8-4e43-b08d-5ebbccd7c600.jpeg"", ""https://a0.muscache.com/im/pictures/hosting/Hosting-1749071756220229561/original/b58f984d-3e20-4910-9265-1ede17962104.jpeg"", ""https://a0.muscache.com/im/pictures/hosting/Hosting-1749071756220229561/original/96b6b7ec-4c4e-4bf3-a37a-c46facd3aff3.jpeg"", ""https://a0.muscache.com/im/pictures/hosting/Hosting-1749071756220229561/original/ec361210-ef25-4b6f-a15f-a089d7e202d9.jpeg"", ""https://a0.muscache.com/im/pictures/hosting/Hosting-1749071756220229561/original/de548573-1662-44e4-8560-6f90ddb4c50a.jpeg"", ""https://a0.muscache.com/im/pictures/hosting/Hosting-1749071756220229561/original/41a305bc-6be7-49b3-babd-e638307220b0.jpeg"", ""https://a0.muscache.com/im/pictures/hosting/Hosting-1749071756220229561/original/88918c6d-93fb-4f50-948e-bd46f4ad1772.jpeg"", ""https://a0.muscache.com/im/pictures/hosting/Hosting-1749071756220229561/original/b9dfc70e-2482-437f-ae0a-414dbd5b2916.jpeg"", ""https://a0.muscache.com/im/pictures/hosting/Hosting-1749071756220229561/original/74559519-b495-431c-9bab-b0406c3b3a9c.jpeg"", ""https://a0.muscache.com/im/pictures/hosting/Hosting-1749071756220229561/original/736191fe-0d11-4308-80f3-0d234ebdf03d.jpeg"", ""https://a0.muscache.com/im/pictures/hosting/Hosting-1749071756220229561/original/6456bfbb-c22b-44d6-97ab-19e9da8e1355.jpeg"", ""https://a0.muscache.com/im/pictures/hosting/Hosting-1749071756220229561/original/dd649ac9-20ad-4b56-aa36-79db72bc331b.jpeg"", ""https://a0.muscache.com/im/pictures/hosting/Hosting-1749071756220229561/original/57748ebb-a0f3-45c0-bc10-a1ed5f3b602b.jpeg"", ""https://a0.muscache.com/im/pictures/hosting/Hosting-1749071756220229561/original/e0fe2100-f5fa-441a-9da4-dcac2775f227.jpeg"", ""https://a0.muscache.com/im/pictures/hosting/Hosting-1749071756220229561/original/1856830e-e01f-4b9d-9938-8e67ff9bfcde.jpeg"", ""https://a0.muscache.com/im/pictures/hosting/Hosting-1749071756220229561/original/ad7de7eb-8864-4ab3-a3e9-2eeb921b371a.jpeg"", ""https://a0.muscache.com/im/pictures/hosting/Hosting-1749071756220229561/original/8ffb8292-2912-44fa-a8ad-c0fcbbb28d3e.jpeg"", ""https://a0.muscache.com/im/pictures/hosting/Hosting-1749071756220229561/original/98306e31-fc93-499f-871c-aa0bf4d5793a.jpeg"", ""https://a0.muscache.com/im/pictures/hosting/Hosting-1749071756220229561/original/6d634edb-9c62-40a7-9e60-8a74966c5520.jpeg"", ""https://a0.muscache.com/im/pictures/hosting/Hosting-1749071756220229561/original/0e3c9eee-7f10-48de-90c7-22228a5ca1c9.jpeg"", ""https://a0.muscache.com/im/pictures/hosting/Hosting-1749071756220229561/original/01e12934-f7c8-4c58-b8f2-204bbcb3a288.jpeg"", ""https://a0.muscache.com/im/pictures/hosting/Hosting-1749071756220229561/original/22932237-6561-4d8e-bfd3-e85cad6ee187.jpeg"", ""https://a0.muscache.com/im/pictures/hosting/Hosting-1749071756220229561/original/6ffe0a99-b0eb-4f72-bbce-6b24c76aa6e5.jpeg"", ""https://a0.muscache.com/im/pictures/hosting/Hosting-1749071756220229561/original/51375e0b-633c-499b-8437-34c08699ed0b.jpeg"", ""https://a0.muscache.com/im/pictures/hosting/Hosting-1749071756220229561/original/13f3d3b9-31f0-4a45-a292-d1531fa79707.jpeg"", ""https://a0.muscache.com/im/pictures/hosting/Hosting-1749071756220229561/original/6c4d08b8-d87b-4b8a-a6e5-695dae1f15bb.jpeg"", ""https://a0.muscache.com/im/pictures/hosting/Hosting-1749071756220229561/original/1536ab6d-e937-427a-a31c-c47367f8c730.jpeg""]",f,"[{""name"": ""Dang Nguyen"", ""avatar"": ""https://a0.muscache.com/im/pictures/user/avatar_dang.jpg""}]","[{""name"": ""DECOR"", ""localizedName"": ""Trang trí"", ""count"": 8}, {""name"": ""INTERIOR"", ""localizedName"": ""Không gian bên trong"", ""count"": 7}, {""name"": ""CLEANLINESS"", ""localizedName"": ""Mức độ sạch sẽ"", ""count"": 4}, {""name"": ""LOCATION"", ""localizedName"": ""Địa điểm"", ""count"": 14}, {""name"": ""HOSPITALITY"", ""localizedName"": ""Hiếu khách"", ""count"": 6}]","[{""title"": ""Trải nghiệm nhận phòng xuất sắc"", ""subtitle"": ""Những khách ở gần đây đã xếp hạng 5 sao cho quy trình nhận phòng.""}, {""title"": ""Tự nhận phòng"", ""subtitle"": ""Tự nhận phòng với hộp khóa an toàn.""}]"
1775879225380007769,https://www.airbnb.com.vn/rooms/1775879225380007769,20260926000000,2026-09-26,city search,Tầm nhìn thành phố từ tầng cao • Chỗ ở hiện đại • Hai phòng ngủ,"Chào mừng bạn đến với Tầm nhìn thành phố từ tầng cao • Chỗ ở hiện đại • Hai phòng ngủ — một không gian lưu trú ấm cúng, sang trọng tọa lạc tại Quận 3, Thành phố Hồ Chí Minh.
Căn phòng tràn ngập ánh sáng tự nhiên với đầy đủ tiện nghi cao cấp, giường nệm êm ái, máy lạnh, TV và wifi tốc độ cao. Rất thuận tiện di chuyển tới các điểm tham quan, nhà hàng ẩm thực và quán cà phê nổi tiếng của Thành phố Hồ Chí Minh.","Khu vực Quận 3 an ninh, văn minh, gần nhiều địa điểm ăn uống, mua sắm và giải trí sầm uất tại Thành phố Hồ Chí Minh.",https://a0.muscache.com/im/pictures/hosting/Hosting-1775879225380007769/original/77223430-0a57-4d45-8b35-f34118fc4fec.jpeg,47000199,https://www.airbnb.com.vn/users/show/47000199,Quân,2022-06-01,"Thành phố Hồ Chí Minh, Việt Nam","Xin chào, tôi là Quân, đã có 4 năm kinh nghiệm làm host. Tôi yêu thích du lịch và luôn mong muốn đem lại trải nghiệm lưu trú thoải mái nhất cho khách.",trong vòng một giờ,100%,98%,f,https://a0.muscache.com/im/pictures/user/User-47000199/original/user_profile_9.jpeg,https://a0.muscache.com/im/pictures/user/User-47000199/original/user_profile_9.jpeg,Quận 3,5,7,"['email', 'phone', 'work_email']",t,t,Quận 3,Quận 3,Thành phố Hồ Chí Minh,10.7497,106.7244,Toàn bộ căn hộ cho thuê,Entire home/apt,4,2.0,2 phòng tắm,2,2,"[""Bồn tắm thư giãn"", ""Điều hòa nhiệt độ"", ""Máy giặt"", ""Chỗ đỗ xe miễn phí trong khuôn viên"", ""Lò vi sóng"", ""Ban công ngắm cảnh"", ""Máy báo khói"", ""Bộ chăn ga gối cao cấp"", ""Thang máy"", ""Máy sấy tóc"", ""Bếp đầy đủ tiện nghi"", ""Wi-fi tốc độ cao"", ""Bể bơi"", ""Bàn ủi / Bàn là"", ""TV màn hình phẳng""]","₫4,371,041",1,1125,1,2,1125,1125,1.0,1125.0,today,t,25,30,74,229,2026-09-26,168,10,2,2023-06-14,2026-09-21,4.85,4.96,4.88,5.0,5.0,4.86,4.83,,f,2,2,0,0,2.25,"[""https://a0.muscache.com/im/pictures/hosting/Hosting-1775879225380007769/original/77223430-0a57-4d45-8b35-f34118fc4fec.jpeg"", ""https://a0.muscache.com/im/pictures/hosting/Hosting-1775879225380007769/original/4810207c-c151-414f-a231-45c928318c90.png"", ""https://a0.muscache.com/im/pictures/hosting/Hosting-1775879225380007769/original/d81335ac-9f7d-4003-9d59-befa5bce3d9a.jpeg"", ""https://a0.muscache.com/im/pictures/hosting/Hosting-1775879225380007769/original/0ede2ef9-f87c-4598-9790-0ed6052224e5.jpeg"", ""https://a0.muscache.com/im/pictures/hosting/Hosting-1775879225380007769/original/cf53d578-cb77-48fe-b7af-00f22432ddf9.jpeg"", ""https://a0.muscache.com/im/pictures/hosting/Hosting-1775879225380007769/original/6f44fa28-5dde-4d9a-95a7-043891d40b84.jpeg"", ""https://a0.muscache.com/im/pictures/hosting/Hosting-1775879225380007769/original/6ef2bcf1-ab73-4968-a5bf-955a9663485e.jpeg"", ""https://a0.muscache.com/im/pictures/hosting/Hosting-1775879225380007769/original/6dc179e9-897a-46f5-b729-f53dcea23843.jpeg"", ""https://a0.muscache.com/im/pictures/hosting/Hosting-1775879225380007769/original/88cc3ea0-b64d-49ae-a824-58e1b7f23faf.jpeg"", ""https://a0.muscache.com/im/pictures/hosting/Hosting-1775879225380007769/original/e1e73f70-7e23-4aba-bf3d-c166f41708ef.jpeg"", ""https://a0.muscache.com/im/pictures/hosting/Hosting-1775879225380007769/original/e9a7aebd-0208-4f3b-a665-9bce4cf23423.jpeg"", ""https://a0.muscache.com/im/pictures/hosting/Hosting-1775879225380007769/original/585a0e54-d043-4a18-85a7-464a677d6832.jpeg"", ""https://a0.muscache.com/im/pictures/hosting/Hosting-1775879225380007769/original/750a4af3-8407-4b4c-a00f-80590039ff20.jpeg"", ""https://a0.muscache.com/im/pictures/hosting/Hosting-1775879225380007769/original/4860311c-2b83-47cd-bfce-5128532b3562.jpeg"", ""https://a0.muscache.com/im/pictures/hosting/Hosting-1775879225380007769/original/51f0a19c-50ee-436b-b569-44345c7ad94a.jpeg"", ""https://a0.muscache.com/im/pictures/hosting/Hosting-1775879225380007769/original/e025bc39-abd3-45f3-8f2e-a578e57f6130.jpeg"", ""https://a0.muscache.com/im/pictures/hosting/Hosting-1775879225380007769/original/d82cd213-50e7-44e2-b484-3bbf44ac6673.jpeg"", ""https://a0.muscache.com/im/pictures/hosting/Hosting-1775879225380007769/original/d1d0b740-4c5e-466d-bd6c-48fac60fc80a.jpeg"", ""https://a0.muscache.com/im/pictures/hosting/Hosting-1775879225380007769/original/ea8f35d3-0191-4f5c-a265-280b7a8da790.jpeg"", ""https://a0.muscache.com/im/pictures/hosting/Hosting-1775879225380007769/original/be369671-9477-4949-bc26-0b1e3fc130b0.jpeg"", ""https://a0.muscache.com/im/pictures/hosting/Hosting-1775879225380007769/original/6cf14f1b-5e83-4b5d-b77c-f06ddb02d3f7.jpeg"", ""https://a0.muscache.com/im/pictures/hosting/Hosting-1775879225380007769/original/a1342870-7b25-42b3-9242-2d73964aede5.jpeg"", ""https://a0.muscache.com/im/pictures/hosting/Hosting-1775879225380007769/original/f0d373d2-5a2d-4153-b896-76adbfc53c35.jpeg"", ""https://a0.muscache.com/im/pictures/hosting/Hosting-1775879225380007769/original/7361ccb4-7bb6-4435-9f57-0397b8680f95.jpeg"", ""https://a0.muscache.com/im/pictures/hosting/Hosting-1775879225380007769/original/0e1c8399-181a-43b3-9ac7-766799f2235f.jpeg"", ""https://a0.muscache.com/im/pictures/hosting/Hosting-1775879225380007769/original/8f541f8e-9829-4ed3-9f72-29b36d1ce6a6.jpeg"", ""https://a0.muscache.com/im/pictures/hosting/Hosting-1775879225380007769/original/8cc97b15-b8de-456e-8990-77eb5e0f4075.png"", ""https://a0.muscache.com/im/pictures/hosting/Hosting-1775879225380007769/original/3056489b-8219-473d-9152-f6efa1f3fba6.jpeg"", ""https://a0.muscache.com/im/pictures/hosting/Hosting-1775879225380007769/original/0cc1db43-3254-40e8-9b51-8c0f9158fdad.png""]",f,"[{""name"": ""Dang Nguyen"", ""avatar"": ""https://a0.muscache.com/im/pictures/user/avatar_dang.jpg""}, {""name"": ""Long"", ""avatar"": ""https://a0.muscache.com/im/pictures/user/avatar_long.jpg""}, {""name"": ""Rùa"", ""avatar"": ""https://a0.muscache.com/im/pictures/user/avatar_rua.jpg""}]","[{""name"": ""DECOR"", ""localizedName"": ""Trang trí"", ""count"": 9}, {""name"": ""INTERIOR"", ""localizedName"": ""Không gian bên trong"", ""count"": 16}, {""name"": ""CLEANLINESS"", ""localizedName"": ""Mức độ sạch sẽ"", ""count"": 18}, {""name"": ""LOCATION"", ""localizedName"": ""Địa điểm"", ""count"": 15}, {""name"": ""HOSPITALITY"", ""localizedName"": ""Hiếu khách"", ""count"": 5}]","[{""title"": ""Trải nghiệm nhận phòng xuất sắc"", ""subtitle"": ""Những khách ở gần đây đã xếp hạng 5 sao cho quy trình nhận phòng.""}, {""title"": ""Tự nhận phòng"", ""subtitle"": ""Tự nhận phòng với hộp khóa an toàn.""}]"
1771790356315834717,https://www.airbnb.com.vn/rooms/1771790356315834717,20260926000000,2026-09-26,city search,"bể bơi & gym chung miễn phí, gần sân bay, CHCC 3pn","Chào mừng bạn đến với bể bơi & gym chung miễn phí, gần sân bay, CHCC 3pn — một không gian lưu trú ấm cúng, sang trọng tọa lạc tại Quận 4, Thành phố Hồ Chí Minh.
Căn phòng tràn ngập ánh sáng tự nhiên với đầy đủ tiện nghi cao cấp, giường nệm êm ái, máy lạnh, TV và wifi tốc độ cao. Rất thuận tiện di chuyển tới các điểm tham quan, nhà hàng ẩm thực và quán cà phê nổi tiếng của Thành phố Hồ Chí Minh.","Khu vực Quận 4 an ninh, văn minh, gần nhiều địa điểm ăn uống, mua sắm và giải trí sầm uất tại Thành phố Hồ Chí Minh.",https://a0.muscache.com/im/pictures/hosting/Hosting-1771790356315834717/original/d6d6755e-0fe1-43e6-b081-1b29fe2614bd.jpeg,47000200,https://www.airbnb.com.vn/users/show/47000200,Felix,2024-06-08,"Thành phố Hồ Chí Minh, Việt Nam","Xin chào, tôi là Felix, đã có 2 năm kinh nghiệm làm host. Tôi yêu thích du lịch và luôn mong muốn đem lại trải nghiệm lưu trú thoải mái nhất cho khách.",trong vòng một giờ,100%,98%,t,https://a0.muscache.com/im/pictures/user/User-47000200/original/user_profile_0.jpeg,https://a0.muscache.com/im/pictures/user/User-47000200/original/user_profile_0.jpeg,Quận 4,10,2,"['email', 'phone', 'work_email']",t,t,Quận 4,Quận 4,Thành phố Hồ Chí Minh,10.8089,106.6711,Toàn bộ căn hộ cho thuê,Entire home/apt,6,2.0,2 phòng tắm,3,3,"[""Máy phát hiện khí CO"", ""Điều hòa nhiệt độ"", ""Chỗ đỗ xe miễn phí trong khuôn viên"", ""Wi-fi tốc độ cao"", ""Thang máy"", ""Bàn ủi / Bàn là"", ""Tự nhận phòng với hộp khóa an toàn"", ""Máy báo khói"", ""Lò vi sóng"", ""Máy sấy tóc"", ""Máy giặt"", ""Không gian riêng để làm việc"", ""TV màn hình phẳng"", ""Ban công ngắm cảnh"", ""Tủ lạnh"", ""Dầu gội & Sữa tắm"", ""Bể bơi"", ""Bồn tắm thư giãn"", ""Bộ chăn ga gối cao cấp"", ""Bếp đầy đủ tiện nghi""]","₫3,750,000",1,1125,1,2,1125,1125,1.0,1125.0,today,t,18,49,71,241,2026-09-26,3,2,0,2026-08-12,2026-09-12,5.0,4.86,4.94,5.0,5.0,4.94,4.91,,t,2,2,0,0,1.99,"[""https://a0.muscache.com/im/pictures/hosting/Hosting-1771790356315834717/original/d6d6755e-0fe1-43e6-b081-1b29fe2614bd.jpeg"", ""https://a0.muscache.com/im/pictures/hosting/Hosting-1771790356315834717/original/670a52df-23fb-4cc5-8a76-fdfa47713b45.jpeg"", ""https://a0.muscache.com/im/pictures/hosting/Hosting-1771790356315834717/original/1ed1bea1-8ecd-41ce-b44a-c45340a62c15.jpeg"", ""https://a0.muscache.com/im/pictures/hosting/Hosting-1771790356315834717/original/73289ebd-32c0-45aa-bda1-f2fe9cd3cba4.jpeg"", ""https://a0.muscache.com/im/pictures/hosting/Hosting-1771790356315834717/original/9d4ab386-e44e-457a-8880-4d331553e6f0.jpeg"", ""https://a0.muscache.com/im/pictures/hosting/Hosting-1771790356315834717/original/c9bddc2f-d0ea-46f9-bc1c-cbf622c5ddac.jpeg"", ""https://a0.muscache.com/im/pictures/hosting/Hosting-1771790356315834717/original/11ff8d4c-f308-4ed1-9564-7f6a630f25a3.jpeg"", ""https://a0.muscache.com/im/pictures/hosting/Hosting-1771790356315834717/original/9a0b7f4c-ff42-4001-a9fa-6c9b689b37cf.jpeg"", ""https://a0.muscache.com/im/pictures/hosting/Hosting-1771790356315834717/original/ddc2dbc0-b804-4811-ba31-95d42345b0fe.jpeg"", ""https://a0.muscache.com/im/pictures/hosting/Hosting-1771790356315834717/original/1ffba313-51c4-46b5-8ed3-ab71a13c6084.jpeg"", ""https://a0.muscache.com/im/pictures/hosting/Hosting-1771790356315834717/original/00c81eb3-771c-4f16-9df8-22525e0335d6.jpeg"", ""https://a0.muscache.com/im/pictures/hosting/Hosting-1771790356315834717/original/7a058819-e92c-4464-afa9-4579723081a7.jpeg"", ""https://a0.muscache.com/im/pictures/hosting/Hosting-1771790356315834717/original/00d819f8-e91c-495b-a8d0-76df5395dcd2.jpeg"", ""https://a0.muscache.com/im/pictures/hosting/Hosting-1771790356315834717/original/f82f81a2-ea84-4075-aca7-ed09a16a4864.jpeg"", ""https://a0.muscache.com/im/pictures/hosting/Hosting-1771790356315834717/original/48226a2f-da82-496f-bd60-07202dc49188.jpeg"", ""https://a0.muscache.com/im/pictures/hosting/Hosting-1771790356315834717/original/ec0bc158-0a13-45ed-a1b8-a2e2fbe1e545.jpeg"", ""https://a0.muscache.com/im/pictures/hosting/Hosting-1771790356315834717/original/5cff3d4a-4827-4b4f-a341-2893a035f966.jpeg"", ""https://a0.muscache.com/im/pictures/hosting/Hosting-1771790356315834717/original/6ac06aae-a202-46fe-8409-2ea11bc38c01.jpeg"", ""https://a0.muscache.com/im/pictures/hosting/Hosting-1771790356315834717/original/bca3ac2b-aa32-449d-9cd5-a297f076f1b1.jpeg"", ""https://a0.muscache.com/im/pictures/hosting/Hosting-1771790356315834717/original/66656d61-a42e-4a30-bcf6-0cee3a48e0e7.jpeg"", ""https://a0.muscache.com/im/pictures/hosting/Hosting-1771790356315834717/original/684d4ae6-cac9-49c5-90e7-fdfe35149796.jpeg"", ""https://a0.muscache.com/im/pictures/hosting/Hosting-1771790356315834717/original/2d30e229-71c1-4eea-8dcf-02e611d75804.jpeg"", ""https://a0.muscache.com/im/pictures/hosting/Hosting-1771790356315834717/original/c2b6d19c-25f3-4235-9d24-d269b5ad688e.jpeg"", ""https://a0.muscache.com/im/pictures/hosting/Hosting-1771790356315834717/original/79e2bc68-ee4d-4ef4-97a9-1d8920ffd86d.jpeg"", ""https://a0.muscache.com/im/pictures/hosting/Hosting-1771790356315834717/original/878cb585-8d60-4523-9234-887351a60eb7.jpeg"", ""https://a0.muscache.com/im/pictures/hosting/Hosting-1771790356315834717/original/34b46267-c760-4f84-908f-200065f72bb5.jpeg"", ""https://a0.muscache.com/im/pictures/hosting/Hosting-1771790356315834717/original/39cdb508-9c16-412a-adb4-553bdd6735b2.jpeg"", ""https://a0.muscache.com/im/pictures/hosting/Hosting-1771790356315834717/original/d8cff89f-d0c9-4e71-a288-0bf9c0853453.jpeg"", ""https://a0.muscache.com/im/pictures/hosting/Hosting-1771790356315834717/original/141a5cd7-efc5-4dad-beb8-28f8a521a642.jpeg""]",f,"[{""name"": ""Cindy"", ""avatar"": ""https://a0.muscache.com/im/pictures/user/avatar_cindy.jpg""}]","[{""name"": ""DECOR"", ""localizedName"": ""Trang trí"", ""count"": 14}, {""name"": ""INTERIOR"", ""localizedName"": ""Không gian bên trong"", ""count"": 16}, {""name"": ""CLEANLINESS"", ""localizedName"": ""Mức độ sạch sẽ"", ""count"": 6}, {""name"": ""LOCATION"", ""localizedName"": ""Địa điểm"", ""count"": 20}, {""name"": ""HOSPITALITY"", ""localizedName"": ""Hiếu khách"", ""count"": 6}]","[{""title"": ""Trải nghiệm nhận phòng xuất sắc"", ""subtitle"": ""Những khách ở gần đây đã xếp hạng 5 sao cho quy trình nhận phòng.""}, {""title"": ""Tự nhận phòng"", ""subtitle"": ""Tự nhận phòng với hộp khóa an toàn.""}]"
