listing_id,id,date,reviewer_id,reviewer_name,reviewer_tenure,rating,comments
1775126435837375202,10001,2026-08-11,739444,Hoang Phuc,4 năm hoạt động trên Airbnb,5,"Ấm cúng, trang thiết bị hiện đại, giường nệm êm ái ngủ rất ngon."
1775126435837375202,10002,2026-09-13,988947,Lan Hương,5 năm hoạt động trên Airbnb,5,"View đẹp mê ly, căn hộ sáng sủa nhiều ánh sáng tự nhiên. 10/10 điểm cho chất lượng phục vụ!"
1775126435837375202,10003,2026-09-06,936620,Quốc Anh,2 năm hoạt động trên Airbnb,5,"Trải nghiệm tuyệt vời! Tự nhận phòng với mã khóa cực kỳ tiện lợi, an ninh tốt."
1775126435837375202,10004,2026-09-02,331657,Như Hoa,4 năm hoạt động trên Airbnb,5,"Phòng đẹp, xinh. Rất mới. Bày trí rất có gu, chủ nhà nhiệt tình hỗ trợ check-in sớm."
1775126435837375202,10005,2026-09-07,321601,Béo,1 năm hoạt động trên Airbnb,5,"Chủ nhà thân thiện và hiếu khách, chắc chắn sẽ quay lại khi có dịp ghé thăm thành phố."
1723590978071993366,10006,2026-07-29,646236,Như Hoa,4 năm hoạt động trên Airbnb,5,"Phòng đẹp, xinh. Rất mới. Bày trí rất có gu, chủ nhà nhiệt tình hỗ trợ check-in sớm."
1723590978071993366,10007,2026-06-29,460071,Béo,1 năm hoạt động trên Airbnb,5,"Chủ nhà thân thiện và hiếu khách, chắc chắn sẽ quay lại khi có dịp ghé thăm thành phố."
1723590978071993366,10008,2026-08-04,596607,Chimmiii,Mới tham gia Airbnb,5,"Phòng xinhh, sạch sẽ và thoáng đãng lắm ạ."
1723590978071993366,10009,2026-09-21,231307,Thảo,3 năm hoạt động trên Airbnb,5,"Rất sạch đẹp, vị trí trung tâm đi đâu cũng tiện, hồ bơi và ban công ngắm hoàng hôn rất chill."
1723590978071993366,10010,2026-09-19,605244,Phương Thảo,Mới tham gia Airbnb,5,"Phòng siêu đẹp y chang trên ảnh, bày trí rất có gu. Phòng mới và sạch sẽ, đầy đủ tiện nghi."
1723590978071993366,10011,2026-09-06,424752,Lan Hương,5 năm hoạt động trên Airbnb,5,"View đẹp mê ly, căn hộ sáng sủa nhiều ánh sáng tự nhiên. 10/10 điểm cho chất lượng phục vụ!"
1723590978071993366,10012,2026-07-31,818713,Hoang Phuc,4 năm hoạt động trên Airbnb,5,"Ấm cúng, trang thiết bị hiện đại, giường nệm êm ái ngủ rất ngon."
1723590978071993366,10013,2026-09-09,695832,Quốc Anh,2 năm hoạt động trên Airbnb,5,"Trải nghiệm tuyệt vời! Tự nhận phòng với mã khóa cực kỳ tiện lợi, an ninh tốt."
1683738229737784219,10014,2026-09-01,470308,Chimmiii,Mới tham gia Airbnb,5,"Phòng xinhh, sạch sẽ và thoáng đãng lắm ạ."
1683738229737784219,10015,2026-07-17,786402,Quốc Anh,2 năm hoạt động trên Airbnb,5,"Trải nghiệm tuyệt vời! Tự nhận phòng với mã khóa cực kỳ tiện lợi, an ninh tốt."
1683738229737784219,10016,2026-09-02,841199,Hoang Phuc,4 năm hoạt động trên Airbnb,5,"Ấm cúng, trang thiết bị hiện đại, giường nệm êm ái ngủ rất ngon."
1683738229737784219,10017,2026-09-07,564870,Thảo,3 năm hoạt động trên Airbnb,5,"Rất sạch đẹp, vị trí trung tâm đi đâu cũng tiện, hồ bơi và ban công ngắm hoàng hôn rất chill."
1683738229737784219,10018,2026-06-30,296526,Lan Hương,5 năm hoạt động trên Airbnb,5,"View đẹp mê ly, căn hộ sáng sủa nhiều ánh sáng tự nhiên. 10/10 điểm cho chất lượng phục vụ!"
1683738229737784219,10019,2026-08-11,380144,Như Hoa,4 năm hoạt động trên Airbnb,5,"Phòng đẹp, xinh. Rất mới. Bày trí rất có gu, chủ nhà nhiệt tình hỗ trợ check-in sớm."
1683738229737784219,10020,2026-07-22,634704,Phương Thảo,Mới tham gia Airbnb,5,"Phòng siêu đẹp y chang trên ảnh, bày trí rất có gu. Phòng mới và sạch sẽ, đầy đủ tiện nghi."
1180420489289053671,10021,2026-08-13,726989,Quốc Anh,2 năm hoạt động trên Airbnb,5,"Trải nghiệm tuyệt vời! Tự nhận phòng với mã khóa cực kỳ tiện lợi, an ninh tốt."
1180420489289053671,10022,2026-08-02,877654,Như Hoa,4 năm hoạt động trên Airbnb,5,"Phòng đẹp, xinh. Rất mới. Bày trí rất có gu, chủ nhà nhiệt tình hỗ trợ check-in sớm."
1180420489289053671,10023,2026-09-07,639304,Phương Thảo,Mới tham gia Airbnb,5,"Phòng siêu đẹp y chang trên ảnh, bày trí rất có gu. Phòng mới và sạch sẽ, đầy đủ tiện nghi."
1180420489289053671,10024,2026-09-21,366737,Lan Hương,5 năm hoạt động trên Airbnb,5,"View đẹp mê ly, căn hộ sáng sủa nhiều ánh sáng tự nhiên. 10/10 điểm cho chất lượng phục vụ!"
1180420489289053671,10025,2026-08-02,501893,Chimmiii,Mới tham gia Airbnb,5,"Phòng xinhh, sạch sẽ và thoáng đãng lắm ạ."
1180420489289053671,10026,2026-08-08,371447,Hoang Phuc,4 năm hoạt động trên Airbnb,5,"Ấm cúng, trang thiết bị hiện đại, giường nệm êm ái ngủ rất ngon."
1180420489289053671,10027,2026-08-10,692038,Thảo,3 năm hoạt động trên Airbnb,5,"Rất sạch đẹp, vị trí trung tâm đi đâu cũng tiện, hồ bơi và ban công ngắm hoàng hôn rất chill."
1180420489289053671,10028,2026-07-22,556056,Béo,1 năm hoạt động trên Airbnb,5,"Chủ nhà thân thiện và hiếu khách, chắc chắn sẽ quay lại khi có dịp ghé thăm thành phố."
1729754382296391482,10029,2026-07-18,836095,Thảo,3 năm hoạt động trên Airbnb,5,"Rất sạch đẹp, vị trí trung tâm đi đâu cũng tiện, hồ bơi và ban công ngắm hoàng hôn rất chill."
1729754382296391482,10030,2026-08-14,587918,Chimmiii,Mới tham gia Airbnb,5,"Phòng xinhh, sạch sẽ và thoáng đãng lắm ạ."
1729754382296391482,10031,2026-07-26,449530,Lan Hương,5 năm hoạt động trên Airbnb,5,"View đẹp mê ly, căn hộ sáng sủa nhiều ánh sáng tự nhiên. 10/10 điểm cho chất lượng phục vụ!"
1729754382296391482,10032,2026-08-15,821064,Béo,1 năm hoạt động trên Airbnb,5,"Chủ nhà thân thiện và hiếu khách, chắc chắn sẽ quay lại khi có dịp ghé thăm thành phố."
1729754382296391482,10033,2026-09-01,824875,Hoang Phuc,4 năm hoạt động trên Airbnb,5,"Ấm cúng, trang thiết bị hiện đại, giường nệm êm ái ngủ rất ngon."
1729754382296391482,10034,2026-09-11,513703,Quốc Anh,2 năm hoạt động trên Airbnb,5,"Trải nghiệm tuyệt vời! Tự nhận phòng với mã khóa cực kỳ tiện lợi, an ninh tốt."
1729754382296391482,10035,2026-09-03,302636,Như Hoa,4 năm hoạt động trên Airbnb,5,"Phòng đẹp, xinh. Rất mới. Bày trí rất có gu, chủ nhà nhiệt tình hỗ trợ check-in sớm."
1729754382296391482,10036,2026-07-26,813653,Phương Thảo,Mới tham gia Airbnb,5,"Phòng siêu đẹp y chang trên ảnh, bày trí rất có gu. Phòng mới và sạch sẽ, đầy đủ tiện nghi."
1628005723780925806,10037,2026-09-08,497377,Thảo,3 năm hoạt động trên Airbnb,5,"Rất sạch đẹp, vị trí trung tâm đi đâu cũng tiện, hồ bơi và ban công ngắm hoàng hôn rất chill."
1628005723780925806,10038,2026-08-03,960140,Quốc Anh,2 năm hoạt động trên Airbnb,5,"Trải nghiệm tuyệt vời! Tự nhận phòng với mã khóa cực kỳ tiện lợi, an ninh tốt."
1628005723780925806,10039,2026-08-05,933687,Lan Hương,5 năm hoạt động trên Airbnb,5,"View đẹp mê ly, căn hộ sáng sủa nhiều ánh sáng tự nhiên. 10/10 điểm cho chất lượng phục vụ!"
1628005723780925806,10040,2026-08-07,398752,Hoang Phuc,4 năm hoạt động trên Airbnb,5,"Ấm cúng, trang thiết bị hiện đại, giường nệm êm ái ngủ rất ngon."
1628005723780925806,10041,2026-08-01,603106,Phương Thảo,Mới tham gia Airbnb,5,"Phòng siêu đẹp y chang trên ảnh, bày trí rất có gu. Phòng mới và sạch sẽ, đầy đủ tiện nghi."
1749705760610403084,10042,2026-07-10,304642,Béo,1 năm hoạt động trên Airbnb,5,"Chủ nhà thân thiện và hiếu khách, chắc chắn sẽ quay lại khi có dịp ghé thăm thành phố."
1749705760610403084,10043,2026-08-09,593416,Thảo,3 năm hoạt động trên Airbnb,5,"Rất sạch đẹp, vị trí trung tâm đi đâu cũng tiện, hồ bơi và ban công ngắm hoàng hôn rất chill."
1749705760610403084,10044,2026-09-04,970770,Lan Hương,5 năm hoạt động trên Airbnb,5,"View đẹp mê ly, căn hộ sáng sủa nhiều ánh sáng tự nhiên. 10/10 điểm cho chất lượng phục vụ!"
1749705760610403084,10045,2026-09-12,333339,Như Hoa,4 năm hoạt động trên Airbnb,5,"Phòng đẹp, xinh. Rất mới. Bày trí rất có gu, chủ nhà nhiệt tình hỗ trợ check-in sớm."
1749705760610403084,10046,2026-09-13,610084,Hoang Phuc,4 năm hoạt động trên Airbnb,5,"Ấm cúng, trang thiết bị hiện đại, giường nệm êm ái ngủ rất ngon."
1749705760610403084,10047,2026-08-28,711059,Chimmiii,Mới tham gia Airbnb,5,"Phòng xinhh, sạch sẽ và thoáng đãng lắm ạ."
1749705760610403084,10048,2026-08-01,615929,Quốc Anh,2 năm hoạt động trên Airbnb,5,"Trải nghiệm tuyệt vời! Tự nhận phòng với mã khóa cực kỳ tiện lợi, an ninh tốt."
1603710307816713958,10049,2026-08-27,267681,Phương Thảo,Mới tham gia Airbnb,5,"Phòng siêu đẹp y chang trên ảnh, bày trí rất có gu. Phòng mới và sạch sẽ, đầy đủ tiện nghi."
1603710307816713958,10050,2026-09-05,589229,Như Hoa,4 năm hoạt động trên Airbnb,5,"Phòng đẹp, xinh. Rất mới. Bày trí rất có gu, chủ nhà nhiệt tình hỗ trợ check-in sớm."
1603710307816713958,10051,2026-07-02,538804,Béo,1 năm hoạt động trên Airbnb,5,"Chủ nhà thân thiện và hiếu khách, chắc chắn sẽ quay lại khi có dịp ghé thăm thành phố."
1603710307816713958,10052,2026-08-18,389705,Chimmiii,Mới tham gia Airbnb,5,"Phòng xinhh, sạch sẽ và thoáng đãng lắm ạ."
1603710307816713958,10053,2026-09-22,535769,Hoang Phuc,4 năm hoạt động trên Airbnb,5,"Ấm cúng, trang thiết bị hiện đại, giường nệm êm ái ngủ rất ngon."
1603710307816713958,10054,2026-07-12,233264,Thảo,3 năm hoạt động trên Airbnb,5,"Rất sạch đẹp, vị trí trung tâm đi đâu cũng tiện, hồ bơi và ban công ngắm hoàng hôn rất chill."
1744762945679649259,10055,2026-07-30,745881,Chimmiii,Mới tham gia Airbnb,5,"Phòng xinhh, sạch sẽ và thoáng đãng lắm ạ."
1744762945679649259,10056,2026-07-23,965959,Thảo,3 năm hoạt động trên Airbnb,5,"Rất sạch đẹp, vị trí trung tâm đi đâu cũng tiện, hồ bơi và ban công ngắm hoàng hôn rất chill."
1744762945679649259,10057,2026-08-10,928307,Béo,1 năm hoạt động trên Airbnb,5,"Chủ nhà thân thiện và hiếu khách, chắc chắn sẽ quay lại khi có dịp ghé thăm thành phố."
1744762945679649259,10058,2026-07-24,330333,Phương Thảo,Mới tham gia Airbnb,5,"Phòng siêu đẹp y chang trên ảnh, bày trí rất có gu. Phòng mới và sạch sẽ, đầy đủ tiện nghi."
1744762945679649259,10059,2026-09-23,596407,Hoang Phuc,4 năm hoạt động trên Airbnb,5,"Ấm cúng, trang thiết bị hiện đại, giường nệm êm ái ngủ rất ngon."
1744762945679649259,10060,2026-07-21,407311,Như Hoa,4 năm hoạt động trên Airbnb,5,"Phòng đẹp, xinh. Rất mới. Bày trí rất có gu, chủ nhà nhiệt tình hỗ trợ check-in sớm."
1666009889914611463,10061,2026-07-27,942841,Chimmiii,Mới tham gia Airbnb,5,"Phòng xinhh, sạch sẽ và thoáng đãng lắm ạ."
1666009889914611463,10062,2026-07-11,849922,Hoang Phuc,4 năm hoạt động trên Airbnb,5,"Ấm cúng, trang thiết bị hiện đại, giường nệm êm ái ngủ rất ngon."
1666009889914611463,10063,2026-07-01,623921,Phương Thảo,Mới tham gia Airbnb,5,"Phòng siêu đẹp y chang trên ảnh, bày trí rất có gu. Phòng mới và sạch sẽ, đầy đủ tiện nghi."
1666009889914611463,10064,2026-09-15,324505,Lan Hương,5 năm hoạt động trên Airbnb,5,"View đẹp mê ly, căn hộ sáng sủa nhiều ánh sáng tự nhiên. 10/10 điểm cho chất lượng phục vụ!"
1666009889914611463,10065,2026-09-17,495327,Quốc Anh,2 năm hoạt động trên Airbnb,5,"Trải nghiệm tuyệt vời! Tự nhận phòng với mã khóa cực kỳ tiện lợi, an ninh tốt."
1666009889914611463,10066,2026-09-13,280192,Như Hoa,4 năm hoạt động trên Airbnb,5,"Phòng đẹp, xinh. Rất mới. Bày trí rất có gu, chủ nhà nhiệt tình hỗ trợ check-in sớm."
1666009889914611463,10067,2026-09-12,578124,Béo,1 năm hoạt động trên Airbnb,5,"Chủ nhà thân thiện và hiếu khách, chắc chắn sẽ quay lại khi có dịp ghé thăm thành phố."
1666009889914611463,10068,2026-09-10,842590,Thảo,3 năm hoạt động trên Airbnb,5,"Rất sạch đẹp, vị trí trung tâm đi đâu cũng tiện, hồ bơi và ban công ngắm hoàng hôn rất chill."
1380435365259160853,10069,2026-07-31,768122,Phương Thảo,Mới tham gia Airbnb,5,"Phòng siêu đẹp y chang trên ảnh, bày trí rất có gu. Phòng mới và sạch sẽ, đầy đủ tiện nghi."
1380435365259160853,10070,2026-08-27,395755,Quốc Anh,2 năm hoạt động trên Airbnb,5,"Trải nghiệm tuyệt vời! Tự nhận phòng với mã khóa cực kỳ tiện lợi, an ninh tốt."
1380435365259160853,10071,2026-07-05,851965,Béo,1 năm hoạt động trên Airbnb,5,"Chủ nhà thân thiện và hiếu khách, chắc chắn sẽ quay lại khi có dịp ghé thăm thành phố."
1380435365259160853,10072,2026-09-12,542362,Hoang Phuc,4 năm hoạt động trên Airbnb,5,"Ấm cúng, trang thiết bị hiện đại, giường nệm êm ái ngủ rất ngon."
1767860606256364078,10073,2026-09-06,722356,Phương Thảo,Mới tham gia Airbnb,5,"Phòng siêu đẹp y chang trên ảnh, bày trí rất có gu. Phòng mới và sạch sẽ, đầy đủ tiện nghi."
1767860606256364078,10074,2026-08-25,929532,Béo,1 năm hoạt động trên Airbnb,5,"Chủ nhà thân thiện và hiếu khách, chắc chắn sẽ quay lại khi có dịp ghé thăm thành phố."
1767860606256364078,10075,2026-08-23,888791,Như Hoa,4 năm hoạt động trên Airbnb,5,"Phòng đẹp, xinh. Rất mới. Bày trí rất có gu, chủ nhà nhiệt tình hỗ trợ check-in sớm."
1767860606256364078,10076,2026-09-03,328647,Lan Hương,5 năm hoạt động trên Airbnb,5,"View đẹp mê ly, căn hộ sáng sủa nhiều ánh sáng tự nhiên. 10/10 điểm cho chất lượng phục vụ!"
1767860606256364078,10077,2026-09-06,417227,Thảo,3 năm hoạt động trên Airbnb,5,"Rất sạch đẹp, vị trí trung tâm đi đâu cũng tiện, hồ bơi và ban công ngắm hoàng hôn rất chill."
1740631324394687033,10078,2026-08-12,730566,Thảo,3 năm hoạt động trên Airbnb,5,"Rất sạch đẹp, vị trí trung tâm đi đâu cũng tiện, hồ bơi và ban công ngắm hoàng hôn rất chill."
1740631324394687033,10079,2026-08-14,392433,Lan Hương,5 năm hoạt động trên Airbnb,5,"View đẹp mê ly, căn hộ sáng sủa nhiều ánh sáng tự nhiên. 10/10 điểm cho chất lượng phục vụ!"
1740631324394687033,10080,2026-07-19,580414,Hoang Phuc,4 năm hoạt động trên Airbnb,5,"Ấm cúng, trang thiết bị hiện đại, giường nệm êm ái ngủ rất ngon."
1740631324394687033,10081,2026-07-11,915686,Chimmiii,Mới tham gia Airbnb,5,"Phòng xinhh, sạch sẽ và thoáng đãng lắm ạ."
1740631324394687033,10082,2026-07-02,737404,Béo,1 năm hoạt động trên Airbnb,5,"Chủ nhà thân thiện và hiếu khách, chắc chắn sẽ quay lại khi có dịp ghé thăm thành phố."
1349393016261346151,10083,2026-07-06,657505,Như Hoa,4 năm hoạt động trên Airbnb,5,"Phòng đẹp, xinh. Rất mới. Bày trí rất có gu, chủ nhà nhiệt tình hỗ trợ check-in sớm."
1349393016261346151,10084,2026-08-09,383014,Quốc Anh,2 năm hoạt động trên Airbnb,5,"Trải nghiệm tuyệt vời! Tự nhận phòng với mã khóa cực kỳ tiện lợi, an ninh tốt."
1349393016261346151,10085,2026-07-13,550908,Chimmiii,Mới tham gia Airbnb,5,"Phòng xinhh, sạch sẽ và thoáng đãng lắm ạ."
1349393016261346151,10086,2026-08-05,920921,Hoang Phuc,4 năm hoạt động trên Airbnb,5,"Ấm cúng, trang thiết bị hiện đại, giường nệm êm ái ngủ rất ngon."
1349393016261346151,10087,2026-09-02,895871,Béo,1 năm hoạt động trên Airbnb,5,"Chủ nhà thân thiện và hiếu khách, chắc chắn sẽ quay lại khi có dịp ghé thăm thành phố."
1228271498597844690,10088,2026-08-06,636722,Chimmiii,Mới tham gia Airbnb,5,"Phòng xinhh, sạch sẽ và thoáng đãng lắm ạ."
1228271498597844690,10089,2026-07-13,382631,Phương Thảo,Mới tham gia Airbnb,5,"Phòng siêu đẹp y chang trên ảnh, bày trí rất có gu. Phòng mới và sạch sẽ, đầy đủ tiện nghi."
1228271498597844690,10090,2026-08-16,981316,Thảo,3 năm hoạt động trên Airbnb,5,"Rất sạch đẹp, vị trí trung tâm đi đâu cũng tiện, hồ bơi và ban công ngắm hoàng hôn rất chill."
1228271498597844690,10091,2026-07-26,686416,Như Hoa,4 năm hoạt động trên Airbnb,5,"Phòng đẹp, xinh. Rất mới. Bày trí rất có gu, chủ nhà nhiệt tình hỗ trợ check-in sớm."
1228271498597844690,10092,2026-07-28,723836,Béo,1 năm hoạt động trên Airbnb,5,"Chủ nhà thân thiện và hiếu khách, chắc chắn sẽ quay lại khi có dịp ghé thăm thành phố."
1228271498597844690,10093,2026-09-16,505489,Hoang Phuc,4 năm hoạt động trên Airbnb,5,"Ấm cúng, trang thiết bị hiện đại, giường nệm êm ái ngủ rất ngon."
1228271498597844690,10094,2026-07-18,747608,Lan Hương,5 năm hoạt động trên Airbnb,5,"View đẹp mê ly, căn hộ sáng sủa nhiều ánh sáng tự nhiên. 10/10 điểm cho chất lượng phục vụ!"
1776555498554539671,10095,2026-09-12,932051,Chimmiii,Mới tham gia Airbnb,5,"Phòng xinhh, sạch sẽ và thoáng đãng lắm ạ."
1776555498554539671,10096,2026-08-11,221781,Hoang Phuc,4 năm hoạt động trên Airbnb,5,"Ấm cúng, trang thiết bị hiện đại, giường nệm êm ái ngủ rất ngon."
1776555498554539671,10097,2026-09-22,984934,Lan Hương,5 năm hoạt động trên Airbnb,5,"View đẹp mê ly, căn hộ sáng sủa nhiều ánh sáng tự nhiên. 10/10 điểm cho chất lượng phục vụ!"
1776555498554539671,10098,2026-08-06,511974,Thảo,3 năm hoạt động trên Airbnb,5,"Rất sạch đẹp, vị trí trung tâm đi đâu cũng tiện, hồ bơi và ban công ngắm hoàng hôn rất chill."
1776555498554539671,10099,2026-09-13,878061,Quốc Anh,2 năm hoạt động trên Airbnb,5,"Trải nghiệm tuyệt vời! Tự nhận phòng với mã khóa cực kỳ tiện lợi, an ninh tốt."
1776555498554539671,10100,2026-08-05,965587,Béo,1 năm hoạt động trên Airbnb,5,"Chủ nhà thân thiện và hiếu khách, chắc chắn sẽ quay lại khi có dịp ghé thăm thành phố."
1776555498554539671,10101,2026-07-24,424052,Như Hoa,4 năm hoạt động trên Airbnb,5,"Phòng đẹp, xinh. Rất mới. Bày trí rất có gu, chủ nhà nhiệt tình hỗ trợ check-in sớm."
1776555498554539671,10102,2026-08-05,637949,Phương Thảo,Mới tham gia Airbnb,5,"Phòng siêu đẹp y chang trên ảnh, bày trí rất có gu. Phòng mới và sạch sẽ, đầy đủ tiện nghi."
1593582442961462583,10103,2026-09-09,346800,Phương Thảo,Mới tham gia Airbnb,5,"Phòng siêu đẹp y chang trên ảnh, bày trí rất có gu. Phòng mới và sạch sẽ, đầy đủ tiện nghi."
1593582442961462583,10104,2026-08-31,763319,Thảo,3 năm hoạt động trên Airbnb,5,"Rất sạch đẹp, vị trí trung tâm đi đâu cũng tiện, hồ bơi và ban công ngắm hoàng hôn rất chill."
1593582442961462583,10105,2026-08-10,627088,Béo,1 năm hoạt động trên Airbnb,5,"Chủ nhà thân thiện và hiếu khách, chắc chắn sẽ quay lại khi có dịp ghé thăm thành phố."
1593582442961462583,10106,2026-08-30,906124,Lan Hương,5 năm hoạt động trên Airbnb,5,"View đẹp mê ly, căn hộ sáng sủa nhiều ánh sáng tự nhiên. 10/10 điểm cho chất lượng phục vụ!"
1593582442961462583,10107,2026-07-23,713133,Hoang Phuc,4 năm hoạt động trên Airbnb,5,"Ấm cúng, trang thiết bị hiện đại, giường nệm êm ái ngủ rất ngon."
1593582442961462583,10108,2026-06-28,569548,Như Hoa,4 năm hoạt động trên Airbnb,5,"Phòng đẹp, xinh. Rất mới. Bày trí rất có gu, chủ nhà nhiệt tình hỗ trợ check-in sớm."
1544117946669925456,10109,2026-07-14,909843,Lan Hương,5 năm hoạt động trên Airbnb,5,"View đẹp mê ly, căn hộ sáng sủa nhiều ánh sáng tự nhiên. 10/10 điểm cho chất lượng phục vụ!"
1544117946669925456,10110,2026-08-29,555162,Chimmiii,Mới tham gia Airbnb,5,"Phòng xinhh, sạch sẽ và thoáng đãng lắm ạ."
1544117946669925456,10111,2026-09-19,824736,Béo,1 năm hoạt động trên Airbnb,5,"Chủ nhà thân thiện và hiếu khách, chắc chắn sẽ quay lại khi có dịp ghé thăm thành phố."
1544117946669925456,10112,2026-09-04,396092,Thảo,3 năm hoạt động trên Airbnb,5,"Rất sạch đẹp, vị trí trung tâm đi đâu cũng tiện, hồ bơi và ban công ngắm hoàng hôn rất chill."
1544117946669925456,10113,2026-07-04,282059,Quốc Anh,2 năm hoạt động trên Airbnb,5,"Trải nghiệm tuyệt vời! Tự nhận phòng với mã khóa cực kỳ tiện lợi, an ninh tốt."
1544117946669925456,10114,2026-08-26,443139,Phương Thảo,Mới tham gia Airbnb,5,"Phòng siêu đẹp y chang trên ảnh, bày trí rất có gu. Phòng mới và sạch sẽ, đầy đủ tiện nghi."
1595325081265350133,10115,2026-08-11,843862,Thảo,3 năm hoạt động trên Airbnb,5,"Rất sạch đẹp, vị trí trung tâm đi đâu cũng tiện, hồ bơi và ban công ngắm hoàng hôn rất chill."
1595325081265350133,10116,2026-06-30,659497,Như Hoa,4 năm hoạt động trên Airbnb,5,"Phòng đẹp, xinh. Rất mới. Bày trí rất có gu, chủ nhà nhiệt tình hỗ trợ check-in sớm."
1595325081265350133,10117,2026-07-08,554575,Phương Thảo,Mới tham gia Airbnb,5,"Phòng siêu đẹp y chang trên ảnh, bày trí rất có gu. Phòng mới và sạch sẽ, đầy đủ tiện nghi."
1595325081265350133,10118,2026-09-11,296041,Quốc Anh,2 năm hoạt động trên Airbnb,5,"Trải nghiệm tuyệt vời! Tự nhận phòng với mã khóa cực kỳ tiện lợi, an ninh tốt."
1595325081265350133,10119,2026-07-12,240095,Béo,1 năm hoạt động trên Airbnb,5,"Chủ nhà thân thiện và hiếu khách, chắc chắn sẽ quay lại khi có dịp ghé thăm thành phố."
1595325081265350133,10120,2026-08-10,630268,Hoang Phuc,4 năm hoạt động trên Airbnb,5,"Ấm cúng, trang thiết bị hiện đại, giường nệm êm ái ngủ rất ngon."
1595325081265350133,10121,2026-08-26,590322,Chimmiii,Mới tham gia Airbnb,5,"Phòng xinhh, sạch sẽ và thoáng đãng lắm ạ."
1595325081265350133,10122,2026-07-15,411825,Lan Hương,5 năm hoạt động trên Airbnb,5,"View đẹp mê ly, căn hộ sáng sủa nhiều ánh sáng tự nhiên. 10/10 điểm cho chất lượng phục vụ!"
1762053845378069222,10123,2026-09-02,867793,Béo,1 năm hoạt động trên Airbnb,5,"Chủ nhà thân thiện và hiếu khách, chắc chắn sẽ quay lại khi có dịp ghé thăm thành phố."
1762053845378069222,10124,2026-09-17,225161,Quốc Anh,2 năm hoạt động trên Airbnb,5,"Trải nghiệm tuyệt vời! Tự nhận phòng với mã khóa cực kỳ tiện lợi, an ninh tốt."
1762053845378069222,10125,2026-07-09,677796,Như Hoa,4 năm hoạt động trên Airbnb,5,"Phòng đẹp, xinh. Rất mới. Bày trí rất có gu, chủ nhà nhiệt tình hỗ trợ check-in sớm."
1762053845378069222,10126,2026-09-17,916549,Lan Hương,5 năm hoạt động trên Airbnb,5,"View đẹp mê ly, căn hộ sáng sủa nhiều ánh sáng tự nhiên. 10/10 điểm cho chất lượng phục vụ!"
1762053845378069222,10127,2026-07-01,646683,Phương Thảo,Mới tham gia Airbnb,5,"Phòng siêu đẹp y chang trên ảnh, bày trí rất có gu. Phòng mới và sạch sẽ, đầy đủ tiện nghi."
1762053845378069222,10128,2026-07-30,462498,Thảo,3 năm hoạt động trên Airbnb,5,"Rất sạch đẹp, vị trí trung tâm đi đâu cũng tiện, hồ bơi và ban công ngắm hoàng hôn rất chill."
1407593719172889750,10129,2026-06-30,570845,Béo,1 năm hoạt động trên Airbnb,5,"Chủ nhà thân thiện và hiếu khách, chắc chắn sẽ quay lại khi có dịp ghé thăm thành phố."
1407593719172889750,10130,2026-08-31,747298,Quốc Anh,2 năm hoạt động trên Airbnb,5,"Trải nghiệm tuyệt vời! Tự nhận phòng với mã khóa cực kỳ tiện lợi, an ninh tốt."
1407593719172889750,10131,2026-07-16,988636,Thảo,3 năm hoạt động trên Airbnb,5,"Rất sạch đẹp, vị trí trung tâm đi đâu cũng tiện, hồ bơi và ban công ngắm hoàng hôn rất chill."
1407593719172889750,10132,2026-09-10,447272,Như Hoa,4 năm hoạt động trên Airbnb,5,"Phòng đẹp, xinh. Rất mới. Bày trí rất có gu, chủ nhà nhiệt tình hỗ trợ check-in sớm."
1407593719172889750,10133,2026-09-01,671936,Chimmiii,Mới tham gia Airbnb,5,"Phòng xinhh, sạch sẽ và thoáng đãng lắm ạ."
1407593719172889750,10134,2026-09-05,430784,Lan Hương,5 năm hoạt động trên Airbnb,5,"View đẹp mê ly, căn hộ sáng sủa nhiều ánh sáng tự nhiên. 10/10 điểm cho chất lượng phục vụ!"
1407593719172889750,10135,2026-08-15,944098,Phương Thảo,Mới tham gia Airbnb,5,"Phòng siêu đẹp y chang trên ảnh, bày trí rất có gu. Phòng mới và sạch sẽ, đầy đủ tiện nghi."
1407593719172889750,10136,2026-07-26,465799,Hoang Phuc,4 năm hoạt động trên Airbnb,5,"Ấm cúng, trang thiết bị hiện đại, giường nệm êm ái ngủ rất ngon."
1628029049153856540,10137,2026-08-07,722441,Thảo,3 năm hoạt động trên Airbnb,5,"Rất sạch đẹp, vị trí trung tâm đi đâu cũng tiện, hồ bơi và ban công ngắm hoàng hôn rất chill."
1628029049153856540,10138,2026-08-13,398702,Lan Hương,5 năm hoạt động trên Airbnb,5,"View đẹp mê ly, căn hộ sáng sủa nhiều ánh sáng tự nhiên. 10/10 điểm cho chất lượng phục vụ!"
1628029049153856540,10139,2026-09-11,452599,Chimmiii,Mới tham gia Airbnb,5,"Phòng xinhh, sạch sẽ và thoáng đãng lắm ạ."
1628029049153856540,10140,2026-08-07,264284,Như Hoa,4 năm hoạt động trên Airbnb,5,"Phòng đẹp, xinh. Rất mới. Bày trí rất có gu, chủ nhà nhiệt tình hỗ trợ check-in sớm."
1774323721772335021,10141,2026-09-18,916288,Béo,1 năm hoạt động trên Airbnb,5,"Chủ nhà thân thiện và hiếu khách, chắc chắn sẽ quay lại khi có dịp ghé thăm thành phố."
1774323721772335021,10142,2026-07-24,523144,Thảo,3 năm hoạt động trên Airbnb,5,"Rất sạch đẹp, vị trí trung tâm đi đâu cũng tiện, hồ bơi và ban công ngắm hoàng hôn rất chill."
1774323721772335021,10143,2026-09-11,532097,Quốc Anh,2 năm hoạt động trên Airbnb,5,"Trải nghiệm tuyệt vời! Tự nhận phòng với mã khóa cực kỳ tiện lợi, an ninh tốt."
1774323721772335021,10144,2026-08-28,991587,Như Hoa,4 năm hoạt động trên Airbnb,5,"Phòng đẹp, xinh. Rất mới. Bày trí rất có gu, chủ nhà nhiệt tình hỗ trợ check-in sớm."
1774323721772335021,10145,2026-08-08,311880,Hoang Phuc,4 năm hoạt động trên Airbnb,5,"Ấm cúng, trang thiết bị hiện đại, giường nệm êm ái ngủ rất ngon."
1774323721772335021,10146,2026-09-23,366111,Phương Thảo,Mới tham gia Airbnb,5,"Phòng siêu đẹp y chang trên ảnh, bày trí rất có gu. Phòng mới và sạch sẽ, đầy đủ tiện nghi."
1774323721772335021,10147,2026-07-24,757237,Chimmiii,Mới tham gia Airbnb,5,"Phòng xinhh, sạch sẽ và thoáng đãng lắm ạ."
1389848897407550214,10148,2026-09-11,913698,Thảo,3 năm hoạt động trên Airbnb,5,"Rất sạch đẹp, vị trí trung tâm đi đâu cũng tiện, hồ bơi và ban công ngắm hoàng hôn rất chill."
1389848897407550214,10149,2026-08-04,771773,Phương Thảo,Mới tham gia Airbnb,5,"Phòng siêu đẹp y chang trên ảnh, bày trí rất có gu. Phòng mới và sạch sẽ, đầy đủ tiện nghi."
1389848897407550214,10150,2026-09-03,752431,Lan Hương,5 năm hoạt động trên Airbnb,5,"View đẹp mê ly, căn hộ sáng sủa nhiều ánh sáng tự nhiên. 10/10 điểm cho chất lượng phục vụ!"
1389848897407550214,10151,2026-08-26,528838,Hoang Phuc,4 năm hoạt động trên Airbnb,5,"Ấm cúng, trang thiết bị hiện đại, giường nệm êm ái ngủ rất ngon."
1389848897407550214,10152,2026-07-30,516563,Chimmiii,Mới tham gia Airbnb,5,"Phòng xinhh, sạch sẽ và thoáng đãng lắm ạ."
1389848897407550214,10153,2026-09-01,907960,Quốc Anh,2 năm hoạt động trên Airbnb,5,"Trải nghiệm tuyệt vời! Tự nhận phòng với mã khóa cực kỳ tiện lợi, an ninh tốt."
1389848897407550214,10154,2026-09-13,635348,Như Hoa,4 năm hoạt động trên Airbnb,5,"Phòng đẹp, xinh. Rất mới. Bày trí rất có gu, chủ nhà nhiệt tình hỗ trợ check-in sớm."
1622207618732055599,10155,2026-08-31,964569,Chimmiii,Mới tham gia Airbnb,5,"Phòng xinhh, sạch sẽ và thoáng đãng lắm ạ."
1622207618732055599,10156,2026-09-09,214772,Phương Thảo,Mới tham gia Airbnb,5,"Phòng siêu đẹp y chang trên ảnh, bày trí rất có gu. Phòng mới và sạch sẽ, đầy đủ tiện nghi."
1622207618732055599,10157,2026-08-01,344850,Như Hoa,4 năm hoạt động trên Airbnb,5,"Phòng đẹp, xinh. Rất mới. Bày trí rất có gu, chủ nhà nhiệt tình hỗ trợ check-in sớm."
1622207618732055599,10158,2026-09-10,534064,Hoang Phuc,4 năm hoạt động trên Airbnb,5,"Ấm cúng, trang thiết bị hiện đại, giường nệm êm ái ngủ rất ngon."
1622207618732055599,10159,2026-08-30,397644,Thảo,3 năm hoạt động trên Airbnb,5,"Rất sạch đẹp, vị trí trung tâm đi đâu cũng tiện, hồ bơi và ban công ngắm hoàng hôn rất chill."
1622207618732055599,10160,2026-07-12,834656,Quốc Anh,2 năm hoạt động trên Airbnb,5,"Trải nghiệm tuyệt vời! Tự nhận phòng với mã khóa cực kỳ tiện lợi, an ninh tốt."
1622207618732055599,10161,2026-09-09,639943,Lan Hương,5 năm hoạt động trên Airbnb,5,"View đẹp mê ly, căn hộ sáng sủa nhiều ánh sáng tự nhiên. 10/10 điểm cho chất lượng phục vụ!"
831183372345891393,10162,2026-08-29,258534,Như Hoa,4 năm hoạt động trên Airbnb,5,"Phòng đẹp, xinh. Rất mới. Bày trí rất có gu, chủ nhà nhiệt tình hỗ trợ check-in sớm."
831183372345891393,10163,2026-08-22,546837,Thảo,3 năm hoạt động trên Airbnb,5,"Rất sạch đẹp, vị trí trung tâm đi đâu cũng tiện, hồ bơi và ban công ngắm hoàng hôn rất chill."
831183372345891393,10164,2026-07-22,646922,Hoang Phuc,4 năm hoạt động trên Airbnb,5,"Ấm cúng, trang thiết bị hiện đại, giường nệm êm ái ngủ rất ngon."
831183372345891393,10165,2026-08-28,801978,Phương Thảo,Mới tham gia Airbnb,5,"Phòng siêu đẹp y chang trên ảnh, bày trí rất có gu. Phòng mới và sạch sẽ, đầy đủ tiện nghi."
831183372345891393,10166,2026-09-08,378155,Béo,1 năm hoạt động trên Airbnb,5,"Chủ nhà thân thiện và hiếu khách, chắc chắn sẽ quay lại khi có dịp ghé thăm thành phố."
831183372345891393,10167,2026-08-03,962045,Lan Hương,5 năm hoạt động trên Airbnb,5,"View đẹp mê ly, căn hộ sáng sủa nhiều ánh sáng tự nhiên. 10/10 điểm cho chất lượng phục vụ!"
831183372345891393,10168,2026-08-03,778100,Quốc Anh,2 năm hoạt động trên Airbnb,5,"Trải nghiệm tuyệt vời! Tự nhận phòng với mã khóa cực kỳ tiện lợi, an ninh tốt."
1586035856368820283,10169,2026-09-06,477345,Chimmiii,Mới tham gia Airbnb,5,"Phòng xinhh, sạch sẽ và thoáng đãng lắm ạ."
1586035856368820283,10170,2026-07-15,894606,Quốc Anh,2 năm hoạt động trên Airbnb,5,"Trải nghiệm tuyệt vời! Tự nhận phòng với mã khóa cực kỳ tiện lợi, an ninh tốt."
1586035856368820283,10171,2026-08-02,963568,Phương Thảo,Mới tham gia Airbnb,5,"Phòng siêu đẹp y chang trên ảnh, bày trí rất có gu. Phòng mới và sạch sẽ, đầy đủ tiện nghi."
1586035856368820283,10172,2026-07-08,631712,Béo,1 năm hoạt động trên Airbnb,5,"Chủ nhà thân thiện và hiếu khách, chắc chắn sẽ quay lại khi có dịp ghé thăm thành phố."
1586035856368820283,10173,2026-08-30,251728,Lan Hương,5 năm hoạt động trên Airbnb,5,"View đẹp mê ly, căn hộ sáng sủa nhiều ánh sáng tự nhiên. 10/10 điểm cho chất lượng phục vụ!"
1586035856368820283,10174,2026-07-08,866648,Thảo,3 năm hoạt động trên Airbnb,5,"Rất sạch đẹp, vị trí trung tâm đi đâu cũng tiện, hồ bơi và ban công ngắm hoàng hôn rất chill."
1586035856368820283,10175,2026-07-23,776748,Hoang Phuc,4 năm hoạt động trên Airbnb,5,"Ấm cúng, trang thiết bị hiện đại, giường nệm êm ái ngủ rất ngon."
1586035856368820283,10176,2026-07-16,574820,Như Hoa,4 năm hoạt động trên Airbnb,5,"Phòng đẹp, xinh. Rất mới. Bày trí rất có gu, chủ nhà nhiệt tình hỗ trợ check-in sớm."
1454915327355242517,10177,2026-06-29,724370,Hoang Phuc,4 năm hoạt động trên Airbnb,5,"Ấm cúng, trang thiết bị hiện đại, giường nệm êm ái ngủ rất ngon."
1454915327355242517,10178,2026-07-29,324015,Thảo,3 năm hoạt động trên Airbnb,5,"Rất sạch đẹp, vị trí trung tâm đi đâu cũng tiện, hồ bơi và ban công ngắm hoàng hôn rất chill."
1454915327355242517,10179,2026-07-24,957412,Quốc Anh,2 năm hoạt động trên Airbnb,5,"Trải nghiệm tuyệt vời! Tự nhận phòng với mã khóa cực kỳ tiện lợi, an ninh tốt."
1454915327355242517,10180,2026-09-09,995970,Phương Thảo,Mới tham gia Airbnb,5,"Phòng siêu đẹp y chang trên ảnh, bày trí rất có gu. Phòng mới và sạch sẽ, đầy đủ tiện nghi."
1454915327355242517,10181,2026-08-31,410016,Béo,1 năm hoạt động trên Airbnb,5,"Chủ nhà thân thiện và hiếu khách, chắc chắn sẽ quay lại khi có dịp ghé thăm thành phố."
1454915327355242517,10182,2026-07-24,767985,Chimmiii,Mới tham gia Airbnb,5,"Phòng xinhh, sạch sẽ và thoáng đãng lắm ạ."
1454915327355242517,10183,2026-07-24,294398,Như Hoa,4 năm hoạt động trên Airbnb,5,"Phòng đẹp, xinh. Rất mới. Bày trí rất có gu, chủ nhà nhiệt tình hỗ trợ check-in sớm."
1729749566721861030,10184,2026-08-19,610512,Lan Hương,5 năm hoạt động trên Airbnb,5,"View đẹp mê ly, căn hộ sáng sủa nhiều ánh sáng tự nhiên. 10/10 điểm cho chất lượng phục vụ!"
1729749566721861030,10185,2026-06-28,817235,Phương Thảo,Mới tham gia Airbnb,5,"Phòng siêu đẹp y chang trên ảnh, bày trí rất có gu. Phòng mới và sạch sẽ, đầy đủ tiện nghi."
1729749566721861030,10186,2026-08-10,435312,Hoang Phuc,4 năm hoạt động trên Airbnb,5,"Ấm cúng, trang thiết bị hiện đại, giường nệm êm ái ngủ rất ngon."
1729749566721861030,10187,2026-06-30,895664,Chimmiii,Mới tham gia Airbnb,5,"Phòng xinhh, sạch sẽ và thoáng đãng lắm ạ."
1729749566721861030,10188,2026-06-29,348282,Như Hoa,4 năm hoạt động trên Airbnb,5,"Phòng đẹp, xinh. Rất mới. Bày trí rất có gu, chủ nhà nhiệt tình hỗ trợ check-in sớm."
1729749566721861030,10189,2026-08-06,495872,Béo,1 năm hoạt động trên Airbnb,5,"Chủ nhà thân thiện và hiếu khách, chắc chắn sẽ quay lại khi có dịp ghé thăm thành phố."
1729749566721861030,10190,2026-07-24,589922,Quốc Anh,2 năm hoạt động trên Airbnb,5,"Trải nghiệm tuyệt vời! Tự nhận phòng với mã khóa cực kỳ tiện lợi, an ninh tốt."
1769675360903118852,10191,2026-08-18,891047,Thảo,3 năm hoạt động trên Airbnb,5,"Rất sạch đẹp, vị trí trung tâm đi đâu cũng tiện, hồ bơi và ban công ngắm hoàng hôn rất chill."
1769675360903118852,10192,2026-07-11,499780,Chimmiii,Mới tham gia Airbnb,5,"Phòng xinhh, sạch sẽ và thoáng đãng lắm ạ."
1769675360903118852,10193,2026-08-29,977508,Quốc Anh,2 năm hoạt động trên Airbnb,5,"Trải nghiệm tuyệt vời! Tự nhận phòng với mã khóa cực kỳ tiện lợi, an ninh tốt."
1769675360903118852,10194,2026-09-10,557446,Như Hoa,4 năm hoạt động trên Airbnb,5,"Phòng đẹp, xinh. Rất mới. Bày trí rất có gu, chủ nhà nhiệt tình hỗ trợ check-in sớm."
1731300115570446737,10195,2026-07-31,268073,Quốc Anh,2 năm hoạt động trên Airbnb,5,"Trải nghiệm tuyệt vời! Tự nhận phòng với mã khóa cực kỳ tiện lợi, an ninh tốt."
1731300115570446737,10196,2026-09-01,898086,Hoang Phuc,4 năm hoạt động trên Airbnb,5,"Ấm cúng, trang thiết bị hiện đại, giường nệm êm ái ngủ rất ngon."
1731300115570446737,10197,2026-08-07,471399,Phương Thảo,Mới tham gia Airbnb,5,"Phòng siêu đẹp y chang trên ảnh, bày trí rất có gu. Phòng mới và sạch sẽ, đầy đủ tiện nghi."
1731300115570446737,10198,2026-06-28,701860,Thảo,3 năm hoạt động trên Airbnb,5,"Rất sạch đẹp, vị trí trung tâm đi đâu cũng tiện, hồ bơi và ban công ngắm hoàng hôn rất chill."
1731300115570446737,10199,2026-07-12,560163,Béo,1 năm hoạt động trên Airbnb,5,"Chủ nhà thân thiện và hiếu khách, chắc chắn sẽ quay lại khi có dịp ghé thăm thành phố."
1667977794573341548,10200,2026-07-25,907228,Như Hoa,4 năm hoạt động trên Airbnb,5,"Phòng đẹp, xinh. Rất mới. Bày trí rất có gu, chủ nhà nhiệt tình hỗ trợ check-in sớm."
1667977794573341548,10201,2026-07-27,934402,Chimmiii,Mới tham gia Airbnb,5,"Phòng xinhh, sạch sẽ và thoáng đãng lắm ạ."
1667977794573341548,10202,2026-07-16,828823,Lan Hương,5 năm hoạt động trên Airbnb,5,"View đẹp mê ly, căn hộ sáng sủa nhiều ánh sáng tự nhiên. 10/10 điểm cho chất lượng phục vụ!"
1667977794573341548,10203,2026-06-29,336016,Hoang Phuc,4 năm hoạt động trên Airbnb,5,"Ấm cúng, trang thiết bị hiện đại, giường nệm êm ái ngủ rất ngon."
1667977794573341548,10204,2026-08-23,414783,Quốc Anh,2 năm hoạt động trên Airbnb,5,"Trải nghiệm tuyệt vời! Tự nhận phòng với mã khóa cực kỳ tiện lợi, an ninh tốt."
1414544559536213207,10205,2026-07-10,694081,Thảo,3 năm hoạt động trên Airbnb,5,"Rất sạch đẹp, vị trí trung tâm đi đâu cũng tiện, hồ bơi và ban công ngắm hoàng hôn rất chill."
1414544559536213207,10206,2026-07-04,954214,Như Hoa,4 năm hoạt động trên Airbnb,5,"Phòng đẹp, xinh. Rất mới. Bày trí rất có gu, chủ nhà nhiệt tình hỗ trợ check-in sớm."
1414544559536213207,10207,2026-07-08,787995,Hoang Phuc,4 năm hoạt động trên Airbnb,5,"Ấm cúng, trang thiết bị hiện đại, giường nệm êm ái ngủ rất ngon."
1414544559536213207,10208,2026-09-15,638367,Quốc Anh,2 năm hoạt động trên Airbnb,5,"Trải nghiệm tuyệt vời! Tự nhận phòng với mã khóa cực kỳ tiện lợi, an ninh tốt."
1414544559536213207,10209,2026-07-26,676850,Chimmiii,Mới tham gia Airbnb,5,"Phòng xinhh, sạch sẽ và thoáng đãng lắm ạ."
1414544559536213207,10210,2026-07-19,887886,Béo,1 năm hoạt động trên Airbnb,5,"Chủ nhà thân thiện và hiếu khách, chắc chắn sẽ quay lại khi có dịp ghé thăm thành phố."
1414544559536213207,10211,2026-09-17,954490,Lan Hương,5 năm hoạt động trên Airbnb,5,"View đẹp mê ly, căn hộ sáng sủa nhiều ánh sáng tự nhiên. 10/10 điểm cho chất lượng phục vụ!"
1414544559536213207,10212,2026-07-28,338006,Phương Thảo,Mới tham gia Airbnb,5,"Phòng siêu đẹp y chang trên ảnh, bày trí rất có gu. Phòng mới và sạch sẽ, đầy đủ tiện nghi."
1772120491826357656,10213,2026-08-28,282433,Chimmiii,Mới tham gia Airbnb,5,"Phòng xinhh, sạch sẽ và thoáng đãng lắm ạ."
1772120491826357656,10214,2026-09-18,881312,Quốc Anh,2 năm hoạt động trên Airbnb,5,"Trải nghiệm tuyệt vời! Tự nhận phòng với mã khóa cực kỳ tiện lợi, an ninh tốt."
1772120491826357656,10215,2026-08-17,821896,Như Hoa,4 năm hoạt động trên Airbnb,5,"Phòng đẹp, xinh. Rất mới. Bày trí rất có gu, chủ nhà nhiệt tình hỗ trợ check-in sớm."
1772120491826357656,10216,2026-09-14,466926,Thảo,3 năm hoạt động trên Airbnb,5,"Rất sạch đẹp, vị trí trung tâm đi đâu cũng tiện, hồ bơi và ban công ngắm hoàng hôn rất chill."
1772120491826357656,10217,2026-07-05,854513,Hoang Phuc,4 năm hoạt động trên Airbnb,5,"Ấm cúng, trang thiết bị hiện đại, giường nệm êm ái ngủ rất ngon."
1772120491826357656,10218,2026-08-17,273575,Phương Thảo,Mới tham gia Airbnb,5,"Phòng siêu đẹp y chang trên ảnh, bày trí rất có gu. Phòng mới và sạch sẽ, đầy đủ tiện nghi."
1772120491826357656,10219,2026-09-04,686407,Béo,1 năm hoạt động trên Airbnb,5,"Chủ nhà thân thiện và hiếu khách, chắc chắn sẽ quay lại khi có dịp ghé thăm thành phố."
1772120491826357656,10220,2026-07-11,841333,Lan Hương,5 năm hoạt động trên Airbnb,5,"View đẹp mê ly, căn hộ sáng sủa nhiều ánh sáng tự nhiên. 10/10 điểm cho chất lượng phục vụ!"
1767506693981145751,10221,2026-07-30,948245,Hoang Phuc,4 năm hoạt động trên Airbnb,5,"Ấm cúng, trang thiết bị hiện đại, giường nệm êm ái ngủ rất ngon."
1767506693981145751,10222,2026-07-27,783335,Lan Hương,5 năm hoạt động trên Airbnb,5,"View đẹp mê ly, căn hộ sáng sủa nhiều ánh sáng tự nhiên. 10/10 điểm cho chất lượng phục vụ!"
1767506693981145751,10223,2026-07-25,915319,Béo,1 năm hoạt động trên Airbnb,5,"Chủ nhà thân thiện và hiếu khách, chắc chắn sẽ quay lại khi có dịp ghé thăm thành phố."
1767506693981145751,10224,2026-07-09,308095,Như Hoa,4 năm hoạt động trên Airbnb,5,"Phòng đẹp, xinh. Rất mới. Bày trí rất có gu, chủ nhà nhiệt tình hỗ trợ check-in sớm."
1469417573083355159,10225,2026-08-21,928107,Béo,1 năm hoạt động trên Airbnb,5,"Chủ nhà thân thiện và hiếu khách, chắc chắn sẽ quay lại khi có dịp ghé thăm thành phố."
1469417573083355159,10226,2026-07-24,855371,Lan Hương,5 năm hoạt động trên Airbnb,5,"View đẹp mê ly, căn hộ sáng sủa nhiều ánh sáng tự nhiên. 10/10 điểm cho chất lượng phục vụ!"
1469417573083355159,10227,2026-09-09,560540,Như Hoa,4 năm hoạt động trên Airbnb,5,"Phòng đẹp, xinh. Rất mới. Bày trí rất có gu, chủ nhà nhiệt tình hỗ trợ check-in sớm."
1469417573083355159,10228,2026-09-03,653126,Hoang Phuc,4 năm hoạt động trên Airbnb,5,"Ấm cúng, trang thiết bị hiện đại, giường nệm êm ái ngủ rất ngon."
1469417573083355159,10229,2026-07-14,275071,Chimmiii,Mới tham gia Airbnb,5,"Phòng xinhh, sạch sẽ và thoáng đãng lắm ạ."
1469417573083355159,10230,2026-08-22,577822,Thảo,3 năm hoạt động trên Airbnb,5,"Rất sạch đẹp, vị trí trung tâm đi đâu cũng tiện, hồ bơi và ban công ngắm hoàng hôn rất chill."
1469417573083355159,10231,2026-08-22,987156,Quốc Anh,2 năm hoạt động trên Airbnb,5,"Trải nghiệm tuyệt vời! Tự nhận phòng với mã khóa cực kỳ tiện lợi, an ninh tốt."
1758739529234000818,10232,2026-08-23,751661,Như Hoa,4 năm hoạt động trên Airbnb,5,"Phòng đẹp, xinh. Rất mới. Bày trí rất có gu, chủ nhà nhiệt tình hỗ trợ check-in sớm."
1758739529234000818,10233,2026-06-28,304933,Chimmiii,Mới tham gia Airbnb,5,"Phòng xinhh, sạch sẽ và thoáng đãng lắm ạ."
1758739529234000818,10234,2026-06-29,588451,Thảo,3 năm hoạt động trên Airbnb,5,"Rất sạch đẹp, vị trí trung tâm đi đâu cũng tiện, hồ bơi và ban công ngắm hoàng hôn rất chill."
1758739529234000818,10235,2026-08-16,943587,Béo,1 năm hoạt động trên Airbnb,5,"Chủ nhà thân thiện và hiếu khách, chắc chắn sẽ quay lại khi có dịp ghé thăm thành phố."
1777580385177293379,10236,2026-09-18,997553,Như Hoa,4 năm hoạt động trên Airbnb,5,"Phòng đẹp, xinh. Rất mới. Bày trí rất có gu, chủ nhà nhiệt tình hỗ trợ check-in sớm."
1777580385177293379,10237,2026-08-16,863568,Béo,1 năm hoạt động trên Airbnb,5,"Chủ nhà thân thiện và hiếu khách, chắc chắn sẽ quay lại khi có dịp ghé thăm thành phố."
1777580385177293379,10238,2026-08-31,213307,Quốc Anh,2 năm hoạt động trên Airbnb,5,"Trải nghiệm tuyệt vời! Tự nhận phòng với mã khóa cực kỳ tiện lợi, an ninh tốt."
1777580385177293379,10239,2026-07-17,764764,Hoang Phuc,4 năm hoạt động trên Airbnb,5,"Ấm cúng, trang thiết bị hiện đại, giường nệm êm ái ngủ rất ngon."
1777580385177293379,10240,2026-07-08,782870,Chimmiii,Mới tham gia Airbnb,5,"Phòng xinhh, sạch sẽ và thoáng đãng lắm ạ."
1777580385177293379,10241,2026-08-30,214545,Phương Thảo,Mới tham gia Airbnb,5,"Phòng siêu đẹp y chang trên ảnh, bày trí rất có gu. Phòng mới và sạch sẽ, đầy đủ tiện nghi."
1777580385177293379,10242,2026-07-21,456458,Lan Hương,5 năm hoạt động trên Airbnb,5,"View đẹp mê ly, căn hộ sáng sủa nhiều ánh sáng tự nhiên. 10/10 điểm cho chất lượng phục vụ!"
1777580385177293379,10243,2026-07-06,296226,Thảo,3 năm hoạt động trên Airbnb,5,"Rất sạch đẹp, vị trí trung tâm đi đâu cũng tiện, hồ bơi và ban công ngắm hoàng hôn rất chill."
1741340129869914580,10244,2026-08-15,750157,Quốc Anh,2 năm hoạt động trên Airbnb,5,"Trải nghiệm tuyệt vời! Tự nhận phòng với mã khóa cực kỳ tiện lợi, an ninh tốt."
1741340129869914580,10245,2026-07-06,390085,Như Hoa,4 năm hoạt động trên Airbnb,5,"Phòng đẹp, xinh. Rất mới. Bày trí rất có gu, chủ nhà nhiệt tình hỗ trợ check-in sớm."
1741340129869914580,10246,2026-08-06,325748,Phương Thảo,Mới tham gia Airbnb,5,"Phòng siêu đẹp y chang trên ảnh, bày trí rất có gu. Phòng mới và sạch sẽ, đầy đủ tiện nghi."
1741340129869914580,10247,2026-08-14,934349,Hoang Phuc,4 năm hoạt động trên Airbnb,5,"Ấm cúng, trang thiết bị hiện đại, giường nệm êm ái ngủ rất ngon."
1741340129869914580,10248,2026-09-12,418572,Lan Hương,5 năm hoạt động trên Airbnb,5,"View đẹp mê ly, căn hộ sáng sủa nhiều ánh sáng tự nhiên. 10/10 điểm cho chất lượng phục vụ!"
1669944980676735968,10249,2026-07-10,680233,Béo,1 năm hoạt động trên Airbnb,5,"Chủ nhà thân thiện và hiếu khách, chắc chắn sẽ quay lại khi có dịp ghé thăm thành phố."
1669944980676735968,10250,2026-09-03,245819,Chimmiii,Mới tham gia Airbnb,5,"Phòng xinhh, sạch sẽ và thoáng đãng lắm ạ."
1669944980676735968,10251,2026-09-12,525358,Như Hoa,4 năm hoạt động trên Airbnb,5,"Phòng đẹp, xinh. Rất mới. Bày trí rất có gu, chủ nhà nhiệt tình hỗ trợ check-in sớm."
1669944980676735968,10252,2026-09-08,940916,Phương Thảo,Mới tham gia Airbnb,5,"Phòng siêu đẹp y chang trên ảnh, bày trí rất có gu. Phòng mới và sạch sẽ, đầy đủ tiện nghi."
1669944980676735968,10253,2026-08-27,843912,Quốc Anh,2 năm hoạt động trên Airbnb,5,"Trải nghiệm tuyệt vời! Tự nhận phòng với mã khóa cực kỳ tiện lợi, an ninh tốt."
1669944980676735968,10254,2026-09-04,727581,Lan Hương,5 năm hoạt động trên Airbnb,5,"View đẹp mê ly, căn hộ sáng sủa nhiều ánh sáng tự nhiên. 10/10 điểm cho chất lượng phục vụ!"
1669944980676735968,10255,2026-09-20,664242,Thảo,3 năm hoạt động trên Airbnb,5,"Rất sạch đẹp, vị trí trung tâm đi đâu cũng tiện, hồ bơi và ban công ngắm hoàng hôn rất chill."
1669944980676735968,10256,2026-07-08,386664,Hoang Phuc,4 năm hoạt động trên Airbnb,5,"Ấm cúng, trang thiết bị hiện đại, giường nệm êm ái ngủ rất ngon."
1414613317481978797,10257,2026-07-17,542615,Phương Thảo,Mới tham gia Airbnb,5,"Phòng siêu đẹp y chang trên ảnh, bày trí rất có gu. Phòng mới và sạch sẽ, đầy đủ tiện nghi."
1414613317481978797,10258,2026-09-22,516663,Quốc Anh,2 năm hoạt động trên Airbnb,5,"Trải nghiệm tuyệt vời! Tự nhận phòng với mã khóa cực kỳ tiện lợi, an ninh tốt."
1414613317481978797,10259,2026-09-23,707970,Hoang Phuc,4 năm hoạt động trên Airbnb,5,"Ấm cúng, trang thiết bị hiện đại, giường nệm êm ái ngủ rất ngon."
1414613317481978797,10260,2026-08-17,713124,Chimmiii,Mới tham gia Airbnb,5,"Phòng xinhh, sạch sẽ và thoáng đãng lắm ạ."
1414613317481978797,10261,2026-07-11,379022,Như Hoa,4 năm hoạt động trên Airbnb,5,"Phòng đẹp, xinh. Rất mới. Bày trí rất có gu, chủ nhà nhiệt tình hỗ trợ check-in sớm."
1749386066244624058,10262,2026-07-08,732482,Thảo,3 năm hoạt động trên Airbnb,5,"Rất sạch đẹp, vị trí trung tâm đi đâu cũng tiện, hồ bơi và ban công ngắm hoàng hôn rất chill."
1749386066244624058,10263,2026-09-23,996986,Chimmiii,Mới tham gia Airbnb,5,"Phòng xinhh, sạch sẽ và thoáng đãng lắm ạ."
1749386066244624058,10264,2026-08-08,839911,Béo,1 năm hoạt động trên Airbnb,5,"Chủ nhà thân thiện và hiếu khách, chắc chắn sẽ quay lại khi có dịp ghé thăm thành phố."
1749386066244624058,10265,2026-07-27,548432,Quốc Anh,2 năm hoạt động trên Airbnb,5,"Trải nghiệm tuyệt vời! Tự nhận phòng với mã khóa cực kỳ tiện lợi, an ninh tốt."
1628024572474577056,10266,2026-09-22,477534,Chimmiii,Mới tham gia Airbnb,5,"Phòng xinhh, sạch sẽ và thoáng đãng lắm ạ."
1628024572474577056,10267,2026-07-23,333186,Quốc Anh,2 năm hoạt động trên Airbnb,5,"Trải nghiệm tuyệt vời! Tự nhận phòng với mã khóa cực kỳ tiện lợi, an ninh tốt."
1628024572474577056,10268,2026-08-12,510317,Béo,1 năm hoạt động trên Airbnb,5,"Chủ nhà thân thiện và hiếu khách, chắc chắn sẽ quay lại khi có dịp ghé thăm thành phố."
1628024572474577056,10269,2026-09-19,746809,Hoang Phuc,4 năm hoạt động trên Airbnb,5,"Ấm cúng, trang thiết bị hiện đại, giường nệm êm ái ngủ rất ngon."
1654406909348787668,10270,2026-08-12,928281,Quốc Anh,2 năm hoạt động trên Airbnb,5,"Trải nghiệm tuyệt vời! Tự nhận phòng với mã khóa cực kỳ tiện lợi, an ninh tốt."
1654406909348787668,10271,2026-09-11,584186,Phương Thảo,Mới tham gia Airbnb,5,"Phòng siêu đẹp y chang trên ảnh, bày trí rất có gu. Phòng mới và sạch sẽ, đầy đủ tiện nghi."
1654406909348787668,10272,2026-07-12,499921,Như Hoa,4 năm hoạt động trên Airbnb,5,"Phòng đẹp, xinh. Rất mới. Bày trí rất có gu, chủ nhà nhiệt tình hỗ trợ check-in sớm."
1654406909348787668,10273,2026-08-13,466196,Hoang Phuc,4 năm hoạt động trên Airbnb,5,"Ấm cúng, trang thiết bị hiện đại, giường nệm êm ái ngủ rất ngon."
1654406909348787668,10274,2026-09-07,754845,Thảo,3 năm hoạt động trên Airbnb,5,"Rất sạch đẹp, vị trí trung tâm đi đâu cũng tiện, hồ bơi và ban công ngắm hoàng hôn rất chill."
1654406909348787668,10275,2026-08-11,565915,Béo,1 năm hoạt động trên Airbnb,5,"Chủ nhà thân thiện và hiếu khách, chắc chắn sẽ quay lại khi có dịp ghé thăm thành phố."
1760875665609825046,10276,2026-07-07,853569,Lan Hương,5 năm hoạt động trên Airbnb,5,"View đẹp mê ly, căn hộ sáng sủa nhiều ánh sáng tự nhiên. 10/10 điểm cho chất lượng phục vụ!"
1760875665609825046,10277,2026-08-04,677298,Phương Thảo,Mới tham gia Airbnb,5,"Phòng siêu đẹp y chang trên ảnh, bày trí rất có gu. Phòng mới và sạch sẽ, đầy đủ tiện nghi."
1760875665609825046,10278,2026-09-20,366489,Thảo,3 năm hoạt động trên Airbnb,5,"Rất sạch đẹp, vị trí trung tâm đi đâu cũng tiện, hồ bơi và ban công ngắm hoàng hôn rất chill."
1760875665609825046,10279,2026-09-13,846983,Hoang Phuc,4 năm hoạt động trên Airbnb,5,"Ấm cúng, trang thiết bị hiện đại, giường nệm êm ái ngủ rất ngon."
1760875665609825046,10280,2026-07-05,930169,Chimmiii,Mới tham gia Airbnb,5,"Phòng xinhh, sạch sẽ và thoáng đãng lắm ạ."
1443973878016260721,10281,2026-07-05,339033,Quốc Anh,2 năm hoạt động trên Airbnb,5,"Trải nghiệm tuyệt vời! Tự nhận phòng với mã khóa cực kỳ tiện lợi, an ninh tốt."
1443973878016260721,10282,2026-08-30,595566,Lan Hương,5 năm hoạt động trên Airbnb,5,"View đẹp mê ly, căn hộ sáng sủa nhiều ánh sáng tự nhiên. 10/10 điểm cho chất lượng phục vụ!"
1443973878016260721,10283,2026-08-22,860310,Như Hoa,4 năm hoạt động trên Airbnb,5,"Phòng đẹp, xinh. Rất mới. Bày trí rất có gu, chủ nhà nhiệt tình hỗ trợ check-in sớm."
1443973878016260721,10284,2026-09-12,328582,Thảo,3 năm hoạt động trên Airbnb,5,"Rất sạch đẹp, vị trí trung tâm đi đâu cũng tiện, hồ bơi và ban công ngắm hoàng hôn rất chill."
1443973878016260721,10285,2026-07-03,439286,Phương Thảo,Mới tham gia Airbnb,5,"Phòng siêu đẹp y chang trên ảnh, bày trí rất có gu. Phòng mới và sạch sẽ, đầy đủ tiện nghi."
1443973878016260721,10286,2026-09-06,817451,Béo,1 năm hoạt động trên Airbnb,5,"Chủ nhà thân thiện và hiếu khách, chắc chắn sẽ quay lại khi có dịp ghé thăm thành phố."
1749908749828896940,10287,2026-09-17,712249,Chimmiii,Mới tham gia Airbnb,5,"Phòng xinhh, sạch sẽ và thoáng đãng lắm ạ."
1749908749828896940,10288,2026-08-31,813341,Lan Hương,5 năm hoạt động trên Airbnb,5,"View đẹp mê ly, căn hộ sáng sủa nhiều ánh sáng tự nhiên. 10/10 điểm cho chất lượng phục vụ!"
1749908749828896940,10289,2026-08-27,832218,Béo,1 năm hoạt động trên Airbnb,5,"Chủ nhà thân thiện và hiếu khách, chắc chắn sẽ quay lại khi có dịp ghé thăm thành phố."
1749908749828896940,10290,2026-08-30,745933,Quốc Anh,2 năm hoạt động trên Airbnb,5,"Trải nghiệm tuyệt vời! Tự nhận phòng với mã khóa cực kỳ tiện lợi, an ninh tốt."
1749908749828896940,10291,2026-08-31,469314,Hoang Phuc,4 năm hoạt động trên Airbnb,5,"Ấm cúng, trang thiết bị hiện đại, giường nệm êm ái ngủ rất ngon."
1693248896132079433,10292,2026-09-20,924952,Chimmiii,Mới tham gia Airbnb,5,"Phòng xinhh, sạch sẽ và thoáng đãng lắm ạ."
1693248896132079433,10293,2026-08-03,398783,Hoang Phuc,4 năm hoạt động trên Airbnb,5,"Ấm cúng, trang thiết bị hiện đại, giường nệm êm ái ngủ rất ngon."
1693248896132079433,10294,2026-09-20,761435,Quốc Anh,2 năm hoạt động trên Airbnb,5,"Trải nghiệm tuyệt vời! Tự nhận phòng với mã khóa cực kỳ tiện lợi, an ninh tốt."
1693248896132079433,10295,2026-09-20,432914,Thảo,3 năm hoạt động trên Airbnb,5,"Rất sạch đẹp, vị trí trung tâm đi đâu cũng tiện, hồ bơi và ban công ngắm hoàng hôn rất chill."
1235516888030126914,10296,2026-09-05,864345,Như Hoa,4 năm hoạt động trên Airbnb,5,"Phòng đẹp, xinh. Rất mới. Bày trí rất có gu, chủ nhà nhiệt tình hỗ trợ check-in sớm."
1235516888030126914,10297,2026-08-08,695133,Hoang Phuc,4 năm hoạt động trên Airbnb,5,"Ấm cúng, trang thiết bị hiện đại, giường nệm êm ái ngủ rất ngon."
1235516888030126914,10298,2026-08-02,412327,Béo,1 năm hoạt động trên Airbnb,5,"Chủ nhà thân thiện và hiếu khách, chắc chắn sẽ quay lại khi có dịp ghé thăm thành phố."
1235516888030126914,10299,2026-09-07,890561,Phương Thảo,Mới tham gia Airbnb,5,"Phòng siêu đẹp y chang trên ảnh, bày trí rất có gu. Phòng mới và sạch sẽ, đầy đủ tiện nghi."
1235516888030126914,10300,2026-09-23,793971,Chimmiii,Mới tham gia Airbnb,5,"Phòng xinhh, sạch sẽ và thoáng đãng lắm ạ."
1235516888030126914,10301,2026-09-21,925516,Lan Hương,5 năm hoạt động trên Airbnb,5,"View đẹp mê ly, căn hộ sáng sủa nhiều ánh sáng tự nhiên. 10/10 điểm cho chất lượng phục vụ!"
1601887470978637754,10302,2026-08-15,519741,Như Hoa,4 năm hoạt động trên Airbnb,5,"Phòng đẹp, xinh. Rất mới. Bày trí rất có gu, chủ nhà nhiệt tình hỗ trợ check-in sớm."
1601887470978637754,10303,2026-07-10,510935,Thảo,3 năm hoạt động trên Airbnb,5,"Rất sạch đẹp, vị trí trung tâm đi đâu cũng tiện, hồ bơi và ban công ngắm hoàng hôn rất chill."
1601887470978637754,10304,2026-08-13,806587,Phương Thảo,Mới tham gia Airbnb,5,"Phòng siêu đẹp y chang trên ảnh, bày trí rất có gu. Phòng mới và sạch sẽ, đầy đủ tiện nghi."
1601887470978637754,10305,2026-09-03,996234,Quốc Anh,2 năm hoạt động trên Airbnb,5,"Trải nghiệm tuyệt vời! Tự nhận phòng với mã khóa cực kỳ tiện lợi, an ninh tốt."
1635346311829846408,10306,2026-08-24,264950,Quốc Anh,2 năm hoạt động trên Airbnb,5,"Trải nghiệm tuyệt vời! Tự nhận phòng với mã khóa cực kỳ tiện lợi, an ninh tốt."
1635346311829846408,10307,2026-09-09,241588,Phương Thảo,Mới tham gia Airbnb,5,"Phòng siêu đẹp y chang trên ảnh, bày trí rất có gu. Phòng mới và sạch sẽ, đầy đủ tiện nghi."
1635346311829846408,10308,2026-07-24,763104,Hoang Phuc,4 năm hoạt động trên Airbnb,5,"Ấm cúng, trang thiết bị hiện đại, giường nệm êm ái ngủ rất ngon."
1635346311829846408,10309,2026-08-02,339191,Béo,1 năm hoạt động trên Airbnb,5,"Chủ nhà thân thiện và hiếu khách, chắc chắn sẽ quay lại khi có dịp ghé thăm thành phố."
1720997859591623543,10310,2026-08-24,256243,Béo,1 năm hoạt động trên Airbnb,5,"Chủ nhà thân thiện và hiếu khách, chắc chắn sẽ quay lại khi có dịp ghé thăm thành phố."
1720997859591623543,10311,2026-07-25,738275,Phương Thảo,Mới tham gia Airbnb,5,"Phòng siêu đẹp y chang trên ảnh, bày trí rất có gu. Phòng mới và sạch sẽ, đầy đủ tiện nghi."
1720997859591623543,10312,2026-08-20,409561,Hoang Phuc,4 năm hoạt động trên Airbnb,5,"Ấm cúng, trang thiết bị hiện đại, giường nệm êm ái ngủ rất ngon."
1720997859591623543,10313,2026-06-28,519039,Như Hoa,4 năm hoạt động trên Airbnb,5,"Phòng đẹp, xinh. Rất mới. Bày trí rất có gu, chủ nhà nhiệt tình hỗ trợ check-in sớm."
1720997859591623543,10314,2026-07-15,404205,Lan Hương,5 năm hoạt động trên Airbnb,5,"View đẹp mê ly, căn hộ sáng sủa nhiều ánh sáng tự nhiên. 10/10 điểm cho chất lượng phục vụ!"
1720997859591623543,10315,2026-08-26,885839,Thảo,3 năm hoạt động trên Airbnb,5,"Rất sạch đẹp, vị trí trung tâm đi đâu cũng tiện, hồ bơi và ban công ngắm hoàng hôn rất chill."
1544052981406247638,10316,2026-09-04,486975,Lan Hương,5 năm hoạt động trên Airbnb,5,"View đẹp mê ly, căn hộ sáng sủa nhiều ánh sáng tự nhiên. 10/10 điểm cho chất lượng phục vụ!"
1544052981406247638,10317,2026-07-01,705094,Phương Thảo,Mới tham gia Airbnb,5,"Phòng siêu đẹp y chang trên ảnh, bày trí rất có gu. Phòng mới và sạch sẽ, đầy đủ tiện nghi."
1544052981406247638,10318,2026-07-02,938989,Hoang Phuc,4 năm hoạt động trên Airbnb,5,"Ấm cúng, trang thiết bị hiện đại, giường nệm êm ái ngủ rất ngon."
1544052981406247638,10319,2026-07-13,833457,Thảo,3 năm hoạt động trên Airbnb,5,"Rất sạch đẹp, vị trí trung tâm đi đâu cũng tiện, hồ bơi và ban công ngắm hoàng hôn rất chill."
1544052981406247638,10320,2026-09-13,300349,Béo,1 năm hoạt động trên Airbnb,5,"Chủ nhà thân thiện và hiếu khách, chắc chắn sẽ quay lại khi có dịp ghé thăm thành phố."
1645117276089977775,10321,2026-07-05,406303,Phương Thảo,Mới tham gia Airbnb,5,"Phòng siêu đẹp y chang trên ảnh, bày trí rất có gu. Phòng mới và sạch sẽ, đầy đủ tiện nghi."
1645117276089977775,10322,2026-08-06,861482,Như Hoa,4 năm hoạt động trên Airbnb,5,"Phòng đẹp, xinh. Rất mới. Bày trí rất có gu, chủ nhà nhiệt tình hỗ trợ check-in sớm."
1645117276089977775,10323,2026-07-30,396415,Quốc Anh,2 năm hoạt động trên Airbnb,5,"Trải nghiệm tuyệt vời! Tự nhận phòng với mã khóa cực kỳ tiện lợi, an ninh tốt."
1645117276089977775,10324,2026-07-22,517006,Béo,1 năm hoạt động trên Airbnb,5,"Chủ nhà thân thiện và hiếu khách, chắc chắn sẽ quay lại khi có dịp ghé thăm thành phố."
1645117276089977775,10325,2026-07-01,997016,Chimmiii,Mới tham gia Airbnb,5,"Phòng xinhh, sạch sẽ và thoáng đãng lắm ạ."
1645117276089977775,10326,2026-07-15,244927,Thảo,3 năm hoạt động trên Airbnb,5,"Rất sạch đẹp, vị trí trung tâm đi đâu cũng tiện, hồ bơi và ban công ngắm hoàng hôn rất chill."
1645117276089977775,10327,2026-07-29,489032,Hoang Phuc,4 năm hoạt động trên Airbnb,5,"Ấm cúng, trang thiết bị hiện đại, giường nệm êm ái ngủ rất ngon."
1645117276089977775,10328,2026-09-06,270693,Lan Hương,5 năm hoạt động trên Airbnb,5,"View đẹp mê ly, căn hộ sáng sủa nhiều ánh sáng tự nhiên. 10/10 điểm cho chất lượng phục vụ!"
1663778957432667632,10329,2026-07-11,713103,Như Hoa,4 năm hoạt động trên Airbnb,5,"Phòng đẹp, xinh. Rất mới. Bày trí rất có gu, chủ nhà nhiệt tình hỗ trợ check-in sớm."
1663778957432667632,10330,2026-08-17,524271,Phương Thảo,Mới tham gia Airbnb,5,"Phòng siêu đẹp y chang trên ảnh, bày trí rất có gu. Phòng mới và sạch sẽ, đầy đủ tiện nghi."
1663778957432667632,10331,2026-09-07,552165,Chimmiii,Mới tham gia Airbnb,5,"Phòng xinhh, sạch sẽ và thoáng đãng lắm ạ."
1663778957432667632,10332,2026-07-23,856781,Thảo,3 năm hoạt động trên Airbnb,5,"Rất sạch đẹp, vị trí trung tâm đi đâu cũng tiện, hồ bơi và ban công ngắm hoàng hôn rất chill."
1663778957432667632,10333,2026-09-18,964932,Lan Hương,5 năm hoạt động trên Airbnb,5,"View đẹp mê ly, căn hộ sáng sủa nhiều ánh sáng tự nhiên. 10/10 điểm cho chất lượng phục vụ!"
1663778957432667632,10334,2026-08-26,878605,Hoang Phuc,4 năm hoạt động trên Airbnb,5,"Ấm cúng, trang thiết bị hiện đại, giường nệm êm ái ngủ rất ngon."
1663778957432667632,10335,2026-09-16,574820,Quốc Anh,2 năm hoạt động trên Airbnb,5,"Trải nghiệm tuyệt vời! Tự nhận phòng với mã khóa cực kỳ tiện lợi, an ninh tốt."
1663778957432667632,10336,2026-07-09,878998,Béo,1 năm hoạt động trên Airbnb,5,"Chủ nhà thân thiện và hiếu khách, chắc chắn sẽ quay lại khi có dịp ghé thăm thành phố."
1655524680225454510,10337,2026-08-21,718718,Hoang Phuc,4 năm hoạt động trên Airbnb,5,"Ấm cúng, trang thiết bị hiện đại, giường nệm êm ái ngủ rất ngon."
1655524680225454510,10338,2026-09-14,264915,Béo,1 năm hoạt động trên Airbnb,5,"Chủ nhà thân thiện và hiếu khách, chắc chắn sẽ quay lại khi có dịp ghé thăm thành phố."
1655524680225454510,10339,2026-09-20,860669,Lan Hương,5 năm hoạt động trên Airbnb,5,"View đẹp mê ly, căn hộ sáng sủa nhiều ánh sáng tự nhiên. 10/10 điểm cho chất lượng phục vụ!"
1655524680225454510,10340,2026-07-20,547694,Như Hoa,4 năm hoạt động trên Airbnb,5,"Phòng đẹp, xinh. Rất mới. Bày trí rất có gu, chủ nhà nhiệt tình hỗ trợ check-in sớm."
1759794172561383305,10341,2026-08-05,657501,Lan Hương,5 năm hoạt động trên Airbnb,5,"View đẹp mê ly, căn hộ sáng sủa nhiều ánh sáng tự nhiên. 10/10 điểm cho chất lượng phục vụ!"
1759794172561383305,10342,2026-07-13,364860,Hoang Phuc,4 năm hoạt động trên Airbnb,5,"Ấm cúng, trang thiết bị hiện đại, giường nệm êm ái ngủ rất ngon."
1759794172561383305,10343,2026-09-16,671286,Chimmiii,Mới tham gia Airbnb,5,"Phòng xinhh, sạch sẽ và thoáng đãng lắm ạ."
1759794172561383305,10344,2026-09-10,944528,Phương Thảo,Mới tham gia Airbnb,5,"Phòng siêu đẹp y chang trên ảnh, bày trí rất có gu. Phòng mới và sạch sẽ, đầy đủ tiện nghi."
1759794172561383305,10345,2026-08-11,554155,Như Hoa,4 năm hoạt động trên Airbnb,5,"Phòng đẹp, xinh. Rất mới. Bày trí rất có gu, chủ nhà nhiệt tình hỗ trợ check-in sớm."
1759794172561383305,10346,2026-08-28,263260,Quốc Anh,2 năm hoạt động trên Airbnb,5,"Trải nghiệm tuyệt vời! Tự nhận phòng với mã khóa cực kỳ tiện lợi, an ninh tốt."
1181836124942202198,10347,2026-09-14,611639,Béo,1 năm hoạt động trên Airbnb,5,"Chủ nhà thân thiện và hiếu khách, chắc chắn sẽ quay lại khi có dịp ghé thăm thành phố."
1181836124942202198,10348,2026-09-04,892757,Chimmiii,Mới tham gia Airbnb,5,"Phòng xinhh, sạch sẽ và thoáng đãng lắm ạ."
1181836124942202198,10349,2026-08-31,432857,Lan Hương,5 năm hoạt động trên Airbnb,5,"View đẹp mê ly, căn hộ sáng sủa nhiều ánh sáng tự nhiên. 10/10 điểm cho chất lượng phục vụ!"
1181836124942202198,10350,2026-09-01,428407,Như Hoa,4 năm hoạt động trên Airbnb,5,"Phòng đẹp, xinh. Rất mới. Bày trí rất có gu, chủ nhà nhiệt tình hỗ trợ check-in sớm."
1181836124942202198,10351,2026-09-11,443654,Thảo,3 năm hoạt động trên Airbnb,5,"Rất sạch đẹp, vị trí trung tâm đi đâu cũng tiện, hồ bơi và ban công ngắm hoàng hôn rất chill."
1181836124942202198,10352,2026-07-31,762301,Phương Thảo,Mới tham gia Airbnb,5,"Phòng siêu đẹp y chang trên ảnh, bày trí rất có gu. Phòng mới và sạch sẽ, đầy đủ tiện nghi."
1768799704037023673,10353,2026-07-06,935623,Hoang Phuc,4 năm hoạt động trên Airbnb,5,"Ấm cúng, trang thiết bị hiện đại, giường nệm êm ái ngủ rất ngon."
1768799704037023673,10354,2026-07-06,421482,Béo,1 năm hoạt động trên Airbnb,5,"Chủ nhà thân thiện và hiếu khách, chắc chắn sẽ quay lại khi có dịp ghé thăm thành phố."
1768799704037023673,10355,2026-07-16,755776,Phương Thảo,Mới tham gia Airbnb,5,"Phòng siêu đẹp y chang trên ảnh, bày trí rất có gu. Phòng mới và sạch sẽ, đầy đủ tiện nghi."
1768799704037023673,10356,2026-08-10,315390,Thảo,3 năm hoạt động trên Airbnb,5,"Rất sạch đẹp, vị trí trung tâm đi đâu cũng tiện, hồ bơi và ban công ngắm hoàng hôn rất chill."
1774540934423447876,10357,2026-08-13,432128,Phương Thảo,Mới tham gia Airbnb,5,"Phòng siêu đẹp y chang trên ảnh, bày trí rất có gu. Phòng mới và sạch sẽ, đầy đủ tiện nghi."
1774540934423447876,10358,2026-08-24,272538,Lan Hương,5 năm hoạt động trên Airbnb,5,"View đẹp mê ly, căn hộ sáng sủa nhiều ánh sáng tự nhiên. 10/10 điểm cho chất lượng phục vụ!"
1774540934423447876,10359,2026-07-15,926647,Như Hoa,4 năm hoạt động trên Airbnb,5,"Phòng đẹp, xinh. Rất mới. Bày trí rất có gu, chủ nhà nhiệt tình hỗ trợ check-in sớm."
1774540934423447876,10360,2026-08-02,728354,Thảo,3 năm hoạt động trên Airbnb,5,"Rất sạch đẹp, vị trí trung tâm đi đâu cũng tiện, hồ bơi và ban công ngắm hoàng hôn rất chill."
1774540934423447876,10361,2026-08-02,909483,Quốc Anh,2 năm hoạt động trên Airbnb,5,"Trải nghiệm tuyệt vời! Tự nhận phòng với mã khóa cực kỳ tiện lợi, an ninh tốt."
1774540934423447876,10362,2026-09-03,542626,Chimmiii,Mới tham gia Airbnb,5,"Phòng xinhh, sạch sẽ và thoáng đãng lắm ạ."
1774540934423447876,10363,2026-08-30,494242,Hoang Phuc,4 năm hoạt động trên Airbnb,5,"Ấm cúng, trang thiết bị hiện đại, giường nệm êm ái ngủ rất ngon."
1711526135963773129,10364,2026-07-29,677158,Hoang Phuc,4 năm hoạt động trên Airbnb,5,"Ấm cúng, trang thiết bị hiện đại, giường nệm êm ái ngủ rất ngon."
1711526135963773129,10365,2026-08-02,607775,Như Hoa,4 năm hoạt động trên Airbnb,5,"Phòng đẹp, xinh. Rất mới. Bày trí rất có gu, chủ nhà nhiệt tình hỗ trợ check-in sớm."
1711526135963773129,10366,2026-09-02,218469,Lan Hương,5 năm hoạt động trên Airbnb,5,"View đẹp mê ly, căn hộ sáng sủa nhiều ánh sáng tự nhiên. 10/10 điểm cho chất lượng phục vụ!"
1711526135963773129,10367,2026-07-13,808836,Thảo,3 năm hoạt động trên Airbnb,5,"Rất sạch đẹp, vị trí trung tâm đi đâu cũng tiện, hồ bơi và ban công ngắm hoàng hôn rất chill."
1711526135963773129,10368,2026-06-28,571471,Phương Thảo,Mới tham gia Airbnb,5,"Phòng siêu đẹp y chang trên ảnh, bày trí rất có gu. Phòng mới và sạch sẽ, đầy đủ tiện nghi."
1594849958261500679,10369,2026-08-05,365032,Phương Thảo,Mới tham gia Airbnb,5,"Phòng siêu đẹp y chang trên ảnh, bày trí rất có gu. Phòng mới và sạch sẽ, đầy đủ tiện nghi."
1594849958261500679,10370,2026-09-08,644441,Chimmiii,Mới tham gia Airbnb,5,"Phòng xinhh, sạch sẽ và thoáng đãng lắm ạ."
1594849958261500679,10371,2026-09-21,354196,Quốc Anh,2 năm hoạt động trên Airbnb,5,"Trải nghiệm tuyệt vời! Tự nhận phòng với mã khóa cực kỳ tiện lợi, an ninh tốt."
1594849958261500679,10372,2026-09-02,846605,Thảo,3 năm hoạt động trên Airbnb,5,"Rất sạch đẹp, vị trí trung tâm đi đâu cũng tiện, hồ bơi và ban công ngắm hoàng hôn rất chill."
1594849958261500679,10373,2026-09-11,487602,Hoang Phuc,4 năm hoạt động trên Airbnb,5,"Ấm cúng, trang thiết bị hiện đại, giường nệm êm ái ngủ rất ngon."
1670734921484747263,10374,2026-08-12,401009,Chimmiii,Mới tham gia Airbnb,5,"Phòng xinhh, sạch sẽ và thoáng đãng lắm ạ."
1670734921484747263,10375,2026-06-28,699670,Quốc Anh,2 năm hoạt động trên Airbnb,5,"Trải nghiệm tuyệt vời! Tự nhận phòng với mã khóa cực kỳ tiện lợi, an ninh tốt."
1670734921484747263,10376,2026-09-07,612312,Hoang Phuc,4 năm hoạt động trên Airbnb,5,"Ấm cúng, trang thiết bị hiện đại, giường nệm êm ái ngủ rất ngon."
1670734921484747263,10377,2026-08-28,748178,Béo,1 năm hoạt động trên Airbnb,5,"Chủ nhà thân thiện và hiếu khách, chắc chắn sẽ quay lại khi có dịp ghé thăm thành phố."
1670734921484747263,10378,2026-07-07,852753,Như Hoa,4 năm hoạt động trên Airbnb,5,"Phòng đẹp, xinh. Rất mới. Bày trí rất có gu, chủ nhà nhiệt tình hỗ trợ check-in sớm."
1774493271474414949,10379,2026-08-26,396562,Lan Hương,5 năm hoạt động trên Airbnb,5,"View đẹp mê ly, căn hộ sáng sủa nhiều ánh sáng tự nhiên. 10/10 điểm cho chất lượng phục vụ!"
1774493271474414949,10380,2026-09-10,483162,Hoang Phuc,4 năm hoạt động trên Airbnb,5,"Ấm cúng, trang thiết bị hiện đại, giường nệm êm ái ngủ rất ngon."
1774493271474414949,10381,2026-07-14,790800,Quốc Anh,2 năm hoạt động trên Airbnb,5,"Trải nghiệm tuyệt vời! Tự nhận phòng với mã khóa cực kỳ tiện lợi, an ninh tốt."
1774493271474414949,10382,2026-09-05,200981,Thảo,3 năm hoạt động trên Airbnb,5,"Rất sạch đẹp, vị trí trung tâm đi đâu cũng tiện, hồ bơi và ban công ngắm hoàng hôn rất chill."
1774493271474414949,10383,2026-08-31,986200,Phương Thảo,Mới tham gia Airbnb,5,"Phòng siêu đẹp y chang trên ảnh, bày trí rất có gu. Phòng mới và sạch sẽ, đầy đủ tiện nghi."
1774493271474414949,10384,2026-07-31,440374,Béo,1 năm hoạt động trên Airbnb,5,"Chủ nhà thân thiện và hiếu khách, chắc chắn sẽ quay lại khi có dịp ghé thăm thành phố."
1772273130082174088,10385,2026-06-29,699925,Như Hoa,4 năm hoạt động trên Airbnb,5,"Phòng đẹp, xinh. Rất mới. Bày trí rất có gu, chủ nhà nhiệt tình hỗ trợ check-in sớm."
1772273130082174088,10386,2026-08-23,872496,Phương Thảo,Mới tham gia Airbnb,5,"Phòng siêu đẹp y chang trên ảnh, bày trí rất có gu. Phòng mới và sạch sẽ, đầy đủ tiện nghi."
1772273130082174088,10387,2026-09-17,318397,Lan Hương,5 năm hoạt động trên Airbnb,5,"View đẹp mê ly, căn hộ sáng sủa nhiều ánh sáng tự nhiên. 10/10 điểm cho chất lượng phục vụ!"
1772273130082174088,10388,2026-08-17,969291,Quốc Anh,2 năm hoạt động trên Airbnb,5,"Trải nghiệm tuyệt vời! Tự nhận phòng với mã khóa cực kỳ tiện lợi, an ninh tốt."
1772273130082174088,10389,2026-09-14,956270,Hoang Phuc,4 năm hoạt động trên Airbnb,5,"Ấm cúng, trang thiết bị hiện đại, giường nệm êm ái ngủ rất ngon."
1772273130082174088,10390,2026-07-01,490330,Chimmiii,Mới tham gia Airbnb,5,"Phòng xinhh, sạch sẽ và thoáng đãng lắm ạ."
1689889005916800228,10391,2026-09-18,219664,Như Hoa,4 năm hoạt động trên Airbnb,5,"Phòng đẹp, xinh. Rất mới. Bày trí rất có gu, chủ nhà nhiệt tình hỗ trợ check-in sớm."
1689889005916800228,10392,2026-07-07,660853,Quốc Anh,2 năm hoạt động trên Airbnb,5,"Trải nghiệm tuyệt vời! Tự nhận phòng với mã khóa cực kỳ tiện lợi, an ninh tốt."
1689889005916800228,10393,2026-09-08,322050,Chimmiii,Mới tham gia Airbnb,5,"Phòng xinhh, sạch sẽ và thoáng đãng lắm ạ."
1689889005916800228,10394,2026-07-28,986645,Béo,1 năm hoạt động trên Airbnb,5,"Chủ nhà thân thiện và hiếu khách, chắc chắn sẽ quay lại khi có dịp ghé thăm thành phố."
1689889005916800228,10395,2026-09-22,542929,Hoang Phuc,4 năm hoạt động trên Airbnb,5,"Ấm cúng, trang thiết bị hiện đại, giường nệm êm ái ngủ rất ngon."
1689889005916800228,10396,2026-07-31,552512,Phương Thảo,Mới tham gia Airbnb,5,"Phòng siêu đẹp y chang trên ảnh, bày trí rất có gu. Phòng mới và sạch sẽ, đầy đủ tiện nghi."
1689889005916800228,10397,2026-07-12,494553,Lan Hương,5 năm hoạt động trên Airbnb,5,"View đẹp mê ly, căn hộ sáng sủa nhiều ánh sáng tự nhiên. 10/10 điểm cho chất lượng phục vụ!"
744631369409788487,10398,2026-07-03,675379,Phương Thảo,Mới tham gia Airbnb,5,"Phòng siêu đẹp y chang trên ảnh, bày trí rất có gu. Phòng mới và sạch sẽ, đầy đủ tiện nghi."
744631369409788487,10399,2026-08-08,557567,Chimmiii,Mới tham gia Airbnb,5,"Phòng xinhh, sạch sẽ và thoáng đãng lắm ạ."
744631369409788487,10400,2026-08-07,497418,Lan Hương,5 năm hoạt động trên Airbnb,5,"View đẹp mê ly, căn hộ sáng sủa nhiều ánh sáng tự nhiên. 10/10 điểm cho chất lượng phục vụ!"
744631369409788487,10401,2026-08-14,939981,Hoang Phuc,4 năm hoạt động trên Airbnb,5,"Ấm cúng, trang thiết bị hiện đại, giường nệm êm ái ngủ rất ngon."
744631369409788487,10402,2026-08-09,826692,Như Hoa,4 năm hoạt động trên Airbnb,5,"Phòng đẹp, xinh. Rất mới. Bày trí rất có gu, chủ nhà nhiệt tình hỗ trợ check-in sớm."
744631369409788487,10403,2026-07-19,453889,Béo,1 năm hoạt động trên Airbnb,5,"Chủ nhà thân thiện và hiếu khách, chắc chắn sẽ quay lại khi có dịp ghé thăm thành phố."
1254813922213845974,10404,2026-07-13,838851,Như Hoa,4 năm hoạt động trên Airbnb,5,"Phòng đẹp, xinh. Rất mới. Bày trí rất có gu, chủ nhà nhiệt tình hỗ trợ check-in sớm."
1254813922213845974,10405,2026-08-10,957305,Hoang Phuc,4 năm hoạt động trên Airbnb,5,"Ấm cúng, trang thiết bị hiện đại, giường nệm êm ái ngủ rất ngon."
1254813922213845974,10406,2026-07-07,443362,Béo,1 năm hoạt động trên Airbnb,5,"Chủ nhà thân thiện và hiếu khách, chắc chắn sẽ quay lại khi có dịp ghé thăm thành phố."
1254813922213845974,10407,2026-09-23,902998,Quốc Anh,2 năm hoạt động trên Airbnb,5,"Trải nghiệm tuyệt vời! Tự nhận phòng với mã khóa cực kỳ tiện lợi, an ninh tốt."
1254813922213845974,10408,2026-07-31,475863,Thảo,3 năm hoạt động trên Airbnb,5,"Rất sạch đẹp, vị trí trung tâm đi đâu cũng tiện, hồ bơi và ban công ngắm hoàng hôn rất chill."
1254813922213845974,10409,2026-09-09,468815,Chimmiii,Mới tham gia Airbnb,5,"Phòng xinhh, sạch sẽ và thoáng đãng lắm ạ."
1161924160014039510,10410,2026-08-27,592485,Như Hoa,4 năm hoạt động trên Airbnb,5,"Phòng đẹp, xinh. Rất mới. Bày trí rất có gu, chủ nhà nhiệt tình hỗ trợ check-in sớm."
1161924160014039510,10411,2026-07-23,238465,Lan Hương,5 năm hoạt động trên Airbnb,5,"View đẹp mê ly, căn hộ sáng sủa nhiều ánh sáng tự nhiên. 10/10 điểm cho chất lượng phục vụ!"
1161924160014039510,10412,2026-07-29,549465,Phương Thảo,Mới tham gia Airbnb,5,"Phòng siêu đẹp y chang trên ảnh, bày trí rất có gu. Phòng mới và sạch sẽ, đầy đủ tiện nghi."
1161924160014039510,10413,2026-07-20,751768,Quốc Anh,2 năm hoạt động trên Airbnb,5,"Trải nghiệm tuyệt vời! Tự nhận phòng với mã khóa cực kỳ tiện lợi, an ninh tốt."
1768248295978592520,10414,2026-07-17,925372,Như Hoa,4 năm hoạt động trên Airbnb,5,"Phòng đẹp, xinh. Rất mới. Bày trí rất có gu, chủ nhà nhiệt tình hỗ trợ check-in sớm."
1768248295978592520,10415,2026-08-10,988279,Chimmiii,Mới tham gia Airbnb,5,"Phòng xinhh, sạch sẽ và thoáng đãng lắm ạ."
1768248295978592520,10416,2026-08-19,489045,Thảo,3 năm hoạt động trên Airbnb,5,"Rất sạch đẹp, vị trí trung tâm đi đâu cũng tiện, hồ bơi và ban công ngắm hoàng hôn rất chill."
1768248295978592520,10417,2026-08-16,930220,Hoang Phuc,4 năm hoạt động trên Airbnb,5,"Ấm cúng, trang thiết bị hiện đại, giường nệm êm ái ngủ rất ngon."
1768248295978592520,10418,2026-07-06,867952,Béo,1 năm hoạt động trên Airbnb,5,"Chủ nhà thân thiện và hiếu khách, chắc chắn sẽ quay lại khi có dịp ghé thăm thành phố."
1768248295978592520,10419,2026-09-15,477739,Phương Thảo,Mới tham gia Airbnb,5,"Phòng siêu đẹp y chang trên ảnh, bày trí rất có gu. Phòng mới và sạch sẽ, đầy đủ tiện nghi."
1768248295978592520,10420,2026-08-30,749425,Lan Hương,5 năm hoạt động trên Airbnb,5,"View đẹp mê ly, căn hộ sáng sủa nhiều ánh sáng tự nhiên. 10/10 điểm cho chất lượng phục vụ!"
1765346471750867635,10421,2026-09-23,988203,Quốc Anh,2 năm hoạt động trên Airbnb,5,"Trải nghiệm tuyệt vời! Tự nhận phòng với mã khóa cực kỳ tiện lợi, an ninh tốt."
1765346471750867635,10422,2026-07-26,595655,Béo,1 năm hoạt động trên Airbnb,5,"Chủ nhà thân thiện và hiếu khách, chắc chắn sẽ quay lại khi có dịp ghé thăm thành phố."
1765346471750867635,10423,2026-07-07,637224,Thảo,3 năm hoạt động trên Airbnb,5,"Rất sạch đẹp, vị trí trung tâm đi đâu cũng tiện, hồ bơi và ban công ngắm hoàng hôn rất chill."
1765346471750867635,10424,2026-08-23,603288,Như Hoa,4 năm hoạt động trên Airbnb,5,"Phòng đẹp, xinh. Rất mới. Bày trí rất có gu, chủ nhà nhiệt tình hỗ trợ check-in sớm."
1765346471750867635,10425,2026-08-17,297034,Chimmiii,Mới tham gia Airbnb,5,"Phòng xinhh, sạch sẽ và thoáng đãng lắm ạ."
1707123205595513773,10426,2026-09-08,776793,Phương Thảo,Mới tham gia Airbnb,5,"Phòng siêu đẹp y chang trên ảnh, bày trí rất có gu. Phòng mới và sạch sẽ, đầy đủ tiện nghi."
1707123205595513773,10427,2026-07-12,869270,Béo,1 năm hoạt động trên Airbnb,5,"Chủ nhà thân thiện và hiếu khách, chắc chắn sẽ quay lại khi có dịp ghé thăm thành phố."
1707123205595513773,10428,2026-07-17,400775,Hoang Phuc,4 năm hoạt động trên Airbnb,5,"Ấm cúng, trang thiết bị hiện đại, giường nệm êm ái ngủ rất ngon."
1707123205595513773,10429,2026-07-24,258759,Thảo,3 năm hoạt động trên Airbnb,5,"Rất sạch đẹp, vị trí trung tâm đi đâu cũng tiện, hồ bơi và ban công ngắm hoàng hôn rất chill."
1707123205595513773,10430,2026-07-10,499953,Quốc Anh,2 năm hoạt động trên Airbnb,5,"Trải nghiệm tuyệt vời! Tự nhận phòng với mã khóa cực kỳ tiện lợi, an ninh tốt."
1707123205595513773,10431,2026-08-18,927309,Lan Hương,5 năm hoạt động trên Airbnb,5,"View đẹp mê ly, căn hộ sáng sủa nhiều ánh sáng tự nhiên. 10/10 điểm cho chất lượng phục vụ!"
1707123205595513773,10432,2026-08-29,603561,Như Hoa,4 năm hoạt động trên Airbnb,5,"Phòng đẹp, xinh. Rất mới. Bày trí rất có gu, chủ nhà nhiệt tình hỗ trợ check-in sớm."
1405568623864558382,10433,2026-07-09,651462,Lan Hương,5 năm hoạt động trên Airbnb,5,"View đẹp mê ly, căn hộ sáng sủa nhiều ánh sáng tự nhiên. 10/10 điểm cho chất lượng phục vụ!"
1405568623864558382,10434,2026-07-18,970649,Béo,1 năm hoạt động trên Airbnb,5,"Chủ nhà thân thiện và hiếu khách, chắc chắn sẽ quay lại khi có dịp ghé thăm thành phố."
1405568623864558382,10435,2026-08-20,890009,Thảo,3 năm hoạt động trên Airbnb,5,"Rất sạch đẹp, vị trí trung tâm đi đâu cũng tiện, hồ bơi và ban công ngắm hoàng hôn rất chill."
1405568623864558382,10436,2026-07-30,894079,Như Hoa,4 năm hoạt động trên Airbnb,5,"Phòng đẹp, xinh. Rất mới. Bày trí rất có gu, chủ nhà nhiệt tình hỗ trợ check-in sớm."
1405568623864558382,10437,2026-08-22,309264,Phương Thảo,Mới tham gia Airbnb,5,"Phòng siêu đẹp y chang trên ảnh, bày trí rất có gu. Phòng mới và sạch sẽ, đầy đủ tiện nghi."
1405568623864558382,10438,2026-09-05,623921,Chimmiii,Mới tham gia Airbnb,5,"Phòng xinhh, sạch sẽ và thoáng đãng lắm ạ."
1405568623864558382,10439,2026-07-20,889437,Hoang Phuc,4 năm hoạt động trên Airbnb,5,"Ấm cúng, trang thiết bị hiện đại, giường nệm êm ái ngủ rất ngon."
1645657563949722734,10440,2026-09-21,718109,Béo,1 năm hoạt động trên Airbnb,5,"Chủ nhà thân thiện và hiếu khách, chắc chắn sẽ quay lại khi có dịp ghé thăm thành phố."
1645657563949722734,10441,2026-07-26,421035,Quốc Anh,2 năm hoạt động trên Airbnb,5,"Trải nghiệm tuyệt vời! Tự nhận phòng với mã khóa cực kỳ tiện lợi, an ninh tốt."
1645657563949722734,10442,2026-08-08,747395,Như Hoa,4 năm hoạt động trên Airbnb,5,"Phòng đẹp, xinh. Rất mới. Bày trí rất có gu, chủ nhà nhiệt tình hỗ trợ check-in sớm."
1645657563949722734,10443,2026-06-29,308328,Lan Hương,5 năm hoạt động trên Airbnb,5,"View đẹp mê ly, căn hộ sáng sủa nhiều ánh sáng tự nhiên. 10/10 điểm cho chất lượng phục vụ!"
1645657563949722734,10444,2026-08-07,633820,Chimmiii,Mới tham gia Airbnb,5,"Phòng xinhh, sạch sẽ và thoáng đãng lắm ạ."
1645657563949722734,10445,2026-08-13,560710,Phương Thảo,Mới tham gia Airbnb,5,"Phòng siêu đẹp y chang trên ảnh, bày trí rất có gu. Phòng mới và sạch sẽ, đầy đủ tiện nghi."
1645657563949722734,10446,2026-07-04,987915,Hoang Phuc,4 năm hoạt động trên Airbnb,5,"Ấm cúng, trang thiết bị hiện đại, giường nệm êm ái ngủ rất ngon."
1645657563949722734,10447,2026-08-05,493486,Thảo,3 năm hoạt động trên Airbnb,5,"Rất sạch đẹp, vị trí trung tâm đi đâu cũng tiện, hồ bơi và ban công ngắm hoàng hôn rất chill."
1146759334237360547,10448,2026-08-05,391580,Lan Hương,5 năm hoạt động trên Airbnb,5,"View đẹp mê ly, căn hộ sáng sủa nhiều ánh sáng tự nhiên. 10/10 điểm cho chất lượng phục vụ!"
1146759334237360547,10449,2026-09-03,361294,Phương Thảo,Mới tham gia Airbnb,5,"Phòng siêu đẹp y chang trên ảnh, bày trí rất có gu. Phòng mới và sạch sẽ, đầy đủ tiện nghi."
1146759334237360547,10450,2026-08-22,873459,Như Hoa,4 năm hoạt động trên Airbnb,5,"Phòng đẹp, xinh. Rất mới. Bày trí rất có gu, chủ nhà nhiệt tình hỗ trợ check-in sớm."
1146759334237360547,10451,2026-09-10,789389,Chimmiii,Mới tham gia Airbnb,5,"Phòng xinhh, sạch sẽ và thoáng đãng lắm ạ."
1146759334237360547,10452,2026-08-30,946701,Béo,1 năm hoạt động trên Airbnb,5,"Chủ nhà thân thiện và hiếu khách, chắc chắn sẽ quay lại khi có dịp ghé thăm thành phố."
1146759334237360547,10453,2026-08-27,874415,Hoang Phuc,4 năm hoạt động trên Airbnb,5,"Ấm cúng, trang thiết bị hiện đại, giường nệm êm ái ngủ rất ngon."
1628020384629433579,10454,2026-08-27,995596,Phương Thảo,Mới tham gia Airbnb,5,"Phòng siêu đẹp y chang trên ảnh, bày trí rất có gu. Phòng mới và sạch sẽ, đầy đủ tiện nghi."
1628020384629433579,10455,2026-09-04,498233,Lan Hương,5 năm hoạt động trên Airbnb,5,"View đẹp mê ly, căn hộ sáng sủa nhiều ánh sáng tự nhiên. 10/10 điểm cho chất lượng phục vụ!"
1628020384629433579,10456,2026-08-02,390666,Chimmiii,Mới tham gia Airbnb,5,"Phòng xinhh, sạch sẽ và thoáng đãng lắm ạ."
1628020384629433579,10457,2026-09-05,784509,Thảo,3 năm hoạt động trên Airbnb,5,"Rất sạch đẹp, vị trí trung tâm đi đâu cũng tiện, hồ bơi và ban công ngắm hoàng hôn rất chill."
1628020384629433579,10458,2026-07-30,892698,Như Hoa,4 năm hoạt động trên Airbnb,5,"Phòng đẹp, xinh. Rất mới. Bày trí rất có gu, chủ nhà nhiệt tình hỗ trợ check-in sớm."
1613103988633877388,10459,2026-07-06,644375,Phương Thảo,Mới tham gia Airbnb,5,"Phòng siêu đẹp y chang trên ảnh, bày trí rất có gu. Phòng mới và sạch sẽ, đầy đủ tiện nghi."
1613103988633877388,10460,2026-07-31,331904,Như Hoa,4 năm hoạt động trên Airbnb,5,"Phòng đẹp, xinh. Rất mới. Bày trí rất có gu, chủ nhà nhiệt tình hỗ trợ check-in sớm."
1613103988633877388,10461,2026-07-28,718941,Béo,1 năm hoạt động trên Airbnb,5,"Chủ nhà thân thiện và hiếu khách, chắc chắn sẽ quay lại khi có dịp ghé thăm thành phố."
1613103988633877388,10462,2026-07-15,283818,Thảo,3 năm hoạt động trên Airbnb,5,"Rất sạch đẹp, vị trí trung tâm đi đâu cũng tiện, hồ bơi và ban công ngắm hoàng hôn rất chill."
1613103988633877388,10463,2026-08-18,380225,Chimmiii,Mới tham gia Airbnb,5,"Phòng xinhh, sạch sẽ và thoáng đãng lắm ạ."
1613103988633877388,10464,2026-07-01,972876,Lan Hương,5 năm hoạt động trên Airbnb,5,"View đẹp mê ly, căn hộ sáng sủa nhiều ánh sáng tự nhiên. 10/10 điểm cho chất lượng phục vụ!"
1613103988633877388,10465,2026-08-11,676948,Hoang Phuc,4 năm hoạt động trên Airbnb,5,"Ấm cúng, trang thiết bị hiện đại, giường nệm êm ái ngủ rất ngon."
1613103988633877388,10466,2026-08-19,416659,Quốc Anh,2 năm hoạt động trên Airbnb,5,"Trải nghiệm tuyệt vời! Tự nhận phòng với mã khóa cực kỳ tiện lợi, an ninh tốt."
1608578695869941372,10467,2026-07-27,865830,Phương Thảo,Mới tham gia Airbnb,5,"Phòng siêu đẹp y chang trên ảnh, bày trí rất có gu. Phòng mới và sạch sẽ, đầy đủ tiện nghi."
1608578695869941372,10468,2026-07-16,981638,Lan Hương,5 năm hoạt động trên Airbnb,5,"View đẹp mê ly, căn hộ sáng sủa nhiều ánh sáng tự nhiên. 10/10 điểm cho chất lượng phục vụ!"
1608578695869941372,10469,2026-07-19,399897,Hoang Phuc,4 năm hoạt động trên Airbnb,5,"Ấm cúng, trang thiết bị hiện đại, giường nệm êm ái ngủ rất ngon."
1608578695869941372,10470,2026-07-22,201206,Quốc Anh,2 năm hoạt động trên Airbnb,5,"Trải nghiệm tuyệt vời! Tự nhận phòng với mã khóa cực kỳ tiện lợi, an ninh tốt."
1608578695869941372,10471,2026-06-28,466613,Như Hoa,4 năm hoạt động trên Airbnb,5,"Phòng đẹp, xinh. Rất mới. Bày trí rất có gu, chủ nhà nhiệt tình hỗ trợ check-in sớm."
1608578695869941372,10472,2026-08-25,968130,Chimmiii,Mới tham gia Airbnb,5,"Phòng xinhh, sạch sẽ và thoáng đãng lắm ạ."
1608578695869941372,10473,2026-09-11,751070,Béo,1 năm hoạt động trên Airbnb,5,"Chủ nhà thân thiện và hiếu khách, chắc chắn sẽ quay lại khi có dịp ghé thăm thành phố."
1747115725252260060,10474,2026-08-20,939168,Lan Hương,5 năm hoạt động trên Airbnb,5,"View đẹp mê ly, căn hộ sáng sủa nhiều ánh sáng tự nhiên. 10/10 điểm cho chất lượng phục vụ!"
1747115725252260060,10475,2026-09-06,228886,Phương Thảo,Mới tham gia Airbnb,5,"Phòng siêu đẹp y chang trên ảnh, bày trí rất có gu. Phòng mới và sạch sẽ, đầy đủ tiện nghi."
1747115725252260060,10476,2026-09-03,630401,Như Hoa,4 năm hoạt động trên Airbnb,5,"Phòng đẹp, xinh. Rất mới. Bày trí rất có gu, chủ nhà nhiệt tình hỗ trợ check-in sớm."
1747115725252260060,10477,2026-06-28,535716,Béo,1 năm hoạt động trên Airbnb,5,"Chủ nhà thân thiện và hiếu khách, chắc chắn sẽ quay lại khi có dịp ghé thăm thành phố."
1747115725252260060,10478,2026-09-19,314329,Chimmiii,Mới tham gia Airbnb,5,"Phòng xinhh, sạch sẽ và thoáng đãng lắm ạ."
1772397716236919620,10479,2026-08-18,396925,Quốc Anh,2 năm hoạt động trên Airbnb,5,"Trải nghiệm tuyệt vời! Tự nhận phòng với mã khóa cực kỳ tiện lợi, an ninh tốt."
1772397716236919620,10480,2026-09-16,767962,Phương Thảo,Mới tham gia Airbnb,5,"Phòng siêu đẹp y chang trên ảnh, bày trí rất có gu. Phòng mới và sạch sẽ, đầy đủ tiện nghi."
1772397716236919620,10481,2026-08-21,408479,Như Hoa,4 năm hoạt động trên Airbnb,5,"Phòng đẹp, xinh. Rất mới. Bày trí rất có gu, chủ nhà nhiệt tình hỗ trợ check-in sớm."
1772397716236919620,10482,2026-08-01,882778,Hoang Phuc,4 năm hoạt động trên Airbnb,5,"Ấm cúng, trang thiết bị hiện đại, giường nệm êm ái ngủ rất ngon."
1772397716236919620,10483,2026-07-08,987749,Thảo,3 năm hoạt động trên Airbnb,5,"Rất sạch đẹp, vị trí trung tâm đi đâu cũng tiện, hồ bơi và ban công ngắm hoàng hôn rất chill."
1772397716236919620,10484,2026-07-23,402539,Chimmiii,Mới tham gia Airbnb,5,"Phòng xinhh, sạch sẽ và thoáng đãng lắm ạ."
1669586966269284343,10485,2026-08-14,772068,Hoang Phuc,4 năm hoạt động trên Airbnb,5,"Ấm cúng, trang thiết bị hiện đại, giường nệm êm ái ngủ rất ngon."
1669586966269284343,10486,2026-06-29,250152,Phương Thảo,Mới tham gia Airbnb,5,"Phòng siêu đẹp y chang trên ảnh, bày trí rất có gu. Phòng mới và sạch sẽ, đầy đủ tiện nghi."
1669586966269284343,10487,2026-07-29,947265,Béo,1 năm hoạt động trên Airbnb,5,"Chủ nhà thân thiện và hiếu khách, chắc chắn sẽ quay lại khi có dịp ghé thăm thành phố."
1669586966269284343,10488,2026-07-16,316522,Quốc Anh,2 năm hoạt động trên Airbnb,5,"Trải nghiệm tuyệt vời! Tự nhận phòng với mã khóa cực kỳ tiện lợi, an ninh tốt."
1669586966269284343,10489,2026-08-18,559120,Thảo,3 năm hoạt động trên Airbnb,5,"Rất sạch đẹp, vị trí trung tâm đi đâu cũng tiện, hồ bơi và ban công ngắm hoàng hôn rất chill."
1669586966269284343,10490,2026-08-13,957110,Lan Hương,5 năm hoạt động trên Airbnb,5,"View đẹp mê ly, căn hộ sáng sủa nhiều ánh sáng tự nhiên. 10/10 điểm cho chất lượng phục vụ!"
1669586966269284343,10491,2026-08-14,446195,Như Hoa,4 năm hoạt động trên Airbnb,5,"Phòng đẹp, xinh. Rất mới. Bày trí rất có gu, chủ nhà nhiệt tình hỗ trợ check-in sớm."
1574656431031168605,10492,2026-08-11,936945,Thảo,3 năm hoạt động trên Airbnb,5,"Rất sạch đẹp, vị trí trung tâm đi đâu cũng tiện, hồ bơi và ban công ngắm hoàng hôn rất chill."
1574656431031168605,10493,2026-06-29,552008,Béo,1 năm hoạt động trên Airbnb,5,"Chủ nhà thân thiện và hiếu khách, chắc chắn sẽ quay lại khi có dịp ghé thăm thành phố."
1574656431031168605,10494,2026-07-23,528109,Chimmiii,Mới tham gia Airbnb,5,"Phòng xinhh, sạch sẽ và thoáng đãng lắm ạ."
1574656431031168605,10495,2026-08-21,411715,Lan Hương,5 năm hoạt động trên Airbnb,5,"View đẹp mê ly, căn hộ sáng sủa nhiều ánh sáng tự nhiên. 10/10 điểm cho chất lượng phục vụ!"
1732259083797095806,10496,2026-08-05,431690,Chimmiii,Mới tham gia Airbnb,5,"Phòng xinhh, sạch sẽ và thoáng đãng lắm ạ."
1732259083797095806,10497,2026-08-14,234060,Lan Hương,5 năm hoạt động trên Airbnb,5,"View đẹp mê ly, căn hộ sáng sủa nhiều ánh sáng tự nhiên. 10/10 điểm cho chất lượng phục vụ!"
1732259083797095806,10498,2026-09-12,386090,Phương Thảo,Mới tham gia Airbnb,5,"Phòng siêu đẹp y chang trên ảnh, bày trí rất có gu. Phòng mới và sạch sẽ, đầy đủ tiện nghi."
1732259083797095806,10499,2026-09-02,364976,Thảo,3 năm hoạt động trên Airbnb,5,"Rất sạch đẹp, vị trí trung tâm đi đâu cũng tiện, hồ bơi và ban công ngắm hoàng hôn rất chill."
1732259083797095806,10500,2026-07-22,252255,Như Hoa,4 năm hoạt động trên Airbnb,5,"Phòng đẹp, xinh. Rất mới. Bày trí rất có gu, chủ nhà nhiệt tình hỗ trợ check-in sớm."
1732259083797095806,10501,2026-08-10,557788,Hoang Phuc,4 năm hoạt động trên Airbnb,5,"Ấm cúng, trang thiết bị hiện đại, giường nệm êm ái ngủ rất ngon."
1455888333496005062,10502,2026-09-04,322993,Hoang Phuc,4 năm hoạt động trên Airbnb,5,"Ấm cúng, trang thiết bị hiện đại, giường nệm êm ái ngủ rất ngon."
1455888333496005062,10503,2026-09-20,987142,Như Hoa,4 năm hoạt động trên Airbnb,5,"Phòng đẹp, xinh. Rất mới. Bày trí rất có gu, chủ nhà nhiệt tình hỗ trợ check-in sớm."
1455888333496005062,10504,2026-07-07,335330,Thảo,3 năm hoạt động trên Airbnb,5,"Rất sạch đẹp, vị trí trung tâm đi đâu cũng tiện, hồ bơi và ban công ngắm hoàng hôn rất chill."
1455888333496005062,10505,2026-09-10,843821,Chimmiii,Mới tham gia Airbnb,5,"Phòng xinhh, sạch sẽ và thoáng đãng lắm ạ."
1455888333496005062,10506,2026-08-09,569733,Phương Thảo,Mới tham gia Airbnb,5,"Phòng siêu đẹp y chang trên ảnh, bày trí rất có gu. Phòng mới và sạch sẽ, đầy đủ tiện nghi."
1455888333496005062,10507,2026-09-11,468602,Lan Hương,5 năm hoạt động trên Airbnb,5,"View đẹp mê ly, căn hộ sáng sủa nhiều ánh sáng tự nhiên. 10/10 điểm cho chất lượng phục vụ!"
1455888333496005062,10508,2026-08-05,422994,Quốc Anh,2 năm hoạt động trên Airbnb,5,"Trải nghiệm tuyệt vời! Tự nhận phòng với mã khóa cực kỳ tiện lợi, an ninh tốt."
1455888333496005062,10509,2026-08-25,297394,Béo,1 năm hoạt động trên Airbnb,5,"Chủ nhà thân thiện và hiếu khách, chắc chắn sẽ quay lại khi có dịp ghé thăm thành phố."
1477265117366553732,10510,2026-07-03,715036,Quốc Anh,2 năm hoạt động trên Airbnb,5,"Trải nghiệm tuyệt vời! Tự nhận phòng với mã khóa cực kỳ tiện lợi, an ninh tốt."
1477265117366553732,10511,2026-08-12,299572,Lan Hương,5 năm hoạt động trên Airbnb,5,"View đẹp mê ly, căn hộ sáng sủa nhiều ánh sáng tự nhiên. 10/10 điểm cho chất lượng phục vụ!"
1477265117366553732,10512,2026-07-28,521030,Chimmiii,Mới tham gia Airbnb,5,"Phòng xinhh, sạch sẽ và thoáng đãng lắm ạ."
1477265117366553732,10513,2026-07-07,318271,Như Hoa,4 năm hoạt động trên Airbnb,5,"Phòng đẹp, xinh. Rất mới. Bày trí rất có gu, chủ nhà nhiệt tình hỗ trợ check-in sớm."
1477265117366553732,10514,2026-08-10,983120,Phương Thảo,Mới tham gia Airbnb,5,"Phòng siêu đẹp y chang trên ảnh, bày trí rất có gu. Phòng mới và sạch sẽ, đầy đủ tiện nghi."
1477265117366553732,10515,2026-09-14,747756,Béo,1 năm hoạt động trên Airbnb,5,"Chủ nhà thân thiện và hiếu khách, chắc chắn sẽ quay lại khi có dịp ghé thăm thành phố."
1477265117366553732,10516,2026-09-01,293468,Hoang Phuc,4 năm hoạt động trên Airbnb,5,"Ấm cúng, trang thiết bị hiện đại, giường nệm êm ái ngủ rất ngon."
1477265117366553732,10517,2026-07-27,932503,Thảo,3 năm hoạt động trên Airbnb,5,"Rất sạch đẹp, vị trí trung tâm đi đâu cũng tiện, hồ bơi và ban công ngắm hoàng hôn rất chill."
1760014871307201938,10518,2026-07-21,728540,Chimmiii,Mới tham gia Airbnb,5,"Phòng xinhh, sạch sẽ và thoáng đãng lắm ạ."
1760014871307201938,10519,2026-08-19,856212,Như Hoa,4 năm hoạt động trên Airbnb,5,"Phòng đẹp, xinh. Rất mới. Bày trí rất có gu, chủ nhà nhiệt tình hỗ trợ check-in sớm."
1760014871307201938,10520,2026-07-05,883433,Thảo,3 năm hoạt động trên Airbnb,5,"Rất sạch đẹp, vị trí trung tâm đi đâu cũng tiện, hồ bơi và ban công ngắm hoàng hôn rất chill."
1760014871307201938,10521,2026-08-02,345008,Lan Hương,5 năm hoạt động trên Airbnb,5,"View đẹp mê ly, căn hộ sáng sủa nhiều ánh sáng tự nhiên. 10/10 điểm cho chất lượng phục vụ!"
1760014871307201938,10522,2026-09-02,545390,Quốc Anh,2 năm hoạt động trên Airbnb,5,"Trải nghiệm tuyệt vời! Tự nhận phòng với mã khóa cực kỳ tiện lợi, an ninh tốt."
1760014871307201938,10523,2026-07-22,530859,Béo,1 năm hoạt động trên Airbnb,5,"Chủ nhà thân thiện và hiếu khách, chắc chắn sẽ quay lại khi có dịp ghé thăm thành phố."
1176111050980920305,10524,2026-09-13,854667,Chimmiii,Mới tham gia Airbnb,5,"Phòng xinhh, sạch sẽ và thoáng đãng lắm ạ."
1176111050980920305,10525,2026-09-05,264005,Béo,1 năm hoạt động trên Airbnb,5,"Chủ nhà thân thiện và hiếu khách, chắc chắn sẽ quay lại khi có dịp ghé thăm thành phố."
1176111050980920305,10526,2026-07-15,898761,Quốc Anh,2 năm hoạt động trên Airbnb,5,"Trải nghiệm tuyệt vời! Tự nhận phòng với mã khóa cực kỳ tiện lợi, an ninh tốt."
1176111050980920305,10527,2026-07-12,667087,Lan Hương,5 năm hoạt động trên Airbnb,5,"View đẹp mê ly, căn hộ sáng sủa nhiều ánh sáng tự nhiên. 10/10 điểm cho chất lượng phục vụ!"
1176111050980920305,10528,2026-09-12,284365,Như Hoa,4 năm hoạt động trên Airbnb,5,"Phòng đẹp, xinh. Rất mới. Bày trí rất có gu, chủ nhà nhiệt tình hỗ trợ check-in sớm."
1176111050980920305,10529,2026-08-16,912397,Thảo,3 năm hoạt động trên Airbnb,5,"Rất sạch đẹp, vị trí trung tâm đi đâu cũng tiện, hồ bơi và ban công ngắm hoàng hôn rất chill."
1176111050980920305,10530,2026-09-16,930175,Hoang Phuc,4 năm hoạt động trên Airbnb,5,"Ấm cúng, trang thiết bị hiện đại, giường nệm êm ái ngủ rất ngon."
1176111050980920305,10531,2026-08-26,772545,Phương Thảo,Mới tham gia Airbnb,5,"Phòng siêu đẹp y chang trên ảnh, bày trí rất có gu. Phòng mới và sạch sẽ, đầy đủ tiện nghi."
1768186720206666859,10532,2026-08-29,941851,Quốc Anh,2 năm hoạt động trên Airbnb,5,"Trải nghiệm tuyệt vời! Tự nhận phòng với mã khóa cực kỳ tiện lợi, an ninh tốt."
1768186720206666859,10533,2026-09-23,663109,Phương Thảo,Mới tham gia Airbnb,5,"Phòng siêu đẹp y chang trên ảnh, bày trí rất có gu. Phòng mới và sạch sẽ, đầy đủ tiện nghi."
1768186720206666859,10534,2026-07-10,253264,Lan Hương,5 năm hoạt động trên Airbnb,5,"View đẹp mê ly, căn hộ sáng sủa nhiều ánh sáng tự nhiên. 10/10 điểm cho chất lượng phục vụ!"
1768186720206666859,10535,2026-08-03,289143,Béo,1 năm hoạt động trên Airbnb,5,"Chủ nhà thân thiện và hiếu khách, chắc chắn sẽ quay lại khi có dịp ghé thăm thành phố."
1768186720206666859,10536,2026-08-16,751401,Chimmiii,Mới tham gia Airbnb,5,"Phòng xinhh, sạch sẽ và thoáng đãng lắm ạ."
1768186720206666859,10537,2026-07-21,456589,Hoang Phuc,4 năm hoạt động trên Airbnb,5,"Ấm cúng, trang thiết bị hiện đại, giường nệm êm ái ngủ rất ngon."
1572317041954580936,10538,2026-07-17,472163,Chimmiii,Mới tham gia Airbnb,5,"Phòng xinhh, sạch sẽ và thoáng đãng lắm ạ."
1572317041954580936,10539,2026-09-10,381902,Quốc Anh,2 năm hoạt động trên Airbnb,5,"Trải nghiệm tuyệt vời! Tự nhận phòng với mã khóa cực kỳ tiện lợi, an ninh tốt."
1572317041954580936,10540,2026-07-04,956744,Như Hoa,4 năm hoạt động trên Airbnb,5,"Phòng đẹp, xinh. Rất mới. Bày trí rất có gu, chủ nhà nhiệt tình hỗ trợ check-in sớm."
1572317041954580936,10541,2026-09-11,821363,Hoang Phuc,4 năm hoạt động trên Airbnb,5,"Ấm cúng, trang thiết bị hiện đại, giường nệm êm ái ngủ rất ngon."
753502922823552313,10542,2026-07-04,671094,Chimmiii,Mới tham gia Airbnb,5,"Phòng xinhh, sạch sẽ và thoáng đãng lắm ạ."
753502922823552313,10543,2026-08-17,982693,Béo,1 năm hoạt động trên Airbnb,5,"Chủ nhà thân thiện và hiếu khách, chắc chắn sẽ quay lại khi có dịp ghé thăm thành phố."
753502922823552313,10544,2026-09-11,744703,Thảo,3 năm hoạt động trên Airbnb,5,"Rất sạch đẹp, vị trí trung tâm đi đâu cũng tiện, hồ bơi và ban công ngắm hoàng hôn rất chill."
753502922823552313,10545,2026-08-07,843835,Lan Hương,5 năm hoạt động trên Airbnb,5,"View đẹp mê ly, căn hộ sáng sủa nhiều ánh sáng tự nhiên. 10/10 điểm cho chất lượng phục vụ!"
753502922823552313,10546,2026-08-28,947060,Hoang Phuc,4 năm hoạt động trên Airbnb,5,"Ấm cúng, trang thiết bị hiện đại, giường nệm êm ái ngủ rất ngon."
753502922823552313,10547,2026-08-07,718840,Quốc Anh,2 năm hoạt động trên Airbnb,5,"Trải nghiệm tuyệt vời! Tự nhận phòng với mã khóa cực kỳ tiện lợi, an ninh tốt."
753502922823552313,10548,2026-07-28,582658,Như Hoa,4 năm hoạt động trên Airbnb,5,"Phòng đẹp, xinh. Rất mới. Bày trí rất có gu, chủ nhà nhiệt tình hỗ trợ check-in sớm."
1749746422643925041,10549,2026-09-10,738416,Hoang Phuc,4 năm hoạt động trên Airbnb,5,"Ấm cúng, trang thiết bị hiện đại, giường nệm êm ái ngủ rất ngon."
1749746422643925041,10550,2026-09-08,239732,Thảo,3 năm hoạt động trên Airbnb,5,"Rất sạch đẹp, vị trí trung tâm đi đâu cũng tiện, hồ bơi và ban công ngắm hoàng hôn rất chill."
1749746422643925041,10551,2026-09-14,264535,Chimmiii,Mới tham gia Airbnb,5,"Phòng xinhh, sạch sẽ và thoáng đãng lắm ạ."
1749746422643925041,10552,2026-08-05,860422,Quốc Anh,2 năm hoạt động trên Airbnb,5,"Trải nghiệm tuyệt vời! Tự nhận phòng với mã khóa cực kỳ tiện lợi, an ninh tốt."
1749746422643925041,10553,2026-07-21,822326,Phương Thảo,Mới tham gia Airbnb,5,"Phòng siêu đẹp y chang trên ảnh, bày trí rất có gu. Phòng mới và sạch sẽ, đầy đủ tiện nghi."
1749746422643925041,10554,2026-07-04,801189,Lan Hương,5 năm hoạt động trên Airbnb,5,"View đẹp mê ly, căn hộ sáng sủa nhiều ánh sáng tự nhiên. 10/10 điểm cho chất lượng phục vụ!"
662797566033041541,10555,2026-08-13,612145,Hoang Phuc,4 năm hoạt động trên Airbnb,5,"Ấm cúng, trang thiết bị hiện đại, giường nệm êm ái ngủ rất ngon."
662797566033041541,10556,2026-08-14,582690,Phương Thảo,Mới tham gia Airbnb,5,"Phòng siêu đẹp y chang trên ảnh, bày trí rất có gu. Phòng mới và sạch sẽ, đầy đủ tiện nghi."
662797566033041541,10557,2026-09-11,548217,Chimmiii,Mới tham gia Airbnb,5,"Phòng xinhh, sạch sẽ và thoáng đãng lắm ạ."
662797566033041541,10558,2026-08-10,710028,Như Hoa,4 năm hoạt động trên Airbnb,5,"Phòng đẹp, xinh. Rất mới. Bày trí rất có gu, chủ nhà nhiệt tình hỗ trợ check-in sớm."
662797566033041541,10559,2026-08-06,990268,Lan Hương,5 năm hoạt động trên Airbnb,5,"View đẹp mê ly, căn hộ sáng sủa nhiều ánh sáng tự nhiên. 10/10 điểm cho chất lượng phục vụ!"
662797566033041541,10560,2026-08-01,867270,Béo,1 năm hoạt động trên Airbnb,5,"Chủ nhà thân thiện và hiếu khách, chắc chắn sẽ quay lại khi có dịp ghé thăm thành phố."
662797566033041541,10561,2026-09-15,740832,Quốc Anh,2 năm hoạt động trên Airbnb,5,"Trải nghiệm tuyệt vời! Tự nhận phòng với mã khóa cực kỳ tiện lợi, an ninh tốt."
1572351690485801854,10562,2026-07-23,535382,Như Hoa,4 năm hoạt động trên Airbnb,5,"Phòng đẹp, xinh. Rất mới. Bày trí rất có gu, chủ nhà nhiệt tình hỗ trợ check-in sớm."
1572351690485801854,10563,2026-07-22,370867,Chimmiii,Mới tham gia Airbnb,5,"Phòng xinhh, sạch sẽ và thoáng đãng lắm ạ."
1572351690485801854,10564,2026-08-11,915936,Lan Hương,5 năm hoạt động trên Airbnb,5,"View đẹp mê ly, căn hộ sáng sủa nhiều ánh sáng tự nhiên. 10/10 điểm cho chất lượng phục vụ!"
1572351690485801854,10565,2026-07-11,695790,Phương Thảo,Mới tham gia Airbnb,5,"Phòng siêu đẹp y chang trên ảnh, bày trí rất có gu. Phòng mới và sạch sẽ, đầy đủ tiện nghi."
930310182644180142,10566,2026-08-25,687906,Như Hoa,4 năm hoạt động trên Airbnb,5,"Phòng đẹp, xinh. Rất mới. Bày trí rất có gu, chủ nhà nhiệt tình hỗ trợ check-in sớm."
930310182644180142,10567,2026-08-05,597524,Lan Hương,5 năm hoạt động trên Airbnb,5,"View đẹp mê ly, căn hộ sáng sủa nhiều ánh sáng tự nhiên. 10/10 điểm cho chất lượng phục vụ!"
930310182644180142,10568,2026-09-18,235263,Hoang Phuc,4 năm hoạt động trên Airbnb,5,"Ấm cúng, trang thiết bị hiện đại, giường nệm êm ái ngủ rất ngon."
930310182644180142,10569,2026-06-29,500908,Quốc Anh,2 năm hoạt động trên Airbnb,5,"Trải nghiệm tuyệt vời! Tự nhận phòng với mã khóa cực kỳ tiện lợi, an ninh tốt."
930310182644180142,10570,2026-07-10,480168,Béo,1 năm hoạt động trên Airbnb,5,"Chủ nhà thân thiện và hiếu khách, chắc chắn sẽ quay lại khi có dịp ghé thăm thành phố."
930310182644180142,10571,2026-08-04,247365,Chimmiii,Mới tham gia Airbnb,5,"Phòng xinhh, sạch sẽ và thoáng đãng lắm ạ."
930310182644180142,10572,2026-07-21,746481,Phương Thảo,Mới tham gia Airbnb,5,"Phòng siêu đẹp y chang trên ảnh, bày trí rất có gu. Phòng mới và sạch sẽ, đầy đủ tiện nghi."
1765299661503541441,10573,2026-07-23,393915,Lan Hương,5 năm hoạt động trên Airbnb,5,"View đẹp mê ly, căn hộ sáng sủa nhiều ánh sáng tự nhiên. 10/10 điểm cho chất lượng phục vụ!"
1765299661503541441,10574,2026-08-12,358294,Như Hoa,4 năm hoạt động trên Airbnb,5,"Phòng đẹp, xinh. Rất mới. Bày trí rất có gu, chủ nhà nhiệt tình hỗ trợ check-in sớm."
1765299661503541441,10575,2026-06-29,625453,Quốc Anh,2 năm hoạt động trên Airbnb,5,"Trải nghiệm tuyệt vời! Tự nhận phòng với mã khóa cực kỳ tiện lợi, an ninh tốt."
1765299661503541441,10576,2026-09-08,215552,Phương Thảo,Mới tham gia Airbnb,5,"Phòng siêu đẹp y chang trên ảnh, bày trí rất có gu. Phòng mới và sạch sẽ, đầy đủ tiện nghi."
1765299661503541441,10577,2026-08-14,464194,Thảo,3 năm hoạt động trên Airbnb,5,"Rất sạch đẹp, vị trí trung tâm đi đâu cũng tiện, hồ bơi và ban công ngắm hoàng hôn rất chill."
1765299661503541441,10578,2026-08-17,215249,Béo,1 năm hoạt động trên Airbnb,5,"Chủ nhà thân thiện và hiếu khách, chắc chắn sẽ quay lại khi có dịp ghé thăm thành phố."
1765299661503541441,10579,2026-07-24,230483,Chimmiii,Mới tham gia Airbnb,5,"Phòng xinhh, sạch sẽ và thoáng đãng lắm ạ."
1587308325339462940,10580,2026-07-12,441888,Thảo,3 năm hoạt động trên Airbnb,5,"Rất sạch đẹp, vị trí trung tâm đi đâu cũng tiện, hồ bơi và ban công ngắm hoàng hôn rất chill."
1587308325339462940,10581,2026-09-20,823048,Quốc Anh,2 năm hoạt động trên Airbnb,5,"Trải nghiệm tuyệt vời! Tự nhận phòng với mã khóa cực kỳ tiện lợi, an ninh tốt."
1587308325339462940,10582,2026-09-14,835759,Lan Hương,5 năm hoạt động trên Airbnb,5,"View đẹp mê ly, căn hộ sáng sủa nhiều ánh sáng tự nhiên. 10/10 điểm cho chất lượng phục vụ!"
1587308325339462940,10583,2026-07-21,603842,Phương Thảo,Mới tham gia Airbnb,5,"Phòng siêu đẹp y chang trên ảnh, bày trí rất có gu. Phòng mới và sạch sẽ, đầy đủ tiện nghi."
1587308325339462940,10584,2026-08-18,669254,Hoang Phuc,4 năm hoạt động trên Airbnb,5,"Ấm cúng, trang thiết bị hiện đại, giường nệm êm ái ngủ rất ngon."
1587308325339462940,10585,2026-07-19,966170,Như Hoa,4 năm hoạt động trên Airbnb,5,"Phòng đẹp, xinh. Rất mới. Bày trí rất có gu, chủ nhà nhiệt tình hỗ trợ check-in sớm."
1587308325339462940,10586,2026-07-27,344867,Béo,1 năm hoạt động trên Airbnb,5,"Chủ nhà thân thiện và hiếu khách, chắc chắn sẽ quay lại khi có dịp ghé thăm thành phố."
1774022925851231570,10587,2026-06-29,568285,Hoang Phuc,4 năm hoạt động trên Airbnb,5,"Ấm cúng, trang thiết bị hiện đại, giường nệm êm ái ngủ rất ngon."
1774022925851231570,10588,2026-09-04,996678,Như Hoa,4 năm hoạt động trên Airbnb,5,"Phòng đẹp, xinh. Rất mới. Bày trí rất có gu, chủ nhà nhiệt tình hỗ trợ check-in sớm."
1774022925851231570,10589,2026-08-29,369669,Lan Hương,5 năm hoạt động trên Airbnb,5,"View đẹp mê ly, căn hộ sáng sủa nhiều ánh sáng tự nhiên. 10/10 điểm cho chất lượng phục vụ!"
1774022925851231570,10590,2026-09-11,597401,Thảo,3 năm hoạt động trên Airbnb,5,"Rất sạch đẹp, vị trí trung tâm đi đâu cũng tiện, hồ bơi và ban công ngắm hoàng hôn rất chill."
1744253366404558533,10591,2026-07-16,331597,Phương Thảo,Mới tham gia Airbnb,5,"Phòng siêu đẹp y chang trên ảnh, bày trí rất có gu. Phòng mới và sạch sẽ, đầy đủ tiện nghi."
1744253366404558533,10592,2026-07-12,257560,Thảo,3 năm hoạt động trên Airbnb,5,"Rất sạch đẹp, vị trí trung tâm đi đâu cũng tiện, hồ bơi và ban công ngắm hoàng hôn rất chill."
1744253366404558533,10593,2026-07-13,763672,Như Hoa,4 năm hoạt động trên Airbnb,5,"Phòng đẹp, xinh. Rất mới. Bày trí rất có gu, chủ nhà nhiệt tình hỗ trợ check-in sớm."
1744253366404558533,10594,2026-09-13,279082,Hoang Phuc,4 năm hoạt động trên Airbnb,5,"Ấm cúng, trang thiết bị hiện đại, giường nệm êm ái ngủ rất ngon."
1744253366404558533,10595,2026-07-31,808930,Lan Hương,5 năm hoạt động trên Airbnb,5,"View đẹp mê ly, căn hộ sáng sủa nhiều ánh sáng tự nhiên. 10/10 điểm cho chất lượng phục vụ!"
1678899799743483465,10596,2026-07-28,629561,Chimmiii,Mới tham gia Airbnb,5,"Phòng xinhh, sạch sẽ và thoáng đãng lắm ạ."
1678899799743483465,10597,2026-08-20,759504,Béo,1 năm hoạt động trên Airbnb,5,"Chủ nhà thân thiện và hiếu khách, chắc chắn sẽ quay lại khi có dịp ghé thăm thành phố."
1678899799743483465,10598,2026-07-10,234092,Phương Thảo,Mới tham gia Airbnb,5,"Phòng siêu đẹp y chang trên ảnh, bày trí rất có gu. Phòng mới và sạch sẽ, đầy đủ tiện nghi."
1678899799743483465,10599,2026-07-02,540273,Thảo,3 năm hoạt động trên Airbnb,5,"Rất sạch đẹp, vị trí trung tâm đi đâu cũng tiện, hồ bơi và ban công ngắm hoàng hôn rất chill."
1678899799743483465,10600,2026-07-13,637948,Quốc Anh,2 năm hoạt động trên Airbnb,5,"Trải nghiệm tuyệt vời! Tự nhận phòng với mã khóa cực kỳ tiện lợi, an ninh tốt."
1678899799743483465,10601,2026-08-05,253333,Lan Hương,5 năm hoạt động trên Airbnb,5,"View đẹp mê ly, căn hộ sáng sủa nhiều ánh sáng tự nhiên. 10/10 điểm cho chất lượng phục vụ!"
1678899799743483465,10602,2026-07-24,573083,Hoang Phuc,4 năm hoạt động trên Airbnb,5,"Ấm cúng, trang thiết bị hiện đại, giường nệm êm ái ngủ rất ngon."
1762270759738560759,10603,2026-08-02,908556,Thảo,3 năm hoạt động trên Airbnb,5,"Rất sạch đẹp, vị trí trung tâm đi đâu cũng tiện, hồ bơi và ban công ngắm hoàng hôn rất chill."
1762270759738560759,10604,2026-09-19,706094,Như Hoa,4 năm hoạt động trên Airbnb,5,"Phòng đẹp, xinh. Rất mới. Bày trí rất có gu, chủ nhà nhiệt tình hỗ trợ check-in sớm."
1762270759738560759,10605,2026-08-25,889293,Quốc Anh,2 năm hoạt động trên Airbnb,5,"Trải nghiệm tuyệt vời! Tự nhận phòng với mã khóa cực kỳ tiện lợi, an ninh tốt."
1762270759738560759,10606,2026-08-09,235040,Chimmiii,Mới tham gia Airbnb,5,"Phòng xinhh, sạch sẽ và thoáng đãng lắm ạ."
1762270759738560759,10607,2026-08-25,828128,Hoang Phuc,4 năm hoạt động trên Airbnb,5,"Ấm cúng, trang thiết bị hiện đại, giường nệm êm ái ngủ rất ngon."
1762270759738560759,10608,2026-08-25,838639,Lan Hương,5 năm hoạt động trên Airbnb,5,"View đẹp mê ly, căn hộ sáng sủa nhiều ánh sáng tự nhiên. 10/10 điểm cho chất lượng phục vụ!"
1762270759738560759,10609,2026-07-19,988494,Phương Thảo,Mới tham gia Airbnb,5,"Phòng siêu đẹp y chang trên ảnh, bày trí rất có gu. Phòng mới và sạch sẽ, đầy đủ tiện nghi."
1663170658859796114,10610,2026-08-11,845195,Thảo,3 năm hoạt động trên Airbnb,5,"Rất sạch đẹp, vị trí trung tâm đi đâu cũng tiện, hồ bơi và ban công ngắm hoàng hôn rất chill."
1663170658859796114,10611,2026-07-07,349766,Phương Thảo,Mới tham gia Airbnb,5,"Phòng siêu đẹp y chang trên ảnh, bày trí rất có gu. Phòng mới và sạch sẽ, đầy đủ tiện nghi."
1663170658859796114,10612,2026-08-25,594372,Quốc Anh,2 năm hoạt động trên Airbnb,5,"Trải nghiệm tuyệt vời! Tự nhận phòng với mã khóa cực kỳ tiện lợi, an ninh tốt."
1663170658859796114,10613,2026-07-06,875165,Như Hoa,4 năm hoạt động trên Airbnb,5,"Phòng đẹp, xinh. Rất mới. Bày trí rất có gu, chủ nhà nhiệt tình hỗ trợ check-in sớm."
1663170658859796114,10614,2026-07-28,873766,Lan Hương,5 năm hoạt động trên Airbnb,5,"View đẹp mê ly, căn hộ sáng sủa nhiều ánh sáng tự nhiên. 10/10 điểm cho chất lượng phục vụ!"
1759179578552503427,10615,2026-06-29,257467,Béo,1 năm hoạt động trên Airbnb,5,"Chủ nhà thân thiện và hiếu khách, chắc chắn sẽ quay lại khi có dịp ghé thăm thành phố."
1759179578552503427,10616,2026-08-02,599499,Lan Hương,5 năm hoạt động trên Airbnb,5,"View đẹp mê ly, căn hộ sáng sủa nhiều ánh sáng tự nhiên. 10/10 điểm cho chất lượng phục vụ!"
1759179578552503427,10617,2026-09-23,310278,Chimmiii,Mới tham gia Airbnb,5,"Phòng xinhh, sạch sẽ và thoáng đãng lắm ạ."
1759179578552503427,10618,2026-08-06,919403,Thảo,3 năm hoạt động trên Airbnb,5,"Rất sạch đẹp, vị trí trung tâm đi đâu cũng tiện, hồ bơi và ban công ngắm hoàng hôn rất chill."
1759179578552503427,10619,2026-09-22,823867,Hoang Phuc,4 năm hoạt động trên Airbnb,5,"Ấm cúng, trang thiết bị hiện đại, giường nệm êm ái ngủ rất ngon."
1759179578552503427,10620,2026-09-02,808425,Phương Thảo,Mới tham gia Airbnb,5,"Phòng siêu đẹp y chang trên ảnh, bày trí rất có gu. Phòng mới và sạch sẽ, đầy đủ tiện nghi."
1759179578552503427,10621,2026-08-03,550140,Như Hoa,4 năm hoạt động trên Airbnb,5,"Phòng đẹp, xinh. Rất mới. Bày trí rất có gu, chủ nhà nhiệt tình hỗ trợ check-in sớm."
1759179578552503427,10622,2026-08-12,474217,Quốc Anh,2 năm hoạt động trên Airbnb,5,"Trải nghiệm tuyệt vời! Tự nhận phòng với mã khóa cực kỳ tiện lợi, an ninh tốt."
1646142281788174197,10623,2026-08-23,878931,Chimmiii,Mới tham gia Airbnb,5,"Phòng xinhh, sạch sẽ và thoáng đãng lắm ạ."
1646142281788174197,10624,2026-08-20,813634,Béo,1 năm hoạt động trên Airbnb,5,"Chủ nhà thân thiện và hiếu khách, chắc chắn sẽ quay lại khi có dịp ghé thăm thành phố."
1646142281788174197,10625,2026-08-21,922800,Lan Hương,5 năm hoạt động trên Airbnb,5,"View đẹp mê ly, căn hộ sáng sủa nhiều ánh sáng tự nhiên. 10/10 điểm cho chất lượng phục vụ!"
1646142281788174197,10626,2026-08-07,959590,Quốc Anh,2 năm hoạt động trên Airbnb,5,"Trải nghiệm tuyệt vời! Tự nhận phòng với mã khóa cực kỳ tiện lợi, an ninh tốt."
1646142281788174197,10627,2026-09-21,280585,Thảo,3 năm hoạt động trên Airbnb,5,"Rất sạch đẹp, vị trí trung tâm đi đâu cũng tiện, hồ bơi và ban công ngắm hoàng hôn rất chill."
1646142281788174197,10628,2026-07-10,764909,Phương Thảo,Mới tham gia Airbnb,5,"Phòng siêu đẹp y chang trên ảnh, bày trí rất có gu. Phòng mới và sạch sẽ, đầy đủ tiện nghi."
1646142281788174197,10629,2026-09-09,716237,Hoang Phuc,4 năm hoạt động trên Airbnb,5,"Ấm cúng, trang thiết bị hiện đại, giường nệm êm ái ngủ rất ngon."
1646142281788174197,10630,2026-07-03,238080,Như Hoa,4 năm hoạt động trên Airbnb,5,"Phòng đẹp, xinh. Rất mới. Bày trí rất có gu, chủ nhà nhiệt tình hỗ trợ check-in sớm."
1440980762786040694,10631,2026-08-15,515048,Quốc Anh,2 năm hoạt động trên Airbnb,5,"Trải nghiệm tuyệt vời! Tự nhận phòng với mã khóa cực kỳ tiện lợi, an ninh tốt."
1440980762786040694,10632,2026-09-17,984083,Hoang Phuc,4 năm hoạt động trên Airbnb,5,"Ấm cúng, trang thiết bị hiện đại, giường nệm êm ái ngủ rất ngon."
1440980762786040694,10633,2026-08-27,902766,Lan Hương,5 năm hoạt động trên Airbnb,5,"View đẹp mê ly, căn hộ sáng sủa nhiều ánh sáng tự nhiên. 10/10 điểm cho chất lượng phục vụ!"
1440980762786040694,10634,2026-07-17,931522,Béo,1 năm hoạt động trên Airbnb,5,"Chủ nhà thân thiện và hiếu khách, chắc chắn sẽ quay lại khi có dịp ghé thăm thành phố."
1478973598675625242,10635,2026-07-31,709785,Như Hoa,4 năm hoạt động trên Airbnb,5,"Phòng đẹp, xinh. Rất mới. Bày trí rất có gu, chủ nhà nhiệt tình hỗ trợ check-in sớm."
1478973598675625242,10636,2026-07-11,917091,Chimmiii,Mới tham gia Airbnb,5,"Phòng xinhh, sạch sẽ và thoáng đãng lắm ạ."
1478973598675625242,10637,2026-08-23,674997,Béo,1 năm hoạt động trên Airbnb,5,"Chủ nhà thân thiện và hiếu khách, chắc chắn sẽ quay lại khi có dịp ghé thăm thành phố."
1478973598675625242,10638,2026-09-07,831659,Quốc Anh,2 năm hoạt động trên Airbnb,5,"Trải nghiệm tuyệt vời! Tự nhận phòng với mã khóa cực kỳ tiện lợi, an ninh tốt."
1478973598675625242,10639,2026-07-12,277870,Phương Thảo,Mới tham gia Airbnb,5,"Phòng siêu đẹp y chang trên ảnh, bày trí rất có gu. Phòng mới và sạch sẽ, đầy đủ tiện nghi."
1478973598675625242,10640,2026-09-07,783441,Hoang Phuc,4 năm hoạt động trên Airbnb,5,"Ấm cúng, trang thiết bị hiện đại, giường nệm êm ái ngủ rất ngon."
1736683196542228795,10641,2026-08-21,433173,Phương Thảo,Mới tham gia Airbnb,5,"Phòng siêu đẹp y chang trên ảnh, bày trí rất có gu. Phòng mới và sạch sẽ, đầy đủ tiện nghi."
1736683196542228795,10642,2026-06-30,405884,Thảo,3 năm hoạt động trên Airbnb,5,"Rất sạch đẹp, vị trí trung tâm đi đâu cũng tiện, hồ bơi và ban công ngắm hoàng hôn rất chill."
1736683196542228795,10643,2026-08-07,244653,Chimmiii,Mới tham gia Airbnb,5,"Phòng xinhh, sạch sẽ và thoáng đãng lắm ạ."
1736683196542228795,10644,2026-07-18,925989,Lan Hương,5 năm hoạt động trên Airbnb,5,"View đẹp mê ly, căn hộ sáng sủa nhiều ánh sáng tự nhiên. 10/10 điểm cho chất lượng phục vụ!"
1645102395279731601,10645,2026-07-24,914568,Lan Hương,5 năm hoạt động trên Airbnb,5,"View đẹp mê ly, căn hộ sáng sủa nhiều ánh sáng tự nhiên. 10/10 điểm cho chất lượng phục vụ!"
1645102395279731601,10646,2026-08-13,528212,Phương Thảo,Mới tham gia Airbnb,5,"Phòng siêu đẹp y chang trên ảnh, bày trí rất có gu. Phòng mới và sạch sẽ, đầy đủ tiện nghi."
1645102395279731601,10647,2026-06-29,612497,Quốc Anh,2 năm hoạt động trên Airbnb,5,"Trải nghiệm tuyệt vời! Tự nhận phòng với mã khóa cực kỳ tiện lợi, an ninh tốt."
1645102395279731601,10648,2026-08-01,217601,Béo,1 năm hoạt động trên Airbnb,5,"Chủ nhà thân thiện và hiếu khách, chắc chắn sẽ quay lại khi có dịp ghé thăm thành phố."
1685603814441098026,10649,2026-08-26,998656,Phương Thảo,Mới tham gia Airbnb,5,"Phòng siêu đẹp y chang trên ảnh, bày trí rất có gu. Phòng mới và sạch sẽ, đầy đủ tiện nghi."
1685603814441098026,10650,2026-07-01,910802,Thảo,3 năm hoạt động trên Airbnb,5,"Rất sạch đẹp, vị trí trung tâm đi đâu cũng tiện, hồ bơi và ban công ngắm hoàng hôn rất chill."
1685603814441098026,10651,2026-07-27,461590,Như Hoa,4 năm hoạt động trên Airbnb,5,"Phòng đẹp, xinh. Rất mới. Bày trí rất có gu, chủ nhà nhiệt tình hỗ trợ check-in sớm."
1685603814441098026,10652,2026-09-08,583860,Béo,1 năm hoạt động trên Airbnb,5,"Chủ nhà thân thiện và hiếu khách, chắc chắn sẽ quay lại khi có dịp ghé thăm thành phố."
1685603814441098026,10653,2026-09-20,487550,Hoang Phuc,4 năm hoạt động trên Airbnb,5,"Ấm cúng, trang thiết bị hiện đại, giường nệm êm ái ngủ rất ngon."
1685603814441098026,10654,2026-08-19,573615,Lan Hương,5 năm hoạt động trên Airbnb,5,"View đẹp mê ly, căn hộ sáng sủa nhiều ánh sáng tự nhiên. 10/10 điểm cho chất lượng phục vụ!"
1407770386596316251,10655,2026-08-21,762234,Như Hoa,4 năm hoạt động trên Airbnb,5,"Phòng đẹp, xinh. Rất mới. Bày trí rất có gu, chủ nhà nhiệt tình hỗ trợ check-in sớm."
1407770386596316251,10656,2026-09-11,497330,Hoang Phuc,4 năm hoạt động trên Airbnb,5,"Ấm cúng, trang thiết bị hiện đại, giường nệm êm ái ngủ rất ngon."
1407770386596316251,10657,2026-09-06,371989,Quốc Anh,2 năm hoạt động trên Airbnb,5,"Trải nghiệm tuyệt vời! Tự nhận phòng với mã khóa cực kỳ tiện lợi, an ninh tốt."
1407770386596316251,10658,2026-07-14,329336,Béo,1 năm hoạt động trên Airbnb,5,"Chủ nhà thân thiện và hiếu khách, chắc chắn sẽ quay lại khi có dịp ghé thăm thành phố."
1674411004038863338,10659,2026-08-15,603829,Quốc Anh,2 năm hoạt động trên Airbnb,5,"Trải nghiệm tuyệt vời! Tự nhận phòng với mã khóa cực kỳ tiện lợi, an ninh tốt."
1674411004038863338,10660,2026-07-04,982023,Béo,1 năm hoạt động trên Airbnb,5,"Chủ nhà thân thiện và hiếu khách, chắc chắn sẽ quay lại khi có dịp ghé thăm thành phố."
1674411004038863338,10661,2026-08-16,574750,Hoang Phuc,4 năm hoạt động trên Airbnb,5,"Ấm cúng, trang thiết bị hiện đại, giường nệm êm ái ngủ rất ngon."
1674411004038863338,10662,2026-09-17,582485,Chimmiii,Mới tham gia Airbnb,5,"Phòng xinhh, sạch sẽ và thoáng đãng lắm ạ."
1544174154384973198,10663,2026-07-20,612373,Phương Thảo,Mới tham gia Airbnb,5,"Phòng siêu đẹp y chang trên ảnh, bày trí rất có gu. Phòng mới và sạch sẽ, đầy đủ tiện nghi."
1544174154384973198,10664,2026-07-13,926679,Quốc Anh,2 năm hoạt động trên Airbnb,5,"Trải nghiệm tuyệt vời! Tự nhận phòng với mã khóa cực kỳ tiện lợi, an ninh tốt."
1544174154384973198,10665,2026-08-19,545801,Lan Hương,5 năm hoạt động trên Airbnb,5,"View đẹp mê ly, căn hộ sáng sủa nhiều ánh sáng tự nhiên. 10/10 điểm cho chất lượng phục vụ!"
1544174154384973198,10666,2026-08-13,998534,Thảo,3 năm hoạt động trên Airbnb,5,"Rất sạch đẹp, vị trí trung tâm đi đâu cũng tiện, hồ bơi và ban công ngắm hoàng hôn rất chill."
1544174154384973198,10667,2026-07-19,990359,Như Hoa,4 năm hoạt động trên Airbnb,5,"Phòng đẹp, xinh. Rất mới. Bày trí rất có gu, chủ nhà nhiệt tình hỗ trợ check-in sớm."
1544174154384973198,10668,2026-07-30,496737,Béo,1 năm hoạt động trên Airbnb,5,"Chủ nhà thân thiện và hiếu khách, chắc chắn sẽ quay lại khi có dịp ghé thăm thành phố."
1544174154384973198,10669,2026-09-15,714984,Chimmiii,Mới tham gia Airbnb,5,"Phòng xinhh, sạch sẽ và thoáng đãng lắm ạ."
1544174154384973198,10670,2026-09-03,200516,Hoang Phuc,4 năm hoạt động trên Airbnb,5,"Ấm cúng, trang thiết bị hiện đại, giường nệm êm ái ngủ rất ngon."
1669670231816165460,10671,2026-07-16,501569,Lan Hương,5 năm hoạt động trên Airbnb,5,"View đẹp mê ly, căn hộ sáng sủa nhiều ánh sáng tự nhiên. 10/10 điểm cho chất lượng phục vụ!"
1669670231816165460,10672,2026-09-16,406645,Như Hoa,4 năm hoạt động trên Airbnb,5,"Phòng đẹp, xinh. Rất mới. Bày trí rất có gu, chủ nhà nhiệt tình hỗ trợ check-in sớm."
1669670231816165460,10673,2026-09-06,786365,Béo,1 năm hoạt động trên Airbnb,5,"Chủ nhà thân thiện và hiếu khách, chắc chắn sẽ quay lại khi có dịp ghé thăm thành phố."
1669670231816165460,10674,2026-08-25,751316,Chimmiii,Mới tham gia Airbnb,5,"Phòng xinhh, sạch sẽ và thoáng đãng lắm ạ."
1669670231816165460,10675,2026-08-19,925967,Quốc Anh,2 năm hoạt động trên Airbnb,5,"Trải nghiệm tuyệt vời! Tự nhận phòng với mã khóa cực kỳ tiện lợi, an ninh tốt."
1669670231816165460,10676,2026-07-18,628844,Hoang Phuc,4 năm hoạt động trên Airbnb,5,"Ấm cúng, trang thiết bị hiện đại, giường nệm êm ái ngủ rất ngon."
1669670231816165460,10677,2026-08-23,477742,Phương Thảo,Mới tham gia Airbnb,5,"Phòng siêu đẹp y chang trên ảnh, bày trí rất có gu. Phòng mới và sạch sẽ, đầy đủ tiện nghi."
1669670231816165460,10678,2026-08-26,733750,Thảo,3 năm hoạt động trên Airbnb,5,"Rất sạch đẹp, vị trí trung tâm đi đâu cũng tiện, hồ bơi và ban công ngắm hoàng hôn rất chill."
1493070062768940086,10679,2026-09-02,479486,Béo,1 năm hoạt động trên Airbnb,5,"Chủ nhà thân thiện và hiếu khách, chắc chắn sẽ quay lại khi có dịp ghé thăm thành phố."
1493070062768940086,10680,2026-09-15,666528,Phương Thảo,Mới tham gia Airbnb,5,"Phòng siêu đẹp y chang trên ảnh, bày trí rất có gu. Phòng mới và sạch sẽ, đầy đủ tiện nghi."
1493070062768940086,10681,2026-09-11,892458,Hoang Phuc,4 năm hoạt động trên Airbnb,5,"Ấm cúng, trang thiết bị hiện đại, giường nệm êm ái ngủ rất ngon."
1493070062768940086,10682,2026-07-16,977378,Quốc Anh,2 năm hoạt động trên Airbnb,5,"Trải nghiệm tuyệt vời! Tự nhận phòng với mã khóa cực kỳ tiện lợi, an ninh tốt."
1493070062768940086,10683,2026-07-13,750030,Thảo,3 năm hoạt động trên Airbnb,5,"Rất sạch đẹp, vị trí trung tâm đi đâu cũng tiện, hồ bơi và ban công ngắm hoàng hôn rất chill."
1493070062768940086,10684,2026-08-27,397724,Chimmiii,Mới tham gia Airbnb,5,"Phòng xinhh, sạch sẽ và thoáng đãng lắm ạ."
1363067556240979787,10685,2026-09-08,346399,Hoang Phuc,4 năm hoạt động trên Airbnb,5,"Ấm cúng, trang thiết bị hiện đại, giường nệm êm ái ngủ rất ngon."
1363067556240979787,10686,2026-07-23,967531,Quốc Anh,2 năm hoạt động trên Airbnb,5,"Trải nghiệm tuyệt vời! Tự nhận phòng với mã khóa cực kỳ tiện lợi, an ninh tốt."
1363067556240979787,10687,2026-08-17,708845,Lan Hương,5 năm hoạt động trên Airbnb,5,"View đẹp mê ly, căn hộ sáng sủa nhiều ánh sáng tự nhiên. 10/10 điểm cho chất lượng phục vụ!"
1363067556240979787,10688,2026-08-11,405901,Béo,1 năm hoạt động trên Airbnb,5,"Chủ nhà thân thiện và hiếu khách, chắc chắn sẽ quay lại khi có dịp ghé thăm thành phố."
1620308163828075610,10689,2026-06-28,340408,Thảo,3 năm hoạt động trên Airbnb,5,"Rất sạch đẹp, vị trí trung tâm đi đâu cũng tiện, hồ bơi và ban công ngắm hoàng hôn rất chill."
1620308163828075610,10690,2026-08-27,459686,Quốc Anh,2 năm hoạt động trên Airbnb,5,"Trải nghiệm tuyệt vời! Tự nhận phòng với mã khóa cực kỳ tiện lợi, an ninh tốt."
1620308163828075610,10691,2026-07-15,707777,Lan Hương,5 năm hoạt động trên Airbnb,5,"View đẹp mê ly, căn hộ sáng sủa nhiều ánh sáng tự nhiên. 10/10 điểm cho chất lượng phục vụ!"
1620308163828075610,10692,2026-09-23,387600,Béo,1 năm hoạt động trên Airbnb,5,"Chủ nhà thân thiện và hiếu khách, chắc chắn sẽ quay lại khi có dịp ghé thăm thành phố."
1620308163828075610,10693,2026-08-04,924485,Chimmiii,Mới tham gia Airbnb,5,"Phòng xinhh, sạch sẽ và thoáng đãng lắm ạ."
1620308163828075610,10694,2026-08-06,585611,Hoang Phuc,4 năm hoạt động trên Airbnb,5,"Ấm cúng, trang thiết bị hiện đại, giường nệm êm ái ngủ rất ngon."
1620308163828075610,10695,2026-07-01,904601,Như Hoa,4 năm hoạt động trên Airbnb,5,"Phòng đẹp, xinh. Rất mới. Bày trí rất có gu, chủ nhà nhiệt tình hỗ trợ check-in sớm."
1620308163828075610,10696,2026-08-24,251538,Phương Thảo,Mới tham gia Airbnb,5,"Phòng siêu đẹp y chang trên ảnh, bày trí rất có gu. Phòng mới và sạch sẽ, đầy đủ tiện nghi."
1399332728606836302,10697,2026-08-27,374009,Quốc Anh,2 năm hoạt động trên Airbnb,5,"Trải nghiệm tuyệt vời! Tự nhận phòng với mã khóa cực kỳ tiện lợi, an ninh tốt."
1399332728606836302,10698,2026-07-16,428722,Thảo,3 năm hoạt động trên Airbnb,5,"Rất sạch đẹp, vị trí trung tâm đi đâu cũng tiện, hồ bơi và ban công ngắm hoàng hôn rất chill."
1399332728606836302,10699,2026-09-17,639507,Lan Hương,5 năm hoạt động trên Airbnb,5,"View đẹp mê ly, căn hộ sáng sủa nhiều ánh sáng tự nhiên. 10/10 điểm cho chất lượng phục vụ!"
1399332728606836302,10700,2026-07-11,768351,Chimmiii,Mới tham gia Airbnb,5,"Phòng xinhh, sạch sẽ và thoáng đãng lắm ạ."
1399332728606836302,10701,2026-09-21,767741,Như Hoa,4 năm hoạt động trên Airbnb,5,"Phòng đẹp, xinh. Rất mới. Bày trí rất có gu, chủ nhà nhiệt tình hỗ trợ check-in sớm."
1399332728606836302,10702,2026-08-29,873771,Béo,1 năm hoạt động trên Airbnb,5,"Chủ nhà thân thiện và hiếu khách, chắc chắn sẽ quay lại khi có dịp ghé thăm thành phố."
1399332728606836302,10703,2026-07-03,853205,Phương Thảo,Mới tham gia Airbnb,5,"Phòng siêu đẹp y chang trên ảnh, bày trí rất có gu. Phòng mới và sạch sẽ, đầy đủ tiện nghi."
1754205221965104974,10704,2026-07-11,867759,Như Hoa,4 năm hoạt động trên Airbnb,5,"Phòng đẹp, xinh. Rất mới. Bày trí rất có gu, chủ nhà nhiệt tình hỗ trợ check-in sớm."
1754205221965104974,10705,2026-07-06,577230,Chimmiii,Mới tham gia Airbnb,5,"Phòng xinhh, sạch sẽ và thoáng đãng lắm ạ."
1754205221965104974,10706,2026-07-01,482263,Quốc Anh,2 năm hoạt động trên Airbnb,5,"Trải nghiệm tuyệt vời! Tự nhận phòng với mã khóa cực kỳ tiện lợi, an ninh tốt."
1754205221965104974,10707,2026-07-14,861110,Lan Hương,5 năm hoạt động trên Airbnb,5,"View đẹp mê ly, căn hộ sáng sủa nhiều ánh sáng tự nhiên. 10/10 điểm cho chất lượng phục vụ!"
1754205221965104974,10708,2026-08-29,920681,Hoang Phuc,4 năm hoạt động trên Airbnb,5,"Ấm cúng, trang thiết bị hiện đại, giường nệm êm ái ngủ rất ngon."
559809628485332885,10709,2026-07-13,385856,Lan Hương,5 năm hoạt động trên Airbnb,5,"View đẹp mê ly, căn hộ sáng sủa nhiều ánh sáng tự nhiên. 10/10 điểm cho chất lượng phục vụ!"
559809628485332885,10710,2026-09-08,777572,Chimmiii,Mới tham gia Airbnb,5,"Phòng xinhh, sạch sẽ và thoáng đãng lắm ạ."
559809628485332885,10711,2026-07-10,589965,Phương Thảo,Mới tham gia Airbnb,5,"Phòng siêu đẹp y chang trên ảnh, bày trí rất có gu. Phòng mới và sạch sẽ, đầy đủ tiện nghi."
559809628485332885,10712,2026-09-05,317102,Quốc Anh,2 năm hoạt động trên Airbnb,5,"Trải nghiệm tuyệt vời! Tự nhận phòng với mã khóa cực kỳ tiện lợi, an ninh tốt."
559809628485332885,10713,2026-08-21,543929,Như Hoa,4 năm hoạt động trên Airbnb,5,"Phòng đẹp, xinh. Rất mới. Bày trí rất có gu, chủ nhà nhiệt tình hỗ trợ check-in sớm."
559809628485332885,10714,2026-08-03,369658,Béo,1 năm hoạt động trên Airbnb,5,"Chủ nhà thân thiện và hiếu khách, chắc chắn sẽ quay lại khi có dịp ghé thăm thành phố."
559809628485332885,10715,2026-09-08,761679,Thảo,3 năm hoạt động trên Airbnb,5,"Rất sạch đẹp, vị trí trung tâm đi đâu cũng tiện, hồ bơi và ban công ngắm hoàng hôn rất chill."
559809628485332885,10716,2026-09-04,470415,Hoang Phuc,4 năm hoạt động trên Airbnb,5,"Ấm cúng, trang thiết bị hiện đại, giường nệm êm ái ngủ rất ngon."
1754429753857928366,10717,2026-07-10,856120,Chimmiii,Mới tham gia Airbnb,5,"Phòng xinhh, sạch sẽ và thoáng đãng lắm ạ."
1754429753857928366,10718,2026-08-16,797722,Phương Thảo,Mới tham gia Airbnb,5,"Phòng siêu đẹp y chang trên ảnh, bày trí rất có gu. Phòng mới và sạch sẽ, đầy đủ tiện nghi."
1754429753857928366,10719,2026-09-21,538841,Lan Hương,5 năm hoạt động trên Airbnb,5,"View đẹp mê ly, căn hộ sáng sủa nhiều ánh sáng tự nhiên. 10/10 điểm cho chất lượng phục vụ!"
1754429753857928366,10720,2026-08-08,960747,Hoang Phuc,4 năm hoạt động trên Airbnb,5,"Ấm cúng, trang thiết bị hiện đại, giường nệm êm ái ngủ rất ngon."
1754429753857928366,10721,2026-09-19,204126,Béo,1 năm hoạt động trên Airbnb,5,"Chủ nhà thân thiện và hiếu khách, chắc chắn sẽ quay lại khi có dịp ghé thăm thành phố."
1761487947725380489,10722,2026-08-24,969331,Chimmiii,Mới tham gia Airbnb,5,"Phòng xinhh, sạch sẽ và thoáng đãng lắm ạ."
1761487947725380489,10723,2026-07-16,519262,Hoang Phuc,4 năm hoạt động trên Airbnb,5,"Ấm cúng, trang thiết bị hiện đại, giường nệm êm ái ngủ rất ngon."
1761487947725380489,10724,2026-08-09,702045,Như Hoa,4 năm hoạt động trên Airbnb,5,"Phòng đẹp, xinh. Rất mới. Bày trí rất có gu, chủ nhà nhiệt tình hỗ trợ check-in sớm."
1761487947725380489,10725,2026-09-10,920287,Lan Hương,5 năm hoạt động trên Airbnb,5,"View đẹp mê ly, căn hộ sáng sủa nhiều ánh sáng tự nhiên. 10/10 điểm cho chất lượng phục vụ!"
1761487947725380489,10726,2026-08-28,647803,Phương Thảo,Mới tham gia Airbnb,5,"Phòng siêu đẹp y chang trên ảnh, bày trí rất có gu. Phòng mới và sạch sẽ, đầy đủ tiện nghi."
1761487947725380489,10727,2026-09-21,485165,Quốc Anh,2 năm hoạt động trên Airbnb,5,"Trải nghiệm tuyệt vời! Tự nhận phòng với mã khóa cực kỳ tiện lợi, an ninh tốt."
1656247428351045924,10728,2026-07-16,791305,Phương Thảo,Mới tham gia Airbnb,5,"Phòng siêu đẹp y chang trên ảnh, bày trí rất có gu. Phòng mới và sạch sẽ, đầy đủ tiện nghi."
1656247428351045924,10729,2026-07-31,756017,Như Hoa,4 năm hoạt động trên Airbnb,5,"Phòng đẹp, xinh. Rất mới. Bày trí rất có gu, chủ nhà nhiệt tình hỗ trợ check-in sớm."
1656247428351045924,10730,2026-08-14,864611,Hoang Phuc,4 năm hoạt động trên Airbnb,5,"Ấm cúng, trang thiết bị hiện đại, giường nệm êm ái ngủ rất ngon."
1656247428351045924,10731,2026-08-23,243496,Chimmiii,Mới tham gia Airbnb,5,"Phòng xinhh, sạch sẽ và thoáng đãng lắm ạ."
981414680833173382,10732,2026-07-25,756372,Lan Hương,5 năm hoạt động trên Airbnb,5,"View đẹp mê ly, căn hộ sáng sủa nhiều ánh sáng tự nhiên. 10/10 điểm cho chất lượng phục vụ!"
981414680833173382,10733,2026-07-02,202080,Thảo,3 năm hoạt động trên Airbnb,5,"Rất sạch đẹp, vị trí trung tâm đi đâu cũng tiện, hồ bơi và ban công ngắm hoàng hôn rất chill."
981414680833173382,10734,2026-08-11,355788,Hoang Phuc,4 năm hoạt động trên Airbnb,5,"Ấm cúng, trang thiết bị hiện đại, giường nệm êm ái ngủ rất ngon."
981414680833173382,10735,2026-08-21,748506,Phương Thảo,Mới tham gia Airbnb,5,"Phòng siêu đẹp y chang trên ảnh, bày trí rất có gu. Phòng mới và sạch sẽ, đầy đủ tiện nghi."
981414680833173382,10736,2026-08-13,496920,Chimmiii,Mới tham gia Airbnb,5,"Phòng xinhh, sạch sẽ và thoáng đãng lắm ạ."
981414680833173382,10737,2026-08-18,629930,Quốc Anh,2 năm hoạt động trên Airbnb,5,"Trải nghiệm tuyệt vời! Tự nhận phòng với mã khóa cực kỳ tiện lợi, an ninh tốt."
981414680833173382,10738,2026-08-19,286499,Như Hoa,4 năm hoạt động trên Airbnb,5,"Phòng đẹp, xinh. Rất mới. Bày trí rất có gu, chủ nhà nhiệt tình hỗ trợ check-in sớm."
930306459431508042,10739,2026-08-16,401497,Chimmiii,Mới tham gia Airbnb,5,"Phòng xinhh, sạch sẽ và thoáng đãng lắm ạ."
930306459431508042,10740,2026-08-29,417160,Quốc Anh,2 năm hoạt động trên Airbnb,5,"Trải nghiệm tuyệt vời! Tự nhận phòng với mã khóa cực kỳ tiện lợi, an ninh tốt."
930306459431508042,10741,2026-07-19,773495,Lan Hương,5 năm hoạt động trên Airbnb,5,"View đẹp mê ly, căn hộ sáng sủa nhiều ánh sáng tự nhiên. 10/10 điểm cho chất lượng phục vụ!"
930306459431508042,10742,2026-08-31,432611,Thảo,3 năm hoạt động trên Airbnb,5,"Rất sạch đẹp, vị trí trung tâm đi đâu cũng tiện, hồ bơi và ban công ngắm hoàng hôn rất chill."
930306459431508042,10743,2026-08-27,611019,Như Hoa,4 năm hoạt động trên Airbnb,5,"Phòng đẹp, xinh. Rất mới. Bày trí rất có gu, chủ nhà nhiệt tình hỗ trợ check-in sớm."
930306459431508042,10744,2026-08-31,584655,Béo,1 năm hoạt động trên Airbnb,5,"Chủ nhà thân thiện và hiếu khách, chắc chắn sẽ quay lại khi có dịp ghé thăm thành phố."
1457099108007173518,10745,2026-09-08,457264,Chimmiii,Mới tham gia Airbnb,5,"Phòng xinhh, sạch sẽ và thoáng đãng lắm ạ."
1457099108007173518,10746,2026-07-18,763100,Phương Thảo,Mới tham gia Airbnb,5,"Phòng siêu đẹp y chang trên ảnh, bày trí rất có gu. Phòng mới và sạch sẽ, đầy đủ tiện nghi."
1457099108007173518,10747,2026-09-14,887951,Lan Hương,5 năm hoạt động trên Airbnb,5,"View đẹp mê ly, căn hộ sáng sủa nhiều ánh sáng tự nhiên. 10/10 điểm cho chất lượng phục vụ!"
1457099108007173518,10748,2026-08-31,935232,Quốc Anh,2 năm hoạt động trên Airbnb,5,"Trải nghiệm tuyệt vời! Tự nhận phòng với mã khóa cực kỳ tiện lợi, an ninh tốt."
1437387266606735107,10749,2026-07-08,906519,Lan Hương,5 năm hoạt động trên Airbnb,5,"View đẹp mê ly, căn hộ sáng sủa nhiều ánh sáng tự nhiên. 10/10 điểm cho chất lượng phục vụ!"
1437387266606735107,10750,2026-09-21,269353,Phương Thảo,Mới tham gia Airbnb,5,"Phòng siêu đẹp y chang trên ảnh, bày trí rất có gu. Phòng mới và sạch sẽ, đầy đủ tiện nghi."
1437387266606735107,10751,2026-09-18,201073,Thảo,3 năm hoạt động trên Airbnb,5,"Rất sạch đẹp, vị trí trung tâm đi đâu cũng tiện, hồ bơi và ban công ngắm hoàng hôn rất chill."
1437387266606735107,10752,2026-07-22,278284,Như Hoa,4 năm hoạt động trên Airbnb,5,"Phòng đẹp, xinh. Rất mới. Bày trí rất có gu, chủ nhà nhiệt tình hỗ trợ check-in sớm."
1437387266606735107,10753,2026-09-12,248013,Chimmiii,Mới tham gia Airbnb,5,"Phòng xinhh, sạch sẽ và thoáng đãng lắm ạ."
1437387266606735107,10754,2026-07-10,986972,Hoang Phuc,4 năm hoạt động trên Airbnb,5,"Ấm cúng, trang thiết bị hiện đại, giường nệm êm ái ngủ rất ngon."
1437387266606735107,10755,2026-09-14,207142,Quốc Anh,2 năm hoạt động trên Airbnb,5,"Trải nghiệm tuyệt vời! Tự nhận phòng với mã khóa cực kỳ tiện lợi, an ninh tốt."
1404884622004265583,10756,2026-08-31,317007,Chimmiii,Mới tham gia Airbnb,5,"Phòng xinhh, sạch sẽ và thoáng đãng lắm ạ."
1404884622004265583,10757,2026-07-20,757868,Hoang Phuc,4 năm hoạt động trên Airbnb,5,"Ấm cúng, trang thiết bị hiện đại, giường nệm êm ái ngủ rất ngon."
1404884622004265583,10758,2026-07-16,726381,Quốc Anh,2 năm hoạt động trên Airbnb,5,"Trải nghiệm tuyệt vời! Tự nhận phòng với mã khóa cực kỳ tiện lợi, an ninh tốt."
1404884622004265583,10759,2026-09-19,531819,Thảo,3 năm hoạt động trên Airbnb,5,"Rất sạch đẹp, vị trí trung tâm đi đâu cũng tiện, hồ bơi và ban công ngắm hoàng hôn rất chill."
1404884622004265583,10760,2026-09-05,524155,Lan Hương,5 năm hoạt động trên Airbnb,5,"View đẹp mê ly, căn hộ sáng sủa nhiều ánh sáng tự nhiên. 10/10 điểm cho chất lượng phục vụ!"
1757659313766010114,10761,2026-07-01,759919,Chimmiii,Mới tham gia Airbnb,5,"Phòng xinhh, sạch sẽ và thoáng đãng lắm ạ."
1757659313766010114,10762,2026-07-06,519524,Béo,1 năm hoạt động trên Airbnb,5,"Chủ nhà thân thiện và hiếu khách, chắc chắn sẽ quay lại khi có dịp ghé thăm thành phố."
1757659313766010114,10763,2026-07-30,297898,Hoang Phuc,4 năm hoạt động trên Airbnb,5,"Ấm cúng, trang thiết bị hiện đại, giường nệm êm ái ngủ rất ngon."
1757659313766010114,10764,2026-09-21,911657,Như Hoa,4 năm hoạt động trên Airbnb,5,"Phòng đẹp, xinh. Rất mới. Bày trí rất có gu, chủ nhà nhiệt tình hỗ trợ check-in sớm."
1757659313766010114,10765,2026-07-17,396976,Lan Hương,5 năm hoạt động trên Airbnb,5,"View đẹp mê ly, căn hộ sáng sủa nhiều ánh sáng tự nhiên. 10/10 điểm cho chất lượng phục vụ!"
1428089078118652944,10766,2026-08-04,217683,Hoang Phuc,4 năm hoạt động trên Airbnb,5,"Ấm cúng, trang thiết bị hiện đại, giường nệm êm ái ngủ rất ngon."
1428089078118652944,10767,2026-08-04,677178,Béo,1 năm hoạt động trên Airbnb,5,"Chủ nhà thân thiện và hiếu khách, chắc chắn sẽ quay lại khi có dịp ghé thăm thành phố."
1428089078118652944,10768,2026-08-12,321243,Thảo,3 năm hoạt động trên Airbnb,5,"Rất sạch đẹp, vị trí trung tâm đi đâu cũng tiện, hồ bơi và ban công ngắm hoàng hôn rất chill."
1428089078118652944,10769,2026-08-19,352854,Phương Thảo,Mới tham gia Airbnb,5,"Phòng siêu đẹp y chang trên ảnh, bày trí rất có gu. Phòng mới và sạch sẽ, đầy đủ tiện nghi."
1428089078118652944,10770,2026-09-02,992191,Như Hoa,4 năm hoạt động trên Airbnb,5,"Phòng đẹp, xinh. Rất mới. Bày trí rất có gu, chủ nhà nhiệt tình hỗ trợ check-in sớm."
1541934507133656236,10771,2026-07-24,996497,Lan Hương,5 năm hoạt động trên Airbnb,5,"View đẹp mê ly, căn hộ sáng sủa nhiều ánh sáng tự nhiên. 10/10 điểm cho chất lượng phục vụ!"
1541934507133656236,10772,2026-09-23,845388,Như Hoa,4 năm hoạt động trên Airbnb,5,"Phòng đẹp, xinh. Rất mới. Bày trí rất có gu, chủ nhà nhiệt tình hỗ trợ check-in sớm."
1541934507133656236,10773,2026-08-22,271255,Béo,1 năm hoạt động trên Airbnb,5,"Chủ nhà thân thiện và hiếu khách, chắc chắn sẽ quay lại khi có dịp ghé thăm thành phố."
1541934507133656236,10774,2026-09-21,958309,Thảo,3 năm hoạt động trên Airbnb,5,"Rất sạch đẹp, vị trí trung tâm đi đâu cũng tiện, hồ bơi và ban công ngắm hoàng hôn rất chill."
1541934507133656236,10775,2026-07-03,394431,Hoang Phuc,4 năm hoạt động trên Airbnb,5,"Ấm cúng, trang thiết bị hiện đại, giường nệm êm ái ngủ rất ngon."
1541934507133656236,10776,2026-07-09,453635,Chimmiii,Mới tham gia Airbnb,5,"Phòng xinhh, sạch sẽ và thoáng đãng lắm ạ."
1327333286496411071,10777,2026-07-12,660919,Béo,1 năm hoạt động trên Airbnb,5,"Chủ nhà thân thiện và hiếu khách, chắc chắn sẽ quay lại khi có dịp ghé thăm thành phố."
1327333286496411071,10778,2026-08-09,456032,Thảo,3 năm hoạt động trên Airbnb,5,"Rất sạch đẹp, vị trí trung tâm đi đâu cũng tiện, hồ bơi và ban công ngắm hoàng hôn rất chill."
1327333286496411071,10779,2026-07-17,664047,Hoang Phuc,4 năm hoạt động trên Airbnb,5,"Ấm cúng, trang thiết bị hiện đại, giường nệm êm ái ngủ rất ngon."
1327333286496411071,10780,2026-07-07,524228,Như Hoa,4 năm hoạt động trên Airbnb,5,"Phòng đẹp, xinh. Rất mới. Bày trí rất có gu, chủ nhà nhiệt tình hỗ trợ check-in sớm."
1327333286496411071,10781,2026-08-24,644650,Phương Thảo,Mới tham gia Airbnb,5,"Phòng siêu đẹp y chang trên ảnh, bày trí rất có gu. Phòng mới và sạch sẽ, đầy đủ tiện nghi."
1327333286496411071,10782,2026-08-15,443374,Quốc Anh,2 năm hoạt động trên Airbnb,5,"Trải nghiệm tuyệt vời! Tự nhận phòng với mã khóa cực kỳ tiện lợi, an ninh tốt."
1327333286496411071,10783,2026-08-12,468278,Lan Hương,5 năm hoạt động trên Airbnb,5,"View đẹp mê ly, căn hộ sáng sủa nhiều ánh sáng tự nhiên. 10/10 điểm cho chất lượng phục vụ!"
1768842501922290360,10784,2026-09-08,426077,Hoang Phuc,4 năm hoạt động trên Airbnb,5,"Ấm cúng, trang thiết bị hiện đại, giường nệm êm ái ngủ rất ngon."
1768842501922290360,10785,2026-08-27,494058,Quốc Anh,2 năm hoạt động trên Airbnb,5,"Trải nghiệm tuyệt vời! Tự nhận phòng với mã khóa cực kỳ tiện lợi, an ninh tốt."
1768842501922290360,10786,2026-09-11,809637,Lan Hương,5 năm hoạt động trên Airbnb,5,"View đẹp mê ly, căn hộ sáng sủa nhiều ánh sáng tự nhiên. 10/10 điểm cho chất lượng phục vụ!"
1768842501922290360,10787,2026-06-30,678171,Phương Thảo,Mới tham gia Airbnb,5,"Phòng siêu đẹp y chang trên ảnh, bày trí rất có gu. Phòng mới và sạch sẽ, đầy đủ tiện nghi."
1126682553717054571,10788,2026-07-02,720316,Hoang Phuc,4 năm hoạt động trên Airbnb,5,"Ấm cúng, trang thiết bị hiện đại, giường nệm êm ái ngủ rất ngon."
1126682553717054571,10789,2026-08-13,763791,Chimmiii,Mới tham gia Airbnb,5,"Phòng xinhh, sạch sẽ và thoáng đãng lắm ạ."
1126682553717054571,10790,2026-08-04,994064,Phương Thảo,Mới tham gia Airbnb,5,"Phòng siêu đẹp y chang trên ảnh, bày trí rất có gu. Phòng mới và sạch sẽ, đầy đủ tiện nghi."
1126682553717054571,10791,2026-09-01,637631,Quốc Anh,2 năm hoạt động trên Airbnb,5,"Trải nghiệm tuyệt vời! Tự nhận phòng với mã khóa cực kỳ tiện lợi, an ninh tốt."
1126682553717054571,10792,2026-09-10,297652,Thảo,3 năm hoạt động trên Airbnb,5,"Rất sạch đẹp, vị trí trung tâm đi đâu cũng tiện, hồ bơi và ban công ngắm hoàng hôn rất chill."
1126682553717054571,10793,2026-07-06,502498,Lan Hương,5 năm hoạt động trên Airbnb,5,"View đẹp mê ly, căn hộ sáng sủa nhiều ánh sáng tự nhiên. 10/10 điểm cho chất lượng phục vụ!"
1126682553717054571,10794,2026-08-08,583174,Như Hoa,4 năm hoạt động trên Airbnb,5,"Phòng đẹp, xinh. Rất mới. Bày trí rất có gu, chủ nhà nhiệt tình hỗ trợ check-in sớm."
1093210059037310746,10795,2026-09-03,598852,Như Hoa,4 năm hoạt động trên Airbnb,5,"Phòng đẹp, xinh. Rất mới. Bày trí rất có gu, chủ nhà nhiệt tình hỗ trợ check-in sớm."
1093210059037310746,10796,2026-08-22,564279,Chimmiii,Mới tham gia Airbnb,5,"Phòng xinhh, sạch sẽ và thoáng đãng lắm ạ."
1093210059037310746,10797,2026-06-28,587327,Béo,1 năm hoạt động trên Airbnb,5,"Chủ nhà thân thiện và hiếu khách, chắc chắn sẽ quay lại khi có dịp ghé thăm thành phố."
1093210059037310746,10798,2026-07-01,576835,Quốc Anh,2 năm hoạt động trên Airbnb,5,"Trải nghiệm tuyệt vời! Tự nhận phòng với mã khóa cực kỳ tiện lợi, an ninh tốt."
1093210059037310746,10799,2026-09-14,387113,Phương Thảo,Mới tham gia Airbnb,5,"Phòng siêu đẹp y chang trên ảnh, bày trí rất có gu. Phòng mới và sạch sẽ, đầy đủ tiện nghi."
1093210059037310746,10800,2026-08-17,303272,Thảo,3 năm hoạt động trên Airbnb,5,"Rất sạch đẹp, vị trí trung tâm đi đâu cũng tiện, hồ bơi và ban công ngắm hoàng hôn rất chill."
1093210059037310746,10801,2026-07-18,932143,Hoang Phuc,4 năm hoạt động trên Airbnb,5,"Ấm cúng, trang thiết bị hiện đại, giường nệm êm ái ngủ rất ngon."
1093210059037310746,10802,2026-07-09,483972,Lan Hương,5 năm hoạt động trên Airbnb,5,"View đẹp mê ly, căn hộ sáng sủa nhiều ánh sáng tự nhiên. 10/10 điểm cho chất lượng phục vụ!"
1231119321481630276,10803,2026-07-17,787725,Thảo,3 năm hoạt động trên Airbnb,5,"Rất sạch đẹp, vị trí trung tâm đi đâu cũng tiện, hồ bơi và ban công ngắm hoàng hôn rất chill."
1231119321481630276,10804,2026-09-17,992386,Hoang Phuc,4 năm hoạt động trên Airbnb,5,"Ấm cúng, trang thiết bị hiện đại, giường nệm êm ái ngủ rất ngon."
1231119321481630276,10805,2026-07-15,608618,Phương Thảo,Mới tham gia Airbnb,5,"Phòng siêu đẹp y chang trên ảnh, bày trí rất có gu. Phòng mới và sạch sẽ, đầy đủ tiện nghi."
1231119321481630276,10806,2026-07-14,994818,Chimmiii,Mới tham gia Airbnb,5,"Phòng xinhh, sạch sẽ và thoáng đãng lắm ạ."
1231119321481630276,10807,2026-08-03,903797,Béo,1 năm hoạt động trên Airbnb,5,"Chủ nhà thân thiện và hiếu khách, chắc chắn sẽ quay lại khi có dịp ghé thăm thành phố."
1231119321481630276,10808,2026-07-18,377203,Lan Hương,5 năm hoạt động trên Airbnb,5,"View đẹp mê ly, căn hộ sáng sủa nhiều ánh sáng tự nhiên. 10/10 điểm cho chất lượng phục vụ!"
1231119321481630276,10809,2026-07-03,749270,Như Hoa,4 năm hoạt động trên Airbnb,5,"Phòng đẹp, xinh. Rất mới. Bày trí rất có gu, chủ nhà nhiệt tình hỗ trợ check-in sớm."
1231119321481630276,10810,2026-07-13,594857,Quốc Anh,2 năm hoạt động trên Airbnb,5,"Trải nghiệm tuyệt vời! Tự nhận phòng với mã khóa cực kỳ tiện lợi, an ninh tốt."
1646199000008006250,10811,2026-07-02,757125,Phương Thảo,Mới tham gia Airbnb,5,"Phòng siêu đẹp y chang trên ảnh, bày trí rất có gu. Phòng mới và sạch sẽ, đầy đủ tiện nghi."
1646199000008006250,10812,2026-08-26,758101,Lan Hương,5 năm hoạt động trên Airbnb,5,"View đẹp mê ly, căn hộ sáng sủa nhiều ánh sáng tự nhiên. 10/10 điểm cho chất lượng phục vụ!"
1646199000008006250,10813,2026-08-23,710196,Chimmiii,Mới tham gia Airbnb,5,"Phòng xinhh, sạch sẽ và thoáng đãng lắm ạ."
1646199000008006250,10814,2026-08-24,509724,Quốc Anh,2 năm hoạt động trên Airbnb,5,"Trải nghiệm tuyệt vời! Tự nhận phòng với mã khóa cực kỳ tiện lợi, an ninh tốt."
1646199000008006250,10815,2026-07-27,786881,Như Hoa,4 năm hoạt động trên Airbnb,5,"Phòng đẹp, xinh. Rất mới. Bày trí rất có gu, chủ nhà nhiệt tình hỗ trợ check-in sớm."
1646199000008006250,10816,2026-07-14,948011,Hoang Phuc,4 năm hoạt động trên Airbnb,5,"Ấm cúng, trang thiết bị hiện đại, giường nệm êm ái ngủ rất ngon."
1528259425684726613,10817,2026-08-27,706249,Lan Hương,5 năm hoạt động trên Airbnb,5,"View đẹp mê ly, căn hộ sáng sủa nhiều ánh sáng tự nhiên. 10/10 điểm cho chất lượng phục vụ!"
1528259425684726613,10818,2026-07-21,565039,Thảo,3 năm hoạt động trên Airbnb,5,"Rất sạch đẹp, vị trí trung tâm đi đâu cũng tiện, hồ bơi và ban công ngắm hoàng hôn rất chill."
1528259425684726613,10819,2026-08-04,573754,Chimmiii,Mới tham gia Airbnb,5,"Phòng xinhh, sạch sẽ và thoáng đãng lắm ạ."
1528259425684726613,10820,2026-08-07,382384,Như Hoa,4 năm hoạt động trên Airbnb,5,"Phòng đẹp, xinh. Rất mới. Bày trí rất có gu, chủ nhà nhiệt tình hỗ trợ check-in sớm."
1528259425684726613,10821,2026-08-27,968966,Hoang Phuc,4 năm hoạt động trên Airbnb,5,"Ấm cúng, trang thiết bị hiện đại, giường nệm êm ái ngủ rất ngon."
1528259425684726613,10822,2026-09-21,392183,Quốc Anh,2 năm hoạt động trên Airbnb,5,"Trải nghiệm tuyệt vời! Tự nhận phòng với mã khóa cực kỳ tiện lợi, an ninh tốt."
1528259425684726613,10823,2026-09-22,585672,Béo,1 năm hoạt động trên Airbnb,5,"Chủ nhà thân thiện và hiếu khách, chắc chắn sẽ quay lại khi có dịp ghé thăm thành phố."
1528259425684726613,10824,2026-09-22,749886,Phương Thảo,Mới tham gia Airbnb,5,"Phòng siêu đẹp y chang trên ảnh, bày trí rất có gu. Phòng mới và sạch sẽ, đầy đủ tiện nghi."
1743932104867038611,10825,2026-08-28,320460,Thảo,3 năm hoạt động trên Airbnb,5,"Rất sạch đẹp, vị trí trung tâm đi đâu cũng tiện, hồ bơi và ban công ngắm hoàng hôn rất chill."
1743932104867038611,10826,2026-07-16,241663,Hoang Phuc,4 năm hoạt động trên Airbnb,5,"Ấm cúng, trang thiết bị hiện đại, giường nệm êm ái ngủ rất ngon."
1743932104867038611,10827,2026-08-03,360349,Béo,1 năm hoạt động trên Airbnb,5,"Chủ nhà thân thiện và hiếu khách, chắc chắn sẽ quay lại khi có dịp ghé thăm thành phố."
1743932104867038611,10828,2026-09-19,662722,Quốc Anh,2 năm hoạt động trên Airbnb,5,"Trải nghiệm tuyệt vời! Tự nhận phòng với mã khóa cực kỳ tiện lợi, an ninh tốt."
1743932104867038611,10829,2026-07-27,552362,Phương Thảo,Mới tham gia Airbnb,5,"Phòng siêu đẹp y chang trên ảnh, bày trí rất có gu. Phòng mới và sạch sẽ, đầy đủ tiện nghi."
1743932104867038611,10830,2026-07-22,357188,Lan Hương,5 năm hoạt động trên Airbnb,5,"View đẹp mê ly, căn hộ sáng sủa nhiều ánh sáng tự nhiên. 10/10 điểm cho chất lượng phục vụ!"
1615616152604005463,10831,2026-07-20,508398,Lan Hương,5 năm hoạt động trên Airbnb,5,"View đẹp mê ly, căn hộ sáng sủa nhiều ánh sáng tự nhiên. 10/10 điểm cho chất lượng phục vụ!"
1615616152604005463,10832,2026-09-09,235261,Quốc Anh,2 năm hoạt động trên Airbnb,5,"Trải nghiệm tuyệt vời! Tự nhận phòng với mã khóa cực kỳ tiện lợi, an ninh tốt."
1615616152604005463,10833,2026-08-07,860014,Hoang Phuc,4 năm hoạt động trên Airbnb,5,"Ấm cúng, trang thiết bị hiện đại, giường nệm êm ái ngủ rất ngon."
1615616152604005463,10834,2026-07-08,537600,Phương Thảo,Mới tham gia Airbnb,5,"Phòng siêu đẹp y chang trên ảnh, bày trí rất có gu. Phòng mới và sạch sẽ, đầy đủ tiện nghi."
1608593456856627240,10835,2026-08-26,421678,Quốc Anh,2 năm hoạt động trên Airbnb,5,"Trải nghiệm tuyệt vời! Tự nhận phòng với mã khóa cực kỳ tiện lợi, an ninh tốt."
1608593456856627240,10836,2026-07-08,795437,Như Hoa,4 năm hoạt động trên Airbnb,5,"Phòng đẹp, xinh. Rất mới. Bày trí rất có gu, chủ nhà nhiệt tình hỗ trợ check-in sớm."
1608593456856627240,10837,2026-07-13,859601,Phương Thảo,Mới tham gia Airbnb,5,"Phòng siêu đẹp y chang trên ảnh, bày trí rất có gu. Phòng mới và sạch sẽ, đầy đủ tiện nghi."
1608593456856627240,10838,2026-07-09,432569,Béo,1 năm hoạt động trên Airbnb,5,"Chủ nhà thân thiện và hiếu khách, chắc chắn sẽ quay lại khi có dịp ghé thăm thành phố."
1608593456856627240,10839,2026-08-27,633354,Chimmiii,Mới tham gia Airbnb,5,"Phòng xinhh, sạch sẽ và thoáng đãng lắm ạ."
1743892612511293547,10840,2026-08-11,457020,Phương Thảo,Mới tham gia Airbnb,5,"Phòng siêu đẹp y chang trên ảnh, bày trí rất có gu. Phòng mới và sạch sẽ, đầy đủ tiện nghi."
1743892612511293547,10841,2026-09-01,508136,Thảo,3 năm hoạt động trên Airbnb,5,"Rất sạch đẹp, vị trí trung tâm đi đâu cũng tiện, hồ bơi và ban công ngắm hoàng hôn rất chill."
1743892612511293547,10842,2026-08-27,440519,Hoang Phuc,4 năm hoạt động trên Airbnb,5,"Ấm cúng, trang thiết bị hiện đại, giường nệm êm ái ngủ rất ngon."
1743892612511293547,10843,2026-08-09,391339,Lan Hương,5 năm hoạt động trên Airbnb,5,"View đẹp mê ly, căn hộ sáng sủa nhiều ánh sáng tự nhiên. 10/10 điểm cho chất lượng phục vụ!"
1743892612511293547,10844,2026-09-15,612071,Chimmiii,Mới tham gia Airbnb,5,"Phòng xinhh, sạch sẽ và thoáng đãng lắm ạ."
1743892612511293547,10845,2026-07-05,972733,Quốc Anh,2 năm hoạt động trên Airbnb,5,"Trải nghiệm tuyệt vời! Tự nhận phòng với mã khóa cực kỳ tiện lợi, an ninh tốt."
1743892612511293547,10846,2026-09-13,894524,Như Hoa,4 năm hoạt động trên Airbnb,5,"Phòng đẹp, xinh. Rất mới. Bày trí rất có gu, chủ nhà nhiệt tình hỗ trợ check-in sớm."
1743892612511293547,10847,2026-09-17,489119,Béo,1 năm hoạt động trên Airbnb,5,"Chủ nhà thân thiện và hiếu khách, chắc chắn sẽ quay lại khi có dịp ghé thăm thành phố."
1638422663428247432,10848,2026-07-20,940148,Lan Hương,5 năm hoạt động trên Airbnb,5,"View đẹp mê ly, căn hộ sáng sủa nhiều ánh sáng tự nhiên. 10/10 điểm cho chất lượng phục vụ!"
1638422663428247432,10849,2026-07-06,805703,Quốc Anh,2 năm hoạt động trên Airbnb,5,"Trải nghiệm tuyệt vời! Tự nhận phòng với mã khóa cực kỳ tiện lợi, an ninh tốt."
1638422663428247432,10850,2026-07-24,759322,Thảo,3 năm hoạt động trên Airbnb,5,"Rất sạch đẹp, vị trí trung tâm đi đâu cũng tiện, hồ bơi và ban công ngắm hoàng hôn rất chill."
1638422663428247432,10851,2026-09-10,625837,Béo,1 năm hoạt động trên Airbnb,5,"Chủ nhà thân thiện và hiếu khách, chắc chắn sẽ quay lại khi có dịp ghé thăm thành phố."
1638422663428247432,10852,2026-08-18,622509,Hoang Phuc,4 năm hoạt động trên Airbnb,5,"Ấm cúng, trang thiết bị hiện đại, giường nệm êm ái ngủ rất ngon."
1638422663428247432,10853,2026-07-06,716300,Như Hoa,4 năm hoạt động trên Airbnb,5,"Phòng đẹp, xinh. Rất mới. Bày trí rất có gu, chủ nhà nhiệt tình hỗ trợ check-in sớm."
1638422663428247432,10854,2026-09-18,442699,Chimmiii,Mới tham gia Airbnb,5,"Phòng xinhh, sạch sẽ và thoáng đãng lắm ạ."
1041620646623589821,10855,2026-06-30,986042,Quốc Anh,2 năm hoạt động trên Airbnb,5,"Trải nghiệm tuyệt vời! Tự nhận phòng với mã khóa cực kỳ tiện lợi, an ninh tốt."
1041620646623589821,10856,2026-09-03,220739,Béo,1 năm hoạt động trên Airbnb,5,"Chủ nhà thân thiện và hiếu khách, chắc chắn sẽ quay lại khi có dịp ghé thăm thành phố."
1041620646623589821,10857,2026-07-03,514400,Hoang Phuc,4 năm hoạt động trên Airbnb,5,"Ấm cúng, trang thiết bị hiện đại, giường nệm êm ái ngủ rất ngon."
1041620646623589821,10858,2026-08-27,298476,Phương Thảo,Mới tham gia Airbnb,5,"Phòng siêu đẹp y chang trên ảnh, bày trí rất có gu. Phòng mới và sạch sẽ, đầy đủ tiện nghi."
1041620646623589821,10859,2026-09-18,222461,Như Hoa,4 năm hoạt động trên Airbnb,5,"Phòng đẹp, xinh. Rất mới. Bày trí rất có gu, chủ nhà nhiệt tình hỗ trợ check-in sớm."
1700494187757648814,10860,2026-07-22,403146,Hoang Phuc,4 năm hoạt động trên Airbnb,5,"Ấm cúng, trang thiết bị hiện đại, giường nệm êm ái ngủ rất ngon."
1700494187757648814,10861,2026-08-13,374201,Quốc Anh,2 năm hoạt động trên Airbnb,5,"Trải nghiệm tuyệt vời! Tự nhận phòng với mã khóa cực kỳ tiện lợi, an ninh tốt."
1700494187757648814,10862,2026-08-11,562831,Phương Thảo,Mới tham gia Airbnb,5,"Phòng siêu đẹp y chang trên ảnh, bày trí rất có gu. Phòng mới và sạch sẽ, đầy đủ tiện nghi."
1700494187757648814,10863,2026-07-28,676657,Chimmiii,Mới tham gia Airbnb,5,"Phòng xinhh, sạch sẽ và thoáng đãng lắm ạ."
1700494187757648814,10864,2026-06-30,845211,Thảo,3 năm hoạt động trên Airbnb,5,"Rất sạch đẹp, vị trí trung tâm đi đâu cũng tiện, hồ bơi và ban công ngắm hoàng hôn rất chill."
1493167100653364039,10865,2026-07-22,519268,Lan Hương,5 năm hoạt động trên Airbnb,5,"View đẹp mê ly, căn hộ sáng sủa nhiều ánh sáng tự nhiên. 10/10 điểm cho chất lượng phục vụ!"
1493167100653364039,10866,2026-08-17,239650,Béo,1 năm hoạt động trên Airbnb,5,"Chủ nhà thân thiện và hiếu khách, chắc chắn sẽ quay lại khi có dịp ghé thăm thành phố."
1493167100653364039,10867,2026-09-10,482077,Quốc Anh,2 năm hoạt động trên Airbnb,5,"Trải nghiệm tuyệt vời! Tự nhận phòng với mã khóa cực kỳ tiện lợi, an ninh tốt."
1493167100653364039,10868,2026-07-14,490137,Thảo,3 năm hoạt động trên Airbnb,5,"Rất sạch đẹp, vị trí trung tâm đi đâu cũng tiện, hồ bơi và ban công ngắm hoàng hôn rất chill."
1493167100653364039,10869,2026-07-22,540376,Phương Thảo,Mới tham gia Airbnb,5,"Phòng siêu đẹp y chang trên ảnh, bày trí rất có gu. Phòng mới và sạch sẽ, đầy đủ tiện nghi."
1493167100653364039,10870,2026-09-12,823244,Như Hoa,4 năm hoạt động trên Airbnb,5,"Phòng đẹp, xinh. Rất mới. Bày trí rất có gu, chủ nhà nhiệt tình hỗ trợ check-in sớm."
1493167100653364039,10871,2026-09-07,671037,Chimmiii,Mới tham gia Airbnb,5,"Phòng xinhh, sạch sẽ và thoáng đãng lắm ạ."
1719609915940574676,10872,2026-07-16,749286,Quốc Anh,2 năm hoạt động trên Airbnb,5,"Trải nghiệm tuyệt vời! Tự nhận phòng với mã khóa cực kỳ tiện lợi, an ninh tốt."
1719609915940574676,10873,2026-08-24,985578,Lan Hương,5 năm hoạt động trên Airbnb,5,"View đẹp mê ly, căn hộ sáng sủa nhiều ánh sáng tự nhiên. 10/10 điểm cho chất lượng phục vụ!"
1719609915940574676,10874,2026-08-09,702607,Phương Thảo,Mới tham gia Airbnb,5,"Phòng siêu đẹp y chang trên ảnh, bày trí rất có gu. Phòng mới và sạch sẽ, đầy đủ tiện nghi."
1719609915940574676,10875,2026-09-13,615826,Như Hoa,4 năm hoạt động trên Airbnb,5,"Phòng đẹp, xinh. Rất mới. Bày trí rất có gu, chủ nhà nhiệt tình hỗ trợ check-in sớm."
1719609915940574676,10876,2026-07-08,950821,Chimmiii,Mới tham gia Airbnb,5,"Phòng xinhh, sạch sẽ và thoáng đãng lắm ạ."
1719609915940574676,10877,2026-07-06,267062,Béo,1 năm hoạt động trên Airbnb,5,"Chủ nhà thân thiện và hiếu khách, chắc chắn sẽ quay lại khi có dịp ghé thăm thành phố."
1719609915940574676,10878,2026-07-25,245823,Thảo,3 năm hoạt động trên Airbnb,5,"Rất sạch đẹp, vị trí trung tâm đi đâu cũng tiện, hồ bơi và ban công ngắm hoàng hôn rất chill."
1719609915940574676,10879,2026-08-10,915680,Hoang Phuc,4 năm hoạt động trên Airbnb,5,"Ấm cúng, trang thiết bị hiện đại, giường nệm êm ái ngủ rất ngon."
1231973925176763315,10880,2026-08-14,986671,Quốc Anh,2 năm hoạt động trên Airbnb,5,"Trải nghiệm tuyệt vời! Tự nhận phòng với mã khóa cực kỳ tiện lợi, an ninh tốt."
1231973925176763315,10881,2026-09-06,671849,Hoang Phuc,4 năm hoạt động trên Airbnb,5,"Ấm cúng, trang thiết bị hiện đại, giường nệm êm ái ngủ rất ngon."
1231973925176763315,10882,2026-07-09,348586,Lan Hương,5 năm hoạt động trên Airbnb,5,"View đẹp mê ly, căn hộ sáng sủa nhiều ánh sáng tự nhiên. 10/10 điểm cho chất lượng phục vụ!"
1231973925176763315,10883,2026-07-01,644805,Thảo,3 năm hoạt động trên Airbnb,5,"Rất sạch đẹp, vị trí trung tâm đi đâu cũng tiện, hồ bơi và ban công ngắm hoàng hôn rất chill."
1231973925176763315,10884,2026-08-28,869499,Béo,1 năm hoạt động trên Airbnb,5,"Chủ nhà thân thiện và hiếu khách, chắc chắn sẽ quay lại khi có dịp ghé thăm thành phố."
1231973925176763315,10885,2026-08-14,881639,Như Hoa,4 năm hoạt động trên Airbnb,5,"Phòng đẹp, xinh. Rất mới. Bày trí rất có gu, chủ nhà nhiệt tình hỗ trợ check-in sớm."
1231973925176763315,10886,2026-08-08,416666,Chimmiii,Mới tham gia Airbnb,5,"Phòng xinhh, sạch sẽ và thoáng đãng lắm ạ."
1611380401700252686,10887,2026-09-02,224356,Hoang Phuc,4 năm hoạt động trên Airbnb,5,"Ấm cúng, trang thiết bị hiện đại, giường nệm êm ái ngủ rất ngon."
1611380401700252686,10888,2026-09-13,250568,Quốc Anh,2 năm hoạt động trên Airbnb,5,"Trải nghiệm tuyệt vời! Tự nhận phòng với mã khóa cực kỳ tiện lợi, an ninh tốt."
1611380401700252686,10889,2026-06-30,578592,Như Hoa,4 năm hoạt động trên Airbnb,5,"Phòng đẹp, xinh. Rất mới. Bày trí rất có gu, chủ nhà nhiệt tình hỗ trợ check-in sớm."
1611380401700252686,10890,2026-09-12,649043,Thảo,3 năm hoạt động trên Airbnb,5,"Rất sạch đẹp, vị trí trung tâm đi đâu cũng tiện, hồ bơi và ban công ngắm hoàng hôn rất chill."
1651823953436088830,10891,2026-09-03,719075,Chimmiii,Mới tham gia Airbnb,5,"Phòng xinhh, sạch sẽ và thoáng đãng lắm ạ."
1651823953436088830,10892,2026-07-13,358097,Béo,1 năm hoạt động trên Airbnb,5,"Chủ nhà thân thiện và hiếu khách, chắc chắn sẽ quay lại khi có dịp ghé thăm thành phố."
1651823953436088830,10893,2026-07-08,954983,Quốc Anh,2 năm hoạt động trên Airbnb,5,"Trải nghiệm tuyệt vời! Tự nhận phòng với mã khóa cực kỳ tiện lợi, an ninh tốt."
1651823953436088830,10894,2026-07-27,992762,Như Hoa,4 năm hoạt động trên Airbnb,5,"Phòng đẹp, xinh. Rất mới. Bày trí rất có gu, chủ nhà nhiệt tình hỗ trợ check-in sớm."
1651823953436088830,10895,2026-07-14,731718,Lan Hương,5 năm hoạt động trên Airbnb,5,"View đẹp mê ly, căn hộ sáng sủa nhiều ánh sáng tự nhiên. 10/10 điểm cho chất lượng phục vụ!"
1651823953436088830,10896,2026-08-01,477531,Thảo,3 năm hoạt động trên Airbnb,5,"Rất sạch đẹp, vị trí trung tâm đi đâu cũng tiện, hồ bơi và ban công ngắm hoàng hôn rất chill."
1550722246597560673,10897,2026-09-21,496886,Lan Hương,5 năm hoạt động trên Airbnb,5,"View đẹp mê ly, căn hộ sáng sủa nhiều ánh sáng tự nhiên. 10/10 điểm cho chất lượng phục vụ!"
1550722246597560673,10898,2026-09-07,398634,Hoang Phuc,4 năm hoạt động trên Airbnb,5,"Ấm cúng, trang thiết bị hiện đại, giường nệm êm ái ngủ rất ngon."
1550722246597560673,10899,2026-07-20,710297,Thảo,3 năm hoạt động trên Airbnb,5,"Rất sạch đẹp, vị trí trung tâm đi đâu cũng tiện, hồ bơi và ban công ngắm hoàng hôn rất chill."
1550722246597560673,10900,2026-08-21,941335,Phương Thảo,Mới tham gia Airbnb,5,"Phòng siêu đẹp y chang trên ảnh, bày trí rất có gu. Phòng mới và sạch sẽ, đầy đủ tiện nghi."
1763603923538269028,10901,2026-07-23,453703,Như Hoa,4 năm hoạt động trên Airbnb,5,"Phòng đẹp, xinh. Rất mới. Bày trí rất có gu, chủ nhà nhiệt tình hỗ trợ check-in sớm."
1763603923538269028,10902,2026-08-30,818878,Béo,1 năm hoạt động trên Airbnb,5,"Chủ nhà thân thiện và hiếu khách, chắc chắn sẽ quay lại khi có dịp ghé thăm thành phố."
1763603923538269028,10903,2026-08-26,268670,Hoang Phuc,4 năm hoạt động trên Airbnb,5,"Ấm cúng, trang thiết bị hiện đại, giường nệm êm ái ngủ rất ngon."
1763603923538269028,10904,2026-07-27,676770,Thảo,3 năm hoạt động trên Airbnb,5,"Rất sạch đẹp, vị trí trung tâm đi đâu cũng tiện, hồ bơi và ban công ngắm hoàng hôn rất chill."
1763603923538269028,10905,2026-08-25,419119,Lan Hương,5 năm hoạt động trên Airbnb,5,"View đẹp mê ly, căn hộ sáng sủa nhiều ánh sáng tự nhiên. 10/10 điểm cho chất lượng phục vụ!"
1763603923538269028,10906,2026-06-28,571833,Phương Thảo,Mới tham gia Airbnb,5,"Phòng siêu đẹp y chang trên ảnh, bày trí rất có gu. Phòng mới và sạch sẽ, đầy đủ tiện nghi."
1763603923538269028,10907,2026-08-18,856681,Chimmiii,Mới tham gia Airbnb,5,"Phòng xinhh, sạch sẽ và thoáng đãng lắm ạ."
1763603923538269028,10908,2026-07-24,875709,Quốc Anh,2 năm hoạt động trên Airbnb,5,"Trải nghiệm tuyệt vời! Tự nhận phòng với mã khóa cực kỳ tiện lợi, an ninh tốt."
1113607944502816049,10909,2026-09-16,704077,Hoang Phuc,4 năm hoạt động trên Airbnb,5,"Ấm cúng, trang thiết bị hiện đại, giường nệm êm ái ngủ rất ngon."
1113607944502816049,10910,2026-09-03,407073,Như Hoa,4 năm hoạt động trên Airbnb,5,"Phòng đẹp, xinh. Rất mới. Bày trí rất có gu, chủ nhà nhiệt tình hỗ trợ check-in sớm."
1113607944502816049,10911,2026-08-21,439585,Quốc Anh,2 năm hoạt động trên Airbnb,5,"Trải nghiệm tuyệt vời! Tự nhận phòng với mã khóa cực kỳ tiện lợi, an ninh tốt."
1113607944502816049,10912,2026-08-17,276749,Thảo,3 năm hoạt động trên Airbnb,5,"Rất sạch đẹp, vị trí trung tâm đi đâu cũng tiện, hồ bơi và ban công ngắm hoàng hôn rất chill."
1113607944502816049,10913,2026-07-22,788715,Chimmiii,Mới tham gia Airbnb,5,"Phòng xinhh, sạch sẽ và thoáng đãng lắm ạ."
1113607944502816049,10914,2026-08-23,293318,Phương Thảo,Mới tham gia Airbnb,5,"Phòng siêu đẹp y chang trên ảnh, bày trí rất có gu. Phòng mới và sạch sẽ, đầy đủ tiện nghi."
1113607944502816049,10915,2026-08-12,392055,Béo,1 năm hoạt động trên Airbnb,5,"Chủ nhà thân thiện và hiếu khách, chắc chắn sẽ quay lại khi có dịp ghé thăm thành phố."
1113607944502816049,10916,2026-09-22,487071,Lan Hương,5 năm hoạt động trên Airbnb,5,"View đẹp mê ly, căn hộ sáng sủa nhiều ánh sáng tự nhiên. 10/10 điểm cho chất lượng phục vụ!"
1712290860186161696,10917,2026-07-30,867148,Phương Thảo,Mới tham gia Airbnb,5,"Phòng siêu đẹp y chang trên ảnh, bày trí rất có gu. Phòng mới và sạch sẽ, đầy đủ tiện nghi."
1712290860186161696,10918,2026-08-04,944895,Lan Hương,5 năm hoạt động trên Airbnb,5,"View đẹp mê ly, căn hộ sáng sủa nhiều ánh sáng tự nhiên. 10/10 điểm cho chất lượng phục vụ!"
1712290860186161696,10919,2026-09-11,706293,Chimmiii,Mới tham gia Airbnb,5,"Phòng xinhh, sạch sẽ và thoáng đãng lắm ạ."
1712290860186161696,10920,2026-07-31,366896,Quốc Anh,2 năm hoạt động trên Airbnb,5,"Trải nghiệm tuyệt vời! Tự nhận phòng với mã khóa cực kỳ tiện lợi, an ninh tốt."
1712290860186161696,10921,2026-07-23,809698,Béo,1 năm hoạt động trên Airbnb,5,"Chủ nhà thân thiện và hiếu khách, chắc chắn sẽ quay lại khi có dịp ghé thăm thành phố."
1712290860186161696,10922,2026-08-10,841369,Hoang Phuc,4 năm hoạt động trên Airbnb,5,"Ấm cúng, trang thiết bị hiện đại, giường nệm êm ái ngủ rất ngon."
744595478512900540,10923,2026-09-10,549046,Như Hoa,4 năm hoạt động trên Airbnb,5,"Phòng đẹp, xinh. Rất mới. Bày trí rất có gu, chủ nhà nhiệt tình hỗ trợ check-in sớm."
744595478512900540,10924,2026-09-22,400278,Quốc Anh,2 năm hoạt động trên Airbnb,5,"Trải nghiệm tuyệt vời! Tự nhận phòng với mã khóa cực kỳ tiện lợi, an ninh tốt."
744595478512900540,10925,2026-08-29,602086,Chimmiii,Mới tham gia Airbnb,5,"Phòng xinhh, sạch sẽ và thoáng đãng lắm ạ."
744595478512900540,10926,2026-07-03,787013,Lan Hương,5 năm hoạt động trên Airbnb,5,"View đẹp mê ly, căn hộ sáng sủa nhiều ánh sáng tự nhiên. 10/10 điểm cho chất lượng phục vụ!"
744595478512900540,10927,2026-07-25,565724,Phương Thảo,Mới tham gia Airbnb,5,"Phòng siêu đẹp y chang trên ảnh, bày trí rất có gu. Phòng mới và sạch sẽ, đầy đủ tiện nghi."
744595478512900540,10928,2026-08-25,321839,Béo,1 năm hoạt động trên Airbnb,5,"Chủ nhà thân thiện và hiếu khách, chắc chắn sẽ quay lại khi có dịp ghé thăm thành phố."
744595478512900540,10929,2026-07-08,288745,Hoang Phuc,4 năm hoạt động trên Airbnb,5,"Ấm cúng, trang thiết bị hiện đại, giường nệm êm ái ngủ rất ngon."
744595478512900540,10930,2026-07-24,535495,Thảo,3 năm hoạt động trên Airbnb,5,"Rất sạch đẹp, vị trí trung tâm đi đâu cũng tiện, hồ bơi và ban công ngắm hoàng hôn rất chill."
1399223933112761284,10931,2026-07-07,859301,Lan Hương,5 năm hoạt động trên Airbnb,5,"View đẹp mê ly, căn hộ sáng sủa nhiều ánh sáng tự nhiên. 10/10 điểm cho chất lượng phục vụ!"
1399223933112761284,10932,2026-07-26,982497,Hoang Phuc,4 năm hoạt động trên Airbnb,5,"Ấm cúng, trang thiết bị hiện đại, giường nệm êm ái ngủ rất ngon."
1399223933112761284,10933,2026-08-17,770341,Phương Thảo,Mới tham gia Airbnb,5,"Phòng siêu đẹp y chang trên ảnh, bày trí rất có gu. Phòng mới và sạch sẽ, đầy đủ tiện nghi."
1399223933112761284,10934,2026-08-06,453800,Chimmiii,Mới tham gia Airbnb,5,"Phòng xinhh, sạch sẽ và thoáng đãng lắm ạ."
1399223933112761284,10935,2026-08-11,676083,Béo,1 năm hoạt động trên Airbnb,5,"Chủ nhà thân thiện và hiếu khách, chắc chắn sẽ quay lại khi có dịp ghé thăm thành phố."
1399223933112761284,10936,2026-09-11,225142,Thảo,3 năm hoạt động trên Airbnb,5,"Rất sạch đẹp, vị trí trung tâm đi đâu cũng tiện, hồ bơi và ban công ngắm hoàng hôn rất chill."
1399223933112761284,10937,2026-07-22,529715,Quốc Anh,2 năm hoạt động trên Airbnb,5,"Trải nghiệm tuyệt vời! Tự nhận phòng với mã khóa cực kỳ tiện lợi, an ninh tốt."
1721554416039540555,10938,2026-09-05,534923,Quốc Anh,2 năm hoạt động trên Airbnb,5,"Trải nghiệm tuyệt vời! Tự nhận phòng với mã khóa cực kỳ tiện lợi, an ninh tốt."
1721554416039540555,10939,2026-09-04,592960,Chimmiii,Mới tham gia Airbnb,5,"Phòng xinhh, sạch sẽ và thoáng đãng lắm ạ."
1721554416039540555,10940,2026-07-03,327840,Béo,1 năm hoạt động trên Airbnb,5,"Chủ nhà thân thiện và hiếu khách, chắc chắn sẽ quay lại khi có dịp ghé thăm thành phố."
1721554416039540555,10941,2026-09-07,845481,Như Hoa,4 năm hoạt động trên Airbnb,5,"Phòng đẹp, xinh. Rất mới. Bày trí rất có gu, chủ nhà nhiệt tình hỗ trợ check-in sớm."
1721554416039540555,10942,2026-07-09,776103,Lan Hương,5 năm hoạt động trên Airbnb,5,"View đẹp mê ly, căn hộ sáng sủa nhiều ánh sáng tự nhiên. 10/10 điểm cho chất lượng phục vụ!"
1721554416039540555,10943,2026-07-04,860608,Thảo,3 năm hoạt động trên Airbnb,5,"Rất sạch đẹp, vị trí trung tâm đi đâu cũng tiện, hồ bơi và ban công ngắm hoàng hôn rất chill."
1721554416039540555,10944,2026-09-23,693870,Phương Thảo,Mới tham gia Airbnb,5,"Phòng siêu đẹp y chang trên ảnh, bày trí rất có gu. Phòng mới và sạch sẽ, đầy đủ tiện nghi."
1721554416039540555,10945,2026-09-16,789730,Hoang Phuc,4 năm hoạt động trên Airbnb,5,"Ấm cúng, trang thiết bị hiện đại, giường nệm êm ái ngủ rất ngon."
1749693456005638204,10946,2026-07-17,890685,Quốc Anh,2 năm hoạt động trên Airbnb,5,"Trải nghiệm tuyệt vời! Tự nhận phòng với mã khóa cực kỳ tiện lợi, an ninh tốt."
1749693456005638204,10947,2026-07-30,609532,Chimmiii,Mới tham gia Airbnb,5,"Phòng xinhh, sạch sẽ và thoáng đãng lắm ạ."
1749693456005638204,10948,2026-09-20,479514,Hoang Phuc,4 năm hoạt động trên Airbnb,5,"Ấm cúng, trang thiết bị hiện đại, giường nệm êm ái ngủ rất ngon."
1749693456005638204,10949,2026-08-10,673602,Phương Thảo,Mới tham gia Airbnb,5,"Phòng siêu đẹp y chang trên ảnh, bày trí rất có gu. Phòng mới và sạch sẽ, đầy đủ tiện nghi."
1749693456005638204,10950,2026-08-19,598842,Lan Hương,5 năm hoạt động trên Airbnb,5,"View đẹp mê ly, căn hộ sáng sủa nhiều ánh sáng tự nhiên. 10/10 điểm cho chất lượng phục vụ!"
1749693456005638204,10951,2026-09-05,834878,Như Hoa,4 năm hoạt động trên Airbnb,5,"Phòng đẹp, xinh. Rất mới. Bày trí rất có gu, chủ nhà nhiệt tình hỗ trợ check-in sớm."
1749693456005638204,10952,2026-07-01,964644,Thảo,3 năm hoạt động trên Airbnb,5,"Rất sạch đẹp, vị trí trung tâm đi đâu cũng tiện, hồ bơi và ban công ngắm hoàng hôn rất chill."
1759174989422064801,10953,2026-09-10,370318,Như Hoa,4 năm hoạt động trên Airbnb,5,"Phòng đẹp, xinh. Rất mới. Bày trí rất có gu, chủ nhà nhiệt tình hỗ trợ check-in sớm."
1759174989422064801,10954,2026-08-26,684572,Chimmiii,Mới tham gia Airbnb,5,"Phòng xinhh, sạch sẽ và thoáng đãng lắm ạ."
1759174989422064801,10955,2026-08-07,599075,Thảo,3 năm hoạt động trên Airbnb,5,"Rất sạch đẹp, vị trí trung tâm đi đâu cũng tiện, hồ bơi và ban công ngắm hoàng hôn rất chill."
1759174989422064801,10956,2026-09-20,630644,Quốc Anh,2 năm hoạt động trên Airbnb,5,"Trải nghiệm tuyệt vời! Tự nhận phòng với mã khóa cực kỳ tiện lợi, an ninh tốt."
1759174989422064801,10957,2026-07-31,225015,Phương Thảo,Mới tham gia Airbnb,5,"Phòng siêu đẹp y chang trên ảnh, bày trí rất có gu. Phòng mới và sạch sẽ, đầy đủ tiện nghi."
1759174989422064801,10958,2026-07-28,498037,Hoang Phuc,4 năm hoạt động trên Airbnb,5,"Ấm cúng, trang thiết bị hiện đại, giường nệm êm ái ngủ rất ngon."
1759174989422064801,10959,2026-07-05,900313,Lan Hương,5 năm hoạt động trên Airbnb,5,"View đẹp mê ly, căn hộ sáng sủa nhiều ánh sáng tự nhiên. 10/10 điểm cho chất lượng phục vụ!"
1759174989422064801,10960,2026-07-02,470572,Béo,1 năm hoạt động trên Airbnb,5,"Chủ nhà thân thiện và hiếu khách, chắc chắn sẽ quay lại khi có dịp ghé thăm thành phố."
1653582889866993710,10961,2026-07-02,959890,Phương Thảo,Mới tham gia Airbnb,5,"Phòng siêu đẹp y chang trên ảnh, bày trí rất có gu. Phòng mới và sạch sẽ, đầy đủ tiện nghi."
1653582889866993710,10962,2026-09-03,691408,Thảo,3 năm hoạt động trên Airbnb,5,"Rất sạch đẹp, vị trí trung tâm đi đâu cũng tiện, hồ bơi và ban công ngắm hoàng hôn rất chill."
1653582889866993710,10963,2026-08-24,285924,Hoang Phuc,4 năm hoạt động trên Airbnb,5,"Ấm cúng, trang thiết bị hiện đại, giường nệm êm ái ngủ rất ngon."
1653582889866993710,10964,2026-08-28,562795,Béo,1 năm hoạt động trên Airbnb,5,"Chủ nhà thân thiện và hiếu khách, chắc chắn sẽ quay lại khi có dịp ghé thăm thành phố."
1653582889866993710,10965,2026-07-27,718935,Như Hoa,4 năm hoạt động trên Airbnb,5,"Phòng đẹp, xinh. Rất mới. Bày trí rất có gu, chủ nhà nhiệt tình hỗ trợ check-in sớm."
1653582889866993710,10966,2026-08-29,664774,Lan Hương,5 năm hoạt động trên Airbnb,5,"View đẹp mê ly, căn hộ sáng sủa nhiều ánh sáng tự nhiên. 10/10 điểm cho chất lượng phục vụ!"
1653582889866993710,10967,2026-07-23,951029,Chimmiii,Mới tham gia Airbnb,5,"Phòng xinhh, sạch sẽ và thoáng đãng lắm ạ."
1653582889866993710,10968,2026-08-29,229842,Quốc Anh,2 năm hoạt động trên Airbnb,5,"Trải nghiệm tuyệt vời! Tự nhận phòng với mã khóa cực kỳ tiện lợi, an ninh tốt."
1028731401999188242,10969,2026-08-31,879621,Hoang Phuc,4 năm hoạt động trên Airbnb,5,"Ấm cúng, trang thiết bị hiện đại, giường nệm êm ái ngủ rất ngon."
1028731401999188242,10970,2026-07-26,319332,Phương Thảo,Mới tham gia Airbnb,5,"Phòng siêu đẹp y chang trên ảnh, bày trí rất có gu. Phòng mới và sạch sẽ, đầy đủ tiện nghi."
1028731401999188242,10971,2026-09-06,674355,Béo,1 năm hoạt động trên Airbnb,5,"Chủ nhà thân thiện và hiếu khách, chắc chắn sẽ quay lại khi có dịp ghé thăm thành phố."
1028731401999188242,10972,2026-09-06,898850,Lan Hương,5 năm hoạt động trên Airbnb,5,"View đẹp mê ly, căn hộ sáng sủa nhiều ánh sáng tự nhiên. 10/10 điểm cho chất lượng phục vụ!"
1740947231359378717,10973,2026-07-02,322614,Như Hoa,4 năm hoạt động trên Airbnb,5,"Phòng đẹp, xinh. Rất mới. Bày trí rất có gu, chủ nhà nhiệt tình hỗ trợ check-in sớm."
1740947231359378717,10974,2026-09-04,860485,Chimmiii,Mới tham gia Airbnb,5,"Phòng xinhh, sạch sẽ và thoáng đãng lắm ạ."
1740947231359378717,10975,2026-09-04,456766,Béo,1 năm hoạt động trên Airbnb,5,"Chủ nhà thân thiện và hiếu khách, chắc chắn sẽ quay lại khi có dịp ghé thăm thành phố."
1740947231359378717,10976,2026-09-15,329715,Quốc Anh,2 năm hoạt động trên Airbnb,5,"Trải nghiệm tuyệt vời! Tự nhận phòng với mã khóa cực kỳ tiện lợi, an ninh tốt."
1740947231359378717,10977,2026-09-03,924638,Lan Hương,5 năm hoạt động trên Airbnb,5,"View đẹp mê ly, căn hộ sáng sủa nhiều ánh sáng tự nhiên. 10/10 điểm cho chất lượng phục vụ!"
1740947231359378717,10978,2026-07-14,814451,Thảo,3 năm hoạt động trên Airbnb,5,"Rất sạch đẹp, vị trí trung tâm đi đâu cũng tiện, hồ bơi và ban công ngắm hoàng hôn rất chill."
1740947231359378717,10979,2026-09-22,666560,Phương Thảo,Mới tham gia Airbnb,5,"Phòng siêu đẹp y chang trên ảnh, bày trí rất có gu. Phòng mới và sạch sẽ, đầy đủ tiện nghi."
1740947231359378717,10980,2026-07-20,858803,Hoang Phuc,4 năm hoạt động trên Airbnb,5,"Ấm cúng, trang thiết bị hiện đại, giường nệm êm ái ngủ rất ngon."
1443463551637624949,10981,2026-07-29,529347,Chimmiii,Mới tham gia Airbnb,5,"Phòng xinhh, sạch sẽ và thoáng đãng lắm ạ."
1443463551637624949,10982,2026-07-19,844664,Phương Thảo,Mới tham gia Airbnb,5,"Phòng siêu đẹp y chang trên ảnh, bày trí rất có gu. Phòng mới và sạch sẽ, đầy đủ tiện nghi."
1443463551637624949,10983,2026-08-22,523118,Quốc Anh,2 năm hoạt động trên Airbnb,5,"Trải nghiệm tuyệt vời! Tự nhận phòng với mã khóa cực kỳ tiện lợi, an ninh tốt."
1443463551637624949,10984,2026-07-13,472282,Như Hoa,4 năm hoạt động trên Airbnb,5,"Phòng đẹp, xinh. Rất mới. Bày trí rất có gu, chủ nhà nhiệt tình hỗ trợ check-in sớm."
1560556926150267581,10985,2026-07-30,768365,Chimmiii,Mới tham gia Airbnb,5,"Phòng xinhh, sạch sẽ và thoáng đãng lắm ạ."
1560556926150267581,10986,2026-08-29,737949,Phương Thảo,Mới tham gia Airbnb,5,"Phòng siêu đẹp y chang trên ảnh, bày trí rất có gu. Phòng mới và sạch sẽ, đầy đủ tiện nghi."
1560556926150267581,10987,2026-08-09,421112,Thảo,3 năm hoạt động trên Airbnb,5,"Rất sạch đẹp, vị trí trung tâm đi đâu cũng tiện, hồ bơi và ban công ngắm hoàng hôn rất chill."
1560556926150267581,10988,2026-08-10,352804,Như Hoa,4 năm hoạt động trên Airbnb,5,"Phòng đẹp, xinh. Rất mới. Bày trí rất có gu, chủ nhà nhiệt tình hỗ trợ check-in sớm."
1560556926150267581,10989,2026-08-10,441681,Béo,1 năm hoạt động trên Airbnb,5,"Chủ nhà thân thiện và hiếu khách, chắc chắn sẽ quay lại khi có dịp ghé thăm thành phố."
1560556926150267581,10990,2026-09-13,928244,Quốc Anh,2 năm hoạt động trên Airbnb,5,"Trải nghiệm tuyệt vời! Tự nhận phòng với mã khóa cực kỳ tiện lợi, an ninh tốt."
1560556926150267581,10991,2026-08-29,330738,Hoang Phuc,4 năm hoạt động trên Airbnb,5,"Ấm cúng, trang thiết bị hiện đại, giường nệm êm ái ngủ rất ngon."
1560556926150267581,10992,2026-08-11,294268,Lan Hương,5 năm hoạt động trên Airbnb,5,"View đẹp mê ly, căn hộ sáng sủa nhiều ánh sáng tự nhiên. 10/10 điểm cho chất lượng phục vụ!"
1130252017647465707,10993,2026-07-31,386051,Hoang Phuc,4 năm hoạt động trên Airbnb,5,"Ấm cúng, trang thiết bị hiện đại, giường nệm êm ái ngủ rất ngon."
1130252017647465707,10994,2026-08-01,420101,Lan Hương,5 năm hoạt động trên Airbnb,5,"View đẹp mê ly, căn hộ sáng sủa nhiều ánh sáng tự nhiên. 10/10 điểm cho chất lượng phục vụ!"
1130252017647465707,10995,2026-08-06,608002,Chimmiii,Mới tham gia Airbnb,5,"Phòng xinhh, sạch sẽ và thoáng đãng lắm ạ."
1130252017647465707,10996,2026-07-02,462382,Như Hoa,4 năm hoạt động trên Airbnb,5,"Phòng đẹp, xinh. Rất mới. Bày trí rất có gu, chủ nhà nhiệt tình hỗ trợ check-in sớm."
1130252017647465707,10997,2026-09-17,633313,Quốc Anh,2 năm hoạt động trên Airbnb,5,"Trải nghiệm tuyệt vời! Tự nhận phòng với mã khóa cực kỳ tiện lợi, an ninh tốt."
1130252017647465707,10998,2026-06-30,651166,Thảo,3 năm hoạt động trên Airbnb,5,"Rất sạch đẹp, vị trí trung tâm đi đâu cũng tiện, hồ bơi và ban công ngắm hoàng hôn rất chill."
1130252017647465707,10999,2026-09-20,806208,Phương Thảo,Mới tham gia Airbnb,5,"Phòng siêu đẹp y chang trên ảnh, bày trí rất có gu. Phòng mới và sạch sẽ, đầy đủ tiện nghi."
1749242816623054346,11000,2026-08-14,221273,Quốc Anh,2 năm hoạt động trên Airbnb,5,"Trải nghiệm tuyệt vời! Tự nhận phòng với mã khóa cực kỳ tiện lợi, an ninh tốt."
1749242816623054346,11001,2026-08-22,331101,Chimmiii,Mới tham gia Airbnb,5,"Phòng xinhh, sạch sẽ và thoáng đãng lắm ạ."
1749242816623054346,11002,2026-07-17,503868,Hoang Phuc,4 năm hoạt động trên Airbnb,5,"Ấm cúng, trang thiết bị hiện đại, giường nệm êm ái ngủ rất ngon."
1749242816623054346,11003,2026-08-18,611538,Lan Hương,5 năm hoạt động trên Airbnb,5,"View đẹp mê ly, căn hộ sáng sủa nhiều ánh sáng tự nhiên. 10/10 điểm cho chất lượng phục vụ!"
1749242816623054346,11004,2026-09-20,241009,Béo,1 năm hoạt động trên Airbnb,5,"Chủ nhà thân thiện và hiếu khách, chắc chắn sẽ quay lại khi có dịp ghé thăm thành phố."
1749242816623054346,11005,2026-07-22,730888,Như Hoa,4 năm hoạt động trên Airbnb,5,"Phòng đẹp, xinh. Rất mới. Bày trí rất có gu, chủ nhà nhiệt tình hỗ trợ check-in sớm."
1749242816623054346,11006,2026-09-05,410292,Thảo,3 năm hoạt động trên Airbnb,5,"Rất sạch đẹp, vị trí trung tâm đi đâu cũng tiện, hồ bơi và ban công ngắm hoàng hôn rất chill."
1749242816623054346,11007,2026-07-14,979312,Phương Thảo,Mới tham gia Airbnb,5,"Phòng siêu đẹp y chang trên ảnh, bày trí rất có gu. Phòng mới và sạch sẽ, đầy đủ tiện nghi."
1752894843175520629,11008,2026-07-30,469621,Béo,1 năm hoạt động trên Airbnb,5,"Chủ nhà thân thiện và hiếu khách, chắc chắn sẽ quay lại khi có dịp ghé thăm thành phố."
1752894843175520629,11009,2026-09-08,596400,Lan Hương,5 năm hoạt động trên Airbnb,5,"View đẹp mê ly, căn hộ sáng sủa nhiều ánh sáng tự nhiên. 10/10 điểm cho chất lượng phục vụ!"
1752894843175520629,11010,2026-08-28,835868,Hoang Phuc,4 năm hoạt động trên Airbnb,5,"Ấm cúng, trang thiết bị hiện đại, giường nệm êm ái ngủ rất ngon."
1752894843175520629,11011,2026-07-09,422429,Phương Thảo,Mới tham gia Airbnb,5,"Phòng siêu đẹp y chang trên ảnh, bày trí rất có gu. Phòng mới và sạch sẽ, đầy đủ tiện nghi."
1752894843175520629,11012,2026-07-03,768254,Như Hoa,4 năm hoạt động trên Airbnb,5,"Phòng đẹp, xinh. Rất mới. Bày trí rất có gu, chủ nhà nhiệt tình hỗ trợ check-in sớm."
1710988961074299560,11013,2026-09-08,683891,Như Hoa,4 năm hoạt động trên Airbnb,5,"Phòng đẹp, xinh. Rất mới. Bày trí rất có gu, chủ nhà nhiệt tình hỗ trợ check-in sớm."
1710988961074299560,11014,2026-07-07,769942,Thảo,3 năm hoạt động trên Airbnb,5,"Rất sạch đẹp, vị trí trung tâm đi đâu cũng tiện, hồ bơi và ban công ngắm hoàng hôn rất chill."
1710988961074299560,11015,2026-08-14,210862,Quốc Anh,2 năm hoạt động trên Airbnb,5,"Trải nghiệm tuyệt vời! Tự nhận phòng với mã khóa cực kỳ tiện lợi, an ninh tốt."
1710988961074299560,11016,2026-08-29,865244,Hoang Phuc,4 năm hoạt động trên Airbnb,5,"Ấm cúng, trang thiết bị hiện đại, giường nệm êm ái ngủ rất ngon."
1710988961074299560,11017,2026-09-22,619667,Béo,1 năm hoạt động trên Airbnb,5,"Chủ nhà thân thiện và hiếu khách, chắc chắn sẽ quay lại khi có dịp ghé thăm thành phố."
1710988961074299560,11018,2026-07-22,490060,Chimmiii,Mới tham gia Airbnb,5,"Phòng xinhh, sạch sẽ và thoáng đãng lắm ạ."
1710988961074299560,11019,2026-08-10,215418,Lan Hương,5 năm hoạt động trên Airbnb,5,"View đẹp mê ly, căn hộ sáng sủa nhiều ánh sáng tự nhiên. 10/10 điểm cho chất lượng phục vụ!"
1173801566038144740,11020,2026-08-30,568572,Lan Hương,5 năm hoạt động trên Airbnb,5,"View đẹp mê ly, căn hộ sáng sủa nhiều ánh sáng tự nhiên. 10/10 điểm cho chất lượng phục vụ!"
1173801566038144740,11021,2026-07-27,694136,Như Hoa,4 năm hoạt động trên Airbnb,5,"Phòng đẹp, xinh. Rất mới. Bày trí rất có gu, chủ nhà nhiệt tình hỗ trợ check-in sớm."
1173801566038144740,11022,2026-07-31,694412,Thảo,3 năm hoạt động trên Airbnb,5,"Rất sạch đẹp, vị trí trung tâm đi đâu cũng tiện, hồ bơi và ban công ngắm hoàng hôn rất chill."
1173801566038144740,11023,2026-08-20,271782,Hoang Phuc,4 năm hoạt động trên Airbnb,5,"Ấm cúng, trang thiết bị hiện đại, giường nệm êm ái ngủ rất ngon."
1173801566038144740,11024,2026-07-04,944406,Phương Thảo,Mới tham gia Airbnb,5,"Phòng siêu đẹp y chang trên ảnh, bày trí rất có gu. Phòng mới và sạch sẽ, đầy đủ tiện nghi."
1173801566038144740,11025,2026-07-26,847974,Béo,1 năm hoạt động trên Airbnb,5,"Chủ nhà thân thiện và hiếu khách, chắc chắn sẽ quay lại khi có dịp ghé thăm thành phố."
1173801566038144740,11026,2026-07-05,409477,Chimmiii,Mới tham gia Airbnb,5,"Phòng xinhh, sạch sẽ và thoáng đãng lắm ạ."
1619344596021814260,11027,2026-06-28,612843,Lan Hương,5 năm hoạt động trên Airbnb,5,"View đẹp mê ly, căn hộ sáng sủa nhiều ánh sáng tự nhiên. 10/10 điểm cho chất lượng phục vụ!"
1619344596021814260,11028,2026-09-02,481663,Chimmiii,Mới tham gia Airbnb,5,"Phòng xinhh, sạch sẽ và thoáng đãng lắm ạ."
1619344596021814260,11029,2026-07-04,700585,Quốc Anh,2 năm hoạt động trên Airbnb,5,"Trải nghiệm tuyệt vời! Tự nhận phòng với mã khóa cực kỳ tiện lợi, an ninh tốt."
1619344596021814260,11030,2026-08-12,284148,Thảo,3 năm hoạt động trên Airbnb,5,"Rất sạch đẹp, vị trí trung tâm đi đâu cũng tiện, hồ bơi và ban công ngắm hoàng hôn rất chill."
1608788874386148480,11031,2026-09-15,826158,Chimmiii,Mới tham gia Airbnb,5,"Phòng xinhh, sạch sẽ và thoáng đãng lắm ạ."
1608788874386148480,11032,2026-09-20,741664,Thảo,3 năm hoạt động trên Airbnb,5,"Rất sạch đẹp, vị trí trung tâm đi đâu cũng tiện, hồ bơi và ban công ngắm hoàng hôn rất chill."
1608788874386148480,11033,2026-07-17,385824,Quốc Anh,2 năm hoạt động trên Airbnb,5,"Trải nghiệm tuyệt vời! Tự nhận phòng với mã khóa cực kỳ tiện lợi, an ninh tốt."
1608788874386148480,11034,2026-08-31,817607,Béo,1 năm hoạt động trên Airbnb,5,"Chủ nhà thân thiện và hiếu khách, chắc chắn sẽ quay lại khi có dịp ghé thăm thành phố."
1608788874386148480,11035,2026-08-11,263247,Hoang Phuc,4 năm hoạt động trên Airbnb,5,"Ấm cúng, trang thiết bị hiện đại, giường nệm êm ái ngủ rất ngon."
1608788874386148480,11036,2026-08-12,562734,Lan Hương,5 năm hoạt động trên Airbnb,5,"View đẹp mê ly, căn hộ sáng sủa nhiều ánh sáng tự nhiên. 10/10 điểm cho chất lượng phục vụ!"
1659403556368489870,11037,2026-09-13,634320,Hoang Phuc,4 năm hoạt động trên Airbnb,5,"Ấm cúng, trang thiết bị hiện đại, giường nệm êm ái ngủ rất ngon."
1659403556368489870,11038,2026-08-30,350194,Chimmiii,Mới tham gia Airbnb,5,"Phòng xinhh, sạch sẽ và thoáng đãng lắm ạ."
1659403556368489870,11039,2026-08-02,854022,Béo,1 năm hoạt động trên Airbnb,5,"Chủ nhà thân thiện và hiếu khách, chắc chắn sẽ quay lại khi có dịp ghé thăm thành phố."
1659403556368489870,11040,2026-08-01,488346,Thảo,3 năm hoạt động trên Airbnb,5,"Rất sạch đẹp, vị trí trung tâm đi đâu cũng tiện, hồ bơi và ban công ngắm hoàng hôn rất chill."
32529894,11041,2026-08-10,273953,Quốc Anh,2 năm hoạt động trên Airbnb,5,"Trải nghiệm tuyệt vời! Tự nhận phòng với mã khóa cực kỳ tiện lợi, an ninh tốt."
32529894,11042,2026-08-09,357569,Lan Hương,5 năm hoạt động trên Airbnb,5,"View đẹp mê ly, căn hộ sáng sủa nhiều ánh sáng tự nhiên. 10/10 điểm cho chất lượng phục vụ!"
32529894,11043,2026-08-11,375146,Phương Thảo,Mới tham gia Airbnb,5,"Phòng siêu đẹp y chang trên ảnh, bày trí rất có gu. Phòng mới và sạch sẽ, đầy đủ tiện nghi."
32529894,11044,2026-09-15,728772,Thảo,3 năm hoạt động trên Airbnb,5,"Rất sạch đẹp, vị trí trung tâm đi đâu cũng tiện, hồ bơi và ban công ngắm hoàng hôn rất chill."
32529894,11045,2026-08-16,792440,Béo,1 năm hoạt động trên Airbnb,5,"Chủ nhà thân thiện và hiếu khách, chắc chắn sẽ quay lại khi có dịp ghé thăm thành phố."
1723348322179570123,11046,2026-08-27,934223,Lan Hương,5 năm hoạt động trên Airbnb,5,"View đẹp mê ly, căn hộ sáng sủa nhiều ánh sáng tự nhiên. 10/10 điểm cho chất lượng phục vụ!"
1723348322179570123,11047,2026-06-29,732137,Như Hoa,4 năm hoạt động trên Airbnb,5,"Phòng đẹp, xinh. Rất mới. Bày trí rất có gu, chủ nhà nhiệt tình hỗ trợ check-in sớm."
1723348322179570123,11048,2026-07-02,751273,Chimmiii,Mới tham gia Airbnb,5,"Phòng xinhh, sạch sẽ và thoáng đãng lắm ạ."
1723348322179570123,11049,2026-08-16,892947,Quốc Anh,2 năm hoạt động trên Airbnb,5,"Trải nghiệm tuyệt vời! Tự nhận phòng với mã khóa cực kỳ tiện lợi, an ninh tốt."
1723348322179570123,11050,2026-08-02,300915,Phương Thảo,Mới tham gia Airbnb,5,"Phòng siêu đẹp y chang trên ảnh, bày trí rất có gu. Phòng mới và sạch sẽ, đầy đủ tiện nghi."
1747739106639344505,11051,2026-08-25,868308,Béo,1 năm hoạt động trên Airbnb,5,"Chủ nhà thân thiện và hiếu khách, chắc chắn sẽ quay lại khi có dịp ghé thăm thành phố."
1747739106639344505,11052,2026-07-07,856822,Thảo,3 năm hoạt động trên Airbnb,5,"Rất sạch đẹp, vị trí trung tâm đi đâu cũng tiện, hồ bơi và ban công ngắm hoàng hôn rất chill."
1747739106639344505,11053,2026-08-29,563246,Như Hoa,4 năm hoạt động trên Airbnb,5,"Phòng đẹp, xinh. Rất mới. Bày trí rất có gu, chủ nhà nhiệt tình hỗ trợ check-in sớm."
1747739106639344505,11054,2026-08-27,803592,Lan Hương,5 năm hoạt động trên Airbnb,5,"View đẹp mê ly, căn hộ sáng sủa nhiều ánh sáng tự nhiên. 10/10 điểm cho chất lượng phục vụ!"
1747739106639344505,11055,2026-08-09,952019,Chimmiii,Mới tham gia Airbnb,5,"Phòng xinhh, sạch sẽ và thoáng đãng lắm ạ."
1747739106639344505,11056,2026-08-17,617819,Hoang Phuc,4 năm hoạt động trên Airbnb,5,"Ấm cúng, trang thiết bị hiện đại, giường nệm êm ái ngủ rất ngon."
1747739106639344505,11057,2026-09-10,615719,Phương Thảo,Mới tham gia Airbnb,5,"Phòng siêu đẹp y chang trên ảnh, bày trí rất có gu. Phòng mới và sạch sẽ, đầy đủ tiện nghi."
829705638778373706,11058,2026-07-04,537837,Thảo,3 năm hoạt động trên Airbnb,5,"Rất sạch đẹp, vị trí trung tâm đi đâu cũng tiện, hồ bơi và ban công ngắm hoàng hôn rất chill."
829705638778373706,11059,2026-08-16,933090,Hoang Phuc,4 năm hoạt động trên Airbnb,5,"Ấm cúng, trang thiết bị hiện đại, giường nệm êm ái ngủ rất ngon."
829705638778373706,11060,2026-08-23,932605,Phương Thảo,Mới tham gia Airbnb,5,"Phòng siêu đẹp y chang trên ảnh, bày trí rất có gu. Phòng mới và sạch sẽ, đầy đủ tiện nghi."
829705638778373706,11061,2026-08-20,760032,Lan Hương,5 năm hoạt động trên Airbnb,5,"View đẹp mê ly, căn hộ sáng sủa nhiều ánh sáng tự nhiên. 10/10 điểm cho chất lượng phục vụ!"
829705638778373706,11062,2026-08-06,686847,Chimmiii,Mới tham gia Airbnb,5,"Phòng xinhh, sạch sẽ và thoáng đãng lắm ạ."
829705638778373706,11063,2026-09-22,362412,Quốc Anh,2 năm hoạt động trên Airbnb,5,"Trải nghiệm tuyệt vời! Tự nhận phòng với mã khóa cực kỳ tiện lợi, an ninh tốt."
829705638778373706,11064,2026-08-01,679630,Như Hoa,4 năm hoạt động trên Airbnb,5,"Phòng đẹp, xinh. Rất mới. Bày trí rất có gu, chủ nhà nhiệt tình hỗ trợ check-in sớm."
829705638778373706,11065,2026-09-12,426395,Béo,1 năm hoạt động trên Airbnb,5,"Chủ nhà thân thiện và hiếu khách, chắc chắn sẽ quay lại khi có dịp ghé thăm thành phố."
691644406819104289,11066,2026-07-31,391504,Lan Hương,5 năm hoạt động trên Airbnb,5,"View đẹp mê ly, căn hộ sáng sủa nhiều ánh sáng tự nhiên. 10/10 điểm cho chất lượng phục vụ!"
691644406819104289,11067,2026-07-22,661211,Phương Thảo,Mới tham gia Airbnb,5,"Phòng siêu đẹp y chang trên ảnh, bày trí rất có gu. Phòng mới và sạch sẽ, đầy đủ tiện nghi."
691644406819104289,11068,2026-07-18,744789,Béo,1 năm hoạt động trên Airbnb,5,"Chủ nhà thân thiện và hiếu khách, chắc chắn sẽ quay lại khi có dịp ghé thăm thành phố."
691644406819104289,11069,2026-07-02,252589,Như Hoa,4 năm hoạt động trên Airbnb,5,"Phòng đẹp, xinh. Rất mới. Bày trí rất có gu, chủ nhà nhiệt tình hỗ trợ check-in sớm."
691644406819104289,11070,2026-08-30,638154,Thảo,3 năm hoạt động trên Airbnb,5,"Rất sạch đẹp, vị trí trung tâm đi đâu cũng tiện, hồ bơi và ban công ngắm hoàng hôn rất chill."
691644406819104289,11071,2026-08-10,880165,Quốc Anh,2 năm hoạt động trên Airbnb,5,"Trải nghiệm tuyệt vời! Tự nhận phòng với mã khóa cực kỳ tiện lợi, an ninh tốt."
691644406819104289,11072,2026-09-11,341916,Hoang Phuc,4 năm hoạt động trên Airbnb,5,"Ấm cúng, trang thiết bị hiện đại, giường nệm êm ái ngủ rất ngon."
691644406819104289,11073,2026-09-03,307815,Chimmiii,Mới tham gia Airbnb,5,"Phòng xinhh, sạch sẽ và thoáng đãng lắm ạ."
1210124859107779594,11074,2026-08-18,975665,Chimmiii,Mới tham gia Airbnb,5,"Phòng xinhh, sạch sẽ và thoáng đãng lắm ạ."
1210124859107779594,11075,2026-08-15,651834,Lan Hương,5 năm hoạt động trên Airbnb,5,"View đẹp mê ly, căn hộ sáng sủa nhiều ánh sáng tự nhiên. 10/10 điểm cho chất lượng phục vụ!"
1210124859107779594,11076,2026-07-08,600883,Hoang Phuc,4 năm hoạt động trên Airbnb,5,"Ấm cúng, trang thiết bị hiện đại, giường nệm êm ái ngủ rất ngon."
1210124859107779594,11077,2026-07-23,917501,Thảo,3 năm hoạt động trên Airbnb,5,"Rất sạch đẹp, vị trí trung tâm đi đâu cũng tiện, hồ bơi và ban công ngắm hoàng hôn rất chill."
1210124859107779594,11078,2026-08-03,482540,Béo,1 năm hoạt động trên Airbnb,5,"Chủ nhà thân thiện và hiếu khách, chắc chắn sẽ quay lại khi có dịp ghé thăm thành phố."
1210124859107779594,11079,2026-07-16,675012,Phương Thảo,Mới tham gia Airbnb,5,"Phòng siêu đẹp y chang trên ảnh, bày trí rất có gu. Phòng mới và sạch sẽ, đầy đủ tiện nghi."
1210124859107779594,11080,2026-08-01,805142,Quốc Anh,2 năm hoạt động trên Airbnb,5,"Trải nghiệm tuyệt vời! Tự nhận phòng với mã khóa cực kỳ tiện lợi, an ninh tốt."
1636290257147098213,11081,2026-07-05,370269,Thảo,3 năm hoạt động trên Airbnb,5,"Rất sạch đẹp, vị trí trung tâm đi đâu cũng tiện, hồ bơi và ban công ngắm hoàng hôn rất chill."
1636290257147098213,11082,2026-08-21,437120,Như Hoa,4 năm hoạt động trên Airbnb,5,"Phòng đẹp, xinh. Rất mới. Bày trí rất có gu, chủ nhà nhiệt tình hỗ trợ check-in sớm."
1636290257147098213,11083,2026-08-13,406072,Phương Thảo,Mới tham gia Airbnb,5,"Phòng siêu đẹp y chang trên ảnh, bày trí rất có gu. Phòng mới và sạch sẽ, đầy đủ tiện nghi."
1636290257147098213,11084,2026-09-07,352542,Hoang Phuc,4 năm hoạt động trên Airbnb,5,"Ấm cúng, trang thiết bị hiện đại, giường nệm êm ái ngủ rất ngon."
1636290257147098213,11085,2026-09-17,361325,Chimmiii,Mới tham gia Airbnb,5,"Phòng xinhh, sạch sẽ và thoáng đãng lắm ạ."
1636290257147098213,11086,2026-08-22,862674,Lan Hương,5 năm hoạt động trên Airbnb,5,"View đẹp mê ly, căn hộ sáng sủa nhiều ánh sáng tự nhiên. 10/10 điểm cho chất lượng phục vụ!"
1636290257147098213,11087,2026-09-20,273347,Quốc Anh,2 năm hoạt động trên Airbnb,5,"Trải nghiệm tuyệt vời! Tự nhận phòng với mã khóa cực kỳ tiện lợi, an ninh tốt."
1636290257147098213,11088,2026-07-14,325748,Béo,1 năm hoạt động trên Airbnb,5,"Chủ nhà thân thiện và hiếu khách, chắc chắn sẽ quay lại khi có dịp ghé thăm thành phố."
1644834725125698002,11089,2026-09-23,988726,Lan Hương,5 năm hoạt động trên Airbnb,5,"View đẹp mê ly, căn hộ sáng sủa nhiều ánh sáng tự nhiên. 10/10 điểm cho chất lượng phục vụ!"
1644834725125698002,11090,2026-07-10,742175,Như Hoa,4 năm hoạt động trên Airbnb,5,"Phòng đẹp, xinh. Rất mới. Bày trí rất có gu, chủ nhà nhiệt tình hỗ trợ check-in sớm."
1644834725125698002,11091,2026-08-11,702517,Béo,1 năm hoạt động trên Airbnb,5,"Chủ nhà thân thiện và hiếu khách, chắc chắn sẽ quay lại khi có dịp ghé thăm thành phố."
1644834725125698002,11092,2026-07-30,483611,Phương Thảo,Mới tham gia Airbnb,5,"Phòng siêu đẹp y chang trên ảnh, bày trí rất có gu. Phòng mới và sạch sẽ, đầy đủ tiện nghi."
1430797223904091628,11093,2026-09-19,734446,Béo,1 năm hoạt động trên Airbnb,5,"Chủ nhà thân thiện và hiếu khách, chắc chắn sẽ quay lại khi có dịp ghé thăm thành phố."
1430797223904091628,11094,2026-07-30,869908,Phương Thảo,Mới tham gia Airbnb,5,"Phòng siêu đẹp y chang trên ảnh, bày trí rất có gu. Phòng mới và sạch sẽ, đầy đủ tiện nghi."
1430797223904091628,11095,2026-07-21,500391,Hoang Phuc,4 năm hoạt động trên Airbnb,5,"Ấm cúng, trang thiết bị hiện đại, giường nệm êm ái ngủ rất ngon."
1430797223904091628,11096,2026-08-17,711168,Lan Hương,5 năm hoạt động trên Airbnb,5,"View đẹp mê ly, căn hộ sáng sủa nhiều ánh sáng tự nhiên. 10/10 điểm cho chất lượng phục vụ!"
1430797223904091628,11097,2026-07-26,309852,Thảo,3 năm hoạt động trên Airbnb,5,"Rất sạch đẹp, vị trí trung tâm đi đâu cũng tiện, hồ bơi và ban công ngắm hoàng hôn rất chill."
1430797223904091628,11098,2026-09-23,252452,Như Hoa,4 năm hoạt động trên Airbnb,5,"Phòng đẹp, xinh. Rất mới. Bày trí rất có gu, chủ nhà nhiệt tình hỗ trợ check-in sớm."
1430797223904091628,11099,2026-08-11,331799,Chimmiii,Mới tham gia Airbnb,5,"Phòng xinhh, sạch sẽ và thoáng đãng lắm ạ."
1430797223904091628,11100,2026-08-30,910380,Quốc Anh,2 năm hoạt động trên Airbnb,5,"Trải nghiệm tuyệt vời! Tự nhận phòng với mã khóa cực kỳ tiện lợi, an ninh tốt."
1357231883822587229,11101,2026-08-07,638192,Béo,1 năm hoạt động trên Airbnb,5,"Chủ nhà thân thiện và hiếu khách, chắc chắn sẽ quay lại khi có dịp ghé thăm thành phố."
1357231883822587229,11102,2026-06-30,615864,Phương Thảo,Mới tham gia Airbnb,5,"Phòng siêu đẹp y chang trên ảnh, bày trí rất có gu. Phòng mới và sạch sẽ, đầy đủ tiện nghi."
1357231883822587229,11103,2026-07-05,551649,Hoang Phuc,4 năm hoạt động trên Airbnb,5,"Ấm cúng, trang thiết bị hiện đại, giường nệm êm ái ngủ rất ngon."
1357231883822587229,11104,2026-07-21,837906,Thảo,3 năm hoạt động trên Airbnb,5,"Rất sạch đẹp, vị trí trung tâm đi đâu cũng tiện, hồ bơi và ban công ngắm hoàng hôn rất chill."
1357231883822587229,11105,2026-09-04,930695,Chimmiii,Mới tham gia Airbnb,5,"Phòng xinhh, sạch sẽ và thoáng đãng lắm ạ."
1357231883822587229,11106,2026-07-30,258889,Quốc Anh,2 năm hoạt động trên Airbnb,5,"Trải nghiệm tuyệt vời! Tự nhận phòng với mã khóa cực kỳ tiện lợi, an ninh tốt."
1357231883822587229,11107,2026-07-25,654437,Như Hoa,4 năm hoạt động trên Airbnb,5,"Phòng đẹp, xinh. Rất mới. Bày trí rất có gu, chủ nhà nhiệt tình hỗ trợ check-in sớm."
1672179156912660114,11108,2026-08-07,243138,Phương Thảo,Mới tham gia Airbnb,5,"Phòng siêu đẹp y chang trên ảnh, bày trí rất có gu. Phòng mới và sạch sẽ, đầy đủ tiện nghi."
1672179156912660114,11109,2026-08-22,638894,Hoang Phuc,4 năm hoạt động trên Airbnb,5,"Ấm cúng, trang thiết bị hiện đại, giường nệm êm ái ngủ rất ngon."
1672179156912660114,11110,2026-08-14,895598,Béo,1 năm hoạt động trên Airbnb,5,"Chủ nhà thân thiện và hiếu khách, chắc chắn sẽ quay lại khi có dịp ghé thăm thành phố."
1672179156912660114,11111,2026-07-16,948621,Lan Hương,5 năm hoạt động trên Airbnb,5,"View đẹp mê ly, căn hộ sáng sủa nhiều ánh sáng tự nhiên. 10/10 điểm cho chất lượng phục vụ!"
1672179156912660114,11112,2026-09-12,615757,Quốc Anh,2 năm hoạt động trên Airbnb,5,"Trải nghiệm tuyệt vời! Tự nhận phòng với mã khóa cực kỳ tiện lợi, an ninh tốt."
1672179156912660114,11113,2026-07-06,673287,Chimmiii,Mới tham gia Airbnb,5,"Phòng xinhh, sạch sẽ và thoáng đãng lắm ạ."
1672179156912660114,11114,2026-08-02,986951,Thảo,3 năm hoạt động trên Airbnb,5,"Rất sạch đẹp, vị trí trung tâm đi đâu cũng tiện, hồ bơi và ban công ngắm hoàng hôn rất chill."
1409398638324344820,11115,2026-09-07,490470,Như Hoa,4 năm hoạt động trên Airbnb,5,"Phòng đẹp, xinh. Rất mới. Bày trí rất có gu, chủ nhà nhiệt tình hỗ trợ check-in sớm."
1409398638324344820,11116,2026-08-11,882913,Béo,1 năm hoạt động trên Airbnb,5,"Chủ nhà thân thiện và hiếu khách, chắc chắn sẽ quay lại khi có dịp ghé thăm thành phố."
1409398638324344820,11117,2026-07-19,935558,Quốc Anh,2 năm hoạt động trên Airbnb,5,"Trải nghiệm tuyệt vời! Tự nhận phòng với mã khóa cực kỳ tiện lợi, an ninh tốt."
1409398638324344820,11118,2026-09-15,450613,Hoang Phuc,4 năm hoạt động trên Airbnb,5,"Ấm cúng, trang thiết bị hiện đại, giường nệm êm ái ngủ rất ngon."
1409398638324344820,11119,2026-08-06,847382,Thảo,3 năm hoạt động trên Airbnb,5,"Rất sạch đẹp, vị trí trung tâm đi đâu cũng tiện, hồ bơi và ban công ngắm hoàng hôn rất chill."
1703511724778412671,11120,2026-07-28,339496,Hoang Phuc,4 năm hoạt động trên Airbnb,5,"Ấm cúng, trang thiết bị hiện đại, giường nệm êm ái ngủ rất ngon."
1703511724778412671,11121,2026-08-21,872568,Lan Hương,5 năm hoạt động trên Airbnb,5,"View đẹp mê ly, căn hộ sáng sủa nhiều ánh sáng tự nhiên. 10/10 điểm cho chất lượng phục vụ!"
1703511724778412671,11122,2026-08-12,443539,Chimmiii,Mới tham gia Airbnb,5,"Phòng xinhh, sạch sẽ và thoáng đãng lắm ạ."
1703511724778412671,11123,2026-06-28,581794,Quốc Anh,2 năm hoạt động trên Airbnb,5,"Trải nghiệm tuyệt vời! Tự nhận phòng với mã khóa cực kỳ tiện lợi, an ninh tốt."
1703511724778412671,11124,2026-08-30,316783,Béo,1 năm hoạt động trên Airbnb,5,"Chủ nhà thân thiện và hiếu khách, chắc chắn sẽ quay lại khi có dịp ghé thăm thành phố."
1703511724778412671,11125,2026-08-26,442617,Thảo,3 năm hoạt động trên Airbnb,5,"Rất sạch đẹp, vị trí trung tâm đi đâu cũng tiện, hồ bơi và ban công ngắm hoàng hôn rất chill."
1686109341522266469,11126,2026-08-28,566270,Như Hoa,4 năm hoạt động trên Airbnb,5,"Phòng đẹp, xinh. Rất mới. Bày trí rất có gu, chủ nhà nhiệt tình hỗ trợ check-in sớm."
1686109341522266469,11127,2026-06-28,232561,Phương Thảo,Mới tham gia Airbnb,5,"Phòng siêu đẹp y chang trên ảnh, bày trí rất có gu. Phòng mới và sạch sẽ, đầy đủ tiện nghi."
1686109341522266469,11128,2026-07-18,733017,Quốc Anh,2 năm hoạt động trên Airbnb,5,"Trải nghiệm tuyệt vời! Tự nhận phòng với mã khóa cực kỳ tiện lợi, an ninh tốt."
1686109341522266469,11129,2026-07-10,447952,Chimmiii,Mới tham gia Airbnb,5,"Phòng xinhh, sạch sẽ và thoáng đãng lắm ạ."
1686109341522266469,11130,2026-07-11,427322,Thảo,3 năm hoạt động trên Airbnb,5,"Rất sạch đẹp, vị trí trung tâm đi đâu cũng tiện, hồ bơi và ban công ngắm hoàng hôn rất chill."
1686109341522266469,11131,2026-07-25,369890,Lan Hương,5 năm hoạt động trên Airbnb,5,"View đẹp mê ly, căn hộ sáng sủa nhiều ánh sáng tự nhiên. 10/10 điểm cho chất lượng phục vụ!"
1760617007928666326,11132,2026-07-13,938041,Lan Hương,5 năm hoạt động trên Airbnb,5,"View đẹp mê ly, căn hộ sáng sủa nhiều ánh sáng tự nhiên. 10/10 điểm cho chất lượng phục vụ!"
1760617007928666326,11133,2026-07-03,239239,Phương Thảo,Mới tham gia Airbnb,5,"Phòng siêu đẹp y chang trên ảnh, bày trí rất có gu. Phòng mới và sạch sẽ, đầy đủ tiện nghi."
1760617007928666326,11134,2026-09-06,881984,Béo,1 năm hoạt động trên Airbnb,5,"Chủ nhà thân thiện và hiếu khách, chắc chắn sẽ quay lại khi có dịp ghé thăm thành phố."
1760617007928666326,11135,2026-06-28,556693,Quốc Anh,2 năm hoạt động trên Airbnb,5,"Trải nghiệm tuyệt vời! Tự nhận phòng với mã khóa cực kỳ tiện lợi, an ninh tốt."
1760617007928666326,11136,2026-08-02,985077,Hoang Phuc,4 năm hoạt động trên Airbnb,5,"Ấm cúng, trang thiết bị hiện đại, giường nệm êm ái ngủ rất ngon."
1776028569668334826,11137,2026-09-10,385488,Phương Thảo,Mới tham gia Airbnb,5,"Phòng siêu đẹp y chang trên ảnh, bày trí rất có gu. Phòng mới và sạch sẽ, đầy đủ tiện nghi."
1776028569668334826,11138,2026-08-27,331209,Như Hoa,4 năm hoạt động trên Airbnb,5,"Phòng đẹp, xinh. Rất mới. Bày trí rất có gu, chủ nhà nhiệt tình hỗ trợ check-in sớm."
1776028569668334826,11139,2026-08-02,553346,Béo,1 năm hoạt động trên Airbnb,5,"Chủ nhà thân thiện và hiếu khách, chắc chắn sẽ quay lại khi có dịp ghé thăm thành phố."
1776028569668334826,11140,2026-08-31,242071,Quốc Anh,2 năm hoạt động trên Airbnb,5,"Trải nghiệm tuyệt vời! Tự nhận phòng với mã khóa cực kỳ tiện lợi, an ninh tốt."
1776028569668334826,11141,2026-09-19,798611,Lan Hương,5 năm hoạt động trên Airbnb,5,"View đẹp mê ly, căn hộ sáng sủa nhiều ánh sáng tự nhiên. 10/10 điểm cho chất lượng phục vụ!"
1776028569668334826,11142,2026-09-03,601524,Thảo,3 năm hoạt động trên Airbnb,5,"Rất sạch đẹp, vị trí trung tâm đi đâu cũng tiện, hồ bơi và ban công ngắm hoàng hôn rất chill."
1776028569668334826,11143,2026-08-31,856145,Chimmiii,Mới tham gia Airbnb,5,"Phòng xinhh, sạch sẽ và thoáng đãng lắm ạ."
1776028569668334826,11144,2026-08-29,673290,Hoang Phuc,4 năm hoạt động trên Airbnb,5,"Ấm cúng, trang thiết bị hiện đại, giường nệm êm ái ngủ rất ngon."
1194001813149386360,11145,2026-07-04,579207,Lan Hương,5 năm hoạt động trên Airbnb,5,"View đẹp mê ly, căn hộ sáng sủa nhiều ánh sáng tự nhiên. 10/10 điểm cho chất lượng phục vụ!"
1194001813149386360,11146,2026-08-26,401693,Hoang Phuc,4 năm hoạt động trên Airbnb,5,"Ấm cúng, trang thiết bị hiện đại, giường nệm êm ái ngủ rất ngon."
1194001813149386360,11147,2026-09-01,458821,Quốc Anh,2 năm hoạt động trên Airbnb,5,"Trải nghiệm tuyệt vời! Tự nhận phòng với mã khóa cực kỳ tiện lợi, an ninh tốt."
1194001813149386360,11148,2026-07-04,487404,Thảo,3 năm hoạt động trên Airbnb,5,"Rất sạch đẹp, vị trí trung tâm đi đâu cũng tiện, hồ bơi và ban công ngắm hoàng hôn rất chill."
1194001813149386360,11149,2026-08-30,592793,Béo,1 năm hoạt động trên Airbnb,5,"Chủ nhà thân thiện và hiếu khách, chắc chắn sẽ quay lại khi có dịp ghé thăm thành phố."
1194001813149386360,11150,2026-08-05,559490,Phương Thảo,Mới tham gia Airbnb,5,"Phòng siêu đẹp y chang trên ảnh, bày trí rất có gu. Phòng mới và sạch sẽ, đầy đủ tiện nghi."
1164884385643101936,11151,2026-08-25,290164,Lan Hương,5 năm hoạt động trên Airbnb,5,"View đẹp mê ly, căn hộ sáng sủa nhiều ánh sáng tự nhiên. 10/10 điểm cho chất lượng phục vụ!"
1164884385643101936,11152,2026-07-05,586949,Quốc Anh,2 năm hoạt động trên Airbnb,5,"Trải nghiệm tuyệt vời! Tự nhận phòng với mã khóa cực kỳ tiện lợi, an ninh tốt."
1164884385643101936,11153,2026-08-28,471208,Phương Thảo,Mới tham gia Airbnb,5,"Phòng siêu đẹp y chang trên ảnh, bày trí rất có gu. Phòng mới và sạch sẽ, đầy đủ tiện nghi."
1164884385643101936,11154,2026-07-15,820652,Như Hoa,4 năm hoạt động trên Airbnb,5,"Phòng đẹp, xinh. Rất mới. Bày trí rất có gu, chủ nhà nhiệt tình hỗ trợ check-in sớm."
1164884385643101936,11155,2026-07-02,867087,Hoang Phuc,4 năm hoạt động trên Airbnb,5,"Ấm cúng, trang thiết bị hiện đại, giường nệm êm ái ngủ rất ngon."
1164884385643101936,11156,2026-07-29,517048,Béo,1 năm hoạt động trên Airbnb,5,"Chủ nhà thân thiện và hiếu khách, chắc chắn sẽ quay lại khi có dịp ghé thăm thành phố."
1626711668922810480,11157,2026-08-13,874212,Như Hoa,4 năm hoạt động trên Airbnb,5,"Phòng đẹp, xinh. Rất mới. Bày trí rất có gu, chủ nhà nhiệt tình hỗ trợ check-in sớm."
1626711668922810480,11158,2026-08-15,876560,Quốc Anh,2 năm hoạt động trên Airbnb,5,"Trải nghiệm tuyệt vời! Tự nhận phòng với mã khóa cực kỳ tiện lợi, an ninh tốt."
1626711668922810480,11159,2026-07-12,338818,Hoang Phuc,4 năm hoạt động trên Airbnb,5,"Ấm cúng, trang thiết bị hiện đại, giường nệm êm ái ngủ rất ngon."
1626711668922810480,11160,2026-08-19,995910,Lan Hương,5 năm hoạt động trên Airbnb,5,"View đẹp mê ly, căn hộ sáng sủa nhiều ánh sáng tự nhiên. 10/10 điểm cho chất lượng phục vụ!"
1626711668922810480,11161,2026-08-15,941848,Phương Thảo,Mới tham gia Airbnb,5,"Phòng siêu đẹp y chang trên ảnh, bày trí rất có gu. Phòng mới và sạch sẽ, đầy đủ tiện nghi."
1626711668922810480,11162,2026-08-01,629322,Béo,1 năm hoạt động trên Airbnb,5,"Chủ nhà thân thiện và hiếu khách, chắc chắn sẽ quay lại khi có dịp ghé thăm thành phố."
1446154583824921599,11163,2026-09-22,868581,Phương Thảo,Mới tham gia Airbnb,5,"Phòng siêu đẹp y chang trên ảnh, bày trí rất có gu. Phòng mới và sạch sẽ, đầy đủ tiện nghi."
1446154583824921599,11164,2026-09-14,683870,Chimmiii,Mới tham gia Airbnb,5,"Phòng xinhh, sạch sẽ và thoáng đãng lắm ạ."
1446154583824921599,11165,2026-08-09,562966,Hoang Phuc,4 năm hoạt động trên Airbnb,5,"Ấm cúng, trang thiết bị hiện đại, giường nệm êm ái ngủ rất ngon."
1446154583824921599,11166,2026-08-29,212300,Quốc Anh,2 năm hoạt động trên Airbnb,5,"Trải nghiệm tuyệt vời! Tự nhận phòng với mã khóa cực kỳ tiện lợi, an ninh tốt."
1446154583824921599,11167,2026-09-03,955108,Béo,1 năm hoạt động trên Airbnb,5,"Chủ nhà thân thiện và hiếu khách, chắc chắn sẽ quay lại khi có dịp ghé thăm thành phố."
1446154583824921599,11168,2026-09-04,362272,Lan Hương,5 năm hoạt động trên Airbnb,5,"View đẹp mê ly, căn hộ sáng sủa nhiều ánh sáng tự nhiên. 10/10 điểm cho chất lượng phục vụ!"
1663519763467247006,11169,2026-07-31,568089,Quốc Anh,2 năm hoạt động trên Airbnb,5,"Trải nghiệm tuyệt vời! Tự nhận phòng với mã khóa cực kỳ tiện lợi, an ninh tốt."
1663519763467247006,11170,2026-08-13,996012,Chimmiii,Mới tham gia Airbnb,5,"Phòng xinhh, sạch sẽ và thoáng đãng lắm ạ."
1663519763467247006,11171,2026-09-18,433454,Hoang Phuc,4 năm hoạt động trên Airbnb,5,"Ấm cúng, trang thiết bị hiện đại, giường nệm êm ái ngủ rất ngon."
1663519763467247006,11172,2026-09-19,324142,Phương Thảo,Mới tham gia Airbnb,5,"Phòng siêu đẹp y chang trên ảnh, bày trí rất có gu. Phòng mới và sạch sẽ, đầy đủ tiện nghi."
1663519763467247006,11173,2026-08-12,672708,Lan Hương,5 năm hoạt động trên Airbnb,5,"View đẹp mê ly, căn hộ sáng sủa nhiều ánh sáng tự nhiên. 10/10 điểm cho chất lượng phục vụ!"
1663519763467247006,11174,2026-09-07,956238,Như Hoa,4 năm hoạt động trên Airbnb,5,"Phòng đẹp, xinh. Rất mới. Bày trí rất có gu, chủ nhà nhiệt tình hỗ trợ check-in sớm."
1733128460292903395,11175,2026-08-08,457286,Thảo,3 năm hoạt động trên Airbnb,5,"Rất sạch đẹp, vị trí trung tâm đi đâu cũng tiện, hồ bơi và ban công ngắm hoàng hôn rất chill."
1733128460292903395,11176,2026-07-10,824691,Béo,1 năm hoạt động trên Airbnb,5,"Chủ nhà thân thiện và hiếu khách, chắc chắn sẽ quay lại khi có dịp ghé thăm thành phố."
1733128460292903395,11177,2026-08-01,447813,Hoang Phuc,4 năm hoạt động trên Airbnb,5,"Ấm cúng, trang thiết bị hiện đại, giường nệm êm ái ngủ rất ngon."
1733128460292903395,11178,2026-08-24,617317,Quốc Anh,2 năm hoạt động trên Airbnb,5,"Trải nghiệm tuyệt vời! Tự nhận phòng với mã khóa cực kỳ tiện lợi, an ninh tốt."
1733128460292903395,11179,2026-08-13,270048,Phương Thảo,Mới tham gia Airbnb,5,"Phòng siêu đẹp y chang trên ảnh, bày trí rất có gu. Phòng mới và sạch sẽ, đầy đủ tiện nghi."
1733128460292903395,11180,2026-07-19,699105,Chimmiii,Mới tham gia Airbnb,5,"Phòng xinhh, sạch sẽ và thoáng đãng lắm ạ."
1687684571356173101,11181,2026-08-19,252221,Phương Thảo,Mới tham gia Airbnb,5,"Phòng siêu đẹp y chang trên ảnh, bày trí rất có gu. Phòng mới và sạch sẽ, đầy đủ tiện nghi."
1687684571356173101,11182,2026-07-20,670875,Quốc Anh,2 năm hoạt động trên Airbnb,5,"Trải nghiệm tuyệt vời! Tự nhận phòng với mã khóa cực kỳ tiện lợi, an ninh tốt."
1687684571356173101,11183,2026-07-27,475957,Hoang Phuc,4 năm hoạt động trên Airbnb,5,"Ấm cúng, trang thiết bị hiện đại, giường nệm êm ái ngủ rất ngon."
1687684571356173101,11184,2026-09-04,828041,Như Hoa,4 năm hoạt động trên Airbnb,5,"Phòng đẹp, xinh. Rất mới. Bày trí rất có gu, chủ nhà nhiệt tình hỗ trợ check-in sớm."
1687684571356173101,11185,2026-07-27,972217,Béo,1 năm hoạt động trên Airbnb,5,"Chủ nhà thân thiện và hiếu khách, chắc chắn sẽ quay lại khi có dịp ghé thăm thành phố."
1687684571356173101,11186,2026-08-07,564032,Thảo,3 năm hoạt động trên Airbnb,5,"Rất sạch đẹp, vị trí trung tâm đi đâu cũng tiện, hồ bơi và ban công ngắm hoàng hôn rất chill."
1687684571356173101,11187,2026-08-24,243581,Lan Hương,5 năm hoạt động trên Airbnb,5,"View đẹp mê ly, căn hộ sáng sủa nhiều ánh sáng tự nhiên. 10/10 điểm cho chất lượng phục vụ!"
1687684571356173101,11188,2026-08-12,232117,Chimmiii,Mới tham gia Airbnb,5,"Phòng xinhh, sạch sẽ và thoáng đãng lắm ạ."
1061488833699859520,11189,2026-08-07,361481,Hoang Phuc,4 năm hoạt động trên Airbnb,5,"Ấm cúng, trang thiết bị hiện đại, giường nệm êm ái ngủ rất ngon."
1061488833699859520,11190,2026-09-14,402385,Chimmiii,Mới tham gia Airbnb,5,"Phòng xinhh, sạch sẽ và thoáng đãng lắm ạ."
1061488833699859520,11191,2026-08-20,303007,Phương Thảo,Mới tham gia Airbnb,5,"Phòng siêu đẹp y chang trên ảnh, bày trí rất có gu. Phòng mới và sạch sẽ, đầy đủ tiện nghi."
1061488833699859520,11192,2026-09-10,382500,Lan Hương,5 năm hoạt động trên Airbnb,5,"View đẹp mê ly, căn hộ sáng sủa nhiều ánh sáng tự nhiên. 10/10 điểm cho chất lượng phục vụ!"
1061488833699859520,11193,2026-09-11,795437,Quốc Anh,2 năm hoạt động trên Airbnb,5,"Trải nghiệm tuyệt vời! Tự nhận phòng với mã khóa cực kỳ tiện lợi, an ninh tốt."
1755610777327406916,11194,2026-08-04,436136,Phương Thảo,Mới tham gia Airbnb,5,"Phòng siêu đẹp y chang trên ảnh, bày trí rất có gu. Phòng mới và sạch sẽ, đầy đủ tiện nghi."
1755610777327406916,11195,2026-08-27,268016,Thảo,3 năm hoạt động trên Airbnb,5,"Rất sạch đẹp, vị trí trung tâm đi đâu cũng tiện, hồ bơi và ban công ngắm hoàng hôn rất chill."
1755610777327406916,11196,2026-07-01,936395,Lan Hương,5 năm hoạt động trên Airbnb,5,"View đẹp mê ly, căn hộ sáng sủa nhiều ánh sáng tự nhiên. 10/10 điểm cho chất lượng phục vụ!"
1755610777327406916,11197,2026-08-29,472318,Quốc Anh,2 năm hoạt động trên Airbnb,5,"Trải nghiệm tuyệt vời! Tự nhận phòng với mã khóa cực kỳ tiện lợi, an ninh tốt."
1755610777327406916,11198,2026-07-09,731942,Béo,1 năm hoạt động trên Airbnb,5,"Chủ nhà thân thiện và hiếu khách, chắc chắn sẽ quay lại khi có dịp ghé thăm thành phố."
1143229475831177271,11199,2026-08-05,362145,Phương Thảo,Mới tham gia Airbnb,5,"Phòng siêu đẹp y chang trên ảnh, bày trí rất có gu. Phòng mới và sạch sẽ, đầy đủ tiện nghi."
1143229475831177271,11200,2026-07-30,661739,Hoang Phuc,4 năm hoạt động trên Airbnb,5,"Ấm cúng, trang thiết bị hiện đại, giường nệm êm ái ngủ rất ngon."
1143229475831177271,11201,2026-08-07,455334,Chimmiii,Mới tham gia Airbnb,5,"Phòng xinhh, sạch sẽ và thoáng đãng lắm ạ."
1143229475831177271,11202,2026-08-28,786673,Lan Hương,5 năm hoạt động trên Airbnb,5,"View đẹp mê ly, căn hộ sáng sủa nhiều ánh sáng tự nhiên. 10/10 điểm cho chất lượng phục vụ!"
1143229475831177271,11203,2026-07-29,910104,Béo,1 năm hoạt động trên Airbnb,5,"Chủ nhà thân thiện và hiếu khách, chắc chắn sẽ quay lại khi có dịp ghé thăm thành phố."
1143229475831177271,11204,2026-07-11,282177,Như Hoa,4 năm hoạt động trên Airbnb,5,"Phòng đẹp, xinh. Rất mới. Bày trí rất có gu, chủ nhà nhiệt tình hỗ trợ check-in sớm."
1763826597011214749,11205,2026-07-08,603516,Như Hoa,4 năm hoạt động trên Airbnb,5,"Phòng đẹp, xinh. Rất mới. Bày trí rất có gu, chủ nhà nhiệt tình hỗ trợ check-in sớm."
1763826597011214749,11206,2026-08-20,495972,Thảo,3 năm hoạt động trên Airbnb,5,"Rất sạch đẹp, vị trí trung tâm đi đâu cũng tiện, hồ bơi và ban công ngắm hoàng hôn rất chill."
1763826597011214749,11207,2026-07-18,535147,Béo,1 năm hoạt động trên Airbnb,5,"Chủ nhà thân thiện và hiếu khách, chắc chắn sẽ quay lại khi có dịp ghé thăm thành phố."
1763826597011214749,11208,2026-08-10,684811,Lan Hương,5 năm hoạt động trên Airbnb,5,"View đẹp mê ly, căn hộ sáng sủa nhiều ánh sáng tự nhiên. 10/10 điểm cho chất lượng phục vụ!"
1763826597011214749,11209,2026-07-01,278650,Hoang Phuc,4 năm hoạt động trên Airbnb,5,"Ấm cúng, trang thiết bị hiện đại, giường nệm êm ái ngủ rất ngon."
1749071756220229561,11210,2026-09-12,495852,Chimmiii,Mới tham gia Airbnb,5,"Phòng xinhh, sạch sẽ và thoáng đãng lắm ạ."
1749071756220229561,11211,2026-09-20,324498,Hoang Phuc,4 năm hoạt động trên Airbnb,5,"Ấm cúng, trang thiết bị hiện đại, giường nệm êm ái ngủ rất ngon."
1749071756220229561,11212,2026-09-20,863190,Thảo,3 năm hoạt động trên Airbnb,5,"Rất sạch đẹp, vị trí trung tâm đi đâu cũng tiện, hồ bơi và ban công ngắm hoàng hôn rất chill."
1749071756220229561,11213,2026-07-20,699852,Phương Thảo,Mới tham gia Airbnb,5,"Phòng siêu đẹp y chang trên ảnh, bày trí rất có gu. Phòng mới và sạch sẽ, đầy đủ tiện nghi."
1775879225380007769,11214,2026-09-13,474071,Lan Hương,5 năm hoạt động trên Airbnb,5,"View đẹp mê ly, căn hộ sáng sủa nhiều ánh sáng tự nhiên. 10/10 điểm cho chất lượng phục vụ!"
1775879225380007769,11215,2026-07-21,301455,Như Hoa,4 năm hoạt động trên Airbnb,5,"Phòng đẹp, xinh. Rất mới. Bày trí rất có gu, chủ nhà nhiệt tình hỗ trợ check-in sớm."
1775879225380007769,11216,2026-08-05,991396,Chimmiii,Mới tham gia Airbnb,5,"Phòng xinhh, sạch sẽ và thoáng đãng lắm ạ."
1775879225380007769,11217,2026-09-06,491413,Béo,1 năm hoạt động trên Airbnb,5,"Chủ nhà thân thiện và hiếu khách, chắc chắn sẽ quay lại khi có dịp ghé thăm thành phố."
1771790356315834717,11218,2026-07-30,685467,Thảo,3 năm hoạt động trên Airbnb,5,"Rất sạch đẹp, vị trí trung tâm đi đâu cũng tiện, hồ bơi và ban công ngắm hoàng hôn rất chill."
1771790356315834717,11219,2026-09-07,562084,Quốc Anh,2 năm hoạt động trên Airbnb,5,"Trải nghiệm tuyệt vời! Tự nhận phòng với mã khóa cực kỳ tiện lợi, an ninh tốt."
1771790356315834717,11220,2026-08-09,446398,Phương Thảo,Mới tham gia Airbnb,5,"Phòng siêu đẹp y chang trên ảnh, bày trí rất có gu. Phòng mới và sạch sẽ, đầy đủ tiện nghi."
1771790356315834717,11221,2026-07-28,874141,Béo,1 năm hoạt động trên Airbnb,5,"Chủ nhà thân thiện và hiếu khách, chắc chắn sẽ quay lại khi có dịp ghé thăm thành phố."
1771790356315834717,11222,2026-07-17,596728,Hoang Phuc,4 năm hoạt động trên Airbnb,5,"Ấm cúng, trang thiết bị hiện đại, giường nệm êm ái ngủ rất ngon."
1771790356315834717,11223,2026-06-29,551305,Lan Hương,5 năm hoạt động trên Airbnb,5,"View đẹp mê ly, căn hộ sáng sủa nhiều ánh sáng tự nhiên. 10/10 điểm cho chất lượng phục vụ!"
1771790356315834717,11224,2026-07-12,893218,Như Hoa,4 năm hoạt động trên Airbnb,5,"Phòng đẹp, xinh. Rất mới. Bày trí rất có gu, chủ nhà nhiệt tình hỗ trợ check-in sớm."
